key,fare_amount
2015-01-27 13:08:24.0000002,11.055681
2015-01-27 13:08:24.0000003,11.117402
2011-10-08 11:53:44.0000002,4.7973356
2012-12-01 21:12:12.0000002,8.497568
2012-12-01 21:12:12.0000003,15.783599
2012-12-01 21:12:12.0000005,10.6861315
2011-10-06 12:10:20.0000001,5.424031
2011-10-06 12:10:20.0000003,49.583984
2011-10-06 12:10:20.0000002,11.847712
2014-02-18 15:22:20.0000002,6.980264
2014-02-18 15:22:20.0000003,10.648977
2014-02-18 15:22:20.0000001,17.86025
2010-03-29 20:20:32.0000002,4.114542
2010-03-29 20:20:32.0000001,6.2224617
2011-10-06 03:59:12.0000002,7.5533094
2011-10-06 03:59:12.0000001,10.709206
2012-07-15 16:45:04.0000006,4.421235
2012-07-15 16:45:04.0000002,8.775769
2012-07-15 16:45:04.0000003,4.936745
2012-07-15 16:45:04.0000004,4.730806
2014-10-29 02:09:56.0000001,6.9583077
2014-06-14 13:39:00.00000010,8.1430235
2014-06-14 13:39:00.00000060,7.424531
2014-06-14 13:39:00.00000087,9.24149
2014-06-14 13:39:00.00000050,19.506212
2014-06-14 13:39:00.0000003,6.9980392
2014-06-14 13:39:00.000000158,39.38272
2014-06-14 13:39:00.00000015,25.9046
2014-06-14 13:39:00.00000073,6.0859056
2014-06-14 13:39:00.00000077,16.377386
2014-06-14 13:39:00.000000145,10.376169
2014-06-14 13:39:00.00000079,6.413065
2014-06-14 13:39:00.000000121,5.369593
2014-06-14 13:39:00.00000021,11.232932
2014-06-14 13:39:00.0000005,9.451515
2014-06-14 13:39:00.000000165,7.670378
2014-06-14 13:39:00.000000184,6.3612895
2014-06-14 13:39:00.00000059,6.0387807
2014-06-14 13:39:00.00000070,7.864064
2014-06-14 13:39:00.00000068,4.8895245
2014-06-14 13:39:00.000000133,20.736538
2014-06-14 13:39:00.000000128,10.490074
2014-06-14 13:39:00.000000136,20.074903
2014-06-14 13:39:00.00000017,10.821796
2014-06-14 13:39:00.000000111,5.5978055
2014-06-14 13:39:00.000000115,12.530812
2014-06-14 13:39:00.000000168,5.9028544
2014-06-14 13:39:00.00000031,6.994654
2014-06-14 13:39:00.000000116,6.4331737
2014-06-14 13:39:00.00000051,5.308428
2014-06-14 13:39:00.000000193,13.818612
2014-06-14 13:39:00.000000132,13.400655
2014-06-14 13:39:00.000000167,21.679657
2014-06-14 13:39:00.00000044,6.4981837
2014-06-14 13:39:00.000000138,7.6880655
2014-06-14 13:39:00.00000066,16.097315
2014-06-14 13:39:00.00000063,12.089655
2014-06-14 13:39:00.000000154,11.320732
2014-06-14 13:39:00.00000097,14.205297
2014-06-14 13:39:00.00000067,14.188142
2014-06-14 13:39:00.000000179,7.3340683
2014-06-14 13:39:00.00000092,11.237651
2014-06-14 13:39:00.00000029,5.2760987
2014-06-14 13:39:00.000000177,5.839117
2014-06-14 13:39:00.000000192,7.848176
2014-06-14 13:39:00.000000181,6.675084
2014-06-14 13:39:00.000000120,11.36447
2014-06-14 13:39:00.0000008,5.6354957
2014-06-14 13:39:00.000000103,4.9878817
2014-06-14 13:39:00.00000049,18.606014
2014-06-14 13:39:00.000000108,7.505016
2014-06-14 13:39:00.00000072,5.7231455
2014-06-14 13:39:00.000000182,12.403498
2014-06-14 13:39:00.00000061,7.37303
2014-06-14 13:39:00.00000093,10.057277
2014-06-14 13:39:00.000000170,12.405429
2014-06-14 13:39:00.000000147,46.336994
2014-06-14 13:39:00.000000140,5.6136265
2014-06-14 13:39:00.000000159,5.2082744
2014-06-14 13:39:00.00000012,4.8294497
2014-06-14 13:39:00.00000025,7.0065837
2014-06-14 13:39:00.000000156,5.590572
2014-06-14 13:39:00.000000152,8.213033
2014-06-14 13:39:00.000000129,10.507538
2014-06-14 13:39:00.000000119,19.73702
2014-06-14 13:39:00.000000118,5.595114
2014-06-14 13:39:00.00000076,5.2947693
2014-06-14 13:39:00.000000135,7.3597355
2014-06-14 13:39:00.00000023,20.789661
2014-06-14 13:39:00.00000082,10.351347
2014-06-14 13:39:00.000000125,11.404658
2014-06-14 13:39:00.00000075,10.62983
2014-06-14 13:39:00.000000124,6.8507643
2014-06-14 13:39:00.000000172,7.1423087
2014-06-14 13:39:00.00000024,15.69633
2014-06-14 13:39:00.000000169,15.280395
2014-06-14 13:39:00.00000052,12.250671
2014-06-14 13:39:00.000000161,14.404524
2014-06-14 13:39:00.00000038,8.5568
2014-06-14 13:39:00.00000035,11.153372
2014-06-14 13:39:00.00000053,12.700221
2014-06-14 13:39:00.000000183,6.9173193
2014-06-14 13:39:00.000000131,56.404415
2014-06-14 13:39:00.000000180,7.617072
2014-06-14 13:39:00.000000130,9.257913
2014-06-14 13:39:00.00000032,4.563104
2014-06-14 13:39:00.000000148,11.724031
2014-06-14 13:39:00.0000007,10.721466
2014-06-14 13:39:00.00000095,12.441687
2014-06-14 13:39:00.000000144,37.39935
2014-06-14 13:39:00.000000141,34.648457
2014-06-14 13:39:00.000000162,20.34664
2014-06-14 13:39:00.00000018,12.035949
2014-06-14 13:39:00.00000054,10.643354
2014-06-14 13:39:00.00000040,7.078423
2014-06-14 13:39:00.00000096,7.1251903
2014-06-14 13:39:00.00000055,26.28325
2014-06-14 13:39:00.000000109,10.079121
2014-06-14 13:39:00.000000151,7.301456
2014-06-14 13:39:00.00000016,10.539425
2014-06-14 13:39:00.00000062,10.478107
2014-06-14 13:39:00.000000191,9.71731
2014-06-14 13:39:00.00000034,8.886299
2014-06-14 13:39:00.000000160,6.4787183
2014-06-14 13:39:00.00000013,7.0381503
2014-06-14 13:39:00.000000188,5.764246
2014-06-14 13:39:00.00000086,8.561033
2014-06-14 13:39:00.000000185,12.199128
2014-06-14 13:39:00.00000074,9.215421
2014-06-14 13:39:00.00000022,19.213911
2014-06-14 13:39:00.00000036,5.110299
2014-06-14 13:39:00.000000126,4.605152
2014-06-14 13:39:00.000000190,6.7286754
2014-06-14 13:39:00.00000042,6.824128
2014-06-14 13:39:00.000000178,7.3659163
2014-06-14 13:39:00.000000163,5.452438
2014-06-14 13:39:00.00000020,13.308175
2014-06-14 13:39:00.00000098,6.323278
2014-06-14 13:39:00.000000114,21.934889
2014-06-14 13:39:00.00000045,9.406639
2014-06-14 13:39:00.00000094,5.1037264
2014-06-14 13:39:00.000000146,10.849864
2014-06-14 13:39:00.00000033,8.847861
2014-06-14 13:39:00.000000143,6.0363607
2014-06-14 13:39:00.000000107,7.05146
2014-06-14 13:39:00.00000048,9.898446
2014-06-14 13:39:00.00000043,12.428226
2014-06-14 13:39:00.000000123,10.274033
2014-06-14 13:39:00.000000134,8.826554
2014-06-14 13:39:00.000000142,7.132921
2014-06-14 13:39:00.000000122,11.949819
2014-06-14 13:39:00.000000176,10.122669
2011-12-12 09:42:12.0000004,6.478229
2011-12-12 09:42:12.0000002,4.5066013
2011-12-12 09:42:12.0000001,11.586032
2011-12-12 09:42:12.0000003,7.214163
2011-12-12 09:42:12.0000005,7.8496
2013-06-27 00:20:40.0000001,17.840836
2013-06-27 00:20:40.0000003,10.767065
2009-02-20 13:34:16.0000001,8.495432
2009-02-20 13:34:16.0000002,12.347593
2009-02-20 13:34:16.0000003,7.015643
2010-08-22 21:14:08.0000001,29.407324
2010-08-22 21:14:08.0000005,15.315258
2010-08-22 21:14:08.0000003,4.6879644
2010-08-22 21:14:08.0000002,7.1951785
2012-08-06 08:58:08.0000002,4.974819
2012-08-06 08:58:08.0000001,17.924652
2013-11-04 08:34:12.0000003,5.574918
2013-11-04 08:34:12.0000001,10.570769
2013-11-04 08:34:12.0000002,10.667486
2011-06-24 20:34:48.0000002,7.6624246
2011-06-24 20:34:48.0000001,17.510038
2011-03-28 20:38:36.0000003,5.599953
2011-03-28 20:38:36.0000004,3.8719418
2011-03-28 20:38:36.0000002,7.6752787
2011-08-14 20:36:28.0000004,6.087013
2011-08-14 20:36:28.0000001,6.743431
2011-08-14 20:36:28.0000003,20.484962
2011-08-14 20:36:28.0000002,6.219158
2015-02-21 15:52:44.0000004,20.12651
2015-02-21 15:52:44.0000003,9.477281
2015-02-21 15:52:44.0000002,18.239223
2015-02-21 15:52:44.0000001,10.00448
2013-01-29 11:29:52.0000001,10.493746
2014-09-12 19:03:48.0000001,10.848649
2013-11-09 18:52:40.0000004,9.224394
2013-11-09 18:52:40.0000002,13.084693
2013-04-25 16:10:04.0000001,57.28747
2013-04-25 16:10:04.0000002,8.37948
2013-09-07 14:37:52.0000001,8.280882
2013-09-07 14:37:52.0000002,10.204329
2013-09-07 14:37:52.0000003,5.716632
2011-05-21 13:16:20.0000004,5.5715094
2011-05-21 13:16:20.0000001,6.2858624
2011-05-21 13:16:20.0000003,9.0857315
2011-11-25 16:36:24.0000002,6.6972957
2011-11-25 16:36:24.0000001,11.676053
2015-01-31 20:54:04.0000001,5.668074
2010-11-01 23:31:28.0000002,6.6618066
2010-11-01 23:31:28.0000001,8.275507
2010-11-01 23:31:28.0000003,9.352667
2011-03-24 15:57:04.0000003,4.6198816
2011-03-24 15:57:04.0000001,7.5298123
2010-05-10 10:37:04.0000005,6.104904
2010-05-10 10:37:04.0000002,5.631935
2010-05-10 10:37:04.0000003,8.746728
2010-05-10 10:37:04.0000006,8.80186
2012-06-09 16:53:44.0000002,8.071475
2012-08-22 22:39:20.0000003,17.176962
2012-08-22 22:39:20.0000001,5.1777444
2012-12-23 02:29:16.0000001,13.994039
2012-06-30 15:55:12.0000004,12.846422
2012-06-30 15:55:12.0000002,6.8730893
2012-06-30 15:55:12.0000003,11.821647
2012-06-30 15:55:12.0000001,6.445097
2011-10-02 23:36:00.00000056,11.200674
2011-10-02 23:36:00.00000086,15.590051
2011-10-02 23:36:00.00000081,14.384296
2011-10-02 23:36:00.0000009,4.5436296
2011-10-02 23:36:00.00000041,11.836536
2011-10-02 23:36:00.00000091,4.5225987
2011-10-02 23:36:00.0000008,11.660706
2011-10-02 23:36:00.00000015,25.23088
2011-10-02 23:36:00.00000014,9.22354
2011-10-02 23:36:00.00000047,6.9463406
2011-10-02 23:36:00.00000076,7.233859
2011-10-02 23:36:00.00000011,6.844359
2011-10-02 23:36:00.00000075,5.325201
2011-10-02 23:36:00.00000035,6.8222365
2011-10-02 23:36:00.00000099,6.6193304
2011-10-02 23:36:00.00000062,8.97659
2011-10-02 23:36:00.00000085,8.159688
2011-10-02 23:36:00.00000043,17.620655
2011-10-02 23:36:00.00000071,10.549878
2011-10-02 23:36:00.00000023,6.1423297
2011-10-02 23:36:00.00000092,5.748367
2011-10-02 23:36:00.00000037,9.258752
2011-10-02 23:36:00.00000083,9.980005
2011-10-02 23:36:00.00000054,11.420088
2011-10-02 23:36:00.00000073,10.206005
2011-10-02 23:36:00.0000005,6.9754624
2011-10-02 23:36:00.00000095,5.1940103
2011-10-02 23:36:00.00000088,5.6929116
2011-10-02 23:36:00.00000030,8.292545
2011-10-02 23:36:00.0000007,12.452698
2011-10-02 23:36:00.00000013,9.08004
2011-10-02 23:36:00.00000065,23.728476
2011-10-02 23:36:00.00000089,48.228867
2011-10-02 23:36:00.00000096,7.4875827
2011-10-02 23:36:00.00000039,8.817758
2011-10-02 23:36:00.00000038,25.7858
2011-10-02 23:36:00.00000067,16.780941
2011-10-02 23:36:00.00000077,10.343048
2011-10-02 23:36:00.00000020,16.750748
2011-10-02 23:36:00.00000063,15.338204
2011-10-02 23:36:00.00000012,8.014076
2011-10-02 23:36:00.00000058,15.639757
2011-10-02 23:36:00.00000026,10.021681
2011-10-02 23:36:00.00000074,18.579514
2011-10-02 23:36:00.00000059,18.14242
2011-10-02 23:36:00.00000090,14.375164
2011-10-02 23:36:00.0000004,31.160568
2011-10-02 23:36:00.0000003,15.127465
2011-10-02 23:36:00.00000021,15.570877
2011-10-02 23:36:00.00000097,7.4395437
2011-10-02 23:36:00.00000036,17.33417
2011-10-02 23:36:00.00000024,19.76901
2011-10-02 23:36:00.00000082,46.46104
2011-10-02 23:36:00.000000100,7.7163334
2011-10-02 23:36:00.00000040,4.643201
2011-10-02 23:36:00.00000022,4.6814437
2013-03-21 12:47:28.0000006,11.7651205
2013-03-21 12:47:28.0000008,10.829543
2013-03-21 12:47:28.0000003,12.791046
2013-03-21 12:47:28.0000005,6.646865
2013-03-21 12:47:28.0000002,8.099535
2013-06-07 03:02:56.0000002,18.096523
2013-06-07 03:02:56.0000001,7.063611
2010-09-05 22:31:32.0000002,34.27306
2013-07-12 23:33:24.0000001,10.1171255
2009-12-03 02:32:08.0000001,18.743275
2009-10-15 03:50:36.0000001,5.3720446
2011-09-25 22:36:32.0000002,19.216417
2011-09-25 22:36:32.0000001,10.590966
2015-06-08 20:02:56.0000001,10.33997
2014-07-16 08:03:32.0000002,11.70348
2014-07-16 08:03:32.0000001,13.243735
2011-12-15 13:14:32.0000002,8.848794
2011-12-15 13:14:32.0000001,5.2992144
2011-10-11 22:13:48.0000002,13.211049
2011-10-11 22:13:48.0000005,8.74285
2011-10-11 22:13:48.0000003,7.109068
2013-09-14 16:53:20.0000001,9.364255
2013-09-14 16:53:20.0000002,10.981087
2014-02-06 09:09:56.0000004,5.747411
2014-02-06 09:09:56.0000003,5.978798
2014-02-06 09:09:56.0000001,5.3683968
2009-06-10 16:55:00.00000081,29.843855
2009-06-10 16:55:00.00000029,5.598237
2009-06-10 16:55:00.000000109,8.377445
2009-06-10 16:55:00.00000098,46.90911
2009-06-10 16:55:00.00000054,10.536611
2009-06-10 16:55:00.00000021,30.701185
2009-06-10 16:55:00.00000012,8.724839
2009-06-10 16:55:00.00000033,5.36609
2009-06-10 16:55:00.00000024,8.873462
2009-06-10 16:55:00.00000099,10.579977
2009-06-10 16:55:00.0000009,7.6979504
2009-06-10 16:55:00.000000158,5.6136045
2009-06-10 16:55:00.000000141,4.653568
2009-06-10 16:55:00.00000093,7.354883
2009-06-10 16:55:00.000000161,10.093905
2009-06-10 16:55:00.00000088,5.4972506
2009-06-10 16:55:00.0000003,8.15812
2009-06-10 16:55:00.00000018,5.576803
2009-06-10 16:55:00.00000047,7.153998
2009-06-10 16:55:00.000000154,10.318228
2009-06-10 16:55:00.000000131,9.412414
2009-06-10 16:55:00.00000046,12.59699
2009-06-10 16:55:00.0000004,6.0524406
2009-06-10 16:55:00.000000107,7.523939
2009-06-10 16:55:00.000000114,6.484724
2009-06-10 16:55:00.000000117,7.9830656
2009-06-10 16:55:00.000000162,10.310681
2009-06-10 16:55:00.00000049,11.116551
2009-06-10 16:55:00.00000069,7.653433
2009-06-10 16:55:00.000000111,8.340558
2009-06-10 16:55:00.00000083,4.3632946
2009-06-10 16:55:00.000000166,55.825893
2009-06-10 16:55:00.000000135,9.519368
2009-06-10 16:55:00.00000044,30.732613
2009-06-10 16:55:00.00000085,8.50011
2009-06-10 16:55:00.000000115,6.6026793
2009-06-10 16:55:00.000000108,6.268513
2009-06-10 16:55:00.00000034,5.8998904
2009-06-10 16:55:00.00000060,15.927443
2009-06-10 16:55:00.000000120,5.3313193
2009-06-10 16:55:00.000000174,31.484213
2009-06-10 16:55:00.0000007,6.818875
2009-06-10 16:55:00.000000159,8.181988
2009-06-10 16:55:00.000000171,21.227877
2009-06-10 16:55:00.000000145,11.646034
2009-06-10 16:55:00.00000074,8.14822
2009-06-10 16:55:00.000000138,11.631479
2009-06-10 16:55:00.00000048,5.6603856
2009-06-10 16:55:00.000000101,5.4221916
2009-06-10 16:55:00.000000153,5.455506
2009-06-10 16:55:00.0000002,9.539351
2009-06-10 16:55:00.00000037,9.171311
2009-06-10 16:55:00.000000151,10.043388
2009-06-10 16:55:00.000000127,31.29937
2009-06-10 16:55:00.000000144,36.65137
2009-06-10 16:55:00.000000165,12.492938
2009-06-10 16:55:00.0000008,5.223571
2009-06-10 16:55:00.000000122,7.81198
2009-06-10 16:55:00.00000055,29.054388
2009-06-10 16:55:00.00000079,4.9170837
2009-06-10 16:55:00.00000016,15.81552
2009-06-10 16:55:00.000000160,18.043064
2009-06-10 16:55:00.000000139,5.9151444
2009-06-10 16:55:00.00000075,5.5672154
2009-06-10 16:55:00.00000017,7.0404944
2009-06-10 16:55:00.00000070,5.6458797
2009-06-10 16:55:00.000000118,10.813207
2009-06-10 16:55:00.00000066,11.448524
2009-06-10 16:55:00.000000164,5.652499
2009-06-10 16:55:00.000000100,10.420941
2009-06-10 16:55:00.00000082,8.528685
2009-06-10 16:55:00.00000090,12.220696
2009-06-10 16:55:00.000000125,12.403804
2009-06-10 16:55:00.000000149,6.753096
2009-06-10 16:55:00.00000068,12.003657
2009-06-10 16:55:00.00000039,5.821278
2009-06-10 16:55:00.000000124,4.947624
2009-06-10 16:55:00.00000053,5.7880507
2009-06-10 16:55:00.00000045,9.662031
2009-06-10 16:55:00.000000102,5.962869
2009-06-10 16:55:00.000000140,7.0598583
2009-06-10 16:55:00.000000148,7.4557734
2009-06-10 16:55:00.000000147,6.4800067
2009-06-10 16:55:00.00000097,8.08106
2009-06-10 16:55:00.00000094,7.1305156
2009-06-10 16:55:00.00000078,8.290364
2009-06-10 16:55:00.00000035,6.3346896
2009-06-10 16:55:00.00000072,7.509891
2009-06-10 16:55:00.00000031,5.4447565
2009-06-10 16:55:00.00000056,7.5724506
2009-06-10 16:55:00.000000128,17.489836
2009-06-10 16:55:00.00000057,6.70837
2009-06-10 16:55:00.00000030,7.4526577
2009-06-10 16:55:00.00000043,10.125557
2009-06-10 16:55:00.000000146,7.90443
2009-06-10 16:55:00.00000010,8.071825
2009-06-10 16:55:00.00000067,11.212812
2009-06-10 16:55:00.000000119,5.7095685
2009-06-10 16:55:00.00000076,17.287628
2009-06-10 16:55:00.00000025,7.1706076
2009-06-10 16:55:00.00000071,17.138416
2009-06-10 16:55:00.000000143,9.01702
2013-06-26 11:19:36.0000002,4.5289626
2014-09-05 10:02:48.0000004,5.1478004
2014-09-05 10:02:48.0000002,9.287812
2014-09-05 10:02:48.0000001,39.167725
2014-09-05 10:02:48.0000003,9.299372
2012-09-19 12:31:40.0000001,9.5560875
2012-09-19 12:31:40.0000002,6.8609014
2009-03-22 04:31:40.0000002,18.35522
2009-08-27 02:31:44.0000001,18.338736
2009-05-02 20:11:32.0000001,9.628026
2009-05-02 20:11:32.0000004,8.482136
2011-02-20 02:31:16.0000002,7.323122
2011-02-20 02:31:16.0000001,18.516811
2011-06-24 12:03:00.00000010,6.116034
2011-06-24 12:03:00.00000067,11.38699
2011-06-24 12:03:00.00000071,11.62751
2011-06-24 12:03:00.000000100,6.9112163
2011-06-24 12:03:00.000000145,9.551203
2011-06-24 12:03:00.000000152,9.621314
2011-06-24 12:03:00.00000026,13.331637
2011-06-24 12:03:00.000000199,5.669217
2011-06-24 12:03:00.000000195,5.366945
2011-06-24 12:03:00.000000119,5.7798
2011-06-24 12:03:00.00000086,9.284312
2011-06-24 12:03:00.00000012,7.1625533
2011-06-24 12:03:00.00000097,19.824825
2011-06-24 12:03:00.00000058,4.949091
2011-06-24 12:03:00.000000176,4.7758474
2011-06-24 12:03:00.000000139,4.234541
2011-06-24 12:03:00.00000048,7.1798496
2011-06-24 12:03:00.000000159,6.813472
2011-06-24 12:03:00.00000079,6.2218623
2011-06-24 12:03:00.000000138,7.308474
2011-06-24 12:03:00.000000135,11.649647
2011-06-24 12:03:00.000000173,9.235749
2011-06-24 12:03:00.000000162,12.389288
2011-06-24 12:03:00.00000018,9.8571415
2011-06-24 12:03:00.000000136,6.6803193
2011-06-24 12:03:00.000000185,7.7840858
2011-06-24 12:03:00.00000069,6.5789137
2011-06-24 12:03:00.000000105,7.295854
2011-06-24 12:03:00.000000180,6.7744017
2011-06-24 12:03:00.00000053,9.947372
2011-06-24 12:03:00.000000142,7.042008
2011-06-24 12:03:00.000000188,9.79481
2011-06-24 12:03:00.00000089,4.1285853
2011-06-24 12:03:00.000000109,7.405956
2011-06-24 12:03:00.00000074,6.673735
2011-06-24 12:03:00.000000113,10.233478
2011-06-24 12:03:00.00000044,6.0140085
2011-06-24 12:03:00.000000183,5.8604608
2011-06-24 12:03:00.00000047,9.401232
2011-06-24 12:03:00.0000006,9.829986
2011-06-24 12:03:00.0000005,8.389325
2011-06-24 12:03:00.000000200,9.907399
2011-06-24 12:03:00.000000127,8.466357
2011-06-24 12:03:00.000000120,10.873424
2011-06-24 12:03:00.000000133,5.6424894
2011-06-24 12:03:00.00000073,6.18316
2011-06-24 12:03:00.000000101,4.7805777
2011-06-24 12:03:00.000000187,10.227535
2011-06-24 12:03:00.000000122,9.108194
2011-06-24 12:03:00.000000175,6.5690465
2011-06-24 12:03:00.000000154,10.597136
2011-06-24 12:03:00.000000197,8.141272
2011-06-24 12:03:00.00000017,8.43385
2011-06-24 12:03:00.000000186,10.231123
2011-06-24 12:03:00.00000020,9.413417
2011-06-24 12:03:00.00000035,10.602129
2011-06-24 12:03:00.000000193,8.25588
2011-06-24 12:03:00.000000201,8.099741
2011-06-24 12:03:00.00000054,24.73808
2011-06-24 12:03:00.00000075,8.158491
2011-06-24 12:03:00.000000114,7.9446244
2011-06-24 12:03:00.00000062,28.096014
2011-06-24 12:03:00.00000055,25.474884
2011-06-24 12:03:00.00000025,6.098601
2011-06-24 12:03:00.00000022,5.5894933
2011-06-24 12:03:00.000000144,12.855807
2011-06-24 12:03:00.000000177,6.3249545
2011-06-24 12:03:00.000000124,6.131667
2011-06-24 12:03:00.00000094,4.7591434
2011-06-24 12:03:00.00000041,6.994904
2011-06-24 12:03:00.000000141,7.0360255
2011-06-24 12:03:00.00000092,8.174357
2011-06-24 12:03:00.000000189,17.611132
2011-06-24 12:03:00.000000171,11.250901
2011-06-24 12:03:00.000000157,7.044803
2011-06-24 12:03:00.000000179,8.035014
2011-06-24 12:03:00.000000107,11.919915
2011-06-24 12:03:00.00000095,15.324615
2011-06-24 12:03:00.00000076,20.097784
2011-06-24 12:03:00.000000156,7.3317094
2011-06-24 12:03:00.000000111,30.368603
2011-06-24 12:03:00.000000116,8.337675
2011-06-24 12:03:00.00000033,10.975216
2011-06-24 12:03:00.00000082,4.8712573
2011-06-24 12:03:00.00000078,5.489938
2011-06-24 12:03:00.00000051,10.178216
2011-06-24 12:03:00.000000143,11.346624
2011-06-24 12:03:00.000000126,13.365802
2011-06-24 12:03:00.00000088,9.867597
2011-06-24 12:03:00.000000191,17.852545
2011-06-24 12:03:00.00000063,13.222845
2011-06-24 12:03:00.00000045,13.833209
2011-06-24 12:03:00.00000060,7.285313
2011-06-24 12:03:00.00000040,32.600906
2011-06-24 12:03:00.00000057,9.115172
2011-06-24 12:03:00.00000013,5.848484
2011-06-24 12:03:00.00000068,29.849463
2011-06-24 12:03:00.000000165,4.7371373
2011-06-24 12:03:00.00000056,5.988962
2011-06-24 12:03:00.000000150,7.789352
2011-06-24 12:03:00.00000052,5.6582913
2011-06-24 12:03:00.00000085,48.321877
2011-06-24 12:03:00.000000190,7.942866
2011-06-24 12:03:00.00000072,6.7886176
2011-06-24 12:03:00.000000137,5.4104266
2011-06-24 12:03:00.000000102,5.9752727
2011-06-24 12:03:00.000000106,8.246564
2011-06-24 12:03:00.000000118,4.9745536
2011-06-24 12:03:00.00000046,13.62429
2011-06-24 12:03:00.000000110,11.730426
2011-06-24 12:03:00.000000181,6.204157
2011-06-24 12:03:00.000000194,5.3848476
2011-06-24 12:03:00.00000061,9.999936
2011-06-24 12:03:00.0000001,10.556461
2011-06-24 12:03:00.00000087,8.747492
2011-06-24 12:03:00.00000066,5.497175
2011-06-24 12:03:00.000000146,7.079148
2011-06-24 12:03:00.000000149,49.65891
2011-06-24 12:03:00.00000038,10.753606
2011-06-24 12:03:00.000000196,8.563187
2011-06-24 12:03:00.00000093,8.462162
2011-06-24 12:03:00.000000170,5.870796
2011-06-24 12:03:00.000000168,9.117652
2011-06-24 12:03:00.0000002,12.873019
2011-06-24 12:03:00.00000042,12.991452
2014-06-15 07:06:00.0000006,4.723862
2014-06-15 07:06:00.00000037,9.074007
2014-06-15 07:06:00.00000025,6.0873847
2014-06-15 07:06:00.0000008,10.510741
2014-06-15 07:06:00.00000036,45.67684
2014-06-15 07:06:00.00000042,23.52478
2014-06-15 07:06:00.00000033,4.913292
2014-06-15 07:06:00.00000013,10.471121
2014-06-15 07:06:00.00000035,55.743874
2014-06-15 07:06:00.00000030,9.142881
2014-06-15 07:06:00.00000024,7.443196
2014-06-15 07:06:00.00000031,9.470297
2014-06-15 07:06:00.0000009,14.583429
2014-06-15 07:06:00.00000039,55.568787
2014-06-15 07:06:00.00000010,6.5065966
2014-06-15 07:06:00.00000019,14.355031
2014-06-15 07:06:00.00000041,6.8976417
2014-06-15 07:06:00.00000028,17.69215
2014-06-15 07:06:00.00000014,53.036648
2014-06-15 07:06:00.0000003,13.839569
2014-06-15 07:06:00.00000017,55.51422
2014-06-15 07:06:00.00000015,16.9073
2014-06-15 07:06:00.00000026,6.0218754
2014-06-15 07:06:00.0000002,14.626354
2014-06-15 07:06:00.00000040,4.462334
2014-06-15 07:06:00.00000016,5.6158476
2014-06-06 16:22:20.0000003,6.1122303
2014-06-06 16:22:20.0000002,9.174314
2015-05-30 21:29:04.0000004,14.445851
2015-05-30 21:29:04.0000007,17.123306
2015-05-30 21:29:04.0000003,11.458722
2015-05-30 21:29:04.0000001,8.06771
2009-10-26 12:01:36.0000001,10.073218
2009-10-26 12:01:36.0000002,8.142227
2009-10-26 12:01:36.0000005,6.9836874
2009-10-26 12:01:36.0000003,7.5310287
2013-02-02 15:45:08.0000003,8.504476
2013-02-02 15:45:08.0000001,9.825215
2013-02-02 15:45:08.0000002,11.202306
2015-04-15 06:47:04.0000001,8.235731
2015-04-15 06:47:04.0000002,10.87242
2010-12-14 23:27:36.0000001,5.223213
2009-03-05 11:03:04.0000002,4.5753145
2009-03-05 11:03:04.0000001,12.785703
2013-07-18 12:23:40.0000003,5.260214
2013-07-18 12:23:40.0000002,5.738035
2013-07-18 12:23:40.0000001,8.31487
2014-04-14 13:48:32.0000004,9.564928
2014-04-14 13:48:32.0000003,6.245176
2014-08-18 05:33:08.0000001,8.229452
2012-01-28 03:14:28.0000001,30.104399
2009-09-14 02:19:00.00000014,9.643929
2009-09-14 02:19:00.00000035,10.411976
2009-09-14 02:19:00.00000040,6.604798
2009-09-14 02:19:00.00000031,5.1064878
2009-09-14 02:19:00.0000003,4.445889
2009-09-14 02:19:00.00000025,8.198043
2009-09-14 02:19:00.0000008,7.5150046
2009-09-14 02:19:00.00000024,9.789605
2009-09-14 02:19:00.00000021,8.262836
2009-09-14 02:19:00.00000036,9.631634
2009-09-14 02:19:00.0000009,36.229244
2009-09-14 02:19:00.0000001,8.87592
2009-09-14 02:19:00.00000018,4.3864584
2009-09-14 02:19:00.00000039,8.51375
2009-09-14 02:19:00.0000002,15.240795
2009-09-14 02:19:00.00000038,8.591217
2009-09-14 02:19:00.00000020,18.881477
2009-09-14 02:19:00.00000028,6.7589254
2009-09-14 02:19:00.00000026,17.992659
2009-09-14 02:19:00.00000017,7.866082
2009-09-14 02:19:00.00000030,7.1627183
2009-09-14 02:19:00.00000016,5.840987
2009-09-14 02:19:00.0000006,7.01196
2009-09-14 02:19:00.0000007,8.795589
2011-08-14 14:17:28.0000003,7.477824
2011-08-14 14:17:28.0000001,5.1187377
2011-08-14 14:17:28.0000004,6.130376
2011-08-14 14:17:28.0000002,5.563147
2011-08-14 14:17:28.0000005,12.957782
2014-03-17 16:07:56.0000002,54.838444
2010-11-03 21:09:56.0000002,5.6629434
2010-11-03 21:09:56.0000001,11.471947
2012-12-11 23:37:08.0000002,9.742424
2012-12-11 23:37:08.0000005,9.197682
2012-12-11 23:37:08.0000004,7.365618
2012-12-11 23:37:08.0000006,9.456485
2012-12-11 23:37:08.0000003,5.660546
2012-12-11 23:37:08.0000001,16.78724
2015-06-24 14:19:52.0000001,13.0572605
2015-06-24 14:19:52.0000002,57.728134
2015-06-24 14:19:52.0000004,8.539154
2010-08-21 22:21:32.0000004,13.238705
2011-02-19 10:20:28.0000003,4.4463034
2011-02-19 10:20:28.0000002,10.916058
2011-02-19 10:20:28.0000001,6.350915
2011-02-19 10:20:28.0000004,7.507659
2011-10-02 22:31:44.0000004,10.432103
2011-10-02 22:31:44.0000002,19.740896
2011-10-02 22:31:44.0000003,16.198082
2012-01-26 11:17:36.0000002,5.0798445
2012-05-06 23:37:24.0000002,21.177486
2012-05-06 23:37:24.0000001,22.677721
2013-06-12 20:03:36.0000001,7.82042
2013-06-12 20:03:36.0000002,54.081207
2015-02-27 14:15:52.0000003,81.41244
2013-12-21 17:20:32.0000001,10.610149
2009-06-29 08:09:40.0000002,10.050555
2009-06-29 08:09:40.0000001,11.859462
2014-09-14 17:22:12.0000002,6.8510523
2014-09-14 17:22:12.0000001,10.608314
2014-09-14 17:22:12.0000003,15.767105
2014-09-14 17:22:12.0000005,7.389906
2014-08-20 14:37:56.0000001,16.108677
2011-07-20 16:34:48.0000001,4.847146
2011-07-20 16:34:48.0000003,6.647276
2009-10-05 10:11:32.0000001,7.6900616
2009-10-05 10:11:32.0000002,13.786519
2011-02-16 08:44:04.0000001,13.516299
2011-02-16 08:44:04.0000007,8.158193
2011-02-16 08:44:04.0000004,9.582027
2011-02-16 08:44:04.0000003,5.415891
2011-02-16 08:44:04.0000002,4.677489
2011-02-16 08:44:04.0000006,17.351215
2011-02-16 08:44:04.0000005,6.5943627
2009-01-01 11:04:24.0000002,5.3173256
2014-04-28 19:46:36.0000003,8.141332
2012-11-11 20:35:40.0000001,42.962524
2012-11-11 20:35:40.0000002,11.100926
2011-06-01 07:37:00.000000171,8.733205
2011-06-01 07:37:00.000000199,7.023271
2011-06-01 07:37:00.00000032,5.0893817
2011-06-01 07:37:00.000000175,8.641762
2011-06-01 07:37:00.00000095,5.5801525
2011-06-01 07:37:00.000000106,5.4012733
2011-06-01 07:37:00.00000090,9.53477
2011-06-01 07:37:00.000000169,16.309526
2011-06-01 07:37:00.0000007,5.2625875
2011-06-01 07:37:00.000000151,13.4557705
2011-06-01 07:37:00.000000101,5.1042666
2011-06-01 07:37:00.00000099,17.137774
2011-06-01 07:37:00.00000084,4.5188518
2011-06-01 07:37:00.00000083,4.776339
2011-06-01 07:37:00.00000043,6.454692
2011-06-01 07:37:00.00000029,5.441704
2011-06-01 07:37:00.000000132,18.088848
2011-06-01 07:37:00.000000208,6.5222144
2011-06-01 07:37:00.000000221,4.941937
2011-06-01 07:37:00.000000131,5.3179727
2011-06-01 07:37:00.000000220,6.8680534
2011-06-01 07:37:00.000000207,7.244078
2011-06-01 07:37:00.000000205,4.449177
2011-06-01 07:37:00.000000180,6.7362046
2011-06-01 07:37:00.000000103,9.646807
2011-06-01 07:37:00.00000098,24.032223
2011-06-01 07:37:00.000000189,6.741628
2011-06-01 07:37:00.000000165,5.0038614
2011-06-01 07:37:00.000000184,32.89301
2011-06-01 07:37:00.00000092,5.567548
2011-06-01 07:37:00.00000020,9.189119
2011-06-01 07:37:00.000000105,7.082061
2011-06-01 07:37:00.00000088,9.400202
2011-06-01 07:37:00.000000122,7.051443
2011-06-01 07:37:00.000000219,11.958759
2011-06-01 07:37:00.000000222,7.3640637
2011-06-01 07:37:00.00000049,7.537007
2011-06-01 07:37:00.000000114,4.491502
2011-06-01 07:37:00.000000181,5.627773
2011-06-01 07:37:00.000000144,48.867195
2011-06-01 07:37:00.000000155,7.20992
2011-06-01 07:37:00.000000118,5.9662933
2011-06-01 07:37:00.000000142,5.412872
2011-06-01 07:37:00.000000223,6.7853045
2011-06-01 07:37:00.00000057,6.399008
2011-06-01 07:37:00.000000168,4.354199
2011-06-01 07:37:00.000000226,6.9805903
2011-06-01 07:37:00.000000177,10.937645
2011-06-01 07:37:00.000000185,28.875954
2011-06-01 07:37:00.000000178,12.186946
2011-06-01 07:37:00.000000140,8.203601
2011-06-01 07:37:00.000000141,10.637289
2011-06-01 07:37:00.00000045,7.8980026
2011-06-01 07:37:00.00000086,7.3771086
2011-06-01 07:37:00.000000145,6.292227
2011-06-01 07:37:00.00000037,8.234092
2011-06-01 07:37:00.00000094,6.6153417
2011-06-01 07:37:00.00000082,5.269367
2011-06-01 07:37:00.000000179,9.022159
2011-06-01 07:37:00.000000197,5.6050844
2011-06-01 07:37:00.000000154,11.050528
2011-06-01 07:37:00.00000019,9.18203
2011-06-01 07:37:00.00000075,6.221413
2011-06-01 07:37:00.000000110,12.593079
2011-06-01 07:37:00.00000078,6.7004027
2011-06-01 07:37:00.000000146,6.8636556
2011-06-01 07:37:00.000000143,8.84444
2011-06-01 07:37:00.000000227,12.075075
2011-06-01 07:37:00.00000070,4.670643
2011-06-01 07:37:00.000000176,7.07982
2011-06-01 07:37:00.000000217,8.253679
2011-06-01 07:37:00.00000026,6.426258
2011-06-01 07:37:00.000000209,7.002456
2011-06-01 07:37:00.000000183,8.342396
2011-06-01 07:37:00.000000210,5.5812297
2011-06-01 07:37:00.00000060,9.083719
2011-06-01 07:37:00.000000174,6.755534
2011-06-01 07:37:00.000000203,9.404804
2011-06-01 07:37:00.000000139,6.8304486
2011-06-01 07:37:00.000000162,7.805097
2011-06-01 07:37:00.000000125,6.7953534
2011-06-01 07:37:00.000000198,8.865971
2011-06-01 07:37:00.00000055,11.049069
2011-06-01 07:37:00.00000016,6.3577867
2011-06-01 07:37:00.00000027,7.636503
2011-06-01 07:37:00.00000053,18.07772
2011-06-01 07:37:00.000000201,30.160347
2011-06-01 07:37:00.000000138,5.340668
2011-06-01 07:37:00.00000077,4.2093267
2011-06-01 07:37:00.00000022,8.118406
2011-06-01 07:37:00.000000182,9.947442
2011-06-01 07:37:00.000000163,6.627285
2011-06-01 07:37:00.000000204,9.295985
2011-06-01 07:37:00.000000137,8.213966
2011-06-01 07:37:00.000000152,7.169183
2011-06-01 07:37:00.00000048,7.5235577
2011-06-01 07:37:00.00000025,8.03023
2011-06-01 07:37:00.000000100,14.0466585
2011-06-01 07:37:00.00000015,4.6326427
2011-06-01 07:37:00.00000097,16.283457
2011-06-01 07:37:00.000000127,8.6219015
2011-06-01 07:37:00.000000170,5.7653084
2011-06-01 07:37:00.00000091,13.393592
2011-06-01 07:37:00.000000109,8.46976
2011-06-01 07:37:00.00000028,8.348902
2011-06-01 07:37:00.000000129,19.738785
2011-06-01 07:37:00.000000158,4.5840077
2011-06-01 07:37:00.0000005,5.263886
2011-06-01 07:37:00.00000034,8.152819
2011-06-01 07:37:00.000000107,7.324909
2011-06-01 07:37:00.00000036,5.975186
2011-06-01 07:37:00.00000046,7.838121
2011-06-01 07:37:00.000000108,4.5552697
2011-06-01 07:37:00.0000008,8.120918
2011-06-01 07:37:00.000000212,9.183792
2011-06-01 07:37:00.00000068,6.7454076
2011-06-01 07:37:00.00000065,5.497804
2011-06-01 07:37:00.000000116,4.45449
2011-06-01 07:37:00.000000196,6.974579
2011-06-01 07:37:00.000000172,8.768906
2011-06-01 07:37:00.00000059,11.819753
2011-06-01 07:37:00.000000167,4.1923823
2011-06-01 07:37:00.00000058,6.4861016
2011-06-01 07:37:00.00000061,4.444702
2011-06-01 07:37:00.000000156,13.973666
2011-06-01 07:37:00.000000128,8.240518
2011-06-01 07:37:00.00000079,5.3391356
2011-06-01 07:37:00.000000206,8.9861765
2011-06-01 07:37:00.00000069,6.5155334
2011-06-01 07:37:00.000000190,6.2482424
2011-06-01 07:37:00.000000112,4.928255
2011-06-01 07:37:00.000000104,5.380581
2011-06-01 07:37:00.000000194,5.4456162
2011-06-01 07:37:00.0000002,5.2996736
2011-06-01 07:37:00.00000044,5.445331
2011-06-01 07:37:00.00000010,7.7463093
2011-06-01 07:37:00.000000157,17.612423
2011-06-01 07:37:00.000000147,6.58297
2011-06-01 07:37:00.000000120,5.076827
2011-06-01 07:37:00.000000149,10.186432
2011-06-01 07:37:00.000000119,8.61494
2011-06-01 07:37:00.00000023,5.745333
2011-06-01 07:37:00.00000017,9.007527
2011-06-01 07:37:00.00000038,15.303789
2011-06-01 07:37:00.000000113,9.0403805
2011-06-01 07:37:00.000000211,8.179242
2011-06-01 07:37:00.00000051,7.2269664
2011-06-01 07:37:00.00000054,7.5976872
2011-06-01 07:37:00.000000186,9.548945
2009-02-16 03:13:40.0000001,7.1456285
2010-08-27 18:45:00.000000234,5.162706
2010-08-27 18:45:00.00000057,6.8751006
2010-08-27 18:45:00.00000039,12.048766
2010-08-27 18:45:00.000000161,7.169845
2010-08-27 18:45:00.000000220,10.163541
2010-08-27 18:45:00.00000028,8.734894
2010-08-27 18:45:00.00000014,14.631969
2010-08-27 18:45:00.000000226,13.414781
2010-08-27 18:45:00.000000175,5.7676716
2010-08-27 18:45:00.00000040,19.524015
2010-08-27 18:45:00.000000144,14.55463
2010-08-27 18:45:00.00000085,11.001227
2010-08-27 18:45:00.000000194,20.64997
2010-08-27 18:45:00.00000094,8.233227
2010-08-27 18:45:00.000000141,15.644369
2010-08-27 18:45:00.00000067,4.5624413
2010-08-27 18:45:00.000000231,6.1258435
2010-08-27 18:45:00.000000214,6.141702
2010-08-27 18:45:00.00000037,15.090605
2010-08-27 18:45:00.000000165,5.662265
2010-08-27 18:45:00.000000158,2.0299764
2010-08-27 18:45:00.000000217,7.440397
2010-08-27 18:45:00.00000090,14.266182
2010-08-27 18:45:00.000000142,9.103743
2010-08-27 18:45:00.0000004,7.412629
2010-08-27 18:45:00.00000070,5.1155653
2010-08-27 18:45:00.000000202,8.053284
2010-08-27 18:45:00.000000177,7.437386
2010-08-27 18:45:00.00000084,12.210849
2010-08-27 18:45:00.000000209,10.304396
2010-08-27 18:45:00.000000184,32.069263
2010-08-27 18:45:00.000000173,8.556297
2010-08-27 18:45:00.00000029,5.250355
2010-08-27 18:45:00.00000025,6.3535776
2010-08-27 18:45:00.00000012,5.1316123
2010-08-27 18:45:00.00000010,4.9536242
2010-08-27 18:45:00.000000136,8.462779
2010-08-27 18:45:00.00000073,10.781266
2010-08-27 18:45:00.000000124,6.7357335
2010-08-27 18:45:00.000000125,6.3615813
2010-08-27 18:45:00.000000169,5.498271
2010-08-27 18:45:00.000000208,4.7025914
2010-08-27 18:45:00.000000152,6.1340394
2010-08-27 18:45:00.000000196,9.412596
2010-08-27 18:45:00.0000005,11.976098
2010-08-27 18:45:00.00000077,6.2111835
2010-08-27 18:45:00.000000123,7.83802
2010-08-27 18:45:00.00000046,10.177823
2010-08-27 18:45:00.00000033,7.043919
2010-08-27 18:45:00.000000166,12.939095
2010-08-27 18:45:00.000000190,6.107121
2010-08-27 18:45:00.00000043,7.720446
2010-08-27 18:45:00.00000081,5.5209064
2010-08-27 18:45:00.00000034,9.314462
2010-08-27 18:45:00.00000089,18.45236
2010-08-27 18:45:00.000000189,5.587869
2010-08-27 18:45:00.00000078,7.83681
2010-08-27 18:45:00.00000053,11.874196
2010-08-27 18:45:00.000000188,7.7806873
2010-08-27 18:45:00.00000071,7.3912373
2010-08-27 18:45:00.00000097,17.273937
2010-08-27 18:45:00.00000031,6.08898
2010-08-27 18:45:00.000000101,12.451777
2010-08-27 18:45:00.000000140,6.3202906
2010-08-27 18:45:00.00000054,30.225042
2010-08-27 18:45:00.0000006,9.144783
2010-08-27 18:45:00.00000011,7.714719
2010-08-27 18:45:00.00000055,7.091135
2010-08-27 18:45:00.000000160,10.118845
2010-08-27 18:45:00.00000024,11.38519
2010-08-27 18:45:00.000000106,6.114827
2010-08-27 18:45:00.000000131,5.357207
2010-08-27 18:45:00.00000087,12.674659
2010-08-27 18:45:00.000000110,10.643505
2010-08-27 18:45:00.000000197,13.472293
2010-08-27 18:45:00.00000066,8.932275
2010-08-27 18:45:00.000000205,10.643465
2010-08-27 18:45:00.00000086,5.4378886
2010-08-27 18:45:00.000000207,8.662493
2010-08-27 18:45:00.00000068,13.920418
2010-08-27 18:45:00.00000050,6.1387587
2010-08-27 18:45:00.00000045,3.0321774
2010-08-27 18:45:00.00000093,4.3252525
2010-08-27 18:45:00.00000061,11.8483715
2010-08-27 18:45:00.00000022,5.783306
2010-08-27 18:45:00.00000018,6.485514
2010-08-27 18:45:00.000000192,9.0253105
2010-08-27 18:45:00.000000148,5.193741
2010-08-27 18:45:00.000000195,5.3211913
2010-08-27 18:45:00.000000155,4.3659005
2010-08-27 18:45:00.000000129,9.163074
2010-08-27 18:45:00.000000133,6.201452
2010-08-27 18:45:00.00000063,11.232326
2010-08-27 18:45:00.00000076,6.6177993
2010-08-27 18:45:00.000000204,13.140168
2010-08-27 18:45:00.000000179,4.6951084
2010-08-27 18:45:00.000000219,14.7148075
2010-08-27 18:45:00.000000107,6.8790674
2010-08-27 18:45:00.000000153,9.280004
2010-08-27 18:45:00.00000026,12.250984
2010-08-27 18:45:00.000000198,7.1462893
2010-08-27 18:45:00.00000016,11.081171
2010-08-27 18:45:00.00000060,7.7237134
2010-08-27 18:45:00.00000017,27.409742
2010-08-27 18:45:00.000000109,14.04597
2010-08-27 18:45:00.000000227,11.150531
2010-08-27 18:45:00.000000181,5.4962945
2010-08-27 18:45:00.000000191,7.359818
2010-08-27 18:45:00.000000228,6.100174
2010-08-27 18:45:00.00000069,12.232247
2010-08-27 18:45:00.000000113,10.219305
2010-08-27 18:45:00.00000049,8.437764
2010-08-27 18:45:00.000000103,6.55972
2010-08-27 18:45:00.0000003,5.185663
2010-08-27 18:45:00.0000008,8.423333
2010-08-27 18:45:00.000000134,5.1137247
2010-08-27 18:45:00.000000183,22.575945
2010-08-27 18:45:00.00000013,14.108706
2010-08-27 18:45:00.000000235,5.953164
2010-08-27 18:45:00.00000038,9.802062
2010-08-27 18:45:00.00000030,16.681717
2010-08-27 18:45:00.000000203,7.614531
2010-08-27 18:45:00.000000182,9.6427555
2010-08-27 18:45:00.000000230,8.372876
2010-08-27 18:45:00.00000065,7.637417
2011-02-12 00:43:24.0000003,10.267823
2011-02-12 00:43:24.0000001,11.301798
2014-05-07 06:50:20.0000002,5.723767
2014-05-07 06:50:20.0000001,7.216823
2014-05-07 06:50:20.0000003,9.5008
2011-04-27 20:59:24.0000002,8.508153
2011-04-27 20:59:24.0000003,11.996817
2011-04-27 20:59:24.0000004,4.867894
2011-04-27 20:59:24.0000001,6.6993127
2011-04-27 20:59:24.0000005,6.264011
2010-08-14 02:13:00.00000069,7.470272
2010-08-14 02:13:00.00000049,6.7105145
2010-08-14 02:13:00.00000059,5.623289
2010-08-14 02:13:00.00000075,16.808174
2010-08-14 02:13:00.00000020,7.0460258
2010-08-14 02:13:00.000000102,14.35792
2010-08-14 02:13:00.00000060,5.272021
2010-08-14 02:13:00.00000033,15.785593
2010-08-14 02:13:00.000000166,11.454101
2010-08-14 02:13:00.000000111,7.7472906
2010-08-14 02:13:00.00000056,8.907315
2010-08-14 02:13:00.00000044,7.4803596
2010-08-14 02:13:00.000000132,5.119616
2010-08-14 02:13:00.00000073,5.1926465
2010-08-14 02:13:00.00000043,7.9033556
2010-08-14 02:13:00.00000085,10.218835
2010-08-14 02:13:00.000000108,15.485802
2010-08-14 02:13:00.00000028,12.566428
2010-08-14 02:13:00.00000076,4.5119977
2010-08-14 02:13:00.00000066,31.814571
2010-08-14 02:13:00.00000080,22.188185
2010-08-14 02:13:00.000000149,8.191883
2010-08-14 02:13:00.00000054,8.065455
2010-08-14 02:13:00.000000130,10.360188
2010-08-14 02:13:00.00000032,10.030988
2010-08-14 02:13:00.000000158,6.28938
2010-08-14 02:13:00.000000171,11.973415
2010-08-14 02:13:00.00000092,5.6734204
2010-08-14 02:13:00.000000155,6.6514854
2010-08-14 02:13:00.000000116,9.95164
2010-08-14 02:13:00.000000109,13.244743
2010-08-14 02:13:00.00000030,7.7789135
2010-08-14 02:13:00.00000015,12.209821
2010-08-14 02:13:00.000000133,4.9760427
2010-08-14 02:13:00.00000072,6.4486732
2010-08-14 02:13:00.00000052,10.6764555
2010-08-14 02:13:00.000000170,16.043972
2010-08-14 02:13:00.0000007,5.355803
2010-08-14 02:13:00.000000165,7.9879746
2010-08-14 02:13:00.00000026,11.52699
2010-08-14 02:13:00.000000148,5.4475574
2010-08-14 02:13:00.00000034,11.635865
2010-08-14 02:13:00.00000022,19.991331
2010-08-14 02:13:00.000000100,4.122913
2010-08-14 02:13:00.000000160,5.7224684
2010-08-14 02:13:00.0000009,17.919695
2010-08-14 02:13:00.00000038,9.238996
2010-08-14 02:13:00.0000001,8.215152
2010-08-14 02:13:00.00000078,6.3856273
2010-08-14 02:13:00.000000134,8.179883
2010-08-14 02:13:00.00000077,22.028746
2010-08-14 02:13:00.000000168,7.1094456
2010-08-14 02:13:00.000000161,7.734081
2010-08-14 02:13:00.000000122,6.710037
2010-08-14 02:13:00.00000035,6.2943454
2010-08-14 02:13:00.000000110,6.7556667
2010-08-14 02:13:00.000000146,10.872746
2010-08-14 02:13:00.00000010,11.746424
2010-08-14 02:13:00.000000141,4.393133
2010-08-14 02:13:00.00000087,17.48399
2010-08-14 02:13:00.000000137,6.6370664
2010-08-14 02:13:00.00000064,6.976698
2010-08-14 02:13:00.00000084,7.300423
2010-08-14 02:13:00.000000139,11.932537
2010-08-14 02:13:00.00000089,31.065546
2010-08-14 02:13:00.000000140,44.853607
2010-08-14 02:13:00.00000012,8.227924
2010-08-14 02:13:00.00000025,4.6715665
2010-08-14 02:13:00.00000070,4.354405
2010-08-14 02:13:00.0000004,11.394516
2010-08-14 02:13:00.00000090,13.219694
2010-08-14 02:13:00.000000101,14.538083
2010-08-14 02:13:00.00000017,5.852742
2010-08-14 02:13:00.00000055,5.7833166
2010-08-14 02:13:00.00000014,9.901724
2010-08-14 02:13:00.000000142,13.170557
2010-08-14 02:13:00.00000021,8.634018
2010-08-14 02:13:00.00000047,14.494591
2010-08-14 02:13:00.00000083,5.179983
2010-08-14 02:13:00.000000162,7.1123195
2015-04-16 22:32:48.0000006,11.330909
2015-04-16 22:32:48.0000001,5.239888
2015-04-16 22:32:48.0000004,6.0624146
2015-04-16 22:32:48.0000002,15.027292
2015-04-16 22:32:48.0000005,8.539937
2013-03-15 11:57:04.0000002,7.172283
2013-03-15 11:57:04.0000001,8.1848955
2014-11-16 08:47:12.0000002,14.808654
2014-11-16 08:47:12.0000001,6.4110503
2013-02-20 16:10:28.0000001,6.726175
2011-07-03 00:36:04.0000001,5.893687
2014-03-25 23:47:00.00000074,6.9799385
2014-03-25 23:47:00.00000088,9.863459
2014-03-25 23:47:00.000000100,6.579428
2014-03-25 23:47:00.00000094,4.3947597
2014-03-25 23:47:00.00000059,11.37837
2014-03-25 23:47:00.00000066,8.348181
2014-03-25 23:47:00.00000016,4.982672
2014-03-25 23:47:00.0000003,15.489447
2014-03-25 23:47:00.00000080,4.6855493
2014-03-25 23:47:00.00000048,50.40403
2014-03-25 23:47:00.00000058,10.1807
2014-03-25 23:47:00.00000070,36.119724
2014-03-25 23:47:00.00000046,12.261807
2014-03-25 23:47:00.00000053,5.76545
2014-03-25 23:47:00.00000029,5.730348
2014-03-25 23:47:00.00000087,10.985938
2014-03-25 23:47:00.000000126,9.062027
2014-03-25 23:47:00.00000024,10.519402
2014-03-25 23:47:00.0000007,13.451611
2014-03-25 23:47:00.00000071,17.546463
2014-03-25 23:47:00.0000008,8.120939
2014-03-25 23:47:00.00000049,66.016174
2014-03-25 23:47:00.00000090,23.487644
2014-03-25 23:47:00.00000089,22.425657
2014-03-25 23:47:00.000000117,5.2009697
2014-03-25 23:47:00.00000043,9.815481
2014-03-25 23:47:00.00000032,7.8493595
2014-03-25 23:47:00.00000081,6.5663996
2014-03-25 23:47:00.00000023,6.224833
2014-03-25 23:47:00.00000099,35.904663
2014-03-25 23:47:00.00000077,6.6734447
2014-03-25 23:47:00.00000065,5.8458567
2014-03-25 23:47:00.000000111,17.953821
2014-03-25 23:47:00.000000118,25.814953
2014-03-25 23:47:00.00000038,10.910696
2014-03-25 23:47:00.000000110,6.400645
2014-03-25 23:47:00.00000014,13.414675
2014-03-25 23:47:00.00000086,30.486898
2014-03-25 23:47:00.00000097,7.6638145
2014-03-25 23:47:00.00000092,19.241085
2014-03-25 23:47:00.000000140,11.724103
2014-03-25 23:47:00.000000123,21.38313
2014-03-25 23:47:00.000000131,5.389633
2014-03-25 23:47:00.00000033,15.603512
2014-03-25 23:47:00.00000015,6.463591
2014-03-25 23:47:00.000000125,24.375452
2014-03-25 23:47:00.00000061,22.18912
2014-03-25 23:47:00.00000027,13.652375
2014-03-25 23:47:00.000000101,29.550642
2014-03-25 23:47:00.000000136,9.465158
2014-03-25 23:47:00.000000133,5.314104
2014-03-25 23:47:00.0000006,25.956059
2014-03-25 23:47:00.00000047,10.909477
2014-03-25 23:47:00.00000056,9.823787
2014-03-25 23:47:00.0000001,4.5081716
2014-03-25 23:47:00.00000045,4.582337
2014-03-25 23:47:00.00000073,7.492764
2014-03-25 23:47:00.00000030,18.327925
2014-03-25 23:47:00.00000010,29.348007
2014-03-25 23:47:00.00000072,11.6437
2014-03-25 23:47:00.0000009,19.1728
2014-03-25 23:47:00.00000082,10.005179
2014-03-25 23:47:00.00000017,7.0507784
2014-03-25 23:47:00.00000050,10.193079
2014-03-25 23:47:00.000000121,8.925066
2014-03-25 23:47:00.000000109,20.264568
2014-03-25 23:47:00.00000018,5.4065228
2014-03-25 23:47:00.00000078,7.1418734
2014-03-25 23:47:00.00000025,4.8194127
2014-03-25 23:47:00.00000044,4.5163717
2014-03-25 23:47:00.0000005,5.2819066
2014-03-25 23:47:00.00000062,6.6762524
2014-03-25 23:47:00.000000130,43.506706
2014-03-25 23:47:00.00000037,10.279518
2014-03-25 23:47:00.000000114,15.668315
2014-03-25 23:47:00.0000002,25.65211
2014-03-25 23:47:00.000000103,33.28194
2014-03-25 23:47:00.000000106,13.400254
2014-03-25 23:47:00.00000095,10.526396
2014-03-25 23:47:00.000000113,23.149563
2014-03-25 23:47:00.0000004,18.216373
2014-03-25 23:47:00.00000041,16.929436
2014-03-25 23:47:00.00000079,16.700802
2011-06-21 13:19:20.0000001,8.445249
2011-06-21 13:19:20.0000003,6.963979
2011-06-21 13:19:20.0000002,11.89063
2013-01-02 20:53:44.0000001,5.6977177
2013-01-02 20:53:44.0000002,5.3449965
2009-10-07 08:16:24.0000001,11.9169655
2012-08-25 22:18:36.0000003,11.536436
2012-08-25 22:18:36.0000004,9.836337
2012-08-25 22:18:36.0000001,7.2085614
2012-08-25 22:18:36.0000002,8.7301655
2015-06-05 08:38:56.0000005,8.547098
2015-06-05 08:38:56.0000007,10.797428
2015-06-05 08:38:56.0000006,6.2975984
2015-06-05 08:38:56.0000004,29.623219
2015-06-05 08:38:56.0000001,37.896847
2015-06-05 08:38:56.0000002,17.589325
2013-02-26 11:10:24.0000002,9.5799265
2013-02-26 11:10:24.0000001,38.001087
2014-04-29 00:02:40.0000001,9.261088
2014-04-29 00:02:40.0000002,16.09484
2014-04-29 00:02:40.0000003,14.666031
2010-08-06 20:27:12.0000002,11.829736
2010-08-06 20:27:12.0000005,9.081618
2010-08-06 20:27:12.0000004,4.698294
2010-08-06 20:27:12.0000001,10.580561
2012-06-07 00:25:40.0000001,7.456855
2012-06-07 00:25:40.0000002,16.735134
2011-09-24 07:42:32.0000001,6.4514294
2011-09-28 10:58:48.0000002,8.15611
2011-09-28 10:58:48.0000001,6.120562
2011-09-28 10:58:48.0000005,6.7564096
2011-09-28 10:58:48.0000004,13.379563
2011-09-28 10:58:48.0000003,26.580757
2011-09-28 10:58:48.0000006,13.288794
2009-11-01 05:04:12.0000001,7.2953205
2009-11-01 05:04:12.0000002,13.071598
2014-04-23 22:54:12.0000002,5.691234
2014-04-23 22:54:12.0000001,23.90308
2014-04-23 22:54:12.0000004,30.508163
2014-04-23 22:54:12.0000003,12.218127
2014-04-23 22:54:12.0000005,5.499043
2014-04-23 22:54:12.0000006,9.979228
2012-02-28 19:18:44.0000001,5.926401
2012-02-28 19:18:44.0000002,9.9239435
2010-09-29 16:43:00.0000003,45.65906
2010-09-29 16:43:00.000000143,5.682717
2010-09-29 16:43:00.000000150,4.7769394
2010-09-29 16:43:00.00000077,6.6816225
2010-09-29 16:43:00.000000153,14.676314
2010-09-29 16:43:00.00000048,5.105124
2010-09-29 16:43:00.00000086,10.378014
2010-09-29 16:43:00.000000108,11.219228
2010-09-29 16:43:00.000000101,6.958951
2010-09-29 16:43:00.000000132,8.160083
2010-09-29 16:43:00.00000033,5.768228
2010-09-29 16:43:00.00000055,6.220225
2010-09-29 16:43:00.000000107,13.171697
2010-09-29 16:43:00.000000147,4.9855275
2010-09-29 16:43:00.00000098,8.171131
2010-09-29 16:43:00.00000053,8.891197
2010-09-29 16:43:00.00000052,11.123966
2010-09-29 16:43:00.00000085,7.794491
2010-09-29 16:43:00.000000115,6.2112966
2010-09-29 16:43:00.000000133,9.821002
2010-09-29 16:43:00.000000131,12.368546
2010-09-29 16:43:00.00000031,13.939504
2010-09-29 16:43:00.00000096,4.707906
2010-09-29 16:43:00.000000120,7.402344
2010-09-29 16:43:00.000000175,11.554418
2010-09-29 16:43:00.00000072,10.828745
2010-09-29 16:43:00.00000038,10.573588
2010-09-29 16:43:00.00000043,9.595424
2010-09-29 16:43:00.0000007,42.289112
2010-09-29 16:43:00.000000111,9.547093
2010-09-29 16:43:00.00000067,8.2635355
2010-09-29 16:43:00.00000065,9.082988
2010-09-29 16:43:00.00000046,4.976307
2010-09-29 16:43:00.00000075,11.5801325
2010-09-29 16:43:00.000000155,7.0288596
2010-09-29 16:43:00.00000087,45.66706
2010-09-29 16:43:00.000000160,10.649561
2010-09-29 16:43:00.00000060,7.991751
2010-09-29 16:43:00.00000020,8.291956
2010-09-29 16:43:00.00000091,9.866176
2010-09-29 16:43:00.00000068,14.063682
2010-09-29 16:43:00.000000165,8.980826
2010-09-29 16:43:00.000000146,8.111554
2010-09-29 16:43:00.000000169,9.823513
2010-09-29 16:43:00.000000141,7.181443
2010-09-29 16:43:00.00000018,8.072985
2010-09-29 16:43:00.000000100,9.737878
2010-09-29 16:43:00.000000163,18.013044
2010-09-29 16:43:00.00000076,10.006503
2010-09-29 16:43:00.00000027,31.602371
2010-09-29 16:43:00.000000137,10.169345
2010-09-29 16:43:00.00000021,8.120778
2010-09-29 16:43:00.00000063,8.667252
2010-09-29 16:43:00.00000058,8.648043
2010-09-29 16:43:00.00000090,14.510664
2010-09-29 16:43:00.00000066,11.104046
2010-09-29 16:43:00.000000156,6.683366
2010-09-29 16:43:00.000000104,6.024809
2010-09-29 16:43:00.00000089,32.314835
2010-09-29 16:43:00.00000029,6.492197
2010-09-29 16:43:00.0000004,7.7867184
2010-09-29 16:43:00.00000051,10.98856
2010-09-29 16:43:00.00000036,9.178205
2010-09-29 16:43:00.000000158,9.050087
2010-09-29 16:43:00.000000106,9.684857
2010-09-29 16:43:00.00000047,6.8782945
2010-09-29 16:43:00.00000073,10.001185
2010-09-29 16:43:00.00000024,8.53334
2010-09-29 16:43:00.000000151,6.912529
2010-09-29 16:43:00.000000134,4.9847093
2010-09-29 16:43:00.000000138,6.671435
2010-09-29 16:43:00.000000125,8.700782
2010-09-29 16:43:00.000000112,8.735214
2010-09-29 16:43:00.0000006,6.4644012
2010-09-29 16:43:00.00000025,15.710194
2010-09-29 16:43:00.0000008,9.470658
2010-09-29 16:43:00.00000049,29.754974
2010-09-29 16:43:00.000000173,8.264616
2010-09-29 16:43:00.00000050,7.961809
2010-09-29 16:43:00.00000035,6.599773
2010-09-29 16:43:00.00000097,28.681326
2010-09-29 16:43:00.00000054,8.14142
2010-09-29 16:43:00.000000166,6.0340595
2010-09-29 16:43:00.0000005,7.4093137
2010-09-29 16:43:00.00000030,28.25986
2010-09-29 16:43:00.000000102,8.964803
2010-09-29 16:43:00.00000056,10.340332
2010-09-29 16:43:00.000000103,7.7602367
2010-09-29 16:43:00.00000092,33.964622
2010-09-29 16:43:00.00000079,7.178263
2010-09-29 16:43:00.000000149,6.058124
2010-09-29 16:43:00.000000123,4.5645323
2010-09-29 16:43:00.000000128,5.9938107
2010-09-29 16:43:00.000000121,7.922546
2010-09-29 16:43:00.000000105,28.830793
2010-09-29 16:43:00.00000026,8.876584
2010-09-29 16:43:00.000000109,11.874261
2010-09-29 16:43:00.000000124,4.9026246
2010-09-29 16:43:00.00000071,5.4079237
2010-09-29 16:43:00.00000061,17.144402
2010-09-29 16:43:00.000000129,10.3391485
2010-09-29 16:43:00.00000095,6.3243012
2010-09-29 16:43:00.00000010,12.176021
2010-09-29 16:43:00.00000081,8.779805
2010-09-29 16:43:00.00000017,11.662779
2010-09-29 16:43:00.00000028,10.241226
2010-09-29 16:43:00.000000167,5.497
2010-09-29 16:43:00.00000082,14.23663
2010-09-29 16:43:00.000000116,9.852102
2010-09-29 16:43:00.000000127,32.284748
2014-10-27 14:58:00.00000095,7.997504
2014-10-27 14:58:00.000000118,12.325703
2014-10-27 14:58:00.00000098,9.978644
2014-10-27 14:58:00.000000108,14.42864
2014-10-27 14:58:00.00000074,5.847788
2014-10-27 14:58:00.00000079,15.476213
2014-10-27 14:58:00.000000137,7.9327164
2014-10-27 14:58:00.0000001,13.220604
2014-10-27 14:58:00.00000018,6.9218717
2014-10-27 14:58:00.000000142,6.7070966
2014-10-27 14:58:00.00000082,7.6744113
2014-10-27 14:58:00.0000008,22.197426
2014-10-27 14:58:00.00000016,6.8866954
2014-10-27 14:58:00.000000117,8.882332
2014-10-27 14:58:00.00000048,9.264833
2014-10-27 14:58:00.00000075,6.4626474
2014-10-27 14:58:00.000000112,21.332344
2014-10-27 14:58:00.00000029,5.280875
2014-10-27 14:58:00.00000058,9.310225
2014-10-27 14:58:00.00000053,13.6182995
2014-10-27 14:58:00.00000052,5.601489
2014-10-27 14:58:00.00000071,12.970248
2014-10-27 14:58:00.00000044,10.29677
2014-10-27 14:58:00.000000120,7.333454
2014-10-27 14:58:00.00000034,11.056806
2014-10-27 14:58:00.000000105,7.1717434
2014-10-27 14:58:00.000000147,8.847477
2014-10-27 14:58:00.00000030,7.258611
2014-10-27 14:58:00.000000100,7.10695
2014-10-27 14:58:00.00000086,7.9556093
2014-10-27 14:58:00.00000047,39.624577
2014-10-27 14:58:00.000000107,32.291264
2014-10-27 14:58:00.000000127,29.667051
2014-10-27 14:58:00.000000119,5.1539235
2014-10-27 14:58:00.00000013,36.76178
2014-10-27 14:58:00.00000076,37.9694
2014-10-27 14:58:00.00000085,6.9632416
2014-10-27 14:58:00.00000038,10.706189
2014-10-27 14:58:00.0000004,8.089693
2014-10-27 14:58:00.00000037,30.175497
2014-10-27 14:58:00.00000041,6.170602
2014-10-27 14:58:00.000000141,5.8836274
2014-10-27 14:58:00.000000140,10.07137
2014-10-27 14:58:00.00000042,8.481608
2014-10-27 14:58:00.000000109,7.6438155
2014-10-27 14:58:00.00000077,12.150999
2014-10-27 14:58:00.00000026,19.974886
2014-10-27 14:58:00.000000151,5.3202167
2014-10-27 14:58:00.00000061,8.865914
2014-10-27 14:58:00.000000114,17.674706
2014-10-27 14:58:00.00000021,18.447159
2014-10-27 14:58:00.00000063,6.535536
2014-10-27 14:58:00.00000072,57.56917
2014-10-27 14:58:00.000000131,8.767241
2014-10-27 14:58:00.0000005,40.79952
2014-10-27 14:58:00.000000110,6.535195
2014-10-27 14:58:00.00000011,7.5303154
2014-10-27 14:58:00.00000064,7.0487385
2014-10-27 14:58:00.00000033,6.3893805
2014-10-27 14:58:00.00000091,6.746409
2014-10-27 14:58:00.0000003,15.981773
2014-10-27 14:58:00.00000096,4.8060474
2014-10-27 14:58:00.00000051,9.7322855
2014-10-27 14:58:00.00000020,8.264385
2014-10-27 14:58:00.000000138,57.600033
2014-10-27 14:58:00.0000002,20.795855
2014-10-27 14:58:00.00000039,11.527469
2014-10-27 14:58:00.00000073,9.7220955
2014-10-27 14:58:00.000000116,8.474187
2014-10-27 14:58:00.00000049,8.708543
2014-10-27 14:58:00.00000025,16.60733
2014-10-27 14:58:00.000000133,4.84963
2014-10-27 14:58:00.00000043,9.093463
2014-10-27 14:58:00.00000055,7.2007375
2014-10-27 14:58:00.000000124,35.58604
2014-10-27 14:58:00.00000083,11.125903
2014-10-27 14:58:00.00000010,7.8991156
2014-10-27 14:58:00.000000126,5.8608847
2014-10-27 14:58:00.00000017,11.947172
2014-10-27 14:58:00.000000139,11.532308
2014-10-27 14:58:00.00000014,6.1205587
2014-10-27 14:58:00.00000045,8.33657
2014-10-27 14:58:00.000000132,6.638411
2014-10-27 14:58:00.00000080,39.287994
2014-10-27 14:58:00.00000019,7.7869678
2014-10-27 14:58:00.000000102,14.443033
2014-10-27 14:58:00.00000062,13.480761
2014-10-27 14:58:00.000000122,39.15449
2014-10-27 14:58:00.00000032,16.630407
2014-10-27 14:58:00.00000015,9.773744
2014-10-27 14:58:00.00000084,57.683533
2014-10-27 14:58:00.000000134,7.0051637
2014-10-27 14:58:00.00000093,11.386901
2014-10-27 14:58:00.00000068,7.2862544
2014-10-27 14:58:00.00000089,48.271248
2014-10-27 14:58:00.00000027,57.050327
2009-10-08 23:44:56.0000004,15.376699
2009-10-08 23:44:56.0000001,11.661545
2012-11-03 17:11:00.00000035,6.012945
2012-11-03 17:11:00.000000107,10.499509
2012-11-03 17:11:00.00000069,11.540808
2012-11-03 17:11:00.000000116,12.996865
2012-11-03 17:11:00.000000145,6.7816195
2012-11-03 17:11:00.00000097,5.914681
2012-11-03 17:11:00.000000119,5.823175
2012-11-03 17:11:00.000000134,5.351983
2012-11-03 17:11:00.000000137,8.011552
2012-11-03 17:11:00.00000010,18.092352
2012-11-03 17:11:00.000000157,5.396336
2012-11-03 17:11:00.000000121,19.577278
2012-11-03 17:11:00.00000073,55.953285
2012-11-03 17:11:00.00000062,9.2926235
2012-11-03 17:11:00.000000130,7.2930593
2012-11-03 17:11:00.000000141,9.367999
2012-11-03 17:11:00.00000098,11.945955
2012-11-03 17:11:00.00000066,8.206442
2012-11-03 17:11:00.00000036,10.913335
2012-11-03 17:11:00.00000026,8.117418
2012-11-03 17:11:00.000000110,7.4759626
2012-11-03 17:11:00.00000021,6.9877343
2012-11-03 17:11:00.00000040,6.8369493
2012-11-03 17:11:00.00000087,12.14176
2012-11-03 17:11:00.00000039,9.721448
2012-11-03 17:11:00.00000033,12.165593
2012-11-03 17:11:00.0000006,6.8096867
2012-11-03 17:11:00.00000025,17.62868
2012-11-03 17:11:00.000000129,11.532847
2012-11-03 17:11:00.000000153,13.269466
2012-11-03 17:11:00.000000138,15.09964
2012-11-03 17:11:00.000000143,9.7790785
2012-11-03 17:11:00.000000109,7.4999604
2012-11-03 17:11:00.00000042,13.1625805
2012-11-03 17:11:00.000000104,23.675053
2012-11-03 17:11:00.0000005,7.6409593
2012-11-03 17:11:00.00000056,54.875324
2012-11-03 17:11:00.00000045,5.198871
2012-11-03 17:11:00.00000034,12.708718
2012-11-03 17:11:00.000000120,9.544843
2012-11-03 17:11:00.000000127,11.422019
2012-11-03 17:11:00.00000022,5.181947
2012-11-03 17:11:00.0000003,17.21678
2012-11-03 17:11:00.00000084,8.594604
2012-11-03 17:11:00.00000089,11.297857
2012-11-03 17:11:00.00000041,11.652626
2012-11-03 17:11:00.000000108,12.9767275
2012-11-03 17:11:00.000000158,7.9978285
2012-11-03 17:11:00.000000122,5.13305
2012-11-03 17:11:00.000000111,21.747787
2012-11-03 17:11:00.00000027,5.9147234
2012-11-03 17:11:00.0000008,10.555377
2012-11-03 17:11:00.000000148,20.523201
2012-11-03 17:11:00.000000144,34.625534
2012-11-03 17:11:00.00000029,10.533187
2012-11-03 17:11:00.00000049,7.317207
2012-11-03 17:11:00.00000011,5.824814
2012-11-03 17:11:00.00000094,17.482773
2012-11-03 17:11:00.000000152,16.81356
2012-11-03 17:11:00.00000051,9.6175785
2012-11-03 17:11:00.00000048,7.6700315
2012-11-03 17:11:00.00000043,10.1759
2012-11-03 17:11:00.00000059,9.000861
2012-11-03 17:11:00.00000019,7.3334236
2012-11-03 17:11:00.000000135,10.086465
2012-11-03 17:11:00.00000017,11.812679
2012-11-03 17:11:00.000000146,7.6519165
2012-11-03 17:11:00.00000068,12.4227495
2012-11-03 17:11:00.00000092,12.346346
2012-11-03 17:11:00.0000002,21.269615
2012-11-03 17:11:00.000000133,5.853801
2012-11-03 17:11:00.00000038,13.372095
2012-11-03 17:11:00.000000123,7.5477815
2012-11-03 17:11:00.00000015,5.5502934
2012-11-03 17:11:00.000000131,5.9993477
2012-11-03 17:11:00.000000112,5.927723
2012-11-03 17:11:00.000000100,7.295997
2012-11-03 17:11:00.00000095,15.912333
2012-11-03 17:11:00.0000004,7.328606
2012-11-03 17:11:00.00000047,16.296234
2012-11-03 17:11:00.00000020,41.02401
2012-11-03 17:11:00.000000156,18.48988
2012-11-03 17:11:00.00000014,5.726408
2012-11-03 17:11:00.000000139,10.8326845
2012-11-03 17:11:00.000000154,7.777459
2012-11-03 17:11:00.000000151,6.8636465
2012-11-03 17:11:00.00000070,10.233406
2012-11-03 17:11:00.00000023,11.82343
2012-11-03 17:11:00.00000065,9.306896
2012-11-03 17:11:00.00000018,8.563233
2012-11-03 17:11:00.00000088,6.3033433
2012-11-03 17:11:00.000000140,14.750582
2012-11-03 17:11:00.00000071,8.803275
2009-05-07 13:58:32.0000003,7.6797705
2009-05-07 13:58:32.0000001,7.5619774
2011-12-25 21:26:32.0000001,4.5618405
2015-01-12 19:01:00.0000001,12.807934
2015-01-12 19:01:00.0000003,5.0004897
2015-01-12 19:01:00.0000004,7.3286576
2015-01-12 19:01:00.0000002,6.2053514
2009-10-06 16:09:24.0000001,7.872708
2009-10-06 16:09:24.0000003,7.5280504
2009-10-06 16:09:24.0000002,6.3878126
2009-05-06 01:49:12.0000003,25.450796
2009-05-06 01:49:12.0000005,6.076099
2009-05-06 01:49:12.0000001,11.674692
2009-05-06 01:49:12.0000006,6.7004743
2014-10-07 11:20:56.0000002,38.415405
2014-10-07 11:20:56.0000001,12.650776
2014-10-07 11:20:56.0000003,8.01526
2009-02-10 15:30:04.0000002,10.187723
2009-02-10 15:30:04.0000001,10.11898
2013-09-28 00:06:20.0000004,16.324108
2013-09-28 00:06:20.0000001,18.571829
2013-09-28 00:06:20.0000009,14.022442
2013-09-28 00:06:20.0000008,11.883587
2013-09-28 00:06:20.0000007,6.2977715
2013-09-28 00:06:20.0000006,12.071786
2013-09-28 00:06:20.0000002,13.232764
2013-07-18 08:25:04.0000001,8.49592
2013-07-18 08:25:04.0000002,5.8851266
2013-07-18 08:25:04.0000003,9.311496
2011-03-11 01:44:00.00000010,6.8266273
2011-03-11 01:44:00.00000070,6.727841
2011-03-11 01:44:00.00000088,22.769777
2011-03-11 01:44:00.00000063,13.94448
2011-03-11 01:44:00.00000058,15.457285
2011-03-11 01:44:00.00000086,17.736958
2011-03-11 01:44:00.00000053,5.634496
2011-03-11 01:44:00.00000094,10.792745
2011-03-11 01:44:00.00000069,4.8106914
2011-03-11 01:44:00.00000061,15.217821
2011-03-11 01:44:00.0000008,4.7245164
2011-03-11 01:44:00.0000002,13.475267
2011-03-11 01:44:00.00000050,4.3716974
2011-03-11 01:44:00.00000068,8.166596
2011-03-11 01:44:00.00000018,8.630201
2011-03-11 01:44:00.00000079,12.908885
2011-03-11 01:44:00.00000037,4.850394
2011-03-11 01:44:00.00000015,7.3694844
2011-03-11 01:44:00.00000071,4.599843
2011-03-11 01:44:00.00000054,14.0930195
2011-03-11 01:44:00.00000080,4.4913387
2011-03-11 01:44:00.00000078,7.894898
2011-03-11 01:44:00.00000055,6.8171697
2011-03-11 01:44:00.00000026,18.392101
2011-03-11 01:44:00.00000045,9.799585
2011-03-11 01:44:00.00000013,5.8031106
2011-03-11 01:44:00.0000007,24.082582
2011-03-11 01:44:00.00000024,4.5805206
2011-03-11 01:44:00.00000093,4.9662375
2011-03-11 01:44:00.00000089,8.318812
2011-03-11 01:44:00.00000022,8.518311
2011-03-11 01:44:00.00000020,4.605104
2011-03-11 01:44:00.00000025,4.389949
2011-03-11 01:44:00.00000090,21.314735
2011-03-11 01:44:00.00000087,15.590709
2011-03-11 01:44:00.00000017,12.321427
2011-03-11 01:44:00.00000031,24.602863
2011-03-11 01:44:00.00000048,12.21894
2011-03-11 01:44:00.00000076,17.186409
2011-03-11 01:44:00.00000012,13.281552
2011-03-11 01:44:00.00000066,8.579763
2011-03-11 01:44:00.0000001,6.2827
2011-03-11 01:44:00.00000091,13.07824
2011-03-11 01:44:00.00000043,8.133321
2011-03-11 01:44:00.00000060,6.983783
2011-03-11 01:44:00.00000049,12.040496
2011-03-11 01:44:00.00000073,6.555824
2011-03-11 01:44:00.0000004,12.415325
2013-12-16 19:06:44.0000002,6.489219
2013-12-18 03:49:24.0000001,8.185899
2013-08-05 19:04:36.0000002,9.850565
2013-08-05 19:04:36.0000001,7.6643853
2009-05-08 18:00:36.0000002,5.4591393
2013-01-27 00:09:12.0000002,12.362544
2013-01-27 00:09:12.0000006,7.011129
2013-01-27 00:09:12.0000009,8.839141
2013-01-27 00:09:12.0000001,5.7935743
2013-01-27 00:09:12.0000004,9.395696
2013-01-27 00:09:12.0000007,13.850404
2013-01-27 00:09:12.0000005,8.13018
2012-06-18 22:51:56.0000002,5.297856
2012-06-18 22:51:56.0000001,4.138523
2011-06-20 09:55:24.0000004,9.181686
2011-06-20 09:55:24.0000003,5.9142327
2011-06-20 09:55:24.0000001,8.347893
2011-06-20 09:55:24.0000002,4.6490593
2011-06-20 09:55:24.0000005,7.5698266
2015-02-22 09:48:32.0000002,8.159185
2015-02-22 09:48:32.0000001,16.641033
2015-02-22 09:48:32.0000003,22.387089
2010-08-25 23:40:32.0000001,10.97373
2012-01-07 11:21:56.0000002,13.654068
2012-10-31 12:17:24.0000003,9.081298
2012-10-31 12:17:24.0000001,5.9858227
2012-10-20 02:05:08.0000001,14.565056
2012-10-20 02:05:08.0000002,6.3148074
2012-05-06 08:52:08.0000001,11.48544
2014-10-11 15:11:24.0000002,6.3517885
2014-10-11 15:11:24.0000004,43.07594
2014-10-11 15:11:24.0000005,14.954351
2014-10-11 15:11:24.0000006,38.12872
2014-10-11 15:11:24.0000001,7.300824
2009-08-17 12:27:08.0000004,6.4089375
2009-08-17 12:27:08.0000001,18.917208
2009-08-17 12:27:08.0000003,6.382701
2011-10-28 07:45:04.0000001,15.766194
2011-10-28 07:45:04.0000003,7.1666045
2011-10-28 07:45:04.0000002,4.5071483
2014-04-09 09:23:12.0000003,8.54206
2014-04-09 09:23:12.0000005,7.9231143
2014-04-09 09:23:12.0000002,7.562153
2014-04-09 09:23:12.0000001,11.037186
2013-09-15 02:37:52.0000001,11.921985
2013-09-15 02:37:52.0000003,10.4972105
2009-11-25 19:32:52.0000005,13.021452
2009-11-25 19:32:52.0000002,10.387466
2009-11-25 19:32:52.0000003,16.401636
2014-05-30 00:09:16.0000002,12.449638
2014-05-30 00:09:16.0000005,10.878685
2014-05-30 00:09:16.0000003,5.3659325
2014-05-30 00:09:16.0000004,6.039859
2014-05-30 00:09:16.0000001,10.3814335
2013-10-24 14:18:20.0000001,5.258311
2013-10-24 14:18:20.0000002,8.3473215
2013-10-24 14:18:20.0000003,13.901717
2014-06-07 22:07:12.0000002,16.211153
2014-06-07 22:07:12.0000001,12.639385
2013-01-07 17:08:32.0000003,7.5898237
2013-01-07 17:08:32.0000001,5.953969
2010-08-11 00:12:08.0000001,5.3939977
2011-10-04 09:37:00.0000007,7.686146
2011-10-04 09:37:00.00000092,6.741385
2011-10-04 09:37:00.000000150,6.664621
2011-10-04 09:37:00.00000010,5.6219726
2011-10-04 09:37:00.00000065,30.990911
2011-10-04 09:37:00.000000151,7.0756397
2011-10-04 09:37:00.00000089,5.0763235
2011-10-04 09:37:00.000000120,7.8522463
2011-10-04 09:37:00.0000009,5.9859896
2011-10-04 09:37:00.000000110,6.1397467
2011-10-04 09:37:00.00000098,14.101417
2011-10-04 09:37:00.00000011,4.4370947
2011-10-04 09:37:00.00000042,7.1939235
2011-10-04 09:37:00.00000024,7.8500175
2011-10-04 09:37:00.000000188,15.518095
2011-10-04 09:37:00.00000071,10.728779
2011-10-04 09:37:00.000000168,11.274819
2011-10-04 09:37:00.000000159,10.028515
2011-10-04 09:37:00.000000171,10.777708
2011-10-04 09:37:00.000000129,7.2414446
2011-10-04 09:37:00.000000186,5.7783647
2011-10-04 09:37:00.000000123,13.402259
2011-10-04 09:37:00.00000020,4.74885
2011-10-04 09:37:00.00000033,4.7339973
2011-10-04 09:37:00.00000058,12.145337
2011-10-04 09:37:00.00000068,9.806383
2011-10-04 09:37:00.000000131,5.4207106
2011-10-04 09:37:00.000000178,31.579445
2011-10-04 09:37:00.000000103,31.775272
2011-10-04 09:37:00.00000026,9.18804
2011-10-04 09:37:00.000000115,4.222608
2011-10-04 09:37:00.00000059,34.965797
2011-10-04 09:37:00.00000090,14.425159
2011-10-04 09:37:00.00000063,7.4516964
2011-10-04 09:37:00.000000169,4.370958
2011-10-04 09:37:00.00000066,9.773885
2011-10-04 09:37:00.000000181,4.2164183
2011-10-04 09:37:00.00000018,5.0775304
2011-10-04 09:37:00.000000112,5.921475
2011-10-04 09:37:00.00000094,10.66077
2011-10-04 09:37:00.0000001,6.221299
2011-10-04 09:37:00.000000139,11.987533
2011-10-04 09:37:00.000000152,10.451091
2011-10-04 09:37:00.000000187,4.9975605
2011-10-04 09:37:00.00000070,6.8096194
2011-10-04 09:37:00.00000050,5.9658856
2011-10-04 09:37:00.0000004,6.744017
2011-10-04 09:37:00.000000153,12.478941
2011-10-04 09:37:00.00000076,28.80873
2011-10-04 09:37:00.00000079,31.839287
2011-10-04 09:37:00.000000146,6.8398056
2011-10-04 09:37:00.000000192,9.102613
2011-10-04 09:37:00.000000172,10.572073
2011-10-04 09:37:00.000000154,7.314573
2011-10-04 09:37:00.000000124,8.742956
2011-10-04 09:37:00.000000142,6.058313
2011-10-04 09:37:00.000000167,9.374214
2011-10-04 09:37:00.00000048,11.2326975
2011-10-04 09:37:00.00000074,13.209454
2011-10-04 09:37:00.000000193,9.0896
2011-10-04 09:37:00.000000166,6.554103
2011-10-04 09:37:00.000000147,5.889762
2011-10-04 09:37:00.000000189,7.0287232
2011-10-04 09:37:00.0000008,7.2864604
2011-10-04 09:37:00.000000125,7.282602
2011-10-04 09:37:00.00000051,5.047557
2011-10-04 09:37:00.000000173,8.845749
2011-10-04 09:37:00.00000096,11.498242
2011-10-04 09:37:00.000000174,6.29599
2011-10-04 09:37:00.000000130,8.101827
2011-10-04 09:37:00.00000016,6.442672
2011-10-04 09:37:00.000000145,6.8346267
2011-10-04 09:37:00.000000140,8.345603
2011-10-04 09:37:00.00000040,29.1689
2011-10-04 09:37:00.000000118,11.500215
2011-10-04 09:37:00.00000081,7.707507
2011-10-04 09:37:00.000000175,8.174203
2011-10-04 09:37:00.00000072,9.89707
2011-10-04 09:37:00.000000143,6.0775013
2011-10-04 09:37:00.000000104,6.4322915
2011-10-04 09:37:00.00000053,6.9948874
2011-10-04 09:37:00.00000084,4.8431873
2011-10-04 09:37:00.00000030,9.672993
2011-10-04 09:37:00.000000100,6.5734115
2011-10-04 09:37:00.000000105,8.341628
2011-10-04 09:37:00.00000041,5.049096
2011-10-04 09:37:00.00000091,12.520013
2011-10-04 09:37:00.00000078,6.4254365
2011-10-04 09:37:00.000000197,7.451674
2011-10-04 09:37:00.000000119,9.312083
2011-10-04 09:37:00.000000161,8.383145
2011-10-04 09:37:00.00000039,6.5996804
2011-10-04 09:37:00.00000086,7.2150154
2011-10-04 09:37:00.000000195,9.604707
2011-10-04 09:37:00.000000182,7.118396
2011-10-04 09:37:00.000000133,6.9933257
2011-10-04 09:37:00.00000029,9.080941
2011-10-04 09:37:00.000000144,6.397771
2011-10-04 09:37:00.000000128,6.555579
2011-10-04 09:37:00.00000027,8.463669
2011-10-04 09:37:00.00000032,6.63125
2011-10-04 09:37:00.00000073,9.751392
2011-10-04 09:37:00.00000083,9.594177
2011-10-04 09:37:00.00000021,6.6989055
2011-10-04 09:37:00.000000137,5.140175
2011-10-04 09:37:00.00000087,49.187256
2011-10-04 09:37:00.00000060,30.624975
2011-10-04 09:37:00.000000138,9.031162
2011-10-04 09:37:00.00000046,9.785039
2011-10-04 09:37:00.00000075,9.055614
2011-10-04 09:37:00.000000198,5.839684
2011-10-04 09:37:00.000000121,9.782666
2011-10-04 09:37:00.000000116,5.245478
2011-10-04 09:37:00.000000117,7.642639
2011-10-04 09:37:00.00000097,13.865709
2011-10-04 09:37:00.00000012,4.7774935
2011-10-04 09:37:00.00000093,32.485447
2011-10-04 09:37:00.000000101,6.5805554
2011-10-04 09:37:00.00000082,19.48891
2011-10-04 09:37:00.000000126,5.163646
2011-10-04 09:37:00.00000035,10.036925
2011-10-04 09:37:00.000000127,15.956661
2011-10-04 09:37:00.000000156,5.341129
2014-04-29 08:15:56.0000002,6.7616515
2014-04-29 08:15:56.0000001,7.911592
2012-10-23 14:15:04.0000003,13.960731
2012-10-23 14:15:04.0000004,15.532015
2012-10-23 14:15:04.0000001,7.521147
2012-08-31 08:01:16.0000001,7.011714
2012-10-18 21:06:20.0000003,11.589251
2012-10-18 21:06:20.0000006,52.105114
2012-10-18 21:06:20.0000002,8.176545
2012-10-18 21:06:20.0000005,9.805749
2012-10-18 21:06:20.0000004,9.012187
2012-10-18 21:06:20.0000008,9.54864
2012-10-18 21:06:20.00000010,7.8389316
2012-10-18 21:06:20.0000001,33.373863
2014-02-26 04:36:28.0000001,14.151213
2010-02-20 00:43:28.0000002,7.4260983
2010-02-20 00:43:28.0000004,18.372072
2010-02-20 00:43:28.0000003,8.421395
2010-02-20 00:43:28.0000001,11.3014965
2009-08-21 08:00:48.0000002,8.08752
2009-08-21 08:00:48.0000001,7.430854
2009-08-21 08:00:48.0000003,7.671265
2014-12-24 03:00:00.00000034,7.0505543
2014-12-24 03:00:00.00000013,27.983807
2014-12-24 03:00:00.0000001,15.941805
2014-12-24 03:00:00.00000032,8.070833
2014-12-24 03:00:00.0000006,5.1035056
2014-12-24 03:00:00.00000037,6.154029
2014-12-24 03:00:00.00000012,10.658379
2014-12-24 03:00:00.00000023,22.108784
2014-12-24 03:00:00.00000041,5.370527
2014-12-24 03:00:00.0000008,7.6575418
2014-12-24 03:00:00.00000024,14.711908
2014-12-24 03:00:00.00000038,7.518801
2014-12-24 03:00:00.0000009,7.36
2014-12-24 03:00:00.00000018,14.141666
2014-12-24 03:00:00.00000011,25.101763
2014-12-24 03:00:00.00000021,11.947699
2014-12-24 03:00:00.00000030,8.097004
2014-12-24 03:00:00.00000010,6.1017866
2014-12-24 03:00:00.0000004,9.839693
2014-12-24 03:00:00.00000022,13.809642
2014-12-24 03:00:00.00000028,6.3243465
2012-08-19 12:46:40.0000003,14.368896
2012-08-19 12:46:40.0000002,4.6122184
2012-08-19 12:46:40.0000001,8.413694
2013-12-02 17:53:24.0000003,11.847506
2013-12-02 17:53:24.0000001,11.76366
2013-12-02 17:53:24.0000002,11.291975
2011-11-07 18:53:08.0000002,9.240739
2011-11-07 18:53:08.0000001,12.8056345
2009-05-16 23:36:24.0000001,8.014708
2009-05-16 23:36:24.0000002,5.2324376
2011-01-10 10:56:56.0000003,7.603607
2011-01-10 10:56:56.0000002,28.791264
2011-01-10 10:56:56.0000001,5.583085
2010-10-07 10:54:20.0000002,7.8945413
2010-10-07 10:54:20.0000005,14.271979
2010-10-07 10:54:20.0000001,6.0373473
2010-10-07 10:54:20.0000004,7.802217
2011-02-21 20:11:08.0000001,7.986641
2011-02-21 20:11:08.0000005,6.261799
2011-02-21 20:11:08.0000002,10.008537
2011-02-21 20:11:08.0000003,7.535174
2011-02-21 20:11:08.0000004,33.777943
2009-10-04 22:54:56.0000003,8.192263
2015-04-11 20:31:32.0000007,5.653668
2015-04-11 20:31:32.00000012,5.953464
2015-04-11 20:31:32.0000003,31.467604
2015-04-11 20:31:32.0000006,12.324326
2015-04-11 20:31:32.0000002,22.039108
2015-04-11 20:31:32.0000009,11.577164
2015-04-11 20:31:32.00000010,4.966694
2015-04-11 20:31:32.0000001,7.967248
2012-04-02 02:53:24.0000001,13.645846
2014-04-21 16:00:36.0000001,6.316107
2014-04-21 16:00:36.0000003,10.256504
2014-04-21 16:00:36.0000002,5.2171
2012-03-22 21:11:36.0000006,8.863007
2012-03-22 21:11:36.0000008,8.295553
2012-03-22 21:11:36.0000005,10.433175
2012-03-22 21:11:36.0000001,10.008502
2012-03-22 21:11:36.0000004,4.988958
2012-03-22 21:11:36.0000007,5.1999936
2012-03-22 21:11:36.0000002,8.733777
2012-03-22 21:11:36.0000003,22.22212
2011-04-08 00:57:44.0000001,4.9432807
2011-02-20 12:31:04.0000001,9.575637
2011-02-20 12:31:04.0000003,3.9047966
2011-02-06 17:08:24.0000004,16.369823
2011-02-06 17:08:24.0000002,7.133968
2011-02-06 17:08:24.0000001,8.403855
2013-01-01 22:04:56.0000001,8.339076
2013-04-23 17:52:44.0000001,17.92853
2013-04-23 17:52:44.0000002,6.171658
2013-07-02 21:47:24.0000003,4.956986
2013-07-02 21:47:24.0000002,17.033882
2013-07-02 21:47:24.0000001,18.618
2010-01-01 13:19:40.0000002,17.924097
2010-01-01 13:19:40.0000005,9.169514
2010-01-01 13:19:40.0000001,10.08542
2010-01-01 13:19:40.0000003,59.82125
2013-04-26 20:41:16.0000001,8.812129
2010-03-06 23:51:08.0000002,12.660861
2010-03-06 23:51:08.0000001,8.18932
2014-04-17 16:58:28.0000001,10.010031
2014-04-17 16:58:28.0000002,12.431671
2014-01-06 16:39:16.0000001,30.7178
2015-02-12 05:37:56.0000002,4.897443
2011-12-22 01:00:08.0000001,17.167332
2011-12-22 01:00:08.0000002,7.4850006
2011-08-20 17:04:24.0000001,5.2083826
2011-06-30 13:07:36.0000001,6.278656
2011-06-30 13:07:36.0000005,9.656412
2011-06-30 13:07:36.0000002,7.2947907
2011-06-30 13:07:36.0000004,7.355528
2011-06-30 13:07:36.0000003,9.058802
2014-04-27 02:57:00.000000100,4.27801
2014-04-27 02:57:00.000000130,5.908457
2014-04-27 02:57:00.000000109,30.972862
2014-04-27 02:57:00.00000096,19.259201
2014-04-27 02:57:00.00000063,12.780177
2014-04-27 02:57:00.000000177,7.894241
2014-04-27 02:57:00.000000132,17.749584
2014-04-27 02:57:00.000000170,21.680544
2014-04-27 02:57:00.00000021,12.745959
2014-04-27 02:57:00.000000136,12.733981
2014-04-27 02:57:00.00000032,11.4126425
2014-04-27 02:57:00.000000107,5.8727136
2014-04-27 02:57:00.00000028,40.9413
2014-04-27 02:57:00.00000026,16.700851
2014-04-27 02:57:00.000000139,8.818128
2014-04-27 02:57:00.00000015,20.699265
2014-04-27 02:57:00.00000095,4.7530417
2014-04-27 02:57:00.000000105,23.442774
2014-04-27 02:57:00.000000196,10.270035
2014-04-27 02:57:00.0000001,5.3431625
2014-04-27 02:57:00.000000175,12.912656
2014-04-27 02:57:00.000000188,17.930773
2014-04-27 02:57:00.00000051,15.729407
2014-04-27 02:57:00.00000055,7.4244514
2014-04-27 02:57:00.00000016,16.18684
2014-04-27 02:57:00.000000169,7.6092763
2014-04-27 02:57:00.00000086,13.088496
2014-04-27 02:57:00.000000148,15.70792
2014-04-27 02:57:00.00000087,16.62706
2014-04-27 02:57:00.00000027,16.173143
2014-04-27 02:57:00.000000120,20.626982
2014-04-27 02:57:00.00000068,4.446866
2014-04-27 02:57:00.00000099,8.313413
2014-04-27 02:57:00.000000193,9.089333
2014-04-27 02:57:00.00000081,20.832344
2014-04-27 02:57:00.000000135,22.300478
2014-04-27 02:57:00.000000181,6.1822696
2014-04-27 02:57:00.00000020,5.6754045
2014-04-27 02:57:00.000000157,21.09308
2014-04-27 02:57:00.00000079,20.750343
2014-04-27 02:57:00.00000019,8.304924
2014-04-27 02:57:00.000000126,14.346123
2014-04-27 02:57:00.0000002,5.1738577
2014-04-27 02:57:00.00000062,9.893769
2014-04-27 02:57:00.00000085,12.41116
2014-04-27 02:57:00.00000014,14.57123
2014-04-27 02:57:00.000000161,10.501138
2014-04-27 02:57:00.00000084,13.472694
2014-04-27 02:57:00.000000122,18.264244
2014-04-27 02:57:00.000000111,8.354761
2014-04-27 02:57:00.000000113,10.2648325
2014-04-27 02:57:00.00000071,9.965934
2014-04-27 02:57:00.00000077,11.636
2014-04-27 02:57:00.000000134,43.680637
2014-04-27 02:57:00.000000103,11.906273
2014-04-27 02:57:00.000000102,13.776106
2014-04-27 02:57:00.000000160,23.139025
2014-04-27 02:57:00.00000042,4.497549
2014-04-27 02:57:00.00000054,8.076423
2014-04-27 02:57:00.00000049,14.831663
2014-04-27 02:57:00.000000147,11.176598
2014-04-27 02:57:00.00000045,9.52647
2014-04-27 02:57:00.0000003,18.228788
2014-04-27 02:57:00.000000182,9.07663
2014-04-27 02:57:00.000000180,8.908938
2014-04-27 02:57:00.00000038,22.839252
2014-04-27 02:57:00.0000005,9.724102
2014-04-27 02:57:00.000000108,4.8246217
2014-04-27 02:57:00.00000092,6.0684433
2014-04-27 02:57:00.000000192,5.793624
2014-04-27 02:57:00.000000165,7.226616
2014-04-27 02:57:00.000000115,10.301266
2014-04-27 02:57:00.00000029,9.654287
2014-04-27 02:57:00.00000050,5.815691
2014-04-27 02:57:00.000000119,8.563656
2014-04-27 02:57:00.00000011,16.506102
2014-04-27 02:57:00.000000114,7.3777304
2014-04-27 02:57:00.000000190,13.263398
2014-04-27 02:57:00.00000061,10.496289
2014-04-27 02:57:00.00000098,10.709674
2014-04-27 02:57:00.00000040,6.9581313
2014-04-27 02:57:00.000000117,18.170897
2014-04-27 02:57:00.000000150,7.9049625
2014-04-27 02:57:00.00000035,8.588132
2014-04-27 02:57:00.00000022,18.793602
2014-04-27 02:57:00.000000146,7.0987906
2014-04-27 02:57:00.00000018,10.243094
2014-04-27 02:57:00.00000041,13.897077
2014-04-27 02:57:00.00000089,18.384434
2014-04-27 02:57:00.00000088,7.6700945
2014-04-27 02:57:00.000000101,10.638368
2014-04-27 02:57:00.00000058,25.221046
2014-04-27 02:57:00.00000030,7.8662987
2014-04-27 02:57:00.000000156,13.271553
2014-04-27 02:57:00.00000024,8.3159685
2014-04-27 02:57:00.000000163,7.388393
2014-04-27 02:57:00.000000152,12.928411
2014-04-27 02:57:00.00000037,6.1312857
2014-04-27 02:57:00.00000065,5.5097294
2014-04-27 02:57:00.0000006,26.426382
2014-04-27 02:57:00.00000060,9.388477
2014-04-27 02:57:00.000000110,6.8780794
2014-04-27 02:57:00.00000034,5.4979553
2014-04-27 02:57:00.000000149,26.55789
2014-04-27 02:57:00.000000176,4.497549
2014-04-27 02:57:00.000000184,6.080837
2014-04-27 02:57:00.000000118,7.684853
2014-04-27 02:57:00.000000186,13.5631895
2014-04-27 02:57:00.000000104,10.287824
2014-04-27 02:57:00.00000080,25.248745
2014-04-27 02:57:00.000000121,9.096982
2014-04-27 02:57:00.00000093,6.7482896
2014-04-27 02:57:00.00000056,10.933435
2014-04-27 02:57:00.00000044,15.355331
2014-04-27 02:57:00.00000048,8.760116
2014-04-27 02:57:00.00000059,14.896812
2014-04-27 02:57:00.000000194,19.625467
2014-04-27 02:57:00.000000185,20.62528
2014-04-27 02:57:00.000000125,18.30574
2014-04-27 02:57:00.00000046,12.726943
2014-04-27 02:57:00.00000070,18.13603
2014-04-27 02:57:00.000000133,14.026874
2011-01-18 10:26:40.0000003,4.9143023
2011-01-18 10:26:40.0000002,8.579143
2012-04-20 07:57:20.0000001,9.217023
2012-04-20 07:57:20.0000004,5.427689
2012-04-20 07:57:20.0000003,6.1141853
2012-04-20 07:57:20.0000002,4.663575
2011-12-13 22:00:00.00000071,12.552981
2011-12-13 22:00:00.000000178,4.733819
2011-12-13 22:00:00.00000016,7.2246485
2011-12-13 22:00:00.000000127,6.9559855
2011-12-13 22:00:00.00000065,4.511933
2011-12-13 22:00:00.000000227,4.1127234
2011-12-13 22:00:00.000000257,5.986499
2011-12-13 22:00:00.000000238,7.074405
2011-12-13 22:00:00.0000008,8.146899
2011-12-13 22:00:00.000000252,5.398879
2011-12-13 22:00:00.000000204,12.715964
2011-12-13 22:00:00.000000120,9.218755
2011-12-13 22:00:00.000000175,4.342811
2011-12-13 22:00:00.00000010,12.07542
2011-12-13 22:00:00.00000048,6.0536876
2011-12-13 22:00:00.000000189,4.9401584
2011-12-13 22:00:00.00000011,5.35213
2011-12-13 22:00:00.000000247,6.967351
2011-12-13 22:00:00.000000261,4.23976
2011-12-13 22:00:00.0000004,11.844486
2011-12-13 22:00:00.00000014,12.006433
2011-12-13 22:00:00.000000151,36.042297
2011-12-13 22:00:00.00000025,6.208376
2011-12-13 22:00:00.00000039,10.208447
2011-12-13 22:00:00.000000179,7.3444943
2011-12-13 22:00:00.000000137,10.712463
2011-12-13 22:00:00.00000091,15.315745
2011-12-13 22:00:00.000000109,5.685801
2011-12-13 22:00:00.000000174,8.649135
2011-12-13 22:00:00.000000225,16.297411
2011-12-13 22:00:00.000000207,6.242707
2011-12-13 22:00:00.000000269,23.019302
2011-12-13 22:00:00.000000234,6.7692575
2011-12-13 22:00:00.00000017,7.0863113
2011-12-13 22:00:00.00000046,5.8418612
2011-12-13 22:00:00.00000057,11.872863
2011-12-13 22:00:00.000000105,7.703662
2011-12-13 22:00:00.000000114,13.952155
2011-12-13 22:00:00.00000030,5.304547
2011-12-13 22:00:00.000000100,6.1970725
2011-12-13 22:00:00.00000088,15.152854
2011-12-13 22:00:00.000000242,8.201526
2011-12-13 22:00:00.000000113,6.7175303
2011-12-13 22:00:00.000000157,11.405033
2011-12-13 22:00:00.000000177,12.19955
2011-12-13 22:00:00.000000169,8.540698
2011-12-13 22:00:00.000000123,4.423466
2011-12-13 22:00:00.000000182,30.869053
2011-12-13 22:00:00.000000129,6.9136796
2011-12-13 22:00:00.000000136,29.68895
2011-12-13 22:00:00.000000187,5.8107476
2011-12-13 22:00:00.000000218,7.4367423
2011-12-13 22:00:00.000000167,28.09115
2011-12-13 22:00:00.000000192,8.827009
2011-12-13 22:00:00.00000024,6.01452
2011-12-13 22:00:00.00000093,11.023778
2011-12-13 22:00:00.000000260,4.5135803
2011-12-13 22:00:00.00000038,4.2579675
2011-12-13 22:00:00.000000208,6.5787697
2011-12-13 22:00:00.000000210,6.004389
2011-12-13 22:00:00.000000181,6.0252724
2011-12-13 22:00:00.000000111,10.215682
2011-12-13 22:00:00.000000161,15.439716
2011-12-13 22:00:00.000000209,4.64895
2011-12-13 22:00:00.00000029,6.5914936
2011-12-13 22:00:00.00000067,5.265052
2011-12-13 22:00:00.000000202,5.2002106
2011-12-13 22:00:00.000000245,8.946682
2011-12-13 22:00:00.000000206,9.366554
2011-12-13 22:00:00.0000003,6.0829167
2011-12-13 22:00:00.00000060,13.08066
2011-12-13 22:00:00.00000053,5.33409
2011-12-13 22:00:00.000000201,8.833939
2011-12-13 22:00:00.000000212,10.853968
2011-12-13 22:00:00.000000235,15.271812
2011-12-13 22:00:00.000000170,24.891079
2011-12-13 22:00:00.000000253,4.3801193
2011-12-13 22:00:00.000000172,16.803993
2011-12-13 22:00:00.00000086,4.6229215
2011-12-13 22:00:00.000000223,43.16389
2011-12-13 22:00:00.0000009,10.530463
2011-12-13 22:00:00.00000031,11.613078
2011-12-13 22:00:00.000000243,9.628501
2011-12-13 22:00:00.000000133,10.246131
2011-12-13 22:00:00.000000199,7.6399927
2011-12-13 22:00:00.000000104,24.88871
2011-12-13 22:00:00.00000023,48.631687
2011-12-13 22:00:00.00000075,33.063046
2011-12-13 22:00:00.000000217,4.868224
2011-12-13 22:00:00.000000220,7.573285
2011-12-13 22:00:00.000000211,4.3692865
2011-12-13 22:00:00.000000150,8.346409
2011-12-13 22:00:00.00000020,6.209362
2011-12-13 22:00:00.000000254,10.480958
2011-12-13 22:00:00.000000183,7.188586
2011-12-13 22:00:00.000000166,12.213661
2011-12-13 22:00:00.00000063,6.597456
2011-12-13 22:00:00.000000124,5.3115315
2011-12-13 22:00:00.000000219,8.311165
2011-12-13 22:00:00.00000099,14.518815
2011-12-13 22:00:00.00000041,6.2935452
2011-12-13 22:00:00.00000080,9.923145
2011-12-13 22:00:00.000000216,22.557503
2011-12-13 22:00:00.000000240,4.88379
2011-12-13 22:00:00.000000153,7.326426
2011-12-13 22:00:00.00000068,4.054731
2011-12-13 22:00:00.000000263,9.444072
2011-12-13 22:00:00.00000061,12.619481
2011-12-13 22:00:00.000000162,5.677113
2011-12-13 22:00:00.00000045,5.410198
2011-12-13 22:00:00.000000193,8.173913
2011-12-13 22:00:00.000000112,29.349024
2011-12-13 22:00:00.000000165,5.601539
2011-12-13 22:00:00.000000255,12.149942
2011-12-13 22:00:00.000000106,29.563828
2011-12-13 22:00:00.000000125,13.662233
2011-12-13 22:00:00.000000250,7.669567
2011-12-13 22:00:00.0000006,5.8841805
2011-12-13 22:00:00.00000090,4.828955
2011-12-13 22:00:00.00000055,5.411081
2011-12-13 22:00:00.000000188,9.089723
2011-12-13 22:00:00.000000259,13.373977
2011-12-13 22:00:00.000000142,14.882202
2011-12-13 22:00:00.000000155,6.616434
2011-12-13 22:00:00.00000082,4.697581
2011-12-13 22:00:00.00000069,6.7054586
2011-12-13 22:00:00.00000097,11.773947
2011-12-13 22:00:00.000000107,29.620094
2011-12-13 22:00:00.000000126,5.7562075
2011-12-13 22:00:00.00000012,9.961366
2011-12-13 22:00:00.000000158,6.89537
2011-12-13 22:00:00.000000196,6.9993744
2011-12-13 22:00:00.000000132,24.374437
2011-12-13 22:00:00.000000244,5.827959
2011-12-13 22:00:00.000000268,8.502543
2011-12-13 22:00:00.00000064,5.600917
2011-12-13 22:00:00.000000159,10.812756
2011-12-13 22:00:00.000000163,22.06814
2011-12-13 22:00:00.000000232,16.63991
2011-12-13 22:00:00.0000007,9.345911
2011-12-13 22:00:00.00000054,4.699492
2011-12-13 22:00:00.000000230,14.9477625
2011-12-13 22:00:00.000000256,6.1935525
2011-12-13 22:00:00.000000146,6.5736995
2011-12-13 22:00:00.000000265,8.301229
2011-12-13 22:00:00.00000076,6.4206653
2011-12-13 22:00:00.00000062,18.742931
2011-12-13 22:00:00.00000032,5.874312
2011-12-13 22:00:00.000000213,5.0681744
2011-12-13 22:00:00.00000083,14.675093
2011-12-13 22:00:00.00000026,11.5639
2011-12-13 22:00:00.000000239,12.080429
2011-12-13 22:00:00.000000233,10.526778
2011-12-13 22:00:00.00000089,9.647276
2011-12-13 22:00:00.000000267,6.749351
2011-12-13 22:00:00.000000176,7.234319
2011-12-13 22:00:00.000000139,5.013323
2011-12-13 22:00:00.00000027,4.5406733
2011-12-13 22:00:00.00000042,8.835592
2011-12-13 22:00:00.000000241,14.039011
2011-12-13 22:00:00.000000222,7.1541257
2012-03-12 09:50:24.0000001,9.517446
2012-03-12 09:50:24.0000003,6.123037
2012-03-12 09:50:24.0000002,6.2985663
2014-05-13 07:33:52.0000006,5.6324964
2014-05-13 07:33:52.0000004,6.1350803
2014-05-13 07:33:52.0000001,9.746308
2014-05-13 07:33:52.0000002,5.040879
2014-05-13 07:33:52.0000003,13.4762125
2011-06-30 09:37:08.0000002,10.206095
2011-06-30 09:37:08.0000003,4.8030133
2012-09-18 17:13:40.0000002,7.4657393
2012-09-18 17:13:40.0000001,7.2925167
2011-06-07 12:11:56.0000004,19.502048
2011-06-07 12:11:56.0000001,11.644237
2011-06-07 12:11:56.0000003,28.411312
2011-06-07 12:11:56.0000002,5.3786798
2011-06-07 12:11:56.0000005,6.524646
2010-05-21 23:04:44.0000002,18.903864
2010-05-21 23:04:44.0000001,14.362393
2009-01-28 16:36:28.0000002,6.873855
2009-01-28 16:36:28.0000003,47.020596
2009-01-28 16:36:28.0000005,6.567381
2009-01-28 16:36:28.0000006,10.027552
2009-01-28 16:36:28.0000001,5.8924356
2012-03-12 02:58:56.0000001,14.477263
2010-07-21 22:06:12.0000005,8.131663
2010-07-21 22:06:12.0000003,5.9441633
2010-07-21 22:06:12.0000001,27.841114
2010-07-21 22:06:12.0000002,10.058855
2009-04-12 16:00:56.0000001,11.837733
2013-05-24 13:37:32.0000001,6.9294987
2011-07-29 20:50:36.0000001,12.457438
2011-07-29 20:50:36.0000003,23.520975
2011-07-29 20:50:36.0000002,5.109378
2014-03-05 21:07:12.0000003,12.7869215
2014-03-05 21:07:12.0000004,8.609517
2009-11-28 15:07:24.0000004,47.356728
2009-11-28 15:07:24.0000001,15.429
2009-11-28 15:07:24.0000003,6.079671
2015-04-11 14:16:12.0000003,7.0716686
2015-04-11 14:16:12.00000010,4.97386
2015-04-11 14:16:12.00000011,6.258958
2015-04-11 14:16:12.0000001,7.432722
2015-04-11 14:16:12.0000002,6.449071
2015-04-11 14:16:12.0000006,56.74132
2015-04-11 14:16:12.0000007,5.6191683
2015-04-11 14:16:12.0000008,9.92029
2014-11-15 10:57:20.0000002,4.3571777
2014-11-15 10:57:20.0000001,6.8153653
2010-07-31 15:47:28.0000001,4.997049
2014-05-12 20:56:48.0000005,4.736477
2014-05-12 20:56:48.0000001,8.645357
2014-05-12 20:56:48.0000004,9.684265
2014-05-12 20:56:48.0000003,7.9712677
2014-05-12 20:56:48.0000002,10.9498005
2014-01-16 06:00:48.0000001,11.061509
2014-04-23 11:18:40.0000003,11.094919
2014-04-23 11:18:40.0000002,7.3090587
2014-04-23 11:18:40.0000001,10.359391
2011-09-22 04:49:56.0000001,33.40957
2011-10-28 07:35:52.0000003,6.10536
2011-10-28 07:35:52.0000002,10.024481
2011-10-28 07:35:52.0000001,6.2993345
2015-05-10 19:54:00.0000001,8.146427
2015-05-10 19:54:00.0000003,6.3990455
2015-05-10 19:54:00.0000005,9.678433
2015-05-10 19:54:00.0000004,11.081185
2011-03-28 23:18:48.0000001,9.758355
2014-08-26 01:31:04.0000001,28.642693
2015-02-26 15:55:48.0000004,12.716157
2015-02-26 15:55:48.0000003,8.302531
2015-02-26 15:55:48.0000002,6.7135897
2013-11-22 15:36:36.0000002,4.8730493
2010-02-13 11:03:04.0000002,4.982217
2010-02-13 11:03:04.0000001,4.923858
2010-02-13 11:03:04.0000004,5.1529207
2010-02-13 11:03:04.0000003,5.4280434
2011-06-26 18:48:08.0000004,8.693436
2011-06-26 18:48:08.0000005,17.053743
2011-06-26 18:48:08.0000002,5.304571
2011-06-26 18:48:08.0000001,7.641217
2010-10-14 23:48:56.0000001,5.782831
2010-10-14 23:48:56.0000002,45.82103
2010-10-14 23:48:56.0000003,11.579582
2010-10-14 23:48:56.0000004,6.3779173
2011-01-22 07:48:28.0000001,8.278581
2011-10-17 18:49:20.0000003,14.877462
2011-10-17 18:49:20.0000002,7.2352943
2011-10-17 18:49:20.0000005,9.021786
2009-03-24 16:39:12.0000002,9.553719
2009-03-24 16:39:12.0000004,7.847143
2009-03-24 16:39:12.0000003,10.733647
2009-03-24 16:39:12.0000001,6.038952
2014-07-21 18:19:00.000000102,8.31926
2014-07-21 18:19:00.000000106,9.944324
2014-07-21 18:19:00.000000107,5.8399014
2014-07-21 18:19:00.00000094,38.62607
2014-07-21 18:19:00.000000161,8.248607
2014-07-21 18:19:00.000000129,17.050768
2014-07-21 18:19:00.00000083,5.566935
2014-07-21 18:19:00.000000163,15.529101
2014-07-21 18:19:00.000000117,11.054671
2014-07-21 18:19:00.00000028,4.816454
2014-07-21 18:19:00.00000089,14.411378
2014-07-21 18:19:00.000000130,6.529067
2014-07-21 18:19:00.000000105,7.5758405
2014-07-21 18:19:00.000000123,16.974333
2014-07-21 18:19:00.000000103,54.96475
2014-07-21 18:19:00.000000227,9.650662
2014-07-21 18:19:00.000000189,9.5960455
2014-07-21 18:19:00.000000168,9.034579
2014-07-21 18:19:00.000000173,12.186106
2014-07-21 18:19:00.000000128,15.533661
2014-07-21 18:19:00.000000143,26.757088
2014-07-21 18:19:00.00000018,22.033413
2014-07-21 18:19:00.00000049,11.222321
2014-07-21 18:19:00.00000022,7.6219544
2014-07-21 18:19:00.000000200,6.5439067
2014-07-21 18:19:00.000000193,9.953522
2014-07-21 18:19:00.000000231,9.843706
2014-07-21 18:19:00.000000202,12.78866
2014-07-21 18:19:00.00000092,35.997787
2014-07-21 18:19:00.000000148,6.734899
2014-07-21 18:19:00.00000057,5.385266
2014-07-21 18:19:00.00000074,7.75256
2014-07-21 18:19:00.000000183,13.10253
2014-07-21 18:19:00.000000221,1.5309421
2014-07-21 18:19:00.00000078,7.995561
2014-07-21 18:19:00.00000058,6.70293
2014-07-21 18:19:00.000000214,6.965395
2014-07-21 18:19:00.000000122,9.75364
2014-07-21 18:19:00.000000137,4.4788218
2014-07-21 18:19:00.00000027,8.654439
2014-07-21 18:19:00.00000047,21.853495
2014-07-21 18:19:00.00000061,11.109941
2014-07-21 18:19:00.000000196,10.068814
2014-07-21 18:19:00.000000125,15.9561
2014-07-21 18:19:00.000000126,18.897102
2014-07-21 18:19:00.000000145,4.859703
2014-07-21 18:19:00.00000080,14.123242
2014-07-21 18:19:00.00000055,9.552774
2014-07-21 18:19:00.00000066,10.98
2014-07-21 18:19:00.000000111,6.19999
2014-07-21 18:19:00.00000042,6.962411
2014-07-21 18:19:00.000000215,5.842744
2014-07-21 18:19:00.00000043,28.812965
2014-07-21 18:19:00.000000119,19.932827
2014-07-21 18:19:00.000000115,12.581566
2014-07-21 18:19:00.0000009,10.023459
2014-07-21 18:19:00.00000075,10.284198
2014-07-21 18:19:00.000000118,5.103737
2014-07-21 18:19:00.00000038,18.408045
2014-07-21 18:19:00.000000124,10.721056
2014-07-21 18:19:00.000000242,9.3203
2014-07-21 18:19:00.00000019,7.6164536
2014-07-21 18:19:00.00000056,11.546108
2014-07-21 18:19:00.000000239,7.1455708
2014-07-21 18:19:00.000000101,9.320496
2014-07-21 18:19:00.000000216,42.473904
2014-07-21 18:19:00.000000198,6.200775
2014-07-21 18:19:00.000000174,39.1228
2014-07-21 18:19:00.00000070,7.613014
2014-07-21 18:19:00.0000004,12.628714
2014-07-21 18:19:00.000000135,8.3468685
2014-07-21 18:19:00.000000165,8.252615
2014-07-21 18:19:00.00000010,12.331706
2014-07-21 18:19:00.000000211,7.706816
2014-07-21 18:19:00.000000190,8.515305
2014-07-21 18:19:00.00000021,7.0293922
2014-07-21 18:19:00.000000204,6.368244
2014-07-21 18:19:00.000000112,7.8404007
2014-07-21 18:19:00.000000169,21.395899
2014-07-21 18:19:00.000000226,8.567756
2014-07-21 18:19:00.000000109,6.4535623
2014-07-21 18:19:00.000000113,18.42928
2014-07-21 18:19:00.000000127,19.393452
2014-07-21 18:19:00.000000182,11.482356
2014-07-21 18:19:00.00000036,9.142872
2014-07-21 18:19:00.000000220,4.9781632
2014-07-21 18:19:00.000000121,7.3842597
2014-07-21 18:19:00.00000050,10.76391
2014-07-21 18:19:00.000000178,6.1095457
2014-07-21 18:19:00.000000166,8.117833
2014-07-21 18:19:00.000000224,7.3482456
2014-07-21 18:19:00.000000134,6.51763
2014-07-21 18:19:00.000000195,12.144908
2014-07-21 18:19:00.00000015,41.098747
2014-07-21 18:19:00.0000005,51.706936
2014-07-21 18:19:00.000000120,14.76853
2014-07-21 18:19:00.000000133,7.0403843
2014-07-21 18:19:00.00000044,8.8250675
2014-07-21 18:19:00.000000233,7.8358197
2014-07-21 18:19:00.00000063,11.953016
2014-07-21 18:19:00.000000167,10.729817
2014-07-21 18:19:00.000000208,8.187152
2014-07-21 18:19:00.00000030,11.852526
2014-07-21 18:19:00.00000098,7.120323
2014-07-21 18:19:00.000000179,8.299531
2014-07-21 18:19:00.000000219,4.9862075
2014-07-21 18:19:00.0000006,5.69669
2014-07-21 18:19:00.0000008,14.185591
2014-07-21 18:19:00.00000031,22.411716
2014-07-21 18:19:00.000000225,6.340385
2014-07-21 18:19:00.000000235,10.01102
2014-07-21 18:19:00.000000104,10.492069
2014-07-21 18:19:00.00000011,4.954383
2014-07-21 18:19:00.00000026,4.753046
2014-07-21 18:19:00.000000228,7.6527853
2014-07-21 18:19:00.000000154,8.333266
2014-07-21 18:19:00.000000240,5.9046335
2014-07-21 18:19:00.00000069,10.062567
2014-07-21 18:19:00.000000210,10.012968
2014-07-21 18:19:00.00000097,27.980944
2014-07-21 18:19:00.000000136,8.034482
2014-07-21 18:19:00.000000150,10.483981
2014-07-21 18:19:00.00000060,5.239541
2014-07-21 18:19:00.00000073,5.526297
2014-07-21 18:19:00.000000177,20.203234
2014-07-21 18:19:00.000000222,8.717281
2014-07-21 18:19:00.0000003,19.754065
2014-07-21 18:19:00.00000012,5.5144
2014-07-21 18:19:00.000000139,6.609027
2014-07-21 18:19:00.000000194,10.6548815
2014-07-21 18:19:00.00000014,10.1216955
2014-07-21 18:19:00.00000051,6.865925
2014-07-21 18:19:00.000000218,7.5529537
2014-07-21 18:19:00.000000181,6.6985507
2014-07-21 18:19:00.000000114,14.291459
2014-07-21 18:19:00.00000072,8.014372
2014-07-21 18:19:00.000000213,7.1357756
2014-07-21 18:19:00.00000064,5.80243
2012-12-07 16:13:08.0000001,16.506292
2011-06-13 09:55:04.0000005,8.991556
2011-06-13 09:55:04.0000004,5.97763
2011-06-13 09:55:04.0000001,9.146292
2014-12-27 22:31:56.0000002,12.194379
2014-11-24 09:50:20.0000001,5.6583657
2014-11-24 09:50:20.0000002,20.621122
2015-02-17 12:29:52.0000003,7.547061
2015-02-17 12:29:52.0000002,9.734023
2015-02-17 12:29:52.0000004,16.290913
2015-02-17 12:29:52.0000001,5.073558
2010-02-21 21:57:20.0000001,11.151522
2010-02-21 21:57:20.0000002,4.434058
2010-09-20 16:48:00.000000101,11.989786
2010-09-20 16:48:00.000000140,5.8465304
2010-09-20 16:48:00.00000052,6.8629117
2010-09-20 16:48:00.00000038,11.578427
2010-09-20 16:48:00.000000135,7.2198033
2010-09-20 16:48:00.000000145,9.322856
2010-09-20 16:48:00.00000090,10.830723
2010-09-20 16:48:00.00000088,28.392216
2010-09-20 16:48:00.000000161,15.736191
2010-09-20 16:48:00.000000160,8.60934
2010-09-20 16:48:00.00000012,6.767947
2010-09-20 16:48:00.00000028,44.33778
2010-09-20 16:48:00.000000117,20.916285
2010-09-20 16:48:00.00000018,5.9705973
2010-09-20 16:48:00.00000059,7.439363
2010-09-20 16:48:00.00000061,4.891833
2010-09-20 16:48:00.00000037,6.7099686
2010-09-20 16:48:00.000000133,12.89873
2010-09-20 16:48:00.000000141,12.013618
2010-09-20 16:48:00.000000113,27.247618
2010-09-20 16:48:00.00000067,16.842686
2010-09-20 16:48:00.00000066,26.327906
2010-09-20 16:48:00.000000128,11.732416
2010-09-20 16:48:00.000000109,10.711484
2010-09-20 16:48:00.000000167,28.32647
2010-09-20 16:48:00.00000065,5.5714545
2010-09-20 16:48:00.000000157,34.778706
2010-09-20 16:48:00.00000045,11.738236
2010-09-20 16:48:00.00000054,8.510429
2010-09-20 16:48:00.00000076,6.6174493
2010-09-20 16:48:00.000000125,13.505086
2010-09-20 16:48:00.00000031,13.600845
2010-09-20 16:48:00.000000105,6.6595745
2010-09-20 16:48:00.00000017,8.050215
2010-09-20 16:48:00.000000127,5.7664175
2010-09-20 16:48:00.000000149,44.581852
2010-09-20 16:48:00.00000039,27.183817
2010-09-20 16:48:00.00000095,41.161133
2010-09-20 16:48:00.00000062,8.392835
2010-09-20 16:48:00.00000029,9.081071
2010-09-20 16:48:00.000000155,27.451788
2010-09-20 16:48:00.000000123,7.745794
2010-09-20 16:48:00.00000020,9.232285
2010-09-20 16:48:00.0000003,10.18597
2010-09-20 16:48:00.000000102,5.9636416
2010-09-20 16:48:00.00000096,8.448737
2010-09-20 16:48:00.00000087,9.53349
2010-09-20 16:48:00.00000063,26.922417
2010-09-20 16:48:00.00000078,9.710521
2010-09-20 16:48:00.00000049,5.28959
2010-09-20 16:48:00.000000115,12.418275
2010-09-20 16:48:00.00000080,10.098207
2010-09-20 16:48:00.00000046,16.320559
2010-09-20 16:48:00.00000048,8.599839
2010-09-20 16:48:00.00000033,24.23398
2010-09-20 16:48:00.000000136,6.663417
2010-09-20 16:48:00.00000032,15.874704
2010-09-20 16:48:00.00000082,14.6752825
2010-09-20 16:48:00.00000091,13.233477
2010-09-20 16:48:00.00000051,31.580168
2010-09-20 16:48:00.000000107,9.371567
2010-09-20 16:48:00.000000150,6.7729836
2010-09-20 16:48:00.00000070,6.89806
2010-09-20 16:48:00.000000165,28.6872
2010-09-20 16:48:00.00000097,27.148298
2010-09-20 16:48:00.00000075,7.453303
2010-09-20 16:48:00.000000164,12.3341675
2010-09-20 16:48:00.000000162,4.9356594
2010-09-20 16:48:00.00000026,6.607021
2010-09-20 16:48:00.000000126,9.516713
2010-09-20 16:48:00.00000077,13.016795
2010-09-20 16:48:00.000000138,5.653376
2010-09-20 16:48:00.000000118,17.093655
2010-09-20 16:48:00.00000011,11.991805
2010-09-20 16:48:00.00000073,17.669254
2010-09-20 16:48:00.000000120,8.769539
2010-09-20 16:48:00.00000034,28.304224
2010-09-20 16:48:00.00000057,10.565463
2010-09-20 16:48:00.00000044,13.515488
2010-09-20 16:48:00.00000079,12.107788
2010-09-20 16:48:00.00000013,12.877979
2010-09-20 16:48:00.00000060,7.3888
2010-09-20 16:48:00.00000098,17.114437
2010-09-20 16:48:00.00000022,5.432856
2010-09-20 16:48:00.00000043,12.7995825
2010-09-20 16:48:00.000000130,5.6750293
2010-09-20 16:48:00.00000094,12.726586
2010-09-20 16:48:00.000000153,11.695445
2010-09-20 16:48:00.0000009,14.573693
2010-09-20 16:48:00.000000119,7.3861055
2010-09-20 16:48:00.00000089,9.712952
2010-09-20 16:48:00.00000053,12.4040985
2010-09-20 16:48:00.00000014,11.731312
2010-09-20 16:48:00.00000093,13.934639
2010-09-20 16:48:00.000000144,7.7030196
2010-09-20 16:48:00.00000030,16.244669
2010-09-20 16:48:00.000000147,26.925562
2010-09-20 16:48:00.000000108,15.522356
2010-09-20 16:48:00.00000064,8.252614
2010-09-20 16:48:00.00000010,11.47903
2010-09-20 16:48:00.00000042,11.701435
2012-04-01 22:22:28.0000001,7.692224
2012-03-05 09:19:32.0000001,6.566786
2012-03-05 09:19:32.0000002,6.2636533
2012-03-05 09:19:32.0000005,21.336683
2012-03-05 09:19:32.0000003,10.517468
2012-03-05 09:19:32.0000004,5.5858774
2012-08-20 14:47:36.0000003,6.4669747
2012-08-20 14:47:36.0000004,39.685234
2011-12-01 01:36:08.0000002,5.3943925
2013-06-21 11:33:28.0000002,7.7020226
2013-06-21 11:33:28.0000004,8.253885
2013-06-21 11:33:28.0000001,6.310105
2013-06-21 11:33:28.0000003,15.942447
2013-04-10 11:33:28.0000001,17.5324
2013-04-10 11:33:28.0000002,11.30486
2014-03-29 14:59:28.0000003,5.0799136
2014-03-29 14:59:28.0000002,7.07507
2010-04-05 06:01:24.0000001,5.775865
2014-12-01 00:12:44.0000001,28.002386
2012-08-01 18:54:24.0000001,8.883569
2012-08-01 18:54:24.0000002,6.231624
2012-08-01 18:54:24.0000003,6.5458393
2013-07-13 18:28:20.0000005,7.9777617
2013-07-13 18:28:20.0000001,5.7384887
2013-07-13 18:28:20.0000002,9.51368
2013-07-13 18:28:20.0000004,7.7777653
2014-03-06 04:23:32.0000001,9.122657
2014-10-07 19:04:08.0000002,10.052168
2014-10-07 19:04:08.0000005,9.76661
2014-10-07 19:04:08.0000006,10.367494
2014-10-07 19:04:08.0000004,5.8728323
2013-08-21 09:32:24.0000002,12.086855
2013-08-21 09:32:24.0000004,12.701272
2013-08-21 09:32:24.0000003,8.787278
2015-01-26 07:13:44.0000006,8.815838
2015-01-26 07:13:44.0000002,8.812733
2015-01-26 07:13:44.0000004,8.273571
2015-01-26 07:13:44.0000003,11.171921
2009-03-16 09:55:24.0000003,6.524596
2009-03-16 09:55:24.0000005,4.9347935
2009-03-16 09:55:24.0000004,9.995965
2009-03-16 09:55:24.0000006,6.5243287
2009-03-16 09:55:24.0000002,4.832848
2011-03-06 21:01:00.000000150,5.5984945
2011-03-06 21:01:00.00000026,4.5474057
2011-03-06 21:01:00.000000148,5.6058755
2011-03-06 21:01:00.00000088,5.1565237
2011-03-06 21:01:00.00000098,4.6889563
2011-03-06 21:01:00.00000054,11.619997
2011-03-06 21:01:00.000000101,9.742938
2011-03-06 21:01:00.000000175,7.1842012
2011-03-06 21:01:00.00000029,9.162306
2011-03-06 21:01:00.000000106,4.406337
2011-03-06 21:01:00.00000099,5.746335
2011-03-06 21:01:00.000000158,8.750574
2011-03-06 21:01:00.000000130,6.18195
2011-03-06 21:01:00.00000027,4.387315
2011-03-06 21:01:00.00000032,19.182894
2011-03-06 21:01:00.000000111,13.332884
2011-03-06 21:01:00.00000024,12.940529
2011-03-06 21:01:00.000000118,9.460095
2011-03-06 21:01:00.00000016,7.36549
2011-03-06 21:01:00.00000066,9.370614
2011-03-06 21:01:00.000000133,12.428356
2011-03-06 21:01:00.00000070,4.8405514
2011-03-06 21:01:00.000000104,5.663366
2011-03-06 21:01:00.00000076,8.467911
2011-03-06 21:01:00.000000141,6.682529
2011-03-06 21:01:00.000000145,5.3385487
2011-03-06 21:01:00.000000143,6.3951936
2011-03-06 21:01:00.00000092,5.7051234
2011-03-06 21:01:00.00000080,5.3299375
2011-03-06 21:01:00.00000015,26.20875
2011-03-06 21:01:00.000000153,17.003426
2011-03-06 21:01:00.00000093,10.846648
2011-03-06 21:01:00.000000162,24.233467
2011-03-06 21:01:00.00000062,7.5956807
2011-03-06 21:01:00.000000129,14.42699
2011-03-06 21:01:00.000000107,18.513376
2011-03-06 21:01:00.00000045,4.6488223
2011-03-06 21:01:00.000000115,11.075017
2011-03-06 21:01:00.0000002,4.1447268
2011-03-06 21:01:00.00000044,7.6507664
2011-03-06 21:01:00.000000167,6.2824416
2011-03-06 21:01:00.000000169,4.046698
2011-03-06 21:01:00.00000067,43.33743
2011-03-06 21:01:00.0000007,6.2558913
2011-03-06 21:01:00.000000135,46.84314
2011-03-06 21:01:00.000000128,11.488466
2011-03-06 21:01:00.0000004,6.6314425
2011-03-06 21:01:00.00000010,8.292781
2011-03-06 21:01:00.000000151,10.735908
2011-03-06 21:01:00.00000055,9.303463
2011-03-06 21:01:00.00000095,6.6852474
2011-03-06 21:01:00.000000102,9.318883
2011-03-06 21:01:00.00000034,6.9346943
2011-03-06 21:01:00.000000108,4.422222
2011-03-06 21:01:00.00000012,4.2708855
2011-03-06 21:01:00.00000085,4.228692
2011-03-06 21:01:00.0000001,10.77264
2011-03-06 21:01:00.00000035,4.354448
2011-03-06 21:01:00.00000097,11.782805
2011-03-06 21:01:00.000000105,7.146583
2011-03-06 21:01:00.00000020,9.958756
2011-03-06 21:01:00.000000114,4.49358
2011-03-06 21:01:00.00000038,4.1004696
2011-03-06 21:01:00.0000006,9.421569
2011-03-06 21:01:00.00000086,7.7147183
2011-03-06 21:01:00.00000049,5.8426156
2011-03-06 21:01:00.000000147,6.4463377
2011-03-06 21:01:00.00000040,4.10345
2011-03-06 21:01:00.00000064,5.9413004
2011-03-06 21:01:00.00000061,11.91601
2011-03-06 21:01:00.0000005,4.8443203
2011-03-06 21:01:00.0000009,5.8269315
2011-03-06 21:01:00.00000042,4.5241804
2011-03-06 21:01:00.00000022,26.81209
2011-03-06 21:01:00.00000021,17.223263
2011-03-06 21:01:00.00000094,5.2179365
2011-03-06 21:01:00.000000156,7.292715
2011-03-06 21:01:00.00000072,5.3887897
2011-03-06 21:01:00.00000031,12.830255
2011-03-06 21:01:00.00000089,6.4794436
2011-03-06 21:01:00.00000023,10.737733
2011-03-06 21:01:00.00000046,5.0266294
2011-03-06 21:01:00.00000087,5.696638
2011-03-06 21:01:00.00000053,12.5364485
2011-03-06 21:01:00.0000008,4.2683496
2011-03-06 21:01:00.000000157,4.674202
2011-03-06 21:01:00.00000077,11.895669
2011-03-06 21:01:00.00000073,9.724592
2011-03-06 21:01:00.00000047,4.476684
2011-03-06 21:01:00.000000172,5.9206443
2011-03-06 21:01:00.00000084,9.026618
2011-03-06 21:01:00.000000122,11.702285
2011-03-06 21:01:00.000000154,16.392403
2011-03-06 21:01:00.000000136,9.771478
2011-03-06 21:01:00.00000075,3.6532931
2011-03-06 21:01:00.00000014,5.519922
2009-09-04 20:52:28.0000002,6.094083
2009-09-04 20:52:28.0000003,5.191227
2009-09-04 20:52:28.0000004,5.9365287
2009-09-04 20:52:28.0000001,4.5081606
2013-09-25 05:52:12.0000002,11.657499
2013-09-25 05:52:12.0000001,34.452374
2010-04-16 10:32:24.0000002,7.6258082
2010-04-16 10:32:24.0000001,31.751068
2011-10-12 07:24:40.0000001,9.137926
2011-10-12 07:24:40.0000003,7.9492154
2011-10-12 07:24:40.0000002,23.353786
2010-06-13 13:34:56.0000001,7.8179164
2011-11-20 02:39:04.0000002,19.304756
2011-11-20 02:39:04.0000001,5.178725
2010-12-13 06:42:16.0000002,4.353163
2010-12-13 06:42:16.0000001,9.985865
2009-11-24 08:58:48.0000003,8.515651
2009-11-24 08:58:48.0000001,4.3203516
2009-11-24 08:58:48.0000006,12.103034
2009-11-24 08:58:48.0000002,8.838815
2009-11-24 08:58:48.0000005,8.318735
2009-11-24 08:58:48.0000007,9.4272995
2014-09-22 07:14:16.0000002,15.35396
2011-05-30 09:32:56.0000001,7.54524
2012-09-21 05:41:36.0000001,8.521834
2010-11-22 19:30:04.0000002,9.03062
2010-11-22 19:30:04.0000001,10.73242
2010-10-05 02:09:00.0000005,5.964693
2010-10-05 02:09:00.0000006,20.449455
2010-10-05 02:09:00.0000007,10.877815
2010-10-05 02:09:00.00000018,22.03472
2010-10-05 02:09:00.00000011,20.860014
2010-10-05 02:09:00.00000023,10.989853
2010-10-05 02:09:00.00000012,9.492375
2010-10-05 02:09:00.00000022,4.774695
2010-10-05 02:09:00.00000013,17.846823
2010-10-05 02:09:00.0000003,20.826933
2010-10-05 02:09:00.00000010,4.406526
2010-10-05 02:09:00.0000001,7.5389347
2010-10-05 02:09:00.00000021,5.3750067
2010-10-05 02:09:00.0000008,12.759151
2010-10-05 02:09:00.00000027,6.2252975
2010-10-05 02:09:00.0000002,18.36701
2010-10-05 02:09:00.00000015,5.675926
2014-08-23 16:30:24.0000002,9.279825
2014-08-23 16:30:24.0000001,6.851326
2012-03-15 08:17:36.0000001,8.340381
2012-03-15 08:17:36.0000002,5.320745
2012-03-15 08:17:36.0000005,18.689905
2012-03-15 08:17:36.0000004,18.634733
2012-03-15 08:17:36.0000003,5.210168
2013-10-04 02:53:20.0000001,6.3548527
2013-10-04 02:53:20.0000002,11.673606
2009-03-28 15:09:20.0000001,8.193412
2009-03-28 15:09:20.0000003,16.634811
2009-03-28 15:09:20.0000002,17.792719
2012-01-25 22:43:44.0000003,11.532656
2012-01-25 22:43:44.0000004,9.153618
2012-01-25 22:43:44.0000002,4.4253345
2012-01-25 22:43:44.0000001,15.734641
2011-07-21 07:51:32.0000002,5.8952417
2011-07-21 07:51:32.0000003,10.527496
2011-07-21 07:51:32.0000001,5.7248764
2010-12-01 22:04:52.0000001,7.350167
2013-06-23 02:54:32.0000003,7.6321087
2013-06-23 02:54:32.0000002,6.3649335
2014-03-24 22:36:24.0000004,9.933598
2014-03-24 22:36:24.0000002,8.961736
2014-03-24 22:36:24.0000001,5.3591514
2014-03-24 22:36:24.0000003,8.343296
2013-09-13 01:54:20.0000001,7.1782827
2013-10-14 18:30:36.0000003,15.613217
2013-10-14 18:30:36.0000002,7.8931084
2013-10-14 18:30:36.0000004,14.920208
2013-10-14 18:30:36.0000001,5.1083922
2013-11-18 15:07:28.0000006,9.461904
2013-11-18 15:07:28.0000004,56.146267
2013-11-18 15:07:28.0000001,5.8461857
2013-11-18 15:07:28.0000005,5.879129
2013-11-18 15:07:28.0000002,7.3679996
2011-02-20 23:35:12.0000001,6.947608
2011-02-20 23:35:12.0000004,9.783812
2011-02-20 23:35:12.0000005,20.94821
2011-02-20 23:35:12.0000003,12.616364
2011-02-20 23:35:12.0000002,13.140696
2010-02-06 19:59:16.0000001,10.781888
2012-03-10 02:36:04.0000003,8.130132
2012-03-10 02:36:04.0000002,11.360556
2012-03-10 02:36:04.0000001,6.0905538
2014-04-13 17:35:52.0000002,7.4166718
2010-04-04 21:59:56.0000002,7.32384
2010-04-04 21:59:56.0000001,12.735197
2010-04-04 21:59:56.0000003,9.787353
2010-04-04 21:59:56.0000004,5.789447
2013-03-23 04:51:12.0000001,16.676634
2010-06-29 00:22:24.0000002,47.810474
2010-06-29 00:22:24.0000001,4.448983
2011-10-17 12:37:56.0000002,5.6642804
2011-10-17 12:37:56.0000001,6.784588
2012-01-30 19:07:52.0000003,10.736909
2012-01-30 19:07:52.0000002,6.9565086
2012-01-30 19:07:52.0000004,9.716797
2012-01-30 19:07:52.0000001,5.617261
2012-01-30 19:07:52.0000005,9.919287
2011-05-30 01:44:40.0000001,8.475717
2011-05-30 01:44:40.0000002,5.87065
2011-02-08 01:04:08.0000001,8.220606
2012-05-23 16:25:16.0000002,6.407575
2011-09-20 18:02:28.0000001,9.946066
2009-10-08 10:04:36.0000001,35.684673
2009-10-08 10:04:36.0000003,11.208568
2009-10-08 10:04:36.0000002,25.91921
2010-07-02 22:03:04.0000002,12.225457
2010-07-02 22:03:04.0000001,9.444006
2012-05-03 14:11:36.0000002,6.3373904
2012-05-03 14:11:36.0000005,10.770614
2012-05-03 14:11:36.0000004,31.458729
2012-05-03 14:11:36.0000003,15.157944
2012-05-03 14:11:36.0000001,6.0465
2013-04-04 16:31:56.0000001,16.013538
2013-04-04 16:31:56.0000002,8.5374975
2009-12-02 15:59:56.0000001,31.919254
2009-12-02 15:59:56.0000002,6.699927
2010-01-03 02:03:40.0000002,7.197785
2010-01-03 02:03:40.0000003,5.8569427
2011-08-21 10:54:24.0000003,7.137387
2011-08-21 10:54:24.0000002,65.67732
2011-08-21 10:54:24.0000001,14.245245
2011-01-30 14:38:24.0000003,6.1732707
2011-01-30 14:38:24.0000002,14.107413
2011-04-16 21:23:16.0000004,15.225654
2011-04-16 21:23:16.0000002,9.838299
2011-04-16 21:23:16.0000006,4.802515
2013-10-05 19:51:04.0000006,8.42072
2013-10-05 19:51:04.0000005,13.51433
2013-10-05 19:51:04.0000003,17.036358
2013-10-05 19:51:04.0000002,15.064179
2014-10-31 08:17:44.0000002,8.911791
2014-10-31 08:17:44.0000004,9.182193
2014-10-31 08:17:44.0000005,8.917448
2014-10-31 08:17:44.0000001,9.176557
2014-10-31 08:17:44.0000003,21.554747
2009-05-31 21:24:56.0000001,13.13125
2014-06-04 01:50:40.0000001,12.402511
2009-07-14 17:59:12.0000001,6.151719
2009-07-14 17:59:12.0000003,5.1479735
2012-12-05 16:33:52.0000002,15.51497
2012-12-05 16:33:52.0000001,40.391457
2009-12-18 12:37:04.0000005,7.6829815
2009-12-18 12:37:04.0000001,9.092902
2009-12-18 12:37:04.0000006,12.3615055
2009-12-18 12:37:04.0000004,9.507305
2009-12-18 12:37:04.0000007,10.459817
2009-12-18 12:37:04.0000002,10.049911
2012-11-21 15:12:48.0000001,6.583244
2011-05-03 07:01:40.0000001,11.57734
2011-05-03 07:01:40.0000002,4.96338
2011-05-03 07:01:40.0000003,5.0463176
2010-09-21 06:27:32.0000002,19.239225
2010-09-21 06:27:32.0000001,9.220415
2011-10-07 22:08:20.0000003,4.608756
2011-10-07 22:08:20.0000006,9.076451
2009-02-08 08:48:20.0000001,3.9765055
2013-09-24 21:16:40.0000006,8.912537
2013-09-24 21:16:40.0000003,10.418836
2013-09-24 21:16:40.0000001,11.242051
2013-09-24 21:16:40.0000007,12.912659
2013-09-24 21:16:40.0000002,13.594513
2013-09-24 21:16:40.0000004,10.6790495
2012-03-14 19:10:48.0000005,13.49673
2012-03-14 19:10:48.0000008,5.036419
2012-03-14 19:10:48.0000002,9.141783
2012-03-14 19:10:48.0000004,6.5534463
2012-03-14 19:10:48.0000001,6.421322
2012-03-14 19:10:48.0000009,8.183899
2012-03-14 19:10:48.0000006,12.308063
2009-11-12 11:01:20.0000001,7.117058
2009-11-12 11:01:20.0000002,4.574949
2009-06-21 04:28:48.0000002,15.10207
2009-06-21 04:28:48.0000003,11.68098
2014-01-25 12:36:52.0000002,8.673404
2014-01-25 12:36:52.0000001,8.882769
2012-12-27 13:23:48.0000001,10.975302
2011-06-28 16:09:44.0000001,6.0171227
2010-12-01 08:35:20.0000001,10.131235
2012-11-19 12:40:40.0000005,6.217741
2012-11-19 12:40:40.0000001,6.1904206
2012-11-19 12:40:40.0000002,8.14437
2012-11-19 12:40:40.0000003,12.944095
2012-11-19 12:40:40.0000004,49.237865
2009-07-13 17:58:04.0000001,10.161066
2009-07-13 17:58:04.0000003,6.620188
2009-07-13 17:58:04.0000002,7.7856665
2011-06-25 11:42:36.0000003,4.711484
2011-06-25 11:42:36.0000002,25.965466
2012-01-26 07:33:00.000000128,11.633661
2012-01-26 07:33:00.00000032,8.308821
2012-01-26 07:33:00.000000163,6.1305323
2012-01-26 07:33:00.000000155,7.127775
2012-01-26 07:33:00.000000153,8.137725
2012-01-26 07:33:00.00000049,5.4546843
2012-01-26 07:33:00.00000095,4.8034525
2012-01-26 07:33:00.000000158,15.964269
2012-01-26 07:33:00.00000050,6.9149423
2012-01-26 07:33:00.00000015,7.182234
2012-01-26 07:33:00.00000062,8.309206
2012-01-26 07:33:00.00000037,15.882137
2012-01-26 07:33:00.00000069,11.902262
2012-01-26 07:33:00.000000142,4.7856593
2012-01-26 07:33:00.000000150,5.0522656
2012-01-26 07:33:00.000000147,7.830464
2012-01-26 07:33:00.000000125,6.7073765
2012-01-26 07:33:00.000000124,30.057411
2012-01-26 07:33:00.000000129,6.011098
2012-01-26 07:33:00.00000033,9.811001
2012-01-26 07:33:00.0000004,31.76622
2012-01-26 07:33:00.00000029,9.331681
2012-01-26 07:33:00.000000113,5.613229
2012-01-26 07:33:00.00000017,9.798016
2012-01-26 07:33:00.00000067,9.630977
2012-01-26 07:33:00.000000141,29.750261
2012-01-26 07:33:00.00000036,12.873819
2012-01-26 07:33:00.000000162,19.126747
2012-01-26 07:33:00.000000118,9.453689
2012-01-26 07:33:00.000000154,23.889132
2012-01-26 07:33:00.000000143,9.626157
2012-01-26 07:33:00.00000083,7.6037974
2012-01-26 07:33:00.000000191,7.506477
2012-01-26 07:33:00.000000140,10.838163
2012-01-26 07:33:00.00000086,4.564372
2012-01-26 07:33:00.0000002,8.32429
2012-01-26 07:33:00.000000170,6.035697
2012-01-26 07:33:00.00000010,7.0940742
2012-01-26 07:33:00.00000053,7.183402
2012-01-26 07:33:00.000000102,11.191801
2012-01-26 07:33:00.00000055,5.9075236
2012-01-26 07:33:00.0000007,8.816233
2012-01-26 07:33:00.00000013,5.9445133
2012-01-26 07:33:00.000000165,31.547453
2012-01-26 07:33:00.00000026,4.509965
2012-01-26 07:33:00.000000137,5.688275
2012-01-26 07:33:00.00000048,9.302155
2012-01-26 07:33:00.00000059,9.36241
2012-01-26 07:33:00.000000132,7.9191504
2012-01-26 07:33:00.00000096,12.422181
2012-01-26 07:33:00.000000190,4.2269197
2012-01-26 07:33:00.000000156,7.568366
2012-01-26 07:33:00.00000075,8.1122875
2012-01-26 07:33:00.00000084,6.28399
2012-01-26 07:33:00.0000006,4.7041183
2012-01-26 07:33:00.00000021,6.4628124
2012-01-26 07:33:00.0000001,12.956448
2012-01-26 07:33:00.0000005,5.0071177
2012-01-26 07:33:00.00000034,5.6204095
2012-01-26 07:33:00.000000117,4.3838053
2012-01-26 07:33:00.000000106,10.021932
2012-01-26 07:33:00.00000077,7.576126
2012-01-26 07:33:00.00000045,4.9821978
2012-01-26 07:33:00.000000116,11.4446335
2012-01-26 07:33:00.0000009,19.55349
2012-01-26 07:33:00.000000146,4.706523
2012-01-26 07:33:00.00000027,21.655846
2012-01-26 07:33:00.000000127,7.2816834
2012-01-26 07:33:00.000000172,5.036889
2012-01-26 07:33:00.00000074,4.321987
2012-01-26 07:33:00.00000014,21.400774
2012-01-26 07:33:00.000000108,8.922213
2012-01-26 07:33:00.000000109,14.638282
2012-01-26 07:33:00.000000152,6.2598968
2012-01-26 07:33:00.00000047,5.8288674
2012-01-26 07:33:00.000000192,9.601846
2012-01-26 07:33:00.00000054,5.763422
2012-01-26 07:33:00.000000185,5.326875
2012-01-26 07:33:00.000000187,8.946549
2012-01-26 07:33:00.00000060,10.176833
2012-01-26 07:33:00.000000130,7.4120436
2012-01-26 07:33:00.00000046,9.794724
2012-01-26 07:33:00.000000182,6.8170853
2012-01-26 07:33:00.000000177,11.855481
2012-01-26 07:33:00.000000135,26.472813
2012-01-26 07:33:00.00000063,4.470928
2012-01-26 07:33:00.00000079,6.4497757
2012-01-26 07:33:00.000000169,8.327222
2012-01-26 07:33:00.00000094,9.009578
2012-01-26 07:33:00.000000176,11.585749
2012-01-26 07:33:00.00000061,4.85646
2012-01-26 07:33:00.000000188,4.836544
2012-01-26 07:33:00.000000174,12.368383
2012-01-26 07:33:00.000000126,6.8598585
2012-01-26 07:33:00.000000139,33.487457
2012-01-26 07:33:00.000000184,5.400594
2012-01-26 07:33:00.000000107,4.289439
2012-01-26 07:33:00.00000038,5.1460133
2012-01-26 07:33:00.000000134,4.164838
2012-01-26 07:33:00.00000058,20.076208
2012-01-26 07:33:00.00000078,4.612495
2012-01-26 07:33:00.00000019,4.401271
2012-01-26 07:33:00.000000111,8.40787
2012-01-26 07:33:00.000000178,19.266739
2012-01-26 07:33:00.0000003,9.486804
2012-01-26 07:33:00.00000052,15.228961
2012-01-26 07:33:00.00000040,9.9286995
2012-01-26 07:33:00.000000148,10.100418
2012-01-26 07:33:00.00000066,11.522449
2012-01-26 07:33:00.00000041,5.2760563
2012-01-26 07:33:00.00000070,9.488782
2012-01-26 07:33:00.000000157,30.340096
2012-01-26 07:33:00.000000179,7.8550987
2012-01-26 07:33:00.000000112,17.156082
2012-01-26 07:33:00.00000073,6.857954
2012-01-26 07:33:00.000000138,17.234663
2012-01-26 07:33:00.00000092,10.268737
2012-01-26 07:33:00.000000164,17.703619
2012-01-26 07:33:00.000000123,8.923117
2012-01-26 07:33:00.00000043,4.762618
2012-01-26 07:33:00.00000093,5.6834364
2012-01-26 07:33:00.00000016,20.984573
2012-01-26 07:33:00.000000144,7.8409038
2012-01-26 07:33:00.00000042,6.6151557
2012-01-26 07:33:00.00000011,9.151634
2012-01-26 07:33:00.00000035,10.124163
2012-01-26 07:33:00.00000098,7.2644987
2012-01-26 07:33:00.000000149,18.025126
2012-01-26 07:33:00.000000110,4.8178496
2012-01-26 07:33:00.000000159,10.281882
2015-03-20 23:34:40.0000007,7.748803
2015-03-20 23:34:40.0000002,24.802948
2015-03-20 23:34:40.0000006,4.9960485
2013-12-14 03:20:48.0000001,30.375792
2013-12-14 03:20:48.0000002,4.7912636
2014-04-14 07:03:52.0000001,8.202576
2014-04-14 07:03:52.0000002,12.188853
2015-05-21 07:08:08.0000002,7.7363596
2011-08-30 16:48:24.0000003,7.553989
2011-08-30 16:48:24.0000002,10.204192
2011-08-30 16:48:24.0000001,7.1754346
2010-12-09 07:29:00.000000189,4.911308
2010-12-09 07:29:00.00000027,18.42656
2010-12-09 07:29:00.000000184,10.156933
2010-12-09 07:29:00.00000030,4.7829947
2010-12-09 07:29:00.00000011,4.63936
2010-12-09 07:29:00.00000065,8.789983
2010-12-09 07:29:00.00000063,8.178695
2010-12-09 07:29:00.000000133,15.188537
2010-12-09 07:29:00.00000054,7.1214037
2010-12-09 07:29:00.00000021,12.087022
2010-12-09 07:29:00.000000162,6.030684
2010-12-09 07:29:00.000000144,8.42319
2010-12-09 07:29:00.000000116,9.520163
2010-12-09 07:29:00.000000142,5.13622
2010-12-09 07:29:00.000000113,10.243004
2010-12-09 07:29:00.000000105,11.144109
2010-12-09 07:29:00.00000047,5.514854
2010-12-09 07:29:00.0000008,6.5293803
2010-12-09 07:29:00.00000099,4.510043
2010-12-09 07:29:00.00000048,5.7837806
2010-12-09 07:29:00.00000076,11.672188
2010-12-09 07:29:00.000000174,15.959302
2010-12-09 07:29:00.000000130,20.531628
2010-12-09 07:29:00.000000177,8.072211
2010-12-09 07:29:00.00000088,6.962732
2010-12-09 07:29:00.00000091,6.4250965
2010-12-09 07:29:00.00000072,4.6721582
2010-12-09 07:29:00.00000014,8.98423
2010-12-09 07:29:00.000000157,6.784616
2010-12-09 07:29:00.000000109,7.568736
2010-12-09 07:29:00.00000016,6.8567295
2010-12-09 07:29:00.00000023,6.051757
2010-12-09 07:29:00.000000118,6.79703
2010-12-09 07:29:00.00000017,6.4059434
2010-12-09 07:29:00.00000032,9.585502
2010-12-09 07:29:00.000000188,9.256639
2010-12-09 07:29:00.00000040,6.1450777
2010-12-09 07:29:00.00000037,9.277002
2010-12-09 07:29:00.000000128,7.8583503
2010-12-09 07:29:00.00000057,6.556837
2010-12-09 07:29:00.000000125,8.945511
2010-12-09 07:29:00.000000159,7.181018
2010-12-09 07:29:00.00000018,5.8542466
2010-12-09 07:29:00.000000107,5.6399426
2010-12-09 07:29:00.00000051,16.84056
2010-12-09 07:29:00.00000042,7.748894
2010-12-09 07:29:00.00000059,6.909819
2010-12-09 07:29:00.00000075,5.293556
2010-12-09 07:29:00.00000035,8.219873
2010-12-09 07:29:00.00000029,6.8104277
2010-12-09 07:29:00.00000045,7.9324837
2010-12-09 07:29:00.00000055,5.6951313
2010-12-09 07:29:00.000000140,8.521094
2010-12-09 07:29:00.00000060,9.288043
2010-12-09 07:29:00.000000185,11.878987
2010-12-09 07:29:00.000000120,5.3036203
2010-12-09 07:29:00.000000104,6.3127623
2010-12-09 07:29:00.000000191,5.372618
2010-12-09 07:29:00.000000106,5.3393455
2010-12-09 07:29:00.00000039,5.9744987
2010-12-09 07:29:00.000000132,4.334148
2010-12-09 07:29:00.00000019,7.139354
2010-12-09 07:29:00.000000166,4.396566
2010-12-09 07:29:00.000000111,7.0929995
2010-12-09 07:29:00.00000013,5.570387
2010-12-09 07:29:00.000000138,5.91838
2010-12-09 07:29:00.00000085,31.134403
2010-12-09 07:29:00.000000169,6.1221895
2010-12-09 07:29:00.000000153,11.595904
2010-12-09 07:29:00.00000033,47.169094
2010-12-09 07:29:00.000000173,9.349625
2010-12-09 07:29:00.00000077,5.5914974
2010-12-09 07:29:00.000000190,4.612259
2010-12-09 07:29:00.000000137,5.3487625
2010-12-09 07:29:00.0000009,7.5056977
2010-12-09 07:29:00.000000155,8.010944
2010-12-09 07:29:00.0000004,18.066074
2010-12-09 07:29:00.000000119,5.75412
2010-12-09 07:29:00.000000100,7.4269757
2010-12-09 07:29:00.00000024,5.4955926
2010-12-09 07:29:00.00000096,11.921121
2010-12-09 07:29:00.000000170,7.9931774
2010-12-09 07:29:00.000000131,6.5179687
2010-12-09 07:29:00.00000022,11.5913315
2010-12-09 07:29:00.00000053,6.7512803
2010-12-09 07:29:00.000000165,62.434753
2010-12-09 07:29:00.000000114,9.0057745
2010-12-09 07:29:00.00000074,8.782768
2010-12-09 07:29:00.00000070,7.1348085
2010-12-09 07:29:00.000000167,4.6696835
2010-12-09 07:29:00.000000110,6.0054464
2010-12-09 07:29:00.00000020,11.666714
2010-12-09 07:29:00.000000147,7.4039145
2010-12-09 07:29:00.000000178,27.746944
2010-12-09 07:29:00.000000146,7.0010786
2010-12-09 07:29:00.000000103,7.5643883
2010-12-09 07:29:00.000000149,9.93012
2010-12-09 07:29:00.000000182,9.87165
2010-12-09 07:29:00.000000124,7.5896482
2010-12-09 07:29:00.000000154,10.831155
2010-12-09 07:29:00.000000117,7.2226443
2010-12-09 07:29:00.00000034,9.994992
2010-12-09 07:29:00.00000084,9.801661
2010-12-09 07:29:00.00000064,6.5377626
2010-12-09 07:29:00.000000126,14.792886
2010-12-09 07:29:00.00000082,7.4392567
2010-12-09 07:29:00.00000092,10.75786
2010-12-09 07:29:00.00000087,5.593202
2010-12-09 07:29:00.00000095,20.077982
2010-12-09 07:29:00.000000101,8.750148
2010-12-09 07:29:00.000000122,6.7084103
2010-12-09 07:29:00.000000160,6.873342
2010-12-09 07:29:00.000000175,8.494352
2010-12-09 07:29:00.00000043,7.8809047
2010-12-09 07:29:00.00000061,11.344211
2010-12-09 07:29:00.000000179,4.989506
2010-12-09 07:29:00.00000049,7.9949455
2010-12-09 07:29:00.000000172,43.751686
2010-12-09 07:29:00.000000192,7.2951384
2010-12-09 07:29:00.000000194,5.8630733
2010-12-09 07:29:00.00000052,9.567071
2010-12-09 07:29:00.00000058,5.6397347
2010-12-09 07:29:00.00000010,7.0029774
2010-12-09 07:29:00.000000108,5.7955203
2010-12-09 07:29:00.000000129,9.104821
2010-12-09 07:29:00.000000163,7.7523446
2010-12-09 07:29:00.000000161,8.944165
2010-12-09 07:29:00.000000187,6.2618937
2010-12-09 07:29:00.000000158,6.808563
2010-12-09 07:29:00.000000121,9.513416
2010-12-09 07:29:00.000000176,5.7479324
2011-09-25 13:01:20.0000005,8.121883
2011-09-25 13:01:20.0000001,7.683681
2011-09-25 13:01:20.0000004,8.630212
2011-09-25 13:01:20.0000006,13.278427
2011-09-25 13:01:20.0000003,5.484353
2012-09-08 04:35:16.0000001,23.851686
2012-05-08 03:50:00.00000011,21.850138
2012-05-08 03:50:00.0000002,5.233071
2012-05-08 03:50:00.0000008,17.746958
2012-05-08 03:50:00.0000007,8.004267
2012-05-08 03:50:00.00000015,15.676272
2012-05-08 03:50:00.00000016,7.4350443
2012-05-08 03:50:00.0000003,6.4535375
2012-05-08 03:50:00.00000014,5.02308
2012-05-08 03:50:00.0000004,15.052121
2010-10-06 21:23:24.0000003,5.8522573
2010-10-06 21:23:24.0000001,7.065212
2010-10-06 21:23:24.0000005,11.09009
2010-10-06 21:23:24.0000002,6.1272707
2010-10-06 21:23:24.0000004,6.499024
2014-05-17 02:47:12.0000002,12.850141
2009-07-31 07:30:56.0000002,4.588278
2009-07-31 07:30:56.0000001,7.61877
2012-03-06 07:33:04.0000002,9.022918
2009-01-29 22:15:48.0000001,10.417982
2013-03-17 12:44:04.0000001,6.5725293
2014-06-18 09:23:32.0000001,18.879396
2011-09-21 13:15:36.0000004,7.498265
2011-09-21 13:15:36.0000003,7.7721214
2011-09-21 13:15:36.0000001,8.146502
2011-09-21 13:15:36.0000002,48.42577
2015-03-12 19:43:24.0000001,21.14322
2015-03-12 19:43:24.0000002,41.067074
2015-03-12 19:43:24.0000007,8.793502
2015-03-12 19:43:24.0000004,15.348766
2014-01-18 17:43:28.0000005,7.5930643
2014-01-18 17:43:28.0000003,6.0615726
2014-01-18 17:43:28.0000002,16.795858
2014-01-18 17:43:28.0000004,13.373238
2011-04-05 01:15:44.0000001,9.509228
2011-04-05 01:15:44.0000002,9.986683
2011-09-04 01:36:36.0000002,15.692071
2010-08-09 08:53:56.0000004,9.667418
2010-08-09 08:53:56.0000006,8.131862
2010-08-09 08:53:56.0000002,11.845017
2010-08-09 08:53:56.0000003,16.45605
2010-08-09 08:53:56.0000005,9.005213
2010-03-27 07:05:08.0000001,4.828952
2011-11-16 12:52:52.0000002,7.5243874
2011-11-16 12:52:52.0000003,5.762209
2011-11-16 12:52:52.0000001,48.79356
2009-10-29 10:48:40.0000002,8.847746
2009-10-29 10:48:40.0000001,10.982464
2015-02-01 00:48:44.0000009,19.497791
2015-02-01 00:48:44.0000004,10.418548
2015-02-01 00:48:44.0000008,8.22385
2015-02-01 00:48:44.0000006,8.720946
2015-02-01 00:48:44.0000007,14.299005
2014-04-03 02:31:08.0000001,7.1741166
2010-07-04 03:28:44.0000001,16.692299
2009-03-31 23:01:36.0000002,7.769582
2009-03-31 23:01:36.0000001,23.003769
2009-03-31 23:01:36.0000003,13.395784
2012-02-02 00:49:56.0000002,5.642742
2012-02-02 00:49:56.0000001,13.149406
2012-02-02 00:49:56.0000003,17.735987
2012-02-02 00:49:56.0000004,13.631825
2014-01-26 15:28:52.0000003,8.162527
2012-02-14 15:32:40.0000002,5.3175735
2012-02-14 15:32:40.0000004,6.282592
2012-02-14 15:32:40.0000001,8.815678
2012-02-14 15:32:40.0000003,8.026302
2011-12-06 11:07:40.0000001,16.371956
2011-12-06 11:07:40.0000005,6.552933
2011-07-12 19:41:48.0000002,13.6364975
2011-07-12 19:41:48.0000003,10.361771
2011-07-12 19:41:48.0000004,7.414873
2010-09-16 14:27:16.0000001,7.8946505
2010-09-16 14:27:16.0000003,11.220924
2010-09-16 14:27:16.0000004,10.838928
2010-09-16 14:27:16.0000005,11.842078
2014-06-11 01:13:40.0000001,11.599304
2013-05-18 15:28:40.0000003,9.357473
2013-05-18 15:28:40.0000002,9.454684
2015-02-14 20:20:56.0000001,9.234701
2015-02-14 20:20:56.0000002,8.27195
2015-02-14 20:20:56.0000004,5.55922
2009-01-22 12:27:20.0000003,6.711892
2011-04-23 21:22:20.0000001,4.6250334
2013-09-01 17:57:04.0000002,5.0660267
2013-09-01 17:57:04.0000003,7.4071693
2013-04-22 13:19:16.0000001,20.303307
2013-04-22 13:19:16.0000002,10.922788
2013-04-22 13:19:16.0000003,6.5688496
2015-02-21 18:39:16.0000002,5.546046
2009-04-23 00:05:40.0000001,27.150745
2009-04-23 00:05:40.0000003,7.8026147
2012-05-28 05:48:40.0000001,31.157642
2010-01-03 20:04:52.0000001,17.232151
2013-03-09 21:40:52.0000003,12.655284
2013-03-09 21:40:52.0000002,7.961442
2011-04-21 08:22:32.0000001,4.262161
2011-02-20 09:22:16.0000002,29.068867
2011-02-20 09:22:16.0000001,7.3960185
2010-07-22 09:37:12.0000003,8.003187
2010-07-22 09:37:12.0000004,6.8612595
2010-07-22 09:37:12.0000001,10.028367
2011-01-24 20:47:04.0000002,9.753227
2013-07-22 15:05:16.0000004,11.341263
2013-07-22 15:05:16.0000001,4.8405104
2013-07-22 15:05:16.0000002,23.19188
2013-07-22 15:05:16.0000003,5.644688
2013-01-23 16:22:04.0000003,12.414398
2013-01-23 16:22:04.0000002,9.496217
2013-01-23 16:22:04.0000001,9.363985
2013-01-06 12:46:36.0000001,3.807648
2013-01-06 12:46:36.0000002,6.176859
2012-02-13 04:52:32.0000001,47.88837
2013-02-07 08:34:24.0000001,9.675385
2013-02-07 08:34:24.0000003,11.213068
2013-02-07 08:34:24.0000004,8.426379
2013-02-07 08:34:24.0000002,13.326235
2015-02-21 17:23:28.0000005,16.003948
2015-02-21 17:23:28.0000003,8.066087
2015-02-21 17:23:28.0000002,9.538049
2015-02-21 17:23:28.0000001,9.341668
2015-02-21 17:23:28.0000006,4.5968757
2013-06-19 13:36:52.0000004,9.062638
2013-06-19 13:36:52.0000001,9.158654
2013-06-19 13:36:52.0000002,9.832162
2013-06-19 13:36:52.0000005,42.2379
2013-06-19 13:36:52.0000003,20.397827
2015-06-26 16:04:04.0000002,5.8248982
2015-06-26 16:04:04.0000001,4.6409903
2010-06-05 07:08:36.0000001,6.4968834
2011-10-28 13:48:16.0000002,9.5639305
2011-10-28 13:48:16.0000001,7.173318
2011-10-28 13:48:16.0000003,6.047254
2012-09-29 02:53:20.0000001,10.839296
2011-08-06 12:59:12.0000001,14.280848
2012-11-19 22:15:32.0000002,28.703896
2013-11-29 20:09:12.0000002,9.992744
2012-05-31 17:54:48.0000003,10.68387
2012-05-31 17:54:48.0000002,10.337957
2012-05-31 17:54:48.0000001,4.954869
2012-05-31 17:54:48.0000004,7.409351
2012-04-20 08:03:52.0000001,11.333029
2012-04-20 08:03:52.0000002,8.485649
2012-04-20 08:03:52.0000003,8.475693
2009-01-26 18:26:48.0000001,7.4847565
2009-01-26 18:26:48.0000003,5.68723
2009-01-26 18:26:48.0000004,11.1166115
2009-01-26 18:26:48.0000002,8.157301
2011-10-20 00:50:48.0000003,14.93296
2011-10-20 00:50:48.0000002,5.2467747
2011-10-20 00:50:48.0000001,5.322245
2011-06-03 11:45:16.0000002,10.687032
2011-06-03 11:45:16.0000004,9.016016
2011-06-03 11:45:16.0000005,5.3367457
2011-06-03 11:45:16.0000001,4.1215887
2011-06-03 11:45:16.0000003,5.5916624
2011-10-25 20:34:20.0000001,7.059747
2012-07-05 18:30:36.0000005,11.208638
2012-07-05 18:30:36.0000006,7.5722055
2012-07-05 18:30:36.0000003,5.1547914
2012-07-05 18:30:36.0000001,10.053119
2012-07-05 18:30:36.0000007,7.794814
2012-07-05 18:30:36.0000002,6.674996
2015-04-07 14:31:12.0000002,9.096996
2015-04-07 14:31:12.0000003,5.9445453
2013-08-28 00:27:36.0000002,10.73008
2013-08-28 00:27:36.0000001,7.4497457
2012-11-20 21:54:00.00000037,6.88968
2012-11-20 21:54:00.00000081,12.049281
2012-11-20 21:54:00.000000210,9.901705
2012-11-20 21:54:00.00000050,5.4345484
2012-11-20 21:54:00.000000175,53.662136
2012-11-20 21:54:00.000000208,6.143857
2012-11-20 21:54:00.000000198,6.2081857
2012-11-20 21:54:00.000000185,8.0808735
2012-11-20 21:54:00.00000028,11.060007
2012-11-20 21:54:00.000000134,7.316209
2012-11-20 21:54:00.00000091,5.620215
2012-11-20 21:54:00.00000033,4.93888
2012-11-20 21:54:00.00000082,6.9595075
2012-11-20 21:54:00.000000142,26.45637
2012-11-20 21:54:00.000000180,28.782438
2012-11-20 21:54:00.00000093,16.542229
2012-11-20 21:54:00.000000159,5.533395
2012-11-20 21:54:00.000000165,7.412137
2012-11-20 21:54:00.000000235,7.0778885
2012-11-20 21:54:00.00000089,5.0463614
2012-11-20 21:54:00.000000168,16.945438
2012-11-20 21:54:00.000000224,6.1725965
2012-11-20 21:54:00.000000158,6.7533813
2012-11-20 21:54:00.000000212,55.2035
2012-11-20 21:54:00.000000147,34.38127
2012-11-20 21:54:00.000000140,13.259252
2012-11-20 21:54:00.00000018,16.996912
2012-11-20 21:54:00.000000124,5.8545895
2012-11-20 21:54:00.000000181,7.6741543
2012-11-20 21:54:00.000000187,12.502266
2012-11-20 21:54:00.00000058,20.459549
2012-11-20 21:54:00.000000151,19.885159
2012-11-20 21:54:00.000000126,7.1290927
2012-11-20 21:54:00.00000099,13.210091
2012-11-20 21:54:00.000000120,8.350296
2012-11-20 21:54:00.0000009,5.1660857
2012-11-20 21:54:00.000000206,7.3443213
2012-11-20 21:54:00.00000079,6.289478
2012-11-20 21:54:00.000000237,14.380161
2012-11-20 21:54:00.000000143,13.946877
2012-11-20 21:54:00.000000111,6.630119
2012-11-20 21:54:00.000000106,10.030846
2012-11-20 21:54:00.000000245,5.6899037
2012-11-20 21:54:00.00000032,11.9389105
2012-11-20 21:54:00.00000075,8.391521
2012-11-20 21:54:00.000000244,25.718401
2012-11-20 21:54:00.00000094,4.8234196
2012-11-20 21:54:00.000000118,31.236647
2012-11-20 21:54:00.000000188,9.040526
2012-11-20 21:54:00.00000051,17.542513
2012-11-20 21:54:00.000000109,11.945655
2012-11-20 21:54:00.0000003,7.3877344
2012-11-20 21:54:00.000000114,29.39409
2012-11-20 21:54:00.00000013,5.6915326
2012-11-20 21:54:00.000000192,6.6857014
2012-11-20 21:54:00.000000228,4.9185357
2012-11-20 21:54:00.000000236,9.734598
2012-11-20 21:54:00.000000178,13.193378
2012-11-20 21:54:00.00000027,12.2218075
2012-11-20 21:54:00.000000176,5.6377025
2012-11-20 21:54:00.0000008,7.2243047
2012-11-20 21:54:00.00000061,16.844774
2012-11-20 21:54:00.00000011,14.419038
2012-11-20 21:54:00.00000096,7.4239507
2012-11-20 21:54:00.000000231,7.407569
2012-11-20 21:54:00.000000190,13.537274
2012-11-20 21:54:00.000000166,51.477005
2012-11-20 21:54:00.00000022,5.8063536
2012-11-20 21:54:00.000000234,14.923122
2012-11-20 21:54:00.00000035,7.639169
2012-11-20 21:54:00.00000041,15.003316
2012-11-20 21:54:00.000000113,8.304809
2012-11-20 21:54:00.00000045,12.441625
2012-11-20 21:54:00.000000157,13.723702
2012-11-20 21:54:00.000000163,17.51106
2012-11-20 21:54:00.000000193,13.200746
2012-11-20 21:54:00.00000063,7.170495
2012-11-20 21:54:00.000000183,6.670942
2012-11-20 21:54:00.000000182,15.989335
2012-11-20 21:54:00.000000117,9.716705
2012-11-20 21:54:00.000000156,16.976757
2012-11-20 21:54:00.000000220,7.8303494
2012-11-20 21:54:00.000000227,7.469304
2012-11-20 21:54:00.000000194,13.432909
2012-11-20 21:54:00.000000201,8.256223
2012-11-20 21:54:00.000000115,44.802223
2012-11-20 21:54:00.000000217,10.541723
2012-11-20 21:54:00.00000017,13.402806
2012-11-20 21:54:00.000000139,5.854831
2012-11-20 21:54:00.00000038,11.501229
2012-11-20 21:54:00.000000107,5.721428
2012-11-20 21:54:00.000000218,17.386251
2012-11-20 21:54:00.000000214,20.536612
2012-11-20 21:54:00.000000213,12.05375
2012-11-20 21:54:00.000000215,30.874779
2012-11-20 21:54:00.000000112,9.462788
2012-11-20 21:54:00.00000067,18.625973
2012-11-20 21:54:00.00000044,14.897656
2012-11-20 21:54:00.00000029,8.682997
2012-11-20 21:54:00.000000119,14.461883
2012-11-20 21:54:00.000000203,6.8558354
2012-11-20 21:54:00.000000239,6.3272734
2012-11-20 21:54:00.000000125,15.753188
2012-11-20 21:54:00.00000064,8.501302
2012-11-20 21:54:00.000000153,7.552584
2012-11-20 21:54:00.00000054,7.8309603
2012-11-20 21:54:00.000000177,10.413265
2012-11-20 21:54:00.000000243,12.1366625
2012-11-20 21:54:00.000000128,5.6644936
2012-11-20 21:54:00.00000095,8.10775
2012-11-20 21:54:00.00000088,10.564957
2012-11-20 21:54:00.000000200,6.3959346
2012-11-20 21:54:00.00000053,6.130764
2012-11-20 21:54:00.000000199,5.9041266
2012-11-20 21:54:00.000000191,13.50307
2012-11-20 21:54:00.00000057,7.404817
2012-11-20 21:54:00.000000145,10.469459
2012-11-20 21:54:00.00000072,9.936058
2012-11-20 21:54:00.0000001,6.908665
2012-11-20 21:54:00.000000241,6.452743
2012-11-20 21:54:00.000000230,9.756627
2012-11-20 21:54:00.000000146,27.767426
2012-11-20 21:54:00.000000155,9.405027
2012-11-20 21:54:00.00000046,8.902943
2012-11-20 21:54:00.000000242,26.373787
2012-11-20 21:54:00.00000060,9.484727
2012-11-20 21:54:00.000000116,8.291079
2012-11-20 21:54:00.00000059,11.619311
2012-11-20 21:54:00.000000232,6.339035
2012-11-20 21:54:00.000000162,8.928914
2012-11-20 21:54:00.00000070,9.715566
2012-11-20 21:54:00.00000052,27.231583
2012-11-20 21:54:00.000000129,26.793737
2012-11-20 21:54:00.000000136,14.676954
2012-11-20 21:54:00.000000226,10.753997
2012-11-20 21:54:00.000000240,13.771116
2012-11-20 21:54:00.000000141,8.810359
2012-11-20 21:54:00.000000204,14.701297
2012-11-20 21:54:00.000000137,5.5777454
2011-02-22 14:18:40.0000001,9.252724
2014-06-23 00:16:00.00000066,33.634087
2014-06-23 00:16:00.00000039,8.029656
2014-06-23 00:16:00.00000076,8.208649
2014-06-23 00:16:00.00000030,35.568184
2014-06-23 00:16:00.00000070,15.1746025
2014-06-23 00:16:00.00000065,8.833143
2014-06-23 00:16:00.00000056,24.102
2014-06-23 00:16:00.00000038,6.398703
2014-06-23 00:16:00.00000071,23.729277
2014-06-23 00:16:00.00000013,9.934127
2014-06-23 00:16:00.00000073,8.480989
2014-06-23 00:16:00.0000001,14.343324
2014-06-23 00:16:00.00000026,12.5828085
2014-06-23 00:16:00.00000090,10.520742
2014-06-23 00:16:00.00000092,22.329102
2014-06-23 00:16:00.00000044,9.751096
2014-06-23 00:16:00.00000064,9.734243
2014-06-23 00:16:00.00000068,28.73823
2014-06-23 00:16:00.00000033,9.214695
2014-06-23 00:16:00.00000089,38.105732
2014-06-23 00:16:00.0000004,7.1212564
2014-06-23 00:16:00.00000062,15.230403
2014-06-23 00:16:00.00000019,8.135304
2014-06-23 00:16:00.00000041,10.459262
2014-06-23 00:16:00.00000024,16.506939
2014-06-23 00:16:00.00000074,18.920664
2014-06-23 00:16:00.00000018,14.61674
2014-06-23 00:16:00.00000043,4.3810954
2014-06-23 00:16:00.00000022,6.4974747
2014-06-23 00:16:00.00000088,10.17191
2014-06-23 00:16:00.00000057,5.0041833
2014-06-23 00:16:00.00000087,7.470015
2014-06-23 00:16:00.00000016,23.859783
2014-06-23 00:16:00.00000078,8.532032
2014-06-23 00:16:00.00000040,9.210757
2014-06-23 00:16:00.00000077,6.955437
2014-06-23 00:16:00.00000015,12.332714
2014-06-23 00:16:00.00000047,6.7473016
2014-06-23 00:16:00.0000005,4.9252863
2014-06-23 00:16:00.00000034,54.941593
2014-06-23 00:16:00.00000028,8.258308
2014-06-23 00:16:00.00000081,18.789427
2014-06-23 00:16:00.00000067,10.098772
2014-06-23 00:16:00.00000085,6.594061
2014-06-23 00:16:00.00000082,8.59981
2014-06-23 00:16:00.00000063,21.233599
2014-06-23 00:16:00.00000079,6.867232
2014-06-23 00:16:00.00000061,7.461991
2014-06-23 00:16:00.00000037,17.797789
2014-06-23 00:16:00.00000036,5.663797
2014-06-23 00:16:00.00000049,17.293367
2014-06-23 00:16:00.00000025,44.483044
2014-06-23 00:16:00.0000009,8.146417
2014-06-23 00:16:00.00000069,16.057053
2011-11-24 02:36:48.0000003,10.99089
2011-11-24 02:36:48.0000002,5.3334727
2011-11-24 02:36:48.0000001,12.685627
2013-06-05 01:34:56.0000001,11.645462
2013-03-18 12:51:12.0000001,11.102876
2013-03-18 12:51:12.0000003,4.8417506
2013-03-18 12:51:12.0000002,16.364725
2014-12-14 09:04:36.0000001,8.24828
2014-12-14 09:04:36.0000003,6.76156
2014-12-14 09:04:36.0000002,7.281504
2012-05-31 13:14:12.0000004,8.521225
2012-05-31 13:14:12.0000001,14.557524
2012-05-31 13:14:12.0000002,9.115958
2012-05-31 13:14:12.0000003,5.1812243
2011-01-16 18:57:12.0000001,6.0651755
2011-01-16 18:57:12.0000002,4.387036
2009-04-25 10:52:56.0000004,9.351595
2009-04-25 10:52:56.0000002,11.254792
2009-04-25 10:52:56.0000005,7.2982526
2009-04-20 11:11:40.0000001,5.8723927
2012-07-20 06:53:32.0000001,3.840895
2009-10-22 21:57:36.0000005,12.875836
2009-10-22 21:57:36.0000002,16.193703
2009-10-22 21:57:36.0000004,6.1715384
2009-10-22 21:57:36.0000003,4.936197
2009-03-16 10:30:12.0000001,12.480295
2009-07-14 12:12:36.0000004,7.1808586
2009-07-14 12:12:36.0000001,8.841993
2009-07-14 12:12:36.0000003,10.747698
2009-07-14 12:12:36.0000007,11.107774
2009-07-14 12:12:36.0000002,13.831902
2009-07-14 12:12:36.0000005,9.742837
2009-07-14 12:12:36.0000008,9.181958
2009-07-14 12:12:36.0000006,6.6648393
2014-11-12 09:06:32.0000004,6.9484177
2014-11-12 09:06:32.0000001,6.4469266
2014-11-12 09:06:32.0000003,6.300918
2014-11-12 09:06:32.0000005,22.18088
2014-11-12 09:06:32.0000002,8.042712
2011-04-10 11:57:12.0000002,9.245323
2011-04-10 11:57:12.0000003,7.794363
2011-04-10 11:57:12.0000004,4.9929338
2011-04-10 11:57:12.0000001,6.937261
2011-09-20 11:58:52.0000003,5.366881
2011-09-20 11:58:52.0000001,12.434662
2011-09-20 11:58:52.0000002,14.403369
2010-09-24 17:16:16.0000001,8.439446
2010-02-12 13:51:28.0000004,6.3734293
2010-02-12 13:51:28.0000005,8.977676
2010-02-12 13:51:28.0000001,6.870094
2010-02-12 13:51:28.0000003,6.902554
2010-02-12 13:51:28.0000002,11.680602
2011-01-03 21:51:28.0000002,7.4221287
2011-01-03 21:51:28.0000001,4.413936
2011-07-26 13:10:56.0000003,4.6739354
2011-07-26 13:10:56.0000002,8.146551
2011-07-26 13:10:56.0000001,7.4992394
2011-08-18 13:00:16.0000003,10.316296
2011-08-18 13:00:16.0000002,6.9257455
2013-06-20 19:49:52.0000004,7.703436
2013-06-20 19:49:52.0000001,7.3320136
2013-06-20 19:49:52.0000005,5.0086637
2013-06-20 19:49:52.0000002,24.00601
2013-06-20 19:49:52.0000003,10.698672
2013-09-25 22:00:00.00000079,11.7313385
2013-09-25 22:00:00.00000025,11.342044
2013-09-25 22:00:00.000000225,8.877239
2013-09-25 22:00:00.000000204,13.00739
2013-09-25 22:00:00.00000053,26.477798
2013-09-25 22:00:00.000000111,13.711311
2013-09-25 22:00:00.00000014,7.5750213
2013-09-25 22:00:00.000000172,55.123238
2013-09-25 22:00:00.000000154,4.872474
2013-09-25 22:00:00.000000133,4.270471
2013-09-25 22:00:00.000000160,9.291295
2013-09-25 22:00:00.000000119,6.1589828
2013-09-25 22:00:00.000000223,5.334059
2013-09-25 22:00:00.0000008,8.023724
2013-09-25 22:00:00.000000103,9.37132
2013-09-25 22:00:00.000000178,7.054708
2013-09-25 22:00:00.00000023,6.067891
2013-09-25 22:00:00.00000022,6.6658535
2013-09-25 22:00:00.00000076,5.8799934
2013-09-25 22:00:00.00000020,7.570443
2013-09-25 22:00:00.000000142,13.232557
2013-09-25 22:00:00.00000059,7.7507043
2013-09-25 22:00:00.000000110,6.104275
2013-09-25 22:00:00.000000205,10.490279
2013-09-25 22:00:00.000000182,10.58216
2013-09-25 22:00:00.00000081,8.870602
2013-09-25 22:00:00.000000230,23.60095
2013-09-25 22:00:00.000000164,12.136666
2013-09-25 22:00:00.00000090,11.255426
2013-09-25 22:00:00.000000106,9.339645
2013-09-25 22:00:00.00000078,7.795853
2013-09-25 22:00:00.0000001,49.181904
2013-09-25 22:00:00.000000126,11.559147
2013-09-25 22:00:00.000000156,7.3332143
2013-09-25 22:00:00.000000137,11.678982
2013-09-25 22:00:00.00000039,8.290968
2013-09-25 22:00:00.00000017,19.163984
2013-09-25 22:00:00.00000054,10.951402
2013-09-25 22:00:00.000000135,17.847792
2013-09-25 22:00:00.000000112,20.35743
2013-09-25 22:00:00.000000148,7.2461224
2013-09-25 22:00:00.000000143,34.60256
2013-09-25 22:00:00.00000043,6.188839
2013-09-25 22:00:00.000000203,6.45531
2013-09-25 22:00:00.00000040,8.617993
2013-09-25 22:00:00.00000035,10.146908
2013-09-25 22:00:00.000000117,16.707043
2013-09-25 22:00:00.000000244,7.830838
2013-09-25 22:00:00.0000002,18.128664
2013-09-25 22:00:00.000000246,56.44214
2013-09-25 22:00:00.00000091,19.036392
2013-09-25 22:00:00.000000235,7.134436
2013-09-25 22:00:00.000000237,33.067547
2013-09-25 22:00:00.000000185,7.054708
2013-09-25 22:00:00.000000233,8.643042
2013-09-25 22:00:00.00000075,7.9133935
2013-09-25 22:00:00.00000026,12.401953
2013-09-25 22:00:00.00000061,9.215837
2013-09-25 22:00:00.000000179,14.210962
2013-09-25 22:00:00.000000120,9.198137
2013-09-25 22:00:00.000000165,21.483782
2013-09-25 22:00:00.000000224,13.82749
2013-09-25 22:00:00.000000192,21.535213
2013-09-25 22:00:00.00000084,13.171015
2013-09-25 22:00:00.000000169,6.2101817
2013-09-25 22:00:00.000000175,27.304066
2013-09-25 22:00:00.000000132,6.9823337
2013-09-25 22:00:00.00000048,16.293736
2013-09-25 22:00:00.000000229,8.194669
2013-09-25 22:00:00.00000036,18.660316
2013-09-25 22:00:00.000000177,8.681642
2013-09-25 22:00:00.000000217,8.12434
2013-09-25 22:00:00.000000183,11.381043
2013-09-25 22:00:00.000000107,14.962409
2013-09-25 22:00:00.00000058,12.247584
2013-09-25 22:00:00.00000073,7.184461
2013-09-25 22:00:00.000000245,7.043189
2013-09-25 22:00:00.000000157,15.873064
2013-09-25 22:00:00.000000227,24.793892
2013-09-25 22:00:00.00000064,14.950594
2013-09-25 22:00:00.00000024,49.27608
2013-09-25 22:00:00.000000221,8.638897
2013-09-25 22:00:00.000000139,31.218115
2013-09-25 22:00:00.00000028,7.1178265
2013-09-25 22:00:00.00000057,7.2355447
2013-09-25 22:00:00.000000222,10.425634
2013-09-25 22:00:00.000000215,20.91124
2013-09-25 22:00:00.00000094,17.462404
2013-09-25 22:00:00.000000214,10.274698
2013-09-25 22:00:00.000000101,6.531642
2013-09-25 22:00:00.00000055,7.9314604
2013-09-25 22:00:00.00000049,21.45431
2013-09-25 22:00:00.000000216,16.567162
2013-09-25 22:00:00.000000123,9.072813
2013-09-25 22:00:00.000000136,6.5657287
2013-09-25 22:00:00.000000211,16.850435
2013-09-25 22:00:00.000000145,6.0553865
2013-09-25 22:00:00.000000250,40.403793
2013-09-25 22:00:00.000000188,10.592359
2013-09-25 22:00:00.000000202,5.899404
2013-09-25 22:00:00.000000242,11.231157
2013-09-25 22:00:00.000000140,8.74356
2013-09-25 22:00:00.000000171,9.492651
2013-09-25 22:00:00.00000099,5.1238503
2013-09-25 22:00:00.000000187,9.288128
2013-09-25 22:00:00.000000161,9.9604
2013-09-25 22:00:00.000000189,9.329695
2013-09-25 22:00:00.0000003,10.584624
2013-09-25 22:00:00.000000249,7.79143
2013-09-25 22:00:00.000000195,6.3789096
2013-09-25 22:00:00.00000072,11.476915
2013-09-25 22:00:00.00000012,10.579572
2013-09-25 22:00:00.000000149,9.029545
2013-09-25 22:00:00.000000197,11.232974
2013-09-25 22:00:00.00000038,55.401054
2013-09-25 22:00:00.0000009,19.529945
2013-09-25 22:00:00.00000089,15.862619
2013-09-25 22:00:00.000000199,29.546705
2013-09-25 22:00:00.000000219,6.239202
2013-09-25 22:00:00.000000159,11.759321
2013-09-25 22:00:00.000000173,10.581204
2013-09-25 22:00:00.000000209,18.295708
2013-09-25 22:00:00.000000196,8.722322
2013-09-25 22:00:00.00000093,6.8022804
2013-09-25 22:00:00.000000155,20.18046
2013-09-25 22:00:00.000000121,8.829249
2013-09-25 22:00:00.000000134,12.736204
2013-09-25 22:00:00.000000228,7.6894455
2013-09-25 22:00:00.00000092,12.8148985
2013-09-25 22:00:00.00000030,5.549365
2013-09-25 22:00:00.00000062,11.856874
2013-09-25 22:00:00.0000005,9.626215
2013-09-25 22:00:00.00000097,34.064034
2013-09-25 22:00:00.00000019,16.749887
2013-09-25 22:00:00.000000180,8.248287
2013-09-25 22:00:00.000000200,16.26601
2013-09-25 22:00:00.000000186,9.635151
2013-09-25 22:00:00.000000176,6.9419537
2013-09-25 22:00:00.00000082,7.9229317
2013-09-25 22:00:00.00000098,8.238337
2013-09-25 22:00:00.00000085,9.916749
2013-09-25 22:00:00.0000004,5.897168
2013-09-25 22:00:00.00000032,19.853243
2013-09-25 22:00:00.00000070,8.619024
2013-09-25 22:00:00.00000074,11.730959
2013-09-25 22:00:00.000000118,11.124396
2013-09-25 22:00:00.0000007,7.79481
2013-09-25 22:00:00.00000050,12.044183
2013-09-25 22:00:00.00000044,5.493348
2013-09-25 22:00:00.00000095,6.6977587
2009-01-15 02:42:48.0000001,4.764589
2011-07-06 18:07:44.0000001,9.677042
2011-07-06 18:07:44.0000003,5.755562
2011-07-06 18:07:44.0000005,6.123953
2011-09-08 01:28:24.0000001,31.214075
2014-07-11 12:36:08.0000002,6.630523
2010-11-04 05:01:44.0000001,4.0605574
2009-10-04 10:04:12.0000001,6.3831224
2009-10-04 10:04:12.0000003,4.761204
2009-10-04 10:04:12.0000002,4.436843
2009-10-04 10:04:12.0000004,3.6760385
2013-02-28 12:52:44.0000001,8.134305
2013-02-28 12:52:44.0000003,9.097072
2013-02-28 12:52:44.0000004,9.449869
2013-02-28 12:52:44.0000002,4.732393
2013-08-03 07:11:53.0000001,35.198406
2015-01-26 23:13:33.0000001,11.601422
2012-10-31 11:09:53.0000001,11.515224
2012-10-31 11:09:53.0000002,19.161085
2011-12-23 23:30:09.0000001,13.3889675
2015-01-29 11:01:21.0000001,5.7075195
2015-01-29 11:01:21.0000002,8.681828
2014-01-31 11:11:05.0000001,20.646465
2014-01-31 11:11:05.0000003,10.2063
2014-01-31 11:11:05.0000004,10.106208
2014-01-31 11:11:05.0000006,8.073639
2014-01-31 11:11:05.0000005,7.9709487
2015-02-20 11:08:29.0000006,5.380017
2015-02-20 11:08:29.0000002,16.453894
2015-02-20 11:08:29.0000004,11.284006
2015-02-20 11:08:29.0000003,9.757643
2015-02-20 11:08:29.0000005,5.7649817
2014-08-31 04:03:29.0000001,7.861459
2014-08-01 18:38:09.0000001,8.9013
2014-08-01 18:38:09.0000002,8.194761
2009-05-16 14:53:41.0000007,5.96352
2009-05-16 14:53:41.0000006,6.1547976
2009-12-17 06:28:05.0000001,8.012549
2009-12-17 06:28:05.0000002,4.082143
2009-12-17 06:28:05.0000003,7.493
2010-02-23 17:25:09.0000001,5.7784967
2010-02-23 17:25:09.0000002,4.6730285
2012-07-30 16:54:49.0000003,7.099663
2012-07-30 16:54:49.0000001,11.468549
2012-07-30 16:54:49.0000005,7.2409377
2012-07-30 16:54:49.0000004,6.2137446
2012-07-30 16:54:49.0000002,10.805976
2013-08-26 11:47:37.0000003,19.04059
2013-08-26 11:47:37.0000002,6.67026
2013-08-26 11:47:37.0000004,38.948353
2013-03-06 23:49:53.0000006,6.584363
2013-03-06 23:49:53.0000005,7.4905815
2013-03-06 23:49:53.0000003,7.691143
2013-03-06 23:49:53.0000002,5.2707434
2013-03-06 23:49:53.0000001,15.138397
2013-03-06 23:49:53.0000004,9.976106
2010-10-30 13:31:13.0000005,7.1992426
2010-10-30 13:31:13.0000003,4.881519
2010-10-30 13:31:13.0000004,4.0599675
2010-10-30 13:31:13.0000002,6.3421793
2012-03-25 16:56:01.0000001,5.086499
2012-03-25 16:56:01.0000002,7.5733767
2013-10-17 22:21:57.0000002,11.948157
2013-10-17 22:21:57.0000004,12.548782
2013-10-17 22:21:57.0000005,17.913477
2013-10-17 22:21:57.0000001,9.058159
2010-09-15 16:44:25.0000001,13.823468
2010-09-15 16:44:25.0000002,14.464449
2010-09-15 16:44:25.0000003,7.192461
2014-05-09 00:30:41.0000003,11.665045
2014-05-09 00:30:41.0000001,46.36342
2014-05-09 00:30:41.0000002,16.998499
2010-12-11 17:32:33.0000001,5.662222
2010-06-14 05:10:09.0000001,9.352127
2012-03-05 13:24:37.0000003,8.709013
2012-03-05 13:24:37.0000001,6.3884907
2011-03-03 07:09:09.0000002,8.743173
2011-03-03 07:09:09.0000001,8.713732
2010-07-01 22:11:33.0000001,8.56755
2010-07-01 22:11:33.0000002,7.513182
2010-07-01 22:11:33.0000004,5.599174
2012-01-07 21:39:05.0000002,8.558888
2010-08-22 12:30:21.0000002,5.4115534
2010-08-22 12:30:21.0000001,4.5965137
2012-05-26 00:31:25.0000002,20.661173
2011-12-16 09:20:01.0000001,12.986151
2012-01-26 20:09:45.0000003,14.483723
2012-01-26 20:09:45.0000004,10.398441
2012-01-26 20:09:45.0000002,6.92419
2012-01-26 20:09:45.0000001,7.596168
2010-02-03 11:33:29.0000002,5.2732444
2010-02-03 11:33:29.0000001,8.26331
2014-10-07 11:52:13.0000005,39.95896
2014-10-07 11:52:13.0000001,5.9564633
2014-10-07 11:52:13.0000004,15.945615
2014-10-07 11:52:13.0000002,6.9714637
2014-10-07 11:52:13.0000007,7.8847756
2014-10-07 11:52:13.0000003,9.233117
2013-05-06 23:46:25.0000001,9.558769
2015-06-13 19:17:09.0000006,9.378201
2015-06-13 19:17:09.0000004,10.365686
2015-06-13 19:17:09.0000002,18.806763
2015-06-13 19:17:09.0000003,14.759709
2015-06-13 19:17:09.0000001,5.664403
2011-06-29 00:15:21.0000001,6.2498174
2011-06-29 00:15:21.0000002,4.873896
2011-06-29 00:15:21.0000003,10.190995
2009-11-28 13:50:17.0000003,7.7332277
2009-11-28 13:50:17.0000001,4.354806
2010-05-02 12:05:45.0000001,8.012939
2009-10-12 14:18:01.0000001,6.2668676
2015-01-13 12:07:53.0000002,6.3378897
2015-01-13 12:07:53.0000007,11.418255
2015-01-13 12:07:53.0000001,15.503328
2015-01-13 12:07:53.0000004,4.4209094
2015-01-13 12:07:53.0000006,9.625073
2015-03-04 21:42:57.0000002,7.453452
2015-03-04 21:42:57.0000009,5.139645
2015-03-04 21:42:57.0000005,7.261776
2015-03-04 21:42:57.0000003,12.978966
2015-03-04 21:42:57.00000010,8.833085
2015-03-04 21:42:57.0000004,20.399311
2015-03-04 21:42:57.0000008,5.8292227
2015-03-04 21:42:57.0000001,11.882259
2015-03-04 21:42:57.0000007,5.5675087
2012-01-31 09:15:49.0000005,7.3872437
2012-01-31 09:15:49.0000002,9.027986
2012-01-31 09:15:49.0000006,11.751778
2012-01-31 09:15:49.0000003,4.9970927
2012-01-31 09:15:49.0000004,11.780882
2011-03-22 12:59:49.0000003,13.954196
2011-03-22 12:59:49.0000005,5.3456283
2011-03-22 12:59:49.0000004,6.908512
2014-10-05 17:21:45.0000001,5.876747
2013-07-05 00:58:17.0000003,7.675486
2013-07-05 00:58:17.0000002,17.410572
2010-09-28 21:50:05.0000001,5.141153
2010-09-28 21:50:05.0000003,18.980206
2010-09-28 21:50:05.0000002,6.8348947
2010-09-28 21:50:05.0000004,11.600141
2010-09-28 21:50:05.0000005,5.1587462
2012-05-25 09:21:17.0000001,4.8417444
2012-05-25 09:21:17.0000002,6.2798777
2012-05-25 09:21:17.0000003,5.932984
2010-01-30 00:57:21.0000003,8.019544
2010-01-30 00:57:21.0000004,5.9245067
2009-10-16 16:14:41.0000004,5.5296545
2009-10-16 16:14:41.0000001,5.867302
2009-10-16 16:14:41.0000003,5.300754
2012-04-02 08:39:21.0000003,5.4636064
2012-04-02 08:39:21.0000001,5.881363
2009-09-04 06:54:49.0000001,5.4835787
2012-08-29 09:53:33.0000002,9.031981
2012-08-29 09:53:33.0000001,9.803363
2011-03-13 05:34:57.0000001,10.478808
2010-10-22 00:49:05.0000001,5.9335976
2010-09-12 22:12:53.0000001,10.629758
2014-09-13 04:51:21.0000001,26.19516
2014-09-13 04:51:21.0000002,14.826884
2010-08-17 07:59:05.0000003,8.093521
2010-08-17 07:59:05.0000001,4.1250935
2010-08-17 07:59:05.0000002,9.652669
2011-03-06 23:14:17.0000001,10.362726
2014-06-19 08:41:17.0000001,6.2761445
2014-06-19 08:41:17.0000002,6.2093377
2014-06-19 08:41:17.0000006,16.270567
2014-06-19 08:41:17.0000004,11.155141
2014-06-19 08:41:17.0000003,7.2470093
2014-06-19 08:41:17.0000005,5.719389
2015-02-26 23:20:13.0000004,6.1799383
2015-02-26 23:20:13.0000002,8.3775625
2015-02-26 23:20:13.0000009,20.357172
2015-02-26 23:20:13.0000007,5.952067
2015-02-26 23:20:13.0000005,10.274807
2015-02-26 23:20:13.0000001,20.075272
2015-02-26 23:20:13.0000006,21.250847
2015-02-26 23:20:13.0000003,4.673999
2013-10-09 15:11:41.0000001,8.088336
2013-10-09 15:11:41.0000003,4.9899616
2013-10-09 15:11:41.0000002,23.755594
2011-09-01 09:53:49.0000002,7.0310826
2011-09-01 09:53:49.0000003,11.823078
2011-09-01 09:53:49.0000005,5.9563427
2011-09-01 09:53:49.0000001,11.785914
2011-11-28 14:13:37.0000001,9.331801
2011-11-28 14:13:37.0000003,6.116327
2010-09-28 00:16:53.0000002,15.192276
2010-09-28 00:16:53.0000004,10.3400345
2010-09-28 00:16:53.0000001,5.7003994
2013-08-30 11:20:21.0000002,15.84613
2013-08-30 11:20:21.0000001,15.324677
2013-09-19 21:24:21.0000002,5.0186653
2013-09-19 21:24:21.0000003,5.9782453
2012-07-01 22:30:29.0000001,4.9545035
2013-01-19 08:04:21.0000001,8.809551
2011-07-02 00:38:01.0000003,6.321037
2011-07-02 00:38:01.0000002,8.0917015
2014-02-08 17:24:57.0000001,16.062515
2010-01-13 01:56:57.0000001,5.619276
2014-01-05 12:00:13.0000005,8.627606
2014-01-05 12:00:13.0000003,12.181223
2014-01-05 12:00:13.0000002,7.3639116
2014-01-05 12:00:13.0000004,7.840592
2014-01-05 12:00:13.0000006,5.262712
2014-01-05 12:00:13.0000001,27.433886
2011-02-04 09:12:53.0000003,10.600476
2011-02-04 09:12:53.0000001,9.798565
2011-02-04 09:12:53.0000005,6.344968
2011-02-04 09:12:53.0000002,6.2935066
2012-03-08 12:33:25.0000005,6.0622215
2012-03-08 12:33:25.0000002,15.856042
2012-03-08 12:33:25.0000001,7.054445
2012-03-08 12:33:25.0000004,14.555246
2009-07-31 18:15:57.0000002,5.223158
2009-07-10 20:17:05.0000001,4.839635
2009-07-10 20:17:05.0000002,4.84443
2010-11-05 14:33:37.0000002,15.32098
2010-11-05 14:33:37.0000003,5.132657
2010-11-05 14:33:37.0000001,12.702342
2010-11-05 14:33:37.0000004,26.711819
2010-03-09 08:49:13.0000002,7.80862
2010-03-09 08:49:13.0000001,6.655845
2010-03-09 08:49:13.0000003,4.845324
2010-08-21 21:56:25.0000001,6.187337
2011-07-27 09:24:33.0000004,6.32973
2011-07-27 09:24:33.0000002,4.3311687
2011-07-27 09:24:33.0000005,11.803287
2011-07-27 09:24:33.0000001,8.139449
2011-07-27 09:24:33.0000003,12.11879
2010-10-09 17:11:17.0000002,7.12127
2014-01-16 23:24:37.0000001,14.178414
2009-09-25 15:13:57.0000005,31.390985
2009-09-25 15:13:57.0000007,6.008711
2009-09-25 15:13:57.0000006,6.204087
2009-09-25 15:13:57.0000004,9.171256
2009-12-13 20:44:37.0000001,8.118228
2009-12-13 20:44:37.0000004,9.27879
2009-12-13 20:44:37.0000002,7.2825375
2009-12-13 20:44:37.0000003,6.902921
2010-05-26 21:31:05.0000004,7.7338624
2010-05-26 21:31:05.0000003,12.004291
2010-05-26 21:31:05.0000005,4.243731
2010-05-26 21:31:05.0000001,8.971106
2010-05-26 21:31:05.0000002,6.2081532
2010-05-03 08:36:41.0000003,6.09772
2010-05-03 08:36:41.0000005,5.989943
2010-05-03 08:36:41.0000001,7.787486
2010-05-03 08:36:41.0000002,7.9694777
2009-06-22 08:08:29.0000001,16.919678
2009-06-22 08:08:29.0000002,8.441403
2009-01-20 17:38:05.0000003,6.587119
2009-01-20 17:38:05.0000005,3.8997827
2009-01-20 17:38:05.0000004,7.3253922
2009-01-20 17:38:05.0000001,4.8007226
2009-01-20 17:38:05.0000002,35.257584
2013-02-04 16:08:01.0000002,13.690509
2013-02-04 16:08:01.0000001,8.596305
2009-07-22 09:50:25.0000001,5.328794
2009-07-22 09:50:25.0000002,6.6898446
2009-07-22 09:50:25.0000003,6.11801
2013-07-17 06:50:17.0000001,15.995605
2011-01-24 20:18:49.0000002,6.211506
2011-01-24 20:18:49.0000004,7.30448
2011-01-24 20:18:49.0000001,3.9084256
2012-04-25 17:29:21.0000002,17.558607
2012-04-25 17:29:21.0000004,4.699257
2012-04-25 17:29:21.0000001,10.676519
2012-04-25 17:29:21.0000003,13.576311
2010-01-23 14:32:17.0000001,7.4416637
2010-01-23 14:32:17.0000002,5.910148
2012-03-07 01:22:57.0000001,7.543243
2012-03-07 01:22:57.0000002,11.803838
2012-06-02 01:16:05.0000002,4.5451217
2012-06-02 01:16:05.0000005,40.435333
2011-02-18 20:57:57.0000003,5.59785
2011-02-18 20:57:57.0000001,11.685012
2011-02-18 20:57:57.0000002,4.9076614
2010-11-03 17:52:21.0000001,5.0054936
2011-10-20 13:46:33.0000004,10.848858
2011-10-20 13:46:33.0000001,45.39276
2013-11-29 15:09:45.0000002,7.96747
2013-11-29 15:09:45.0000001,12.166606
2015-06-24 07:28:01.0000001,7.8398046
2015-06-24 07:28:01.0000003,77.79612
2015-06-24 07:28:01.0000004,5.6804776
2015-06-24 07:28:01.0000002,15.192633
2015-06-24 07:28:01.0000005,5.3876786
2010-03-27 11:29:05.0000001,5.4625034
2010-03-27 11:29:05.0000003,5.5338798
2010-03-27 11:29:05.0000002,4.065662
2014-06-09 11:18:25.0000005,5.880258
2014-06-09 11:18:25.0000003,12.432398
2014-06-09 11:18:25.0000001,8.927539
2014-06-09 11:18:25.0000004,6.3200707
2014-06-09 11:18:25.0000002,8.127939
2012-08-08 09:47:53.0000002,4.8132944
2012-08-08 09:47:53.0000003,4.756156
2012-08-08 09:47:53.0000001,8.194171
2014-10-28 12:23:09.0000003,18.687654
2014-10-28 12:23:09.0000006,8.641379
2014-10-28 12:23:09.0000004,12.029856
2014-10-28 12:23:09.0000005,8.545388
2014-10-28 12:23:09.0000002,6.7041507
2013-04-04 02:55:13.0000001,16.885038
2011-07-11 20:43:33.0000003,13.342692
2011-07-11 20:43:33.0000002,5.536073
2013-02-23 14:25:29.0000001,14.355546
2010-01-30 18:58:33.0000007,7.151678
2010-01-30 18:58:33.0000002,11.983269
2010-01-30 18:58:33.0000003,4.994791
2010-01-30 18:58:33.0000004,14.381721
2010-01-30 18:58:33.0000005,6.02369
2013-10-07 11:12:33.0000003,9.264213
2013-10-07 11:12:33.0000002,7.1430063
2013-10-07 11:12:33.0000001,7.93728
2012-10-08 12:29:21.0000001,7.70203
2014-08-22 06:49:41.0000002,7.931965
2014-08-22 06:49:41.0000001,5.039429
2014-04-26 22:02:17.0000001,13.871064
2010-05-13 08:48:41.0000004,29.062702
2010-05-13 08:48:41.0000002,5.578979
2010-05-13 08:48:41.0000001,15.247004
2010-05-13 08:48:41.0000003,9.192082
2014-06-22 14:49:13.0000004,5.456589
2014-06-22 14:49:13.0000003,5.6836348
2013-01-22 14:06:33.0000002,5.490354
2013-01-22 14:06:33.0000004,10.227561
2013-01-22 14:06:33.0000001,10.731597
2013-01-22 14:06:33.0000003,52.63074
2010-10-08 11:25:09.0000001,7.972947
2010-10-08 11:25:09.0000002,5.797623
2015-03-14 02:23:17.0000001,5.476269
2015-03-14 02:23:17.0000005,25.43174
2015-03-14 02:23:17.0000007,17.632772
2015-03-14 02:23:17.0000003,19.963673
2014-09-20 00:55:21.0000001,11.419754
2014-09-25 20:52:09.0000003,17.083046
2014-09-25 20:52:09.0000007,18.498766
2014-09-25 20:52:09.0000008,6.841476
2014-09-25 20:52:09.0000006,8.109943
2014-09-25 20:52:09.0000001,6.1183352
2014-09-25 20:52:09.0000004,13.475606
2013-08-20 09:05:33.0000001,9.550104
2012-01-19 00:39:29.0000001,14.252526
2009-12-23 09:09:21.0000002,15.450762
2009-12-23 09:09:21.0000003,10.998889
2009-12-23 09:09:21.0000001,13.220116
2012-12-15 06:35:45.0000002,16.873413
2012-12-15 06:35:45.0000003,57.394638
2012-12-15 06:35:45.0000004,5.924656
2013-09-30 07:03:29.0000001,9.89871
2014-06-10 11:21:37.0000001,7.5090313
2014-06-10 11:21:37.0000002,12.385518
2015-05-30 05:00:57.0000001,59.946907
2015-05-30 05:00:57.0000002,17.856691
2014-04-15 08:04:25.0000001,7.7394023
2014-04-15 08:04:25.0000002,12.472017
2012-09-04 21:59:45.0000001,6.9686522
2012-06-23 19:15:29.0000001,7.0808516
2014-09-23 18:20:01.0000002,9.104294
2014-09-23 18:20:01.0000001,8.763016
2011-06-30 21:50:17.0000002,9.465455
2011-06-30 21:50:17.0000006,6.2124023
2011-06-30 21:50:17.0000005,7.5925837
2011-06-30 21:50:17.0000004,9.423847
2011-06-30 21:50:17.0000001,4.9275036
2011-06-30 21:50:17.0000003,6.8712187
2013-04-09 08:59:41.0000001,5.6597238
2013-02-14 03:56:45.0000001,6.6820884
2009-02-23 21:09:17.0000002,7.994106
2009-02-23 21:09:17.0000003,4.176331
2009-02-23 21:09:17.0000001,5.65106
2013-04-05 20:47:57.0000001,14.780206
2013-04-05 20:47:57.0000003,9.868898
2013-04-05 20:47:57.0000002,16.196396
2013-03-11 06:58:05.0000001,8.926312
2012-01-05 05:51:01.0000002,6.2169533
2009-05-11 10:47:33.0000001,14.54334
2014-02-22 02:07:01.0000001,17.50678
2014-02-22 02:07:01.0000004,7.600081
2014-02-22 02:07:01.0000005,7.659889
2014-02-22 02:07:01.0000002,14.717816
2014-02-22 02:07:01.0000003,11.500419
2013-07-25 01:56:37.0000002,14.685614
2013-07-25 01:56:37.0000001,13.171654
2013-10-15 08:16:21.0000001,6.614348
2014-08-26 23:35:49.0000003,10.9360895
2014-08-26 23:35:49.0000004,19.92837
2014-08-26 23:35:49.0000001,8.541972
2009-08-28 23:01:41.0000007,8.99511
2009-08-28 23:01:41.0000004,6.1716423
2009-08-28 23:01:41.0000003,4.363936
2009-08-28 23:01:41.0000005,47.642944
2009-08-07 07:07:37.0000003,10.468234
2009-08-07 07:07:37.0000002,12.610722
2009-08-07 07:07:37.0000001,9.460152
2013-11-11 13:49:53.0000004,56.41385
2013-11-11 13:49:53.0000003,11.124862
2013-11-11 13:49:53.0000006,18.181423
2013-11-11 13:49:53.0000005,6.351289
2013-11-11 13:49:53.0000001,7.4087377
2013-11-11 13:49:53.0000002,10.172191
2012-08-11 19:58:29.0000002,7.6009254
2012-08-11 19:58:29.0000003,5.4698563
2012-08-11 19:58:29.0000004,7.9900413
2012-08-11 19:58:29.0000001,10.629268
2011-06-29 06:25:41.0000001,29.599913
2014-10-19 15:14:45.0000001,22.625597
2014-12-16 13:40:25.0000001,9.294858
2014-12-16 13:40:25.0000002,9.35237
2010-06-11 13:37:21.0000004,6.8859763
2010-06-11 13:37:21.0000001,6.0443635
2010-06-11 13:37:21.0000002,8.190855
2012-12-09 22:30:13.0000003,14.923963
2012-12-09 22:30:13.0000001,11.8842125
2010-06-21 20:21:45.0000001,17.732487
2011-05-11 19:56:09.0000002,11.386842
2013-06-17 06:37:49.0000001,4.2040567
2009-07-29 07:52:01.0000004,5.6962028
2009-07-29 07:52:01.0000002,15.2121315
2009-07-29 07:52:01.0000003,5.2246385
2009-07-29 07:52:01.0000001,4.723713
2014-08-08 00:02:41.0000001,9.906096
2014-08-08 00:02:41.0000003,12.597453
2014-08-08 00:02:41.0000005,12.604589
2009-02-19 09:17:21.0000001,10.476897
2013-09-12 12:50:13.0000004,5.3914695
2013-09-12 12:50:13.0000002,14.53904
2013-09-12 12:50:13.0000006,34.905125
2013-09-12 12:50:13.0000005,8.866333
2011-06-26 03:33:25.0000001,15.141145
2013-09-28 09:59:33.0000002,9.633974
2013-09-28 09:59:33.0000001,6.25705
2010-04-20 07:32:21.0000001,8.983816
2010-04-20 07:32:21.0000002,5.166474
2011-04-16 06:38:33.0000001,5.684665
2011-09-18 18:33:13.0000001,6.8638263
2011-09-18 18:33:13.0000002,20.891094
2014-03-04 16:24:45.0000003,17.795778
2014-03-04 16:24:45.0000002,8.874908
2013-08-03 15:48:29.0000001,6.5179377
2012-06-21 19:47:25.0000003,5.929096
2012-06-21 19:47:25.0000001,7.8459954
2012-06-21 19:47:25.0000002,7.284152
2014-03-10 12:25:21.0000003,5.4052267
2014-03-10 12:25:21.0000002,8.711927
2014-03-10 12:25:21.0000001,15.0933695
2014-11-10 10:52:41.0000002,23.028143
2014-11-10 10:52:41.0000003,16.026651
2010-10-17 23:04:25.0000001,9.085105
2009-12-22 15:59:53.0000001,4.773729
2009-12-22 15:59:53.0000002,4.5346036
2009-12-22 15:59:53.0000004,12.3370905
2014-05-08 21:23:41.0000002,4.3726726
2014-05-08 21:23:41.0000003,11.461702
2014-05-08 21:23:41.0000004,8.637731
2014-05-08 21:23:41.0000005,10.08344
2009-10-28 17:56:45.0000002,6.044075
2009-10-28 17:56:45.0000001,4.800195
2014-07-10 07:03:29.0000002,11.614346
2014-07-10 07:03:29.0000001,6.655776
2012-07-15 03:53:37.0000004,13.026955
2010-03-31 05:33:53.0000001,5.3469434
2010-03-31 05:33:53.0000002,6.0722346
2010-07-06 20:52:53.0000003,7.235873
2010-07-06 20:52:53.0000001,6.2713647
2010-07-06 20:52:53.0000002,5.5562725
2013-06-10 11:29:13.0000002,4.865868
2013-06-10 11:29:13.0000006,6.736065
2013-06-10 11:29:13.0000004,6.9254518
2013-06-10 11:29:13.0000005,5.4529886
2013-06-10 11:29:13.0000003,11.286522
2015-04-25 01:06:17.0000008,7.953478
2015-04-25 01:06:17.0000004,6.1010423
2015-04-25 01:06:17.0000001,5.167824
2015-04-25 01:06:17.0000006,8.61955
2015-04-25 01:06:17.0000002,9.902807
2011-05-27 14:47:09.0000001,7.0946903
2011-05-27 14:47:09.0000004,10.611354
2011-05-27 14:47:09.0000002,10.28307
2011-05-27 14:47:09.0000003,8.254099
2012-10-28 13:55:57.0000002,8.891559
2011-06-12 01:07:57.0000002,18.038147
2011-06-12 01:07:57.0000001,12.423058
2014-12-11 15:20:49.0000002,50.411648
2014-12-11 15:20:49.0000003,7.841125
2011-06-19 04:08:49.0000001,6.5058446
2015-06-02 09:11:17.0000003,6.9755516
2015-06-02 09:11:17.0000006,5.721754
2015-06-02 09:11:17.0000001,10.771448
2015-06-02 09:11:17.0000004,5.8458524
2015-06-02 09:11:17.0000005,12.887593
2014-05-09 02:23:21.0000001,11.412168
2011-10-08 12:54:49.0000003,7.956014
2011-10-08 12:54:49.0000001,12.358843
2009-06-02 08:34:33.0000003,8.800311
2009-06-02 08:34:33.0000002,6.244069
2010-12-09 17:21:29.0000001,5.8097854
2013-06-22 01:59:25.0000001,8.013255
2014-12-07 19:56:45.0000002,6.2146754
2014-12-07 19:56:45.0000003,9.207597
2013-12-04 17:40:13.0000006,8.991546
2013-12-04 17:40:13.0000004,11.751885
2013-12-04 17:40:13.0000002,11.35152
2013-12-04 17:40:13.0000005,4.7333426
2013-12-04 17:40:13.0000001,5.328065
2013-12-04 17:40:13.0000007,11.349803
2013-12-04 17:40:13.0000003,37.998474
2014-07-20 17:05:09.0000001,20.35311
2010-12-15 08:39:33.0000003,5.381354
2010-12-15 08:39:33.0000002,6.3044395
2010-12-15 08:39:33.0000004,47.04401
2010-12-15 08:39:33.0000001,5.1554675
2011-02-07 08:56:09.0000001,8.086309
2012-05-26 11:54:53.0000003,7.509056
2012-04-24 17:57:05.0000002,5.0623436
2012-04-24 17:57:05.0000003,31.895359
2012-04-24 17:57:05.0000001,12.77468
2014-01-11 19:20:17.0000002,7.8139515
2015-01-05 21:43:13.0000003,8.911531
2015-01-05 21:43:13.0000002,9.621679
2013-04-23 13:19:17.0000002,11.418192
2013-04-23 13:19:17.0000003,8.136892
2011-07-19 22:20:41.0000003,16.48181
2012-03-18 02:27:41.0000002,36.78489
2012-03-18 02:27:41.0000003,11.002721
2009-01-19 19:48:17.0000003,9.7683525
2011-06-21 22:19:45.0000002,5.1236854
2011-06-21 22:19:45.0000003,11.339182
2011-06-21 22:19:45.0000001,14.058753
2012-02-10 06:28:17.0000001,8.399468
2013-01-13 00:20:53.0000002,11.30201
2013-01-13 00:20:53.0000003,11.092799
2015-03-28 09:52:37.0000002,4.317952
2015-03-28 09:52:37.0000001,7.240607
2015-05-02 15:18:33.0000001,9.983264
2015-05-02 15:18:33.0000005,5.7458825
2015-05-02 15:18:33.0000002,7.946404
2015-05-02 15:18:33.0000006,7.4170976
2015-05-02 15:18:33.0000004,13.236535
2015-05-02 15:18:33.0000007,9.047716
2015-05-02 15:18:33.0000003,12.516859
2012-01-01 00:37:29.0000005,14.114742
2012-01-01 00:37:29.0000001,7.7615657
2012-01-01 00:37:29.0000003,9.241778
2012-01-01 00:37:29.0000002,10.861064
2010-06-24 19:32:25.0000001,8.804049
2010-06-24 19:32:25.0000002,4.4018364
2010-04-25 09:00:01.0000001,11.436207
2010-04-25 09:00:01.0000002,10.672646
2009-08-11 21:41:09.0000001,14.059012
2012-06-12 07:19:17.0000002,7.9150896
2012-06-12 07:19:17.0000001,5.697942
2011-12-30 11:16:05.0000002,11.44525
2011-12-30 11:16:05.0000001,7.9485598
2011-12-30 11:16:05.0000003,7.865226
2011-12-30 11:16:05.0000004,7.5988083
2013-11-28 13:17:13.0000001,9.507754
2010-06-14 20:51:37.0000001,17.420916
2010-06-14 20:51:37.0000002,10.182791
2012-06-10 00:46:17.0000004,14.490885
2012-06-10 00:46:17.0000002,12.022903
2013-02-10 19:51:53.0000001,8.584333
2013-02-10 19:51:53.0000002,14.487555
2010-02-20 04:04:13.0000001,8.402924
2010-02-20 04:04:13.0000002,6.9187393
2010-02-20 04:04:13.0000003,5.13502
2014-01-01 16:33:01.0000004,5.8027616
2014-01-01 16:33:01.0000001,9.544425
2014-01-01 16:33:01.0000002,11.92887
2014-01-01 16:33:01.0000003,12.184355
2013-06-04 08:06:57.0000002,8.208015
2013-06-04 08:06:57.0000005,6.2514644
2013-06-04 08:06:57.0000003,12.343959
2013-06-04 08:06:57.0000004,5.5142097
2013-06-04 08:06:57.0000001,4.2226887
2012-07-13 08:45:21.0000001,29.174923
2012-07-13 08:45:21.0000003,6.8267026
2012-07-13 08:45:21.0000004,5.8644457
2012-07-13 08:45:21.0000002,11.839202
2014-06-09 13:01:21.0000002,8.926819
2014-06-09 13:01:21.0000001,7.8800664
2010-10-01 13:11:05.0000002,7.325096
2010-10-01 13:11:05.0000004,7.5748224
2010-10-01 13:11:05.0000003,30.181513
2010-02-27 22:55:09.0000002,6.7762933
2010-02-27 22:55:09.0000003,6.7774177
2012-11-23 05:37:53.0000001,14.053652
2009-10-05 15:41:37.0000001,5.817097
2009-12-01 02:33:57.0000001,9.06547
2013-04-30 14:43:33.0000003,19.26224
2013-04-30 14:43:33.0000002,17.816751
2013-04-30 14:43:33.0000001,13.4988575
2015-05-17 04:17:33.0000001,10.187764
2015-05-17 04:17:33.0000002,10.1252985
2015-05-17 04:17:33.0000003,9.823171
2015-05-17 04:17:33.0000004,9.386369
2014-07-26 23:31:41.0000001,7.604864
2009-11-07 16:37:49.0000001,4.7070317
2009-11-07 16:37:49.0000003,7.183669
2009-11-07 16:37:49.0000002,44.559372
2009-11-07 16:37:49.0000005,4.8822026
2012-11-07 12:46:29.0000003,7.9615273
2012-11-07 12:46:29.0000001,12.424783
2012-11-07 12:46:29.0000002,5.591712
2011-01-07 09:25:57.0000002,4.4215918
2011-01-07 09:25:57.0000001,5.3554487
2012-07-18 16:28:21.0000002,5.3054576
2009-12-17 10:33:45.0000001,10.782197
2009-12-17 10:33:45.0000002,10.682364
2009-12-17 10:33:45.0000003,5.4072633
2009-12-17 10:33:45.0000004,5.897251
2013-03-08 19:03:09.0000001,13.694376
2013-03-08 19:03:09.0000004,7.8047013
2011-03-11 23:36:13.0000001,7.517798
2011-03-11 23:36:13.0000002,6.6809115
2011-03-11 23:36:13.0000004,5.503937
2011-03-11 23:36:13.0000003,5.3754854
2009-12-10 22:45:01.0000002,5.006181
2009-12-10 22:45:01.0000001,12.938314
2009-12-10 22:45:01.0000003,4.243223
2009-12-10 22:45:01.0000005,17.26867
2012-07-13 11:00:05.0000003,32.671246
2012-07-13 11:00:05.0000002,14.795624
2012-07-13 11:00:05.0000006,49.422375
2012-07-13 11:00:05.0000001,9.6275625
2012-07-21 17:57:17.0000001,8.585516
2009-04-23 02:42:05.0000002,6.2976437
2009-04-23 02:42:05.0000001,9.01803
2012-11-03 23:49:17.0000003,11.298482
2012-11-03 23:49:17.0000002,5.2551603
2012-11-03 23:49:17.0000004,5.9389997
2012-11-03 23:49:17.0000001,13.280111
2012-02-21 20:07:25.0000002,4.607805
2012-02-21 20:07:25.0000001,4.2885156
2012-03-26 05:24:13.0000001,17.72349
2010-02-01 20:28:45.0000001,5.399377
2010-02-01 20:28:45.0000002,6.8927345
2010-02-01 20:28:45.0000003,4.3620358
2009-09-26 04:36:49.0000001,4.5750747
2009-01-29 15:29:09.0000002,29.361738
2009-01-29 15:29:09.0000001,4.3501344
2009-12-29 02:06:33.0000002,13.863792
2009-12-29 02:06:33.0000001,8.720718
2010-09-06 00:39:05.0000001,7.3047876
2012-09-08 21:13:49.0000004,7.527744
2012-09-08 21:13:49.0000001,8.940627
2012-09-08 21:13:49.0000002,7.4315977
2012-09-08 21:13:49.0000003,7.0335445
2010-11-04 16:19:25.0000001,10.031846
2009-12-08 07:36:17.0000001,11.220704
2009-12-08 07:36:17.0000002,10.745245
2012-08-30 20:32:49.0000001,9.515886
2013-06-08 16:55:13.0000002,6.494711
2013-06-08 16:55:13.0000001,9.2314005
2014-07-01 11:05:21.0000002,6.2423277
2014-07-01 11:05:21.0000001,9.314099
2013-08-19 16:21:05.0000002,16.39835
2014-12-26 21:10:45.0000001,8.281743
2012-10-25 16:20:37.0000001,12.427603
2012-10-25 16:20:37.0000002,37.439552
2013-08-14 11:02:17.0000001,5.802263
2013-08-14 11:02:17.0000002,20.598919
2010-10-01 01:22:01.0000001,10.702214
2012-12-07 19:33:49.0000002,63.486237
2012-12-07 19:33:49.0000001,6.2695827
2011-07-11 01:40:45.0000001,8.086604
2013-07-18 01:45:01.0000001,6.4554787
2013-07-18 01:45:01.0000002,5.2630315
2009-06-25 10:29:21.0000002,4.420539
2009-06-25 10:29:21.0000001,4.264837
2012-07-31 20:04:53.0000005,5.7850847
2012-07-31 20:04:53.0000003,5.4791303
2012-07-31 20:04:53.0000004,4.0553904
2012-07-31 20:04:53.0000001,7.8542976
2010-11-15 22:25:13.0000001,6.3550467
2015-06-08 05:02:45.0000002,12.68138
2015-06-08 05:02:45.0000001,23.713243
2013-12-08 20:26:29.0000001,5.6535993
2013-12-08 20:26:29.0000002,10.831085
2013-12-08 20:26:29.0000003,11.403533
2009-05-10 00:24:57.0000002,11.550729
2009-05-10 00:24:57.0000004,5.308417
2009-05-10 00:24:57.0000003,8.784413
2009-05-10 00:24:57.0000005,5.165583
2009-05-10 00:24:57.0000001,4.4888015
2009-02-28 10:19:41.0000002,3.8979306
2009-02-28 10:19:41.0000001,7.2088914
2011-08-19 17:42:57.0000001,4.392988
2011-08-19 17:42:57.0000002,8.391221
2014-06-05 22:56:05.0000007,11.44393
2014-06-05 22:56:05.0000002,23.112928
2014-06-05 22:56:05.0000001,54.08163
2014-06-05 22:56:05.0000006,4.6130824
2014-06-05 22:56:05.0000005,5.616269
2014-06-05 22:56:05.0000003,23.583572
2014-07-16 18:33:41.0000001,8.690515
2014-07-16 18:33:41.0000002,9.055009
2014-07-16 18:33:41.0000003,15.228815
2009-07-14 22:41:09.0000002,5.0910883
2009-07-14 22:41:09.0000004,4.604936
2009-07-14 22:41:09.0000001,34.18832
2013-11-21 14:19:21.0000002,7.422503
2015-01-02 11:55:57.0000005,7.1970315
2015-01-02 11:55:57.0000002,10.164422
2015-01-02 11:55:57.0000004,23.84093
2015-01-02 11:55:57.0000001,8.073343
2011-09-26 22:26:57.0000001,5.7160306
2015-04-14 01:41:05.0000001,11.851419
2013-05-14 16:23:49.0000002,12.856486
2013-05-14 16:23:49.0000001,13.050325
2013-11-23 22:19:37.0000002,15.317366
2013-11-23 22:19:37.0000001,9.792847
2014-07-14 16:18:37.0000001,5.635068
2010-07-30 12:04:17.0000001,4.3187995
2010-07-30 12:04:17.0000002,7.621974
2011-07-27 21:48:49.0000002,7.3090186
2011-07-27 21:48:49.0000001,6.5283346
2014-03-18 19:55:17.0000003,6.047731
2014-03-18 19:55:17.0000002,14.433779
2014-03-18 19:55:17.0000004,8.313947
2014-07-28 21:44:21.0000001,11.879064
2009-05-23 07:56:37.0000001,7.2500324
2010-06-05 23:05:25.0000004,12.298083
2010-06-05 23:05:25.0000005,4.756804
2010-06-05 23:05:25.0000003,9.919039
2010-06-05 23:05:25.0000001,8.597898
2010-06-05 23:05:25.0000002,9.88146
2012-07-01 19:59:49.0000001,6.0657754
2015-06-07 17:23:09.0000004,9.1223755
2015-06-07 17:23:09.0000003,7.0583
2015-06-07 17:23:09.0000002,6.1790323
2015-06-07 17:23:09.0000001,10.692117
2013-03-10 07:31:45.0000001,6.1931243
2011-03-24 17:44:01.0000001,10.411521
2011-03-24 17:44:01.0000003,7.245914
2014-03-28 21:55:17.0000002,19.206676
2014-03-28 21:55:17.0000004,6.5441184
2014-03-28 21:55:17.0000005,8.100725
2014-03-28 21:55:17.0000006,7.169479
2013-04-28 20:00:05.0000002,55.781776
2013-04-28 20:00:05.0000001,7.2487383
2013-04-28 20:00:05.0000004,12.295905
2013-04-28 20:00:05.0000003,4.8979297
2012-04-27 18:37:09.0000003,10.473123
2012-04-27 18:37:09.0000001,10.853415
2012-04-27 18:37:09.0000004,10.318689
2014-04-05 18:11:33.0000001,11.584407
2013-11-07 22:25:25.0000002,16.820166
2010-06-19 03:06:33.0000002,5.178138
2012-06-30 03:53:29.0000003,9.218571
2012-06-30 03:53:29.0000001,14.440316
2011-09-15 02:11:49.0000002,17.40743
2011-09-15 02:11:49.0000001,23.53491
2012-08-08 04:45:25.0000001,47.792667
2011-05-19 16:01:41.0000004,5.622362
2011-05-19 16:01:41.0000002,5.7053585
2011-05-19 16:01:41.0000005,5.2696385
2011-05-19 16:01:41.0000003,24.537945
2009-12-27 04:00:09.0000001,14.994887
2010-01-11 12:38:33.0000006,28.051113
2010-01-11 12:38:33.0000003,7.305859
2010-01-11 12:38:33.0000005,5.2146235
2010-01-11 12:38:33.0000001,6.4606576
2010-01-11 12:38:33.0000004,6.605087
2010-10-16 09:26:33.0000004,22.491901
2010-10-16 09:26:33.0000002,6.668919
2014-07-25 18:06:37.0000002,8.879211
2014-07-25 18:06:37.0000004,9.8469
2014-07-25 18:06:37.0000005,15.069029
2014-07-25 18:06:37.0000003,7.6021576
2014-07-25 18:06:37.0000001,10.260391
2013-03-18 15:54:21.0000001,11.352464
2013-03-18 15:54:21.0000002,5.548651
2010-05-13 06:34:57.0000002,7.047159
2010-05-13 06:34:57.0000001,7.991706
2009-05-16 08:13:05.0000001,26.773775
2014-05-13 21:07:29.0000003,7.729109
2014-05-13 21:07:29.0000002,9.699431
2010-04-23 16:10:29.0000001,5.724203
2010-04-23 16:10:29.0000003,7.2674446
2010-04-23 16:10:29.0000002,5.886529
2015-05-25 22:13:09.0000002,93.59828
2015-05-25 22:13:09.0000001,16.402296
2013-11-16 18:33:25.0000003,6.3684454
2013-11-16 18:33:25.0000004,15.904457
2013-11-16 18:33:25.0000002,13.489903
2013-11-16 18:33:25.0000001,10.855569
2012-04-16 17:48:09.0000001,6.9643917
2012-04-16 17:48:09.0000002,6.689822
2012-04-16 17:48:09.0000003,9.094062
2014-12-29 12:55:53.0000002,10.020414
2014-12-29 12:55:53.0000001,25.941027
2014-12-29 12:55:53.0000003,14.20098
2009-08-02 14:01:33.0000002,5.868529
2009-08-02 14:01:33.0000003,32.57792
2009-08-02 14:01:33.0000001,4.7231846
2015-01-12 15:36:37.0000003,22.575539
2015-01-12 15:36:37.0000004,44.417675
2015-01-12 15:36:37.0000005,12.581381
2015-01-12 15:36:37.0000009,18.60482
2015-01-12 15:36:37.0000006,7.950875
2015-01-12 15:36:37.0000001,17.09559
2015-01-12 15:36:37.0000007,12.569596
2014-09-04 19:52:09.0000002,7.1452703
2014-09-04 19:52:09.0000001,6.120016
2014-09-04 19:52:09.0000003,5.142369
2014-09-04 19:52:09.0000004,20.306377
2009-06-01 17:42:01.0000001,12.895859
2009-06-01 17:42:01.0000002,9.4227495
2009-06-01 17:42:01.0000003,5.210136
2010-09-21 01:35:09.0000001,11.195579
2010-09-21 01:35:09.0000002,5.915097
2013-05-26 15:18:37.0000004,23.315935
2013-05-26 15:18:37.0000002,10.085375
2009-09-20 23:07:01.0000002,14.989774
2009-08-12 23:00:37.0000001,17.124464
2012-07-18 09:44:53.0000005,8.706341
2012-07-18 09:44:53.0000001,6.461677
2012-07-18 09:44:53.0000004,4.5739665
2012-07-18 09:44:53.0000002,6.101123
2009-09-25 21:43:49.0000005,9.105477
2009-09-25 21:43:49.0000007,12.863123
2009-09-25 21:43:49.0000003,7.137962
2009-09-25 21:43:49.0000006,4.6555095
2009-09-25 21:43:49.0000008,11.050117
2009-09-25 21:43:49.0000001,7.279511
2009-03-22 20:58:33.0000002,10.7348795
2009-03-22 20:58:33.0000001,8.342471
2011-12-09 21:19:25.0000002,9.023112
2011-12-09 21:19:25.0000005,11.034309
2011-12-09 21:19:25.0000006,4.8843226
2013-07-05 20:44:49.0000002,4.595171
2013-12-20 15:58:29.0000005,14.780056
2013-12-20 15:58:29.0000002,10.7949095
2013-12-20 15:58:29.0000003,38.778603
2013-12-20 15:58:29.0000004,13.743889
2014-10-06 14:37:25.0000004,12.936641
2014-10-06 14:37:25.0000003,20.105509
2014-10-06 14:37:25.0000002,10.277812
2014-10-06 14:37:25.0000001,8.0473
2015-01-18 23:09:25.0000003,24.119028
2015-01-18 23:09:25.0000002,9.428054
2014-05-01 14:11:21.0000002,13.606062
2014-05-01 14:11:21.0000004,8.894422
2014-05-01 14:11:21.0000005,9.132232
2014-05-01 14:11:21.0000006,7.1007085
2014-05-01 14:11:21.0000001,10.233358
2014-05-01 14:11:21.0000003,21.405111
2012-05-22 14:54:45.0000002,6.849375
2012-05-22 14:54:45.0000001,6.44414
2009-06-17 14:41:57.0000001,10.6541395
2009-09-16 10:27:37.0000001,8.486217
2009-09-16 10:27:37.0000002,7.5335593
2014-02-06 13:26:49.0000001,11.098339
2015-04-16 02:42:33.0000001,10.73715
2011-06-06 07:28:25.0000002,27.438646
2011-06-06 07:28:25.0000003,5.4617486
2011-06-06 07:28:25.0000001,5.0016675
2011-06-06 07:28:25.0000005,14.919669
2011-06-06 07:28:25.0000004,5.1825447
2013-02-27 19:25:13.0000003,18.7933
2013-02-27 19:25:13.0000007,12.396407
2013-02-27 19:25:13.0000006,12.959156
2013-02-27 19:25:13.0000004,5.4552345
2013-02-27 19:25:13.0000002,5.8018017
2013-02-27 19:25:13.0000005,9.017734
2014-10-03 01:06:05.0000001,7.703814
2014-10-03 01:06:05.0000002,5.785046
2010-06-26 00:14:53.0000001,7.459054
2009-09-15 08:28:53.0000001,7.8816032
2009-09-15 08:28:53.0000002,12.530593
2009-09-15 08:28:53.0000004,7.1242285
2009-09-15 08:28:53.0000005,6.028976
2011-08-09 05:27:05.0000001,8.923982
2010-10-20 08:49:45.0000001,7.1594696
2010-10-20 08:49:45.0000002,5.9739823
2012-02-08 11:14:49.0000002,5.7375083
2012-02-08 11:14:49.0000001,7.312158
2012-02-08 11:14:49.0000004,8.546475
2013-08-07 02:16:45.0000001,30.564814
2012-10-26 00:32:13.0000001,16.762466
2012-07-18 22:34:53.0000001,5.2649627
2011-05-17 22:09:17.0000001,12.923743
2009-04-04 00:20:37.0000001,16.962137
2009-04-04 00:20:37.0000003,7.488036
2009-04-04 00:20:37.0000002,12.069508
2009-09-04 18:43:33.0000003,8.552264
2009-09-04 18:43:33.0000004,11.332525
2010-09-19 17:13:29.0000001,12.079594
2010-09-19 17:13:29.0000007,11.076646
2010-09-19 17:13:29.0000005,9.010558
2010-09-19 17:13:29.0000004,5.653702
2010-09-19 17:13:29.0000003,12.848307
2010-09-19 17:13:29.0000002,8.936069
2013-03-19 18:08:29.0000003,10.759596
2013-03-19 18:08:29.0000004,12.478781
2011-11-22 00:15:25.0000002,5.8658814
2011-11-22 00:15:25.0000001,9.667763
2011-04-23 11:01:49.0000005,4.1630383
2011-04-23 11:01:49.0000004,5.7480135
2011-04-23 11:01:49.0000003,3.7677426
2012-10-19 06:56:29.0000001,6.5448375
2012-10-19 06:56:29.0000002,4.8136554
2009-12-16 14:45:21.0000002,5.939468
2009-12-16 14:45:21.0000003,7.2768273
2009-12-16 14:45:21.0000001,10.565028
2012-08-13 21:49:53.0000002,5.5740175
2012-08-13 21:49:53.0000003,3.7357996
2012-08-13 21:49:53.0000001,4.466603
2010-11-08 10:01:37.0000001,5.6628127
2010-11-08 10:01:37.0000002,7.728388
2010-11-08 10:01:37.0000006,5.761919
2010-11-08 10:01:37.0000007,11.427198
2010-11-08 10:01:37.0000005,29.036978
2010-11-08 10:01:37.0000004,4.5648227
2010-12-05 16:35:49.0000001,5.7510595
2010-12-05 16:35:49.0000002,9.228741
2014-10-15 12:10:49.0000001,11.149975
2009-04-01 19:28:09.0000004,13.364151
2009-04-01 19:28:09.0000002,8.729968
2009-04-01 19:28:09.0000003,6.010381
2009-04-01 19:28:09.0000007,18.006283
2009-04-01 19:28:09.0000005,6.7062554
2009-04-01 19:28:09.0000006,9.0957
2011-11-26 02:04:29.0000002,10.478319
2011-11-26 02:04:29.0000001,11.435471
2009-01-11 07:56:01.0000003,6.1328635
2009-01-11 07:56:01.0000002,3.7497578
2012-05-30 09:19:13.0000001,6.6206703
2014-06-10 01:06:25.0000001,18.150537
2014-06-10 01:06:25.0000003,18.39518
2014-06-10 01:06:25.0000002,49.368576
2014-10-28 22:42:33.0000002,18.287811
2014-10-28 22:42:33.0000001,21.618975
2009-03-20 12:14:53.0000004,8.986204
2009-03-20 12:14:53.0000007,5.702166
2009-03-20 12:14:53.0000002,8.740128
2009-03-20 12:14:53.0000005,9.337376
2009-03-20 12:14:53.0000001,5.173966
2009-03-20 12:14:53.0000006,6.8338847
2009-03-20 12:14:53.0000003,19.023645
2010-06-20 12:42:37.0000003,7.219653
2010-06-20 12:42:37.0000001,14.052948
2014-08-05 16:09:05.0000001,7.1747694
2014-11-06 01:40:49.0000003,4.9471536
2014-11-06 01:40:49.0000002,14.076942
2014-11-06 01:40:49.0000001,8.180188
2014-07-19 21:05:37.0000005,4.9256916
2014-07-19 21:05:37.0000001,11.445806
2014-07-19 21:05:37.0000004,12.51334
2014-07-19 21:05:37.0000003,8.349349
2015-02-19 11:39:21.0000005,7.669253
2015-02-19 11:39:21.0000002,10.600237
2015-02-19 11:39:21.0000003,7.7260184
2012-10-02 14:17:13.0000003,7.768388
2012-10-02 14:17:13.0000002,10.025552
2012-04-17 09:47:57.0000001,6.7685637
2012-04-17 09:47:57.0000003,13.935006
2012-04-17 09:47:57.0000002,28.41907
2011-04-16 00:01:17.0000002,14.642593
2011-04-16 00:01:17.0000001,4.549628
2010-06-18 08:54:37.0000003,10.605627
2010-06-18 08:54:37.0000002,16.765903
2010-06-18 08:54:37.0000001,10.29258
2012-10-20 00:36:37.0000005,8.411428
2012-10-20 00:36:37.0000003,37.618984
2012-10-20 00:36:37.0000004,5.6297154
2014-06-19 22:37:09.0000001,7.79839
2014-06-19 22:37:09.0000003,10.633551
2014-06-19 22:37:09.0000005,16.063236
2011-05-11 13:24:37.0000004,8.253751
2011-05-11 13:24:37.0000001,8.661203
2011-05-11 13:24:37.0000003,5.1163077
2014-04-09 08:42:05.0000002,11.022647
2014-04-09 08:42:05.0000001,7.8778763
2014-10-13 00:42:05.0000001,16.06032
2013-12-08 10:41:05.0000003,6.089566
2013-12-08 10:41:05.0000008,15.211545
2013-12-08 10:41:05.0000006,11.210753
2013-12-08 10:41:05.0000004,6.6618867
2013-12-08 10:41:05.0000001,12.306986
2013-12-08 10:41:05.0000005,9.11865
2013-02-14 02:02:13.0000001,5.2759404
2009-07-04 13:00:57.0000001,10.429054
2009-07-04 13:00:57.0000003,8.505286
2013-03-20 03:01:29.0000001,4.6228013
2010-08-25 12:03:21.0000002,10.827445
2010-08-25 12:03:21.0000001,5.9472003
2013-09-08 03:47:57.0000001,17.741726
2013-09-08 03:47:57.0000003,8.922936
2012-12-19 16:29:33.0000002,10.506977
2012-12-19 16:29:33.0000001,6.1788535
2009-05-15 21:19:13.0000001,11.136094
2009-05-15 21:19:13.0000002,7.3325496
2012-06-06 17:33:05.0000001,10.026969
2012-06-06 17:33:05.0000002,5.9370093
2012-06-06 17:33:05.0000003,11.994163
2012-06-06 17:33:05.0000004,8.077777
2011-09-20 00:07:17.0000001,9.705409
2010-01-29 08:32:53.0000007,5.0249195
2010-01-29 08:32:53.0000004,10.139626
2010-01-29 08:32:53.0000001,4.843935
2010-01-29 08:32:53.0000003,9.204564
2010-01-29 08:32:53.0000005,6.510503
2010-01-29 08:32:53.0000006,6.369384
2015-05-15 01:51:49.0000002,11.98049
2015-05-15 01:51:49.0000001,12.462584
2015-05-15 01:51:49.0000005,8.831364
2015-05-15 01:51:49.0000004,4.1395063
2011-07-26 05:14:29.0000001,47.806873
2011-09-09 03:00:05.0000002,17.924831
2011-09-09 03:00:05.0000001,4.465591
2012-11-12 10:06:17.0000004,6.775977
2012-11-12 10:06:17.0000005,10.338397
2012-11-12 10:06:17.0000002,7.3063226
2012-11-12 10:06:17.0000001,10.980993
2012-01-05 22:37:13.0000001,10.549514
2012-01-05 22:37:13.0000002,15.909023
2012-12-07 02:02:01.0000002,19.205507
2012-12-07 02:02:01.0000001,12.908392
2011-08-18 08:36:13.0000001,4.7816405
2011-08-18 08:36:13.0000004,6.600507
2011-08-18 08:36:13.0000003,10.638702
2011-08-18 08:36:13.0000006,7.4257464
2011-08-18 08:36:13.0000002,14.416595
2014-05-16 15:30:05.0000002,7.9728565
2014-05-16 15:30:05.0000001,9.2433405
2014-03-15 07:19:25.0000001,13.458809
2009-12-21 17:23:09.0000001,5.699599
2013-12-01 22:23:57.0000002,6.6413083
2013-12-01 22:23:57.0000001,16.821678
2014-01-03 15:48:49.0000003,10.213388
2014-01-03 15:48:49.0000002,7.787968
2013-01-19 20:19:45.0000003,16.816118
2013-01-19 20:19:45.0000001,8.535095
2013-01-19 20:19:45.0000004,5.7229924
2012-08-31 03:00:21.0000001,5.3107176
2012-07-21 16:32:41.0000001,5.860803
2012-07-21 16:32:41.0000002,4.7934594
2012-12-20 23:43:09.0000002,18.483173
2012-12-20 23:43:09.0000006,7.520035
2012-12-20 23:43:09.0000005,13.1911955
2012-12-20 23:43:09.0000003,6.401941
2009-06-13 18:40:13.0000002,12.529598
2009-06-13 18:40:13.0000003,11.286663
2014-11-16 09:12:45.0000001,15.3837805
2013-03-25 15:17:33.0000001,4.5271153
2009-09-28 05:36:49.0000001,7.331779
2013-07-08 17:31:29.0000001,6.2133174
2013-07-08 17:31:29.0000002,19.058554
2010-11-27 12:54:09.0000005,5.72637
2010-11-27 12:54:09.0000004,6.4919024
2010-11-27 12:54:09.0000001,4.55936
2010-11-27 12:54:09.0000003,3.9438
2010-11-27 12:54:09.0000002,16.003147
2011-02-15 02:43:33.0000002,11.390291
2011-02-15 02:43:33.0000001,15.233214
2012-10-25 06:12:37.0000001,7.457808
2014-05-01 06:39:54.0000001,5.622154
2015-03-17 21:44:26.0000001,13.191908
2015-03-17 21:44:26.0000006,9.090688
2015-03-17 21:44:26.0000005,18.83787
2015-03-17 21:44:26.0000003,12.454212
2015-03-17 21:44:26.0000004,12.463658
2011-05-02 13:26:54.0000003,5.8543673
2011-05-02 13:26:54.0000001,4.377715
2011-05-02 13:26:54.0000002,10.8620825
2009-01-06 07:36:34.0000003,8.301546
2009-01-06 07:36:34.0000002,6.145063
2009-01-06 07:36:34.0000004,10.953429
2010-06-23 10:29:22.0000005,4.237657
2010-06-23 10:29:22.0000001,14.333266
2010-06-23 10:29:22.0000004,4.9242387
2010-06-23 10:29:22.0000003,11.695743
2010-06-23 10:29:22.0000002,10.730728
2013-01-22 08:20:26.0000001,4.9649305
2013-01-22 08:20:26.0000002,6.3405886
2009-11-25 11:14:26.0000001,5.1644254
2009-11-25 11:14:26.0000002,8.910995
2012-12-04 06:52:02.0000001,13.220693
2012-12-04 06:52:02.0000002,12.424491
2012-12-04 06:52:02.0000003,9.631092
2014-05-27 10:31:46.0000001,8.896377
2014-05-27 10:31:46.0000003,20.126768
2014-05-27 10:31:46.0000002,18.973518
2009-09-20 22:15:46.0000001,8.119942
2011-06-30 08:40:22.0000001,4.8540297
2011-06-30 08:40:22.0000002,8.296891
2010-05-10 09:14:30.0000003,7.723322
2010-05-10 09:14:30.0000001,5.6537447
2010-05-10 09:14:30.0000002,6.1731467
2010-05-10 09:14:30.0000004,5.034017
2010-11-25 16:10:30.0000001,15.1386595
2014-11-18 16:06:14.0000001,8.63214
2013-01-20 20:41:26.0000003,13.338465
2013-01-20 20:41:26.0000001,16.066479
2015-06-07 00:38:14.0000003,7.731723
2009-01-03 00:51:02.0000004,8.858196
2009-01-03 00:51:02.0000003,5.3630443
2010-09-28 11:54:02.0000004,5.9299903
2010-09-28 11:54:02.0000005,8.928241
2010-09-28 11:54:02.0000003,5.912619
2010-09-28 11:54:02.0000001,6.695222
2010-09-28 11:54:02.0000002,19.346807
2013-11-07 17:01:14.0000001,38.713337
2013-11-07 17:01:14.0000006,6.100316
2013-11-07 17:01:14.0000002,8.11245
2013-11-07 17:01:14.0000003,5.021777
2013-11-07 17:01:14.0000005,6.5227504
2013-11-07 17:01:14.0000004,10.338457
2009-11-29 08:05:46.0000001,6.4257884
2012-10-21 17:43:26.0000003,7.240584
2012-10-21 17:43:26.0000002,11.018191
2012-10-21 17:43:26.0000006,5.728926
2012-10-21 17:43:26.0000001,7.589255
2012-10-21 17:43:26.0000004,14.703308
2012-10-21 17:43:26.0000005,9.487278
2013-07-31 06:52:46.0000001,5.0367455
2013-02-04 12:10:10.0000002,6.2143097
2013-02-04 12:10:10.0000001,7.1696978
2013-10-18 09:06:14.0000001,7.086696
2009-04-26 17:29:42.0000004,5.5225224
2009-04-26 17:29:42.0000002,7.120057
2009-04-26 17:29:42.0000005,10.075181
2009-04-26 17:29:42.0000003,7.552338
2009-04-26 17:29:42.0000006,7.1525
2015-04-12 21:56:22.0000004,17.993994
2015-04-12 21:56:22.0000002,10.125536
2015-04-12 21:56:22.0000001,55.009953
2015-02-25 22:00:38.0000003,27.36958
2015-02-25 22:00:38.0000006,11.303476
2015-02-25 22:00:38.0000001,17.713787
2015-02-25 22:00:38.0000004,11.93106
2015-02-25 22:00:38.0000005,23.082987
2013-12-30 00:48:42.0000003,5.07185
2013-12-30 00:48:42.0000002,18.95776
2013-12-30 00:48:42.0000001,10.369555
2012-11-20 21:15:22.0000004,9.6557665
2012-11-20 21:15:22.0000001,6.2886786
2012-11-20 21:15:22.0000003,17.685461
2012-11-20 21:15:22.0000006,9.553545
2012-11-20 21:15:22.0000005,13.824367
2012-11-20 21:15:22.0000002,20.569746
2012-11-20 21:15:22.0000007,9.431879
2010-03-21 16:52:58.0000002,30.337446
2010-03-21 16:52:58.0000001,10.875475
2010-03-21 16:52:58.0000004,13.725736
2010-10-06 23:31:54.0000002,6.219612
2013-07-09 21:59:42.0000002,39.48829
2012-06-23 09:43:42.0000006,15.994878
2012-06-23 09:43:42.0000001,4.379761
2012-06-23 09:43:42.0000003,9.609069
2012-06-23 09:43:42.0000005,6.425312
2009-01-21 20:04:30.0000004,8.098494
2009-01-21 20:04:30.0000008,6.9831696
2009-01-21 20:04:30.0000009,5.602771
2009-01-21 20:04:30.0000003,8.014556
2009-01-21 20:04:30.0000001,5.974656
2009-01-21 20:04:30.0000005,6.7679744
2009-01-21 20:04:30.0000002,6.463114
2009-01-21 20:04:30.0000007,4.5475774
2013-12-18 14:26:58.0000003,26.32092
2013-12-18 14:26:58.0000001,10.212929
2014-04-26 18:02:26.0000002,11.528493
2014-04-26 18:02:26.0000001,10.348856
2010-11-21 00:32:50.0000003,5.814838
2010-11-21 00:32:50.0000002,11.493259
2010-11-21 00:32:50.0000001,5.580969
2013-02-07 21:29:22.0000003,9.073439
2013-02-07 21:29:22.0000002,9.083973
2013-02-07 21:29:22.0000004,12.346149
2013-02-07 21:29:22.0000001,12.124748
2010-11-15 18:15:14.0000002,8.032291
2010-11-15 18:15:14.0000001,7.903695
2010-11-15 18:15:14.0000003,5.9057665
2010-11-15 18:15:14.0000004,6.831901
2013-10-26 10:46:46.0000005,8.559188
2013-10-26 10:46:46.0000002,11.780923
2013-10-26 10:46:46.0000004,10.893928
2013-10-26 10:46:46.0000001,5.5731654
2013-07-18 10:24:58.0000001,6.5707555
2010-05-14 04:15:54.0000001,6.3813105
2013-09-14 18:51:46.0000002,12.368294
2009-05-27 23:09:54.0000001,10.051865
2013-05-23 23:54:42.0000002,9.19256
2013-05-23 23:54:42.0000006,6.689139
2013-05-23 23:54:42.0000001,14.297987
2013-05-23 23:54:42.0000005,14.894504
2013-05-23 23:54:42.0000003,11.800116
2015-05-23 01:00:22.0000001,5.107351
2009-11-23 19:06:14.0000004,10.119644
2009-11-23 19:06:14.0000003,6.448575
2009-11-23 19:06:14.0000002,4.823688
2009-11-23 19:06:14.0000006,49.096012
2011-06-22 00:06:34.0000001,6.3079014
2014-07-02 02:27:22.0000001,4.744027
2012-11-18 14:55:42.0000002,6.707549
2012-11-18 14:55:42.0000003,8.311268
2012-11-18 14:55:42.0000004,6.8582325
2009-01-12 17:54:26.0000001,5.0422573
2012-10-10 06:59:02.0000002,8.769654
2012-10-10 06:59:02.0000003,7.740794
2012-10-10 06:59:02.0000001,6.001402
2010-01-24 14:09:58.0000001,6.0527053
2010-09-01 08:23:54.0000001,13.301599
2011-12-10 23:39:06.0000002,20.941395
2011-05-22 03:09:50.0000002,19.629505
2011-05-22 03:09:50.0000005,4.9836726
2011-05-22 03:09:50.0000001,6.2449665
2011-05-22 03:09:50.0000004,21.459112
2011-05-22 03:09:50.0000003,17.941944
2013-06-29 14:26:06.0000004,18.547995
2013-06-29 14:26:06.0000003,7.350818
2013-06-29 14:26:06.0000002,7.034451
2013-06-29 14:26:06.0000001,14.395862
2011-01-25 10:31:26.0000001,12.363686
2011-01-25 10:31:26.0000002,7.9039164
2013-02-11 01:03:30.0000001,24.721304
2009-12-17 15:54:46.0000005,10.427534
2009-12-17 15:54:46.0000003,5.2448387
2009-12-17 15:54:46.0000001,9.290443
2009-12-17 15:54:46.0000004,5.9273615
2012-03-17 05:33:02.0000001,10.2080345
2009-10-24 19:48:30.0000001,5.4982414
2009-10-24 19:48:30.0000002,7.5398054
2009-10-24 19:48:30.0000003,12.092747
2013-03-23 00:10:26.0000004,34.111385
2013-03-23 00:10:26.0000002,5.432403
2013-03-23 00:10:26.0000001,48.897625
2013-03-23 00:10:26.0000003,18.425364
2010-06-16 18:41:54.0000001,7.09333
2010-06-16 18:41:54.0000002,7.9016814
2011-01-15 04:13:38.0000002,4.243502
2014-07-27 11:25:18.0000001,5.0464864
2014-07-27 11:25:18.0000002,5.4480963
2011-11-02 08:21:50.0000002,6.354645
2015-05-16 04:37:50.0000001,10.916353
2015-05-16 04:37:50.0000002,11.168311
2009-03-15 03:31:14.0000002,8.725901
2009-03-15 03:31:14.0000001,6.0194855
2014-09-08 19:07:46.0000002,13.685645
2009-08-28 11:58:58.0000001,4.418609
2010-04-24 23:31:50.0000001,5.6032743
2010-04-24 23:31:50.0000003,10.106604
2013-06-13 14:50:50.0000002,13.468006
2013-06-13 14:50:50.0000001,9.337579
2010-07-07 06:22:38.0000002,16.225552
2010-07-07 06:22:38.0000001,8.212092
2009-03-24 00:11:26.0000001,8.211939
2009-03-24 00:11:26.0000002,9.03783
2013-10-23 14:27:10.0000001,6.225066
2011-03-03 21:31:42.0000007,11.898822
2011-03-03 21:31:42.0000001,6.341112
2011-03-03 21:31:42.0000008,9.511109
2011-03-03 21:31:42.0000006,6.881689
2011-03-03 21:31:42.0000005,6.475898
2011-09-05 10:47:26.0000002,15.15989
2011-09-05 10:47:26.0000003,14.386246
2011-09-05 10:47:26.0000004,10.570678
2012-08-04 23:34:58.0000001,11.013211
2012-08-04 23:34:58.0000004,4.7518277
2012-08-04 23:34:58.0000002,6.532067
2015-01-29 13:15:50.0000003,10.659379
2015-01-29 13:15:50.0000004,6.6955113
2015-01-29 13:15:50.0000007,10.053361
2015-01-29 13:15:50.0000006,11.973631
2015-01-29 13:15:50.0000008,4.7790284
2015-01-29 13:15:50.0000005,7.128727
2015-01-29 13:15:50.0000002,7.0909495
2015-01-29 13:15:50.0000009,7.8166246
2012-09-16 12:48:06.0000004,7.0672426
2012-09-16 12:48:06.0000001,12.548134
2012-09-16 12:48:06.0000003,14.716296
2015-04-10 11:56:54.0000008,7.0200934
2015-04-10 11:56:54.0000001,14.122473
2015-04-10 11:56:54.0000002,27.771547
2015-04-10 11:56:54.0000007,57.85608
2015-04-10 11:56:54.0000003,7.633952
2015-05-05 12:32:14.0000007,10.893934
2015-05-05 12:32:14.0000006,10.78088
2015-05-05 12:32:14.0000003,10.398305
2015-05-05 12:32:14.0000004,5.180714
2015-05-05 12:32:14.0000002,9.839262
2015-05-05 12:32:14.0000005,11.12762
2015-05-05 12:32:14.0000001,16.321934
2013-10-15 23:31:26.0000001,7.283577
2014-08-24 01:17:38.0000001,5.1378713
2013-04-04 07:01:06.0000003,11.922868
2013-04-04 07:01:06.0000001,4.7090645
2013-04-04 07:01:06.0000002,8.656844
2013-06-21 18:06:14.0000001,8.666394
2013-06-21 18:06:14.0000005,11.3055105
2013-06-21 18:06:14.0000004,6.5241456
2013-06-21 18:06:14.0000003,12.353132
2013-06-21 18:06:14.0000006,8.686789
2009-08-03 21:09:42.0000001,6.2493567
2009-08-03 21:09:42.0000003,5.8005643
2009-08-03 21:09:42.0000002,7.9372625
2009-08-03 21:09:42.0000004,5.210683
2013-10-13 19:52:54.0000003,5.7427974
2013-10-13 19:52:54.0000001,5.360393
2014-11-14 11:09:46.0000001,7.149593
2014-11-14 11:09:46.0000002,29.189474
2015-06-25 01:01:46.0000003,5.4722013
2015-06-25 01:01:46.0000001,9.144298
2009-05-19 15:44:30.0000003,8.744943
2014-01-26 08:48:30.0000001,17.438698
2014-01-26 08:48:30.0000002,4.965577
2012-01-19 02:06:02.0000001,4.342889
2014-12-25 21:32:58.0000001,11.101159
2012-08-09 07:49:02.0000001,10.48737
2012-08-09 07:49:02.0000003,15.79627
2012-08-09 07:49:02.0000002,6.9152727
2014-08-10 05:03:50.0000001,30.5165
2010-01-11 15:18:14.0000002,5.60263
2010-01-11 15:18:14.0000003,5.1084313
2010-01-11 15:18:14.0000004,9.0751
2010-01-11 15:18:14.0000001,7.359897
2009-11-10 15:56:38.0000006,6.209195
2009-11-10 15:56:38.0000002,7.9371557
2009-11-10 15:56:38.0000004,9.933183
2009-11-10 15:56:38.0000003,48.81661
2009-11-10 15:56:38.0000005,4.8255424
2009-11-10 15:56:38.0000001,10.209949
2012-10-18 09:17:42.0000002,8.282903
2012-10-18 09:17:42.0000001,9.275692
2010-12-06 13:19:58.0000003,6.023074
2010-12-06 13:19:58.0000002,8.483243
2010-12-06 13:19:58.0000001,8.814481
2011-07-30 15:27:58.0000003,6.9170833
2011-07-30 15:27:58.0000002,6.715594
2011-07-20 04:21:54.0000001,5.6977577
2011-07-20 04:21:54.0000002,7.5958204
2009-03-10 19:51:34.0000003,5.650189
2009-03-10 19:51:34.0000004,10.29718
2009-03-10 19:51:34.0000005,5.1924033
2009-03-10 19:51:34.0000002,11.212074
2009-03-10 19:51:34.0000001,6.163158
2011-11-15 22:33:42.0000001,8.467542
2011-11-15 22:33:42.0000002,12.908225
2010-09-24 22:40:06.0000005,7.0959096
2010-09-24 22:40:06.0000003,24.75103
2010-09-24 22:40:06.0000006,5.6252875
2010-09-24 22:40:06.0000002,7.327195
2010-09-24 22:40:06.0000001,6.686568
2010-02-06 17:37:10.0000007,4.640083
2010-02-06 17:37:10.0000004,5.546427
2010-02-06 17:37:10.0000006,6.982009
2010-02-06 17:37:10.0000003,4.966647
2012-05-11 02:43:18.0000002,7.8666883
2012-05-11 02:43:18.0000001,4.260161
2011-09-25 21:18:06.0000001,8.940755
2011-09-25 21:18:06.0000002,10.793916
2013-12-18 03:16:02.0000001,15.231518
2012-01-26 01:32:42.0000001,9.140999
2012-01-26 01:32:42.0000002,4.672809
2011-10-02 03:06:34.0000001,6.7448235
2012-03-31 12:52:46.0000002,7.125312
2012-03-31 12:52:46.0000001,18.60263
2014-06-15 00:51:42.0000001,15.758664
2009-04-21 17:27:58.0000001,8.636579
2009-04-21 17:27:58.0000002,6.698455
2012-08-13 15:02:26.0000002,5.744402
2012-08-13 15:02:26.0000003,6.9930224
2014-10-27 11:56:50.0000001,7.2660556
2014-10-27 11:56:50.0000002,17.148087
2014-10-27 11:56:50.0000003,10.927683
2009-09-29 18:03:18.0000001,12.665327
2011-10-30 16:52:26.0000001,5.2292957
2011-10-30 16:52:26.0000002,5.8908024
2014-11-24 23:39:26.0000002,20.031878
2014-11-24 23:39:26.0000001,30.15192
2011-08-16 14:41:50.0000001,8.199615
2011-08-16 14:41:50.0000003,5.8363323
2011-08-16 14:41:50.0000002,8.379168
2013-01-14 18:42:54.0000002,21.413504
2013-01-14 18:42:54.0000006,6.588139
2013-01-14 18:42:54.0000001,5.1967015
2013-01-14 18:42:54.0000007,4.546706
2013-01-14 18:42:54.0000008,10.095108
2009-04-18 23:09:34.0000002,11.370764
2009-11-11 21:20:18.0000001,5.3831816
2009-11-11 21:20:18.0000003,18.288786
2012-07-24 01:12:50.0000004,16.086954
2012-07-24 01:12:50.0000003,5.673167
2012-07-24 01:12:50.0000001,13.113455
2012-07-24 01:12:50.0000002,6.430616
2012-07-24 01:12:50.0000005,11.123837
2009-04-18 02:44:34.0000003,7.7079268
2009-04-18 02:44:34.0000002,13.93304
2014-07-18 06:32:22.0000001,7.4716597
2014-01-10 12:28:38.0000001,11.012776
2011-08-08 15:27:22.0000001,4.1922784
2014-07-30 14:42:34.0000001,8.761673
2014-07-30 14:42:34.0000003,29.566755
2014-07-30 14:42:34.0000002,16.218075
2014-08-26 16:39:54.0000002,13.790154
2014-10-11 00:26:38.0000002,15.089737
2014-10-11 00:26:38.0000003,13.126831
2014-10-11 00:26:38.0000001,11.149158
2014-10-11 00:26:38.0000005,11.700216
2014-10-11 00:26:38.0000007,5.536621
2014-10-11 00:26:38.0000006,20.418524
2009-08-15 14:25:02.0000001,10.459475
2009-09-22 06:43:46.0000001,5.977385
2014-05-14 00:00:34.0000001,8.77253
2014-05-14 00:00:34.0000002,10.879643
2014-10-14 01:57:26.0000001,4.2862453
2009-05-31 20:56:38.0000002,39.868767
2009-05-31 20:56:38.0000003,7.782704
2009-05-31 20:56:38.0000001,4.7928452
2009-07-11 12:59:58.0000001,8.011827
2010-06-02 15:33:06.0000001,4.668016
2010-06-02 15:33:06.0000002,5.570089
2010-06-02 15:33:06.0000003,4.67405
2010-01-30 02:13:06.0000002,4.2704706
2010-01-30 02:13:06.0000001,4.680512
2010-01-30 02:13:06.0000003,9.157845
2014-01-05 17:47:02.0000003,8.059715
2014-01-05 17:47:02.0000002,11.366322
2009-03-21 09:59:50.0000003,45.86815
2009-03-21 09:59:50.0000002,10.933969
2009-03-21 09:59:50.0000001,5.3025565
2009-08-26 23:55:38.0000002,9.03121
2009-06-09 15:10:50.0000002,48.521496
2009-06-09 15:10:50.0000001,4.488727
2011-09-18 06:14:54.0000001,7.8494153
2009-03-27 16:05:22.0000004,31.746435
2009-03-27 16:05:22.0000005,5.1445904
2009-03-27 16:05:22.0000001,9.863865
2009-03-27 16:05:22.0000006,7.1341934
2009-03-27 16:05:22.0000003,10.281763
2009-03-27 16:05:22.0000002,6.7057014
2015-05-29 10:02:42.0000005,8.936454
2015-05-29 10:02:42.0000003,7.606242
2015-05-29 10:02:42.0000004,8.574976
2012-09-07 23:20:34.0000004,16.78798
2012-09-07 23:20:34.0000003,14.25482
2012-09-07 23:20:34.0000001,6.2910895
2014-03-07 10:36:50.0000002,8.975017
2014-03-07 10:36:50.0000001,10.211325
2013-03-17 23:47:50.0000002,17.506853
2013-03-17 23:47:50.0000001,6.4249415
2015-06-30 20:03:50.0000005,10.659095
2015-06-30 20:03:50.0000001,112.52868
2015-06-30 20:03:50.0000003,10.249798
2015-06-30 20:03:50.0000004,6.7430468
2015-05-11 02:21:26.0000002,4.901401
2015-05-11 02:21:26.0000001,13.476917
2015-01-10 14:32:14.0000001,8.795162
2014-12-05 14:14:14.0000001,11.323009
2014-12-05 14:14:14.0000002,12.550337
2012-04-23 12:23:18.0000001,7.2289495
2012-04-23 12:23:18.0000003,4.8167267
2012-04-23 12:23:18.0000002,33.215904
2012-09-01 13:33:14.0000003,8.249344
2012-09-01 13:33:14.0000002,11.628364
2012-09-01 13:33:14.0000001,12.617359
2011-04-17 14:55:58.0000001,3.8763466
2010-05-31 20:43:42.0000002,7.99631
2013-11-22 23:44:34.0000002,12.662806
2013-11-22 23:44:34.0000001,7.787625
2013-05-17 05:30:10.0000002,12.196313
2013-05-17 05:30:10.0000001,7.5467057
2009-07-28 11:13:10.0000001,11.455377
2014-05-18 14:43:26.0000001,10.740618
2014-05-18 14:43:26.0000002,6.996398
2014-05-18 14:43:26.0000003,6.8321066
2011-10-08 18:18:26.0000005,10.035223
2011-10-08 18:18:26.0000001,4.767081
2011-10-08 18:18:26.0000004,13.202237
2013-09-27 04:39:14.0000001,9.6756735
2011-02-08 01:44:18.0000001,10.845999
2015-01-12 06:21:38.0000001,7.3837714
2015-01-12 06:21:38.0000002,18.974398
2010-03-23 13:23:34.0000004,5.1868753
2010-03-23 13:23:34.0000002,14.545718
2010-03-23 13:23:34.0000001,4.986728
2009-04-02 06:19:02.0000001,9.216666
2012-01-12 18:05:10.0000003,9.462332
2012-01-12 18:05:10.0000001,24.138966
2014-11-21 02:04:42.0000002,11.517717
2014-11-21 02:04:42.0000003,13.098308
2014-11-21 02:04:42.0000001,25.990385
2010-10-09 03:54:42.0000001,5.7273617
2012-04-03 12:26:14.0000002,5.2698045
2012-04-03 12:26:14.0000001,33.807858
2012-04-03 12:26:14.0000003,10.526007
2010-12-21 08:46:02.0000005,11.401381
2010-12-21 08:46:02.0000004,8.050336
2010-12-21 08:46:02.0000003,10.198
2010-06-19 22:52:30.0000002,5.8165483
2010-06-19 22:52:30.0000001,11.085551
2013-01-03 01:43:10.0000001,22.41221
2013-11-24 03:44:46.0000004,11.595936
2013-11-24 03:44:46.0000002,17.232391
2013-11-24 03:44:46.0000005,14.895485
2011-04-16 12:57:18.0000001,6.6954556
2012-10-11 22:24:18.0000001,11.123252
2010-12-13 23:24:02.0000002,9.51009
2010-12-13 23:24:02.0000001,9.496927
2011-09-14 23:42:46.0000001,10.549022
2011-05-17 23:42:46.0000001,5.029439
2011-05-17 23:42:46.0000004,43.70241
2011-05-17 23:42:46.0000002,10.276351
2011-05-17 23:42:46.0000005,4.3808117
2011-05-17 23:42:46.0000007,7.9650693
2013-06-30 03:37:26.0000002,5.296875
2013-06-30 03:37:26.0000005,20.439304
2013-06-30 03:37:26.0000001,4.914036
2013-06-30 03:37:26.0000004,17.014345
2011-05-26 21:36:54.0000001,5.3224964
2009-11-09 06:00:22.0000001,4.650942
2014-01-09 17:27:18.0000002,35.033882
2014-01-09 17:27:18.0000001,5.4106097
2014-01-09 17:27:18.0000005,9.616783
2014-01-09 17:27:18.0000006,5.5729427
2014-01-09 17:27:18.0000007,7.9126115
2012-07-01 00:24:58.0000003,7.6651473
2012-07-01 00:24:58.0000001,8.122864
2012-07-01 00:24:58.0000002,11.616476
2010-06-02 14:55:22.0000003,7.318546
2010-06-02 14:55:22.0000002,4.9748235
2010-06-02 14:55:22.0000004,6.3483734
2010-06-02 14:55:22.0000006,7.2947836
2010-06-02 14:55:22.0000001,14.406296
2010-06-02 14:55:22.0000005,8.192657
2013-03-07 08:50:34.0000001,20.368856
2013-03-07 08:50:34.0000005,7.1564245
2013-03-07 08:50:34.0000002,13.465442
2013-03-07 08:50:34.0000006,12.75103
2013-03-07 08:50:34.0000003,14.066722
2013-03-07 08:50:34.0000004,13.311563
2013-10-28 00:33:30.0000001,8.538258
2013-11-23 16:33:30.0000003,12.172827
2013-11-23 16:33:30.0000001,7.8632064
2014-11-06 07:56:46.0000002,7.241915
2014-11-06 07:56:46.0000001,7.896343
2013-04-05 12:38:22.0000001,17.998827
2014-11-06 02:02:10.0000001,5.487072
2012-10-09 07:47:46.0000002,8.569884
2012-10-09 07:47:46.0000001,11.588337
2012-10-09 07:47:46.0000003,10.701052
2012-10-09 07:47:46.0000004,10.059975
2012-10-09 07:47:46.0000005,5.738505
2013-11-21 22:21:58.0000001,17.46325
2014-12-20 01:57:26.0000001,8.693094
2014-12-20 01:57:26.0000004,5.531452
2014-12-20 01:57:26.0000003,11.31289
2014-12-20 01:57:26.0000002,5.8573227
2010-01-09 13:24:22.0000003,6.0022774
2011-11-02 02:18:18.0000001,19.698608
2009-03-11 21:46:54.0000003,8.2631
2009-03-11 21:46:54.0000005,15.242086
2009-03-11 21:46:54.0000001,8.198851
2009-03-11 21:46:54.0000004,25.992056
2014-12-07 03:45:18.0000001,7.368249
2014-12-07 03:45:18.0000002,15.3892355
2014-12-07 03:45:18.0000004,17.923428
2014-12-07 03:45:18.0000003,8.332324
2014-11-29 19:23:58.0000001,11.240834
2010-03-04 09:49:38.0000002,18.240309
2010-03-04 09:49:38.0000001,9.047527
2010-03-04 09:49:38.0000003,3.978123
2009-10-10 06:52:06.0000001,5.1255918
2009-10-10 06:52:06.0000002,10.46282
2012-08-22 20:54:46.0000003,7.192365
2012-08-22 20:54:46.0000001,8.347001
2012-08-22 20:54:46.0000002,6.104265
2015-05-01 07:49:14.0000001,4.8432617
2009-02-21 20:49:34.0000001,9.140004
2012-08-10 14:04:14.0000005,7.7590814
2012-08-10 14:04:14.0000006,21.14269
2012-08-10 14:04:14.0000004,6.2027884
2012-08-10 14:04:14.0000003,4.9891534
2012-08-10 14:04:14.0000007,4.926557
2012-08-10 14:04:14.0000002,9.679014
2013-05-10 21:08:18.0000002,20.312016
2013-05-10 21:08:18.0000003,8.323564
2013-05-10 21:08:18.0000005,5.8000197
2013-05-10 21:08:18.0000004,12.264621
2013-05-10 21:08:18.0000001,4.9087396
2009-09-25 12:59:18.0000001,8.097501
2014-08-02 21:05:42.0000002,13.921087
2014-08-02 21:05:42.0000001,5.683644
2013-10-29 20:16:10.0000002,5.961337
2013-10-29 20:16:10.0000001,16.965515
2009-11-11 22:49:46.0000003,9.441529
2009-11-11 22:49:46.0000002,7.8104887
2009-11-11 22:49:46.0000001,5.691172
2009-10-17 03:52:42.0000002,7.4724402
2009-10-17 03:52:42.0000007,5.415037
2009-10-17 03:52:42.0000006,6.5703716
2009-10-17 03:52:42.0000003,15.136455
2009-10-17 03:52:42.0000001,6.0016103
2009-10-17 03:52:42.0000004,5.669554
2014-02-27 09:36:26.0000007,11.231893
2014-02-27 09:36:26.0000008,8.783088
2014-02-27 09:36:26.0000002,5.6894627
2014-02-27 09:36:26.0000005,5.5920444
2014-02-27 09:36:26.0000003,6.082217
2014-02-27 09:36:26.0000006,10.827091
2014-02-27 09:36:26.0000004,15.204559
2014-02-27 09:36:26.0000009,4.864778
2012-12-26 17:12:30.0000003,9.770651
2012-12-26 17:12:30.0000005,21.527441
2012-12-26 17:12:30.0000001,8.235291
2012-12-26 17:12:30.0000004,10.620305
2014-03-11 20:24:02.0000003,8.477375
2014-03-11 20:24:02.0000002,7.3027534
2014-03-11 20:24:02.0000004,7.6417017
2011-01-29 09:28:38.0000002,6.888991
2011-01-29 09:28:38.0000001,7.314707
2011-01-29 09:28:38.0000003,7.6050787
2011-01-29 09:28:38.0000005,5.988659
2011-01-29 09:28:38.0000004,6.774709
2015-05-07 15:33:26.0000003,6.2066526
2015-05-07 15:33:26.0000007,5.8959365
2015-05-07 15:33:26.0000001,10.021775
2015-05-07 15:33:26.0000002,13.267177
2015-05-07 15:33:26.0000006,6.76627
2010-10-25 13:31:22.0000003,4.993275
2010-10-25 13:31:22.0000002,15.181481
2010-10-25 13:31:22.0000001,5.016062
2010-10-25 13:31:22.0000004,9.963594
2012-09-10 21:07:54.0000005,20.032103
2012-09-10 21:07:54.0000004,12.205934
2012-09-10 21:07:54.0000003,5.1531568
2012-09-10 21:07:54.0000007,10.250954
2012-09-10 21:07:54.0000002,10.758496
2012-09-10 21:07:54.0000006,8.812336
2012-09-10 21:07:54.0000001,7.4915757
2012-04-15 21:54:22.0000001,7.7515235
2012-04-20 00:06:10.0000007,6.863868
2012-04-20 00:06:10.0000001,7.289452
2012-04-20 00:06:10.0000002,7.846162
2012-04-20 00:06:10.0000006,7.184835
2012-04-20 00:06:10.0000005,4.733631
2012-04-20 00:06:10.0000008,13.104902
2012-06-12 23:10:42.0000001,11.284799
2012-06-12 23:10:42.0000003,11.2769575
2012-06-12 23:10:42.0000002,29.955036
2009-04-30 22:25:26.0000004,12.1727085
2009-04-30 22:25:26.0000003,11.18085
2009-04-30 22:25:26.0000002,6.9167223
2009-04-30 22:25:26.0000001,6.1725907
2011-02-20 06:18:34.0000001,27.60856
2011-02-20 06:18:34.0000002,6.069762
2013-04-21 19:50:54.0000003,41.78153
2011-06-11 21:33:18.0000001,11.456225
2013-02-06 18:21:18.0000006,8.797577
2013-02-06 18:21:18.0000002,8.991678
2013-02-06 18:21:18.0000003,12.842696
2013-02-06 18:21:18.0000004,7.78876
2014-05-01 21:05:34.0000002,6.0066175
2014-05-01 21:05:34.0000003,16.653494
2013-07-21 11:41:26.0000001,16.178474
2013-07-21 11:41:26.0000002,5.052151
2011-04-22 19:23:54.0000001,11.410878
2011-04-22 19:23:54.0000003,7.0015674
2011-04-22 19:23:54.0000002,46.75419
2012-09-04 05:46:50.0000001,5.730889
2012-09-04 05:46:50.0000002,25.421152
2009-03-24 11:57:34.0000005,12.738544
2009-03-24 11:57:34.0000004,5.7701964
2009-03-24 11:57:34.0000003,4.375569
2009-03-24 11:57:34.0000002,4.000747
2009-03-24 11:57:34.0000001,5.524564
2011-07-05 22:05:34.0000001,7.7721634
2011-09-17 15:41:06.0000001,7.591158
2011-09-17 15:41:06.0000003,5.4171844
2011-12-25 04:37:10.0000001,7.1165843
2015-03-05 13:21:58.0000002,11.192175
2015-03-05 13:21:58.0000003,7.6586857
2014-09-01 09:16:10.0000001,8.4210615
2015-06-21 17:16:10.0000007,7.331078
2015-06-21 17:16:10.0000002,14.146948
2015-06-21 17:16:10.0000006,14.073089
2015-06-21 17:16:10.0000003,12.533696
2015-06-21 17:16:10.0000004,10.129282
2010-06-02 22:04:10.0000003,7.55801
2010-06-02 22:04:10.0000004,14.384351
2010-06-02 22:04:10.0000005,7.0463643
2010-06-02 22:04:10.0000006,5.392604
2014-03-01 09:37:02.0000001,6.003962
2014-03-01 09:37:02.0000002,6.151674
2014-03-01 09:37:02.0000003,54.738037
2011-07-18 12:12:18.0000001,6.0493565
2011-07-18 12:12:18.0000003,5.604586
2011-07-18 12:12:18.0000002,7.310296
2015-02-27 19:36:02.0000009,13.398146
2015-02-27 19:36:02.00000010,4.77793
2015-02-27 19:36:02.00000012,15.609196
2015-02-27 19:36:02.0000004,6.127158
2015-02-27 19:36:02.00000011,8.695805
2015-02-27 19:36:02.0000003,9.605407
2015-02-27 19:36:02.0000001,29.754099
2015-02-27 19:36:02.0000002,6.9283233
2015-02-27 19:36:02.0000007,22.5385
2012-04-16 21:10:10.0000001,8.828027
2015-06-14 08:26:26.0000001,5.6916285
2014-01-15 22:45:42.0000003,7.0300593
2014-01-15 22:45:42.0000001,55.76371
2014-01-15 22:45:42.0000002,13.305373
2013-04-06 19:16:10.0000001,3.9293914
2013-04-06 19:16:10.0000003,8.882332
2013-04-06 19:16:10.0000004,8.419046
2013-04-06 19:16:10.0000005,13.060185
2014-03-08 16:08:26.0000002,12.964273
2014-03-08 16:08:26.0000004,5.36477
2013-12-06 23:40:42.0000001,10.371851
2013-12-06 23:40:42.0000006,40.81135
2013-12-06 23:40:42.0000002,38.841873
2013-12-06 23:40:42.0000003,14.533509
2013-08-19 17:09:50.0000001,4.8380795
2013-08-19 17:09:50.0000002,10.854119
2013-08-19 17:09:50.0000004,6.3167324
2013-08-19 17:09:50.0000003,11.337882
2009-11-02 21:38:38.0000001,10.075882
2009-06-03 09:11:30.0000004,8.864775
2009-06-03 09:11:30.0000003,14.1184435
2009-06-03 09:11:30.0000002,7.784479
2009-06-03 09:11:30.0000005,5.4145594
2015-03-12 13:01:54.0000002,9.839324
2015-03-12 13:01:54.0000005,13.74106
2015-03-12 13:01:54.0000004,9.645188
2015-03-12 13:01:54.0000001,6.201117
2013-02-05 06:13:58.0000003,13.163399
2013-02-05 06:13:58.0000002,54.931625
2013-02-05 06:13:58.0000001,18.184996
2014-05-19 06:39:34.0000001,5.7566133
2014-10-04 21:48:22.0000003,7.55336
2014-10-04 21:48:22.0000002,9.193898
2014-10-04 21:48:22.0000004,31.178175
2012-01-22 04:13:34.0000005,11.136765
2012-01-22 04:13:34.0000006,5.8693
2012-01-22 04:13:34.0000004,8.401281
2012-01-22 04:13:34.0000002,12.282837
2010-07-27 06:13:02.0000001,19.851793
2013-06-21 11:19:18.0000002,5.474369
2013-06-21 11:19:18.0000001,10.530677
2010-12-23 05:52:26.0000001,27.345345
2010-12-23 05:52:26.0000002,46.68782
2010-12-17 10:33:34.0000004,8.509781
2010-12-17 10:33:34.0000002,5.0127397
2012-06-04 11:34:58.0000003,9.488296
2012-06-04 11:34:58.0000004,6.4785857
2012-06-04 11:34:58.0000001,16.017805
2009-07-05 16:31:30.0000001,4.2326365
2009-07-05 16:31:30.0000002,7.129219
2009-07-05 16:31:30.0000003,25.398165
2012-12-08 20:08:38.0000004,5.4756465
2012-12-08 20:08:38.0000003,10.37503
2012-12-08 20:08:38.0000005,12.354587
2010-06-23 08:34:50.0000003,9.747336
2010-06-23 08:34:50.0000002,5.059706
2010-06-23 08:34:50.0000001,7.0922723
2012-03-07 10:57:46.0000001,8.246558
2012-03-07 10:57:46.0000004,15.013991
2012-03-07 10:57:46.0000005,6.1677303
2012-03-07 10:57:46.0000002,7.265781
2012-03-07 10:57:46.0000003,7.7335877
2010-02-24 07:06:54.0000001,6.9021516
2013-12-29 01:20:50.0000003,17.875868
2013-12-29 01:20:50.0000001,7.909752
2014-03-28 22:34:26.0000001,26.790514
2014-03-28 22:34:26.0000004,5.295549
2014-03-28 22:34:26.0000003,10.275958
2010-12-04 21:08:38.0000002,10.458927
2010-12-04 21:08:38.0000001,17.051163
2010-12-04 21:08:38.0000006,7.3431125
2010-12-04 21:08:38.0000003,6.574338
2010-03-07 17:09:42.0000002,22.34355
2010-03-07 17:09:42.0000003,6.00845
2010-03-07 17:09:42.0000001,11.265589
2010-03-07 17:09:42.0000004,12.303139
2013-09-07 19:43:18.0000004,13.185647
2013-09-07 19:43:18.0000005,18.641144
2013-09-07 19:43:18.0000006,11.063322
2013-09-07 19:43:18.0000008,9.213305
2013-09-07 19:43:18.0000001,7.5169706
2013-12-20 15:31:06.0000001,9.424301
2013-12-20 15:31:06.0000002,9.849849
2010-09-06 04:31:54.0000001,23.950573
2013-11-01 05:26:54.0000001,54.68392
2010-03-07 00:47:26.0000004,15.688484
2012-03-20 01:55:42.0000001,18.890127
2011-10-02 05:06:46.0000001,14.341523
2010-10-31 18:45:58.0000003,5.344055
2010-10-31 18:45:58.0000002,17.047302
2010-10-31 18:45:58.0000001,7.5905957
2010-10-31 18:45:58.0000005,5.017187
2015-02-03 09:00:58.0000002,10.509123
2012-08-08 08:58:50.0000001,7.5254292
2012-08-08 08:58:50.0000004,5.0869207
2012-08-08 08:58:50.0000005,7.0765333
2012-08-08 08:58:50.0000003,8.253077
2011-04-08 15:01:02.0000001,9.362512
2011-04-08 15:01:02.0000003,6.49903
2009-01-14 03:42:38.0000001,8.618375
2015-01-10 09:38:54.0000007,12.142531
2015-01-10 09:38:54.0000003,7.3512573
2015-01-10 09:38:54.0000004,14.663405
2010-12-04 09:25:10.0000001,11.497067
2010-12-04 09:25:10.0000002,8.231572
2009-05-12 17:08:06.0000001,14.812796
2013-11-07 02:07:22.0000001,17.682673
2014-10-03 00:50:06.0000004,16.640732
2014-10-03 00:50:06.0000001,6.5450306
2014-10-03 00:50:06.0000002,13.7988825
2010-06-18 19:19:26.0000001,29.778109
2010-06-18 19:19:26.0000002,4.558638
2010-06-18 19:19:26.0000003,5.715207
2010-05-10 03:55:14.0000001,8.297701
2013-06-21 00:00:34.0000001,21.521463
2013-06-21 00:00:34.0000002,20.183596
2013-06-21 00:00:34.0000003,12.933199
2009-03-11 16:02:14.0000006,6.862112
2009-03-11 16:02:14.0000004,6.7128196
2009-03-11 16:02:14.0000002,10.87945
2009-03-11 16:02:14.0000001,4.237052
2009-03-11 16:02:14.0000005,7.7176723
2009-03-11 16:02:14.0000003,6.2313757
2013-07-05 17:38:14.0000001,9.824918
2013-08-26 01:11:14.0000002,12.033065
2013-08-26 01:11:14.0000001,9.5349655
2012-07-30 01:49:10.0000001,4.220073
2012-07-30 01:49:10.0000002,19.459156
2011-05-13 03:57:10.0000001,5.895969
2012-02-29 12:03:34.0000004,11.2792425
2012-02-29 12:03:34.0000002,5.0324097
2012-02-29 12:03:34.0000001,8.229373
2013-12-17 17:59:22.0000001,5.956541
2012-09-18 09:58:54.0000003,9.971775
2012-09-18 09:58:54.0000002,36.21333
2012-09-18 09:58:54.0000001,12.290211
2013-07-23 18:56:30.0000002,7.669615
2013-07-23 18:56:30.0000001,7.7177386
2014-05-15 01:39:14.0000001,29.308613
2013-09-16 14:16:34.0000003,7.1271887
2013-09-16 14:16:34.0000001,39.786198
2014-01-04 17:27:38.0000001,26.694796
2014-01-04 17:27:38.0000002,9.32708
2014-01-04 17:27:38.0000003,9.340537
2011-03-10 18:16:14.0000003,7.141918
2011-03-10 18:16:14.0000004,5.564872
2011-03-10 18:16:14.0000001,4.829571
2013-04-05 06:42:26.0000002,7.8957353
2013-04-05 06:42:26.0000001,13.388588
2009-03-11 12:01:30.0000001,13.754296
2009-03-11 12:01:30.0000002,5.501435
2009-03-11 12:01:30.0000004,6.727363
2015-01-20 05:31:06.0000001,56.345695
2009-08-03 17:06:06.0000001,5.4602757
2014-01-05 08:51:10.0000001,6.488465
2010-03-13 01:23:10.0000002,19.932896
2010-03-13 01:23:10.0000003,5.3927774
2012-05-30 02:28:50.0000001,10.099619
2012-07-26 12:40:38.0000002,6.8448296
2012-07-26 12:40:38.0000001,31.666302
2012-07-26 12:40:38.0000003,8.967123
2010-09-22 16:28:54.0000003,6.474163
2010-09-22 16:28:54.0000001,8.17361
2010-09-22 16:28:54.0000002,27.841389
2014-05-26 22:57:10.0000002,6.7319126
2014-05-26 22:57:10.0000003,14.667904
2014-05-26 22:57:10.0000005,6.3685036
2014-05-26 22:57:10.0000004,10.8939495
2012-02-11 07:03:34.0000001,4.182741
2010-06-27 05:03:38.0000001,6.121869
2014-09-29 11:51:06.0000001,20.584835
2014-09-29 11:51:06.0000002,6.595923
2010-09-04 18:31:42.0000002,11.67294
2010-09-04 18:31:42.0000001,19.073164
2015-04-14 19:20:46.0000001,10.981282
2015-04-14 19:20:46.0000005,5.770501
2015-04-14 19:20:46.00000010,4.9521966
2015-04-14 19:20:46.0000007,5.0671515
2015-04-14 19:20:46.0000004,6.1300783
2015-04-14 19:20:46.0000003,11.925175
2015-04-14 19:20:46.0000006,7.489796
2015-04-14 19:20:46.0000002,8.609339
2015-04-14 19:20:46.0000009,11.506161
2009-07-20 08:53:34.0000002,5.3152256
2009-07-20 08:53:34.0000001,7.236519
2013-04-03 16:09:02.0000002,4.3933444
2013-04-03 16:09:02.0000001,71.41566
2009-11-20 23:19:58.0000001,7.061175
2009-11-20 23:19:58.0000002,10.390577
2012-08-04 09:01:54.0000002,10.234211
2012-08-04 09:01:54.0000001,4.39667
2011-09-22 20:05:22.0000007,8.578323
2011-09-22 20:05:22.0000001,10.2809725
2011-09-22 20:05:22.0000005,11.243421
2011-09-22 20:05:22.0000006,5.2920113
2014-08-09 01:27:30.0000002,7.093539
2011-02-15 05:44:42.0000002,12.402997
2011-02-15 05:44:42.0000001,46.781178
2014-10-31 12:04:26.0000002,34.181942
2014-10-31 12:04:26.0000001,6.689253
2015-02-09 07:16:26.0000006,5.217927
2015-02-09 07:16:26.0000004,6.427235
2015-02-09 07:16:26.0000007,5.8824873
2015-02-09 07:16:26.0000001,4.96224
2015-02-09 07:16:26.0000002,10.095091
2015-02-09 07:16:26.0000008,6.1460304
2015-02-09 07:16:26.0000003,9.027395
2011-09-08 17:26:34.0000001,8.292499
2011-09-08 17:26:34.0000003,11.847557
2011-09-08 17:26:34.0000002,10.878512
2011-09-08 17:26:34.0000004,7.4562554
2013-04-10 21:03:42.0000004,6.2915688
2013-04-10 21:03:42.0000005,9.848456
2013-04-10 21:03:42.0000003,5.4311743
2013-04-10 21:03:42.0000002,11.74079
2013-04-10 21:03:42.0000001,5.583263
2011-12-29 19:29:50.0000003,6.687
2011-12-29 19:29:50.0000004,13.938171
2011-12-29 19:29:50.0000001,9.236867
2013-09-26 15:50:06.0000003,5.166234
2013-09-26 15:50:06.0000005,15.709312
2013-09-26 15:50:06.0000002,6.846015
2013-09-26 15:50:06.0000001,12.040239
2013-09-26 15:50:06.0000004,7.5454435
2012-10-01 07:18:06.0000001,5.6904664
2012-10-01 07:18:06.0000002,6.606145
2013-03-14 21:43:46.0000001,14.715257
2012-10-05 23:47:02.0000001,9.585902
2009-02-08 00:04:06.0000004,11.728719
2009-02-08 00:04:06.0000002,29.37576
2012-02-04 22:47:18.0000001,5.567611
2012-02-04 22:47:18.0000003,6.6778026
2012-05-06 03:01:10.0000003,5.9986067
2012-05-06 03:01:10.0000002,11.802759
2014-07-08 08:56:58.0000001,8.393646
2010-01-09 08:29:14.0000003,4.432712
2010-01-09 08:29:14.0000002,7.728968
2010-01-09 08:29:14.0000001,14.883899
2010-01-09 08:29:14.0000004,5.127459
2010-12-06 03:36:58.0000001,4.7385464
2011-10-19 05:25:18.0000002,27.852732
2011-10-19 05:25:18.0000001,6.916468
2014-06-14 08:13:22.0000002,18.028645
2014-06-14 08:13:22.0000003,18.623005
2014-06-14 08:13:22.0000001,15.13319
2011-02-19 10:14:58.0000002,5.8172894
2014-12-25 03:10:26.0000001,11.024266
2009-06-16 14:32:38.0000003,6.0453167
2009-06-16 14:32:38.0000001,7.8265176
2009-06-16 14:32:38.0000005,10.086911
2009-06-16 14:32:38.0000006,8.158595
2009-06-16 14:32:38.0000002,7.5722227
2009-06-16 14:32:38.0000004,16.913786
2010-08-16 17:14:18.0000001,46.8417
2013-04-29 09:18:06.0000004,6.8168054
2013-04-29 09:18:06.0000002,35.69549
2013-04-29 09:18:06.0000005,10.254426
2013-04-29 09:18:06.0000001,21.61278
2013-04-29 09:18:06.0000003,11.050685
2013-06-23 14:52:34.0000002,28.180048
2013-06-23 14:52:34.0000001,5.2021794
2013-03-28 05:22:58.0000001,7.266711
2015-06-08 20:18:30.0000006,10.195389
2015-06-08 20:18:30.0000003,6.3099113
2015-06-08 20:18:30.0000002,16.642548
2015-06-08 20:18:30.0000001,10.301721
2015-06-08 20:18:30.0000004,10.781199
2015-06-08 20:18:30.0000005,11.43648
2011-09-08 13:39:06.0000001,7.1883397
2012-03-03 02:30:54.0000001,6.8678527
2012-03-03 02:30:54.0000002,7.4405904
2012-03-03 02:30:54.0000004,9.710096
2010-03-27 20:11:10.0000003,5.370003
2010-03-27 20:11:10.0000001,7.534365
2010-03-27 20:11:10.0000002,10.77813
2009-08-11 22:40:02.0000002,7.805534
2009-08-11 22:40:02.0000003,32.760006
2009-08-11 22:40:02.0000004,4.083985
2009-08-11 22:40:02.0000005,13.7969265
2009-08-11 22:40:02.0000001,5.1947203
2012-12-27 21:01:54.0000001,7.2205462
2012-12-27 21:01:54.0000003,6.4150467
2012-12-27 21:01:54.0000006,10.057978
2012-12-27 21:01:54.0000007,17.366228
2012-12-27 21:01:54.0000008,10.263288
2015-04-16 18:45:22.0000003,7.6878514
2015-04-16 18:45:22.0000002,6.0100036
2015-04-16 18:45:22.0000001,10.540608
2015-04-16 18:45:22.0000005,18.125631
2014-05-17 10:51:46.0000001,7.573602
2014-05-17 10:51:46.0000004,7.081368
2014-05-17 10:51:46.0000002,30.513105
2009-05-04 11:23:18.0000001,7.462714
2009-05-04 11:23:18.0000003,6.803647
2009-05-04 11:23:18.0000002,8.778506
2013-07-22 14:30:06.0000002,6.130102
2013-07-22 14:30:06.0000001,16.070602
2015-05-31 20:48:54.0000005,4.44032
2015-05-31 20:48:54.0000004,11.108249
2015-05-31 20:48:54.0000001,4.584442
2010-07-16 06:44:06.0000001,5.5051503
2010-07-16 06:44:06.0000003,12.626167
2010-07-16 06:44:06.0000004,16.507988
2010-07-16 06:44:06.0000002,15.395812
2013-01-06 12:39:54.0000003,7.6293926
2013-01-06 12:39:54.0000001,7.6981416
2013-01-06 12:39:54.0000004,8.309899
2013-01-06 12:39:54.0000002,6.098844
2013-01-06 12:39:54.0000005,3.9590852
2012-12-15 15:55:42.0000001,7.7092113
2012-12-15 15:55:42.0000002,9.346823
2010-05-06 11:35:26.0000001,6.2983184
2010-05-06 11:35:26.0000003,18.629679
2014-01-06 10:16:02.0000001,17.642159
2014-01-06 10:16:02.0000002,6.404488
2012-07-24 04:44:26.0000001,9.5333605
2010-08-06 15:37:14.0000007,7.1779666
2010-08-06 15:37:14.0000003,7.26695
2010-08-06 15:37:14.0000006,8.2206135
2010-08-06 15:37:14.0000005,31.252537
2010-08-06 15:37:14.0000004,10.523216
2010-08-06 15:37:14.0000002,11.477734
2010-08-06 15:37:14.0000001,6.436963
2010-11-10 23:21:50.0000002,6.882973
2010-11-10 23:21:50.0000003,7.662995
2013-03-31 00:09:58.0000002,9.057779
2013-03-31 00:09:58.0000003,10.949003
2010-02-01 00:05:42.0000001,9.747885
2010-02-01 00:05:42.0000002,14.937738
2009-06-18 18:47:22.0000003,12.197036
2009-06-18 18:47:22.0000001,8.635871
2009-06-18 18:47:22.0000002,9.795686
2015-01-03 08:47:26.0000001,11.033144
2015-01-03 08:47:26.0000002,11.61333
2014-06-20 02:16:34.0000001,7.219395
2011-02-03 07:13:06.0000001,5.512169
2014-01-14 18:48:06.0000007,12.082541
2014-01-14 18:48:06.0000002,6.3037786
2014-01-14 18:48:06.0000003,5.945522
2014-01-14 18:48:06.0000004,7.708482
2014-01-14 18:48:06.0000001,9.252372
2014-01-14 18:48:06.0000005,7.6498117
2014-01-14 18:48:06.0000006,7.2724338
2013-10-18 05:08:54.0000001,34.49057
2011-07-20 08:05:02.0000003,8.272067
2011-07-20 08:05:02.0000002,4.9703393
2011-07-20 08:05:02.0000004,8.4833555
2009-05-03 16:02:54.0000005,7.855097
2009-05-03 16:02:54.0000003,5.9984827
2009-05-03 16:02:54.0000002,6.7796273
2009-05-03 16:02:54.0000001,15.070671
2012-09-06 17:58:06.0000001,4.9662933
2012-09-06 17:58:06.0000003,10.068831
2014-04-06 16:47:14.0000003,7.175354
2014-09-06 03:52:50.0000002,11.311668
2013-07-27 09:59:18.0000001,7.3019056
2014-12-26 20:19:38.0000002,6.6181836
2014-01-01 13:06:34.0000001,6.2313514
2011-12-25 15:35:54.0000003,6.939959
2011-12-25 15:35:54.0000004,8.681623
2015-05-14 23:11:58.0000001,17.705954
2015-05-14 23:11:58.0000007,9.99507
2015-05-14 23:11:58.0000003,7.974066
2015-05-14 23:11:58.0000005,7.9034877
2015-05-14 23:11:58.0000008,10.147799
2015-05-14 23:11:58.0000002,13.450461
2015-05-14 23:11:58.0000006,6.309726
2015-04-22 09:54:06.0000002,7.4103827
2015-04-22 09:54:06.0000003,6.5162406
2009-03-22 07:02:02.0000001,7.983434
2012-04-30 04:34:50.0000001,18.734764
2009-01-21 09:13:50.0000003,4.549679
2009-01-21 09:13:50.0000004,5.716081
2009-01-21 09:13:50.0000001,9.275044
2009-01-21 09:13:50.0000002,7.0685744
2010-06-11 18:07:10.0000002,5.287106
2010-06-11 18:07:10.0000001,4.6121864
2010-06-11 18:07:10.0000004,12.606634
2010-06-11 18:07:10.0000003,12.809326
2012-09-01 19:04:18.0000002,9.021571
2014-06-18 06:22:42.0000001,6.542743
2014-06-18 06:22:42.0000002,10.005335
2009-12-09 08:34:30.0000001,6.9714904
2009-12-09 08:34:30.0000002,5.909602
2009-12-09 08:34:30.0000003,44.44173
2009-12-09 08:34:30.0000004,47.37295
2013-06-06 02:54:50.0000002,11.240236
2013-06-06 02:54:50.0000003,7.082588
2010-07-19 12:15:54.0000003,6.749029
2010-07-19 12:15:54.0000002,12.259661
2010-07-19 12:15:54.0000001,6.3500752
2010-07-19 12:15:54.0000004,5.288063
2013-12-18 12:36:46.0000001,8.7445755
2013-12-18 12:36:46.0000003,40.12281
2013-12-18 12:36:46.0000004,8.14366
2013-12-18 12:36:46.0000002,9.650004
2009-01-25 21:17:18.0000002,7.4271045
2009-01-25 21:17:18.0000003,6.270844
2012-10-03 09:18:22.0000002,8.027571
2012-10-03 09:18:22.0000003,10.098096
2012-10-03 09:18:22.0000004,7.2375937
2012-10-03 09:18:22.0000001,15.103654
2012-10-03 09:18:22.0000005,12.18275
2012-06-13 19:49:50.0000003,10.643348
2012-06-13 19:49:50.0000002,11.846721
2012-06-13 19:49:50.0000001,4.3964515
2011-09-03 00:03:42.0000004,4.9703894
2011-09-03 00:03:42.0000009,14.575429
2011-09-03 00:03:42.0000001,6.922538
2011-09-03 00:03:42.0000003,6.8147554
2011-09-03 00:03:42.0000006,8.71096
2011-09-03 00:03:42.0000002,7.597725
2011-09-03 00:03:42.0000005,8.170761
2009-01-27 13:27:30.0000002,10.498694
2009-01-27 13:27:30.0000001,7.661553
2009-07-03 00:41:38.0000001,8.71116
2009-07-03 00:41:38.0000002,4.6799226
2010-05-29 11:51:30.0000001,5.468638
2013-07-02 22:27:14.0000005,7.53143
2013-07-02 22:27:14.0000003,12.104737
2015-05-09 11:33:58.0000004,6.2656803
2015-05-09 11:33:58.0000001,7.4061084
2015-05-09 11:33:58.0000003,37.062515
2011-07-18 00:04:54.0000002,4.793789
2011-04-03 03:46:18.0000002,9.651342
2009-11-03 13:04:46.0000003,6.4197426
2009-11-03 13:04:46.0000002,17.56976
2009-11-03 13:04:46.0000001,8.415191
2010-06-25 14:00:14.0000002,7.559851
2010-12-20 09:39:02.0000001,12.048411
2010-12-20 09:39:02.0000002,6.807445
2014-05-20 14:43:10.0000001,9.506444
2014-05-20 14:43:10.0000002,5.972184
2010-09-16 05:07:10.0000001,6.0925903
2011-08-01 17:44:30.0000006,7.4228134
2011-08-01 17:44:30.0000005,5.8348002
2011-08-01 17:44:30.0000001,9.089586
2011-08-01 17:44:30.0000002,8.299866
2011-08-01 17:44:30.0000004,4.8478045
2011-03-01 07:23:14.0000003,5.8555717
2011-03-01 07:23:14.0000001,5.508339
2011-06-24 13:23:18.0000004,12.677258
2011-06-24 13:23:18.0000001,13.848572
2011-06-24 13:23:18.0000002,16.22362
2011-06-24 13:23:18.0000003,10.341085
2013-11-19 02:41:10.0000001,9.35089
2012-01-01 18:02:46.0000003,4.6505046
2012-01-01 18:02:46.0000002,8.313596
2015-03-28 19:31:26.0000002,6.1488004
2015-03-28 19:31:26.0000006,7.1416125
2015-03-28 19:31:26.0000001,8.534236
2015-03-28 19:31:26.0000005,12.552818
2010-07-13 11:53:15.0000004,7.746014
2010-07-13 11:53:15.0000001,10.451355
2010-07-13 11:53:15.0000007,14.274398
2010-07-13 11:53:15.0000002,9.11136
2013-02-07 13:47:59.0000004,9.186242
2013-02-07 13:47:59.0000001,4.368649
2013-02-07 13:47:59.0000003,8.63477
2013-08-08 14:38:43.0000001,4.432958
2013-08-08 14:38:43.0000003,5.826616
2015-05-19 13:58:11.0000003,37.06994
2015-05-19 13:58:11.0000008,11.685578
2015-05-19 13:58:11.0000005,12.63511
2015-05-19 13:58:11.0000007,40.51382
2015-05-19 13:58:11.0000004,7.032169
2015-05-19 13:58:11.0000002,14.269936
2012-07-31 22:21:11.0000001,7.583203
2012-07-31 22:21:11.0000002,4.6873584
2013-01-03 08:50:31.0000001,10.8349085
2013-01-03 08:50:31.0000002,6.9958644
2013-01-03 08:50:31.0000007,7.267796
2013-01-03 08:50:31.0000004,8.776883
2013-01-03 08:50:31.0000006,27.96119
2013-01-03 08:50:31.0000005,21.493776
2009-04-14 17:43:23.0000003,5.744947
2009-04-14 17:43:23.0000007,12.324651
2009-04-14 17:43:23.0000006,8.846443
2009-04-14 17:43:23.0000008,6.3373494
2009-04-14 17:43:23.0000004,9.824297
2009-04-14 17:43:23.0000005,6.9127245
2009-11-19 22:48:27.0000003,8.708969
2009-11-19 22:48:27.0000002,19.399483
2009-11-19 22:48:27.0000004,6.852352
2013-02-15 00:37:15.0000003,14.448169
2013-02-15 00:37:15.0000002,13.497558
2013-02-15 00:37:15.0000001,9.535214
2012-03-25 04:50:39.0000002,11.024808
2012-03-24 23:33:59.0000001,6.021077
2012-12-26 18:28:55.0000002,7.4653983
2012-12-26 18:28:55.0000005,17.073988
2012-12-26 18:28:55.0000001,11.163853
2012-12-26 18:28:55.0000003,5.607743
2012-12-26 18:28:55.0000007,25.906124
2012-12-26 18:28:55.0000006,56.294117
2011-07-06 19:56:23.0000004,7.1025853
2011-07-06 19:56:23.0000002,5.460696
2011-07-06 19:56:23.0000006,13.404006
2011-07-06 19:56:23.0000007,10.023819
2011-07-06 19:56:23.0000003,8.0429125
2014-12-15 10:41:15.0000001,5.139539
2014-12-15 10:41:15.0000002,22.642408
2014-12-15 10:41:15.0000003,12.669497
2011-08-14 21:39:31.0000001,8.388053
2011-08-14 21:39:31.0000002,7.9187946
2010-06-06 21:04:55.0000001,6.1900406
2013-09-27 19:02:51.0000001,13.145316
2013-09-27 19:02:51.0000003,34.567562
2013-09-27 19:02:51.0000004,8.476546
2013-09-27 19:02:51.0000002,10.011742
2013-05-28 18:24:27.0000003,13.134097
2013-05-28 18:24:27.0000001,6.3980207
2013-05-28 18:24:27.0000004,7.9617243
2013-05-28 18:24:27.0000002,4.5717516
2015-06-15 14:34:03.0000002,5.760858
2010-07-04 16:44:11.0000001,7.0445466
2010-07-04 16:44:11.0000002,8.372462
2014-11-26 06:46:23.0000001,13.167298
2010-07-27 11:37:43.0000001,14.639862
2010-07-27 11:37:43.0000003,9.509025
2010-07-27 11:37:43.0000005,15.722639
2010-07-27 11:37:43.0000006,10.362541
2010-07-27 11:37:43.0000004,8.658261
2010-07-27 11:37:43.0000002,26.186886
2010-12-19 16:25:15.0000004,10.940242
2010-12-19 16:25:15.0000003,6.182818
2010-12-19 16:25:15.0000001,8.167371
2012-08-19 12:06:39.0000001,4.796117
2011-02-26 12:32:15.0000001,4.0360537
2011-02-26 12:32:15.0000002,6.3548474
2015-06-18 20:56:55.0000003,10.213345
2015-06-18 20:56:55.0000005,28.084854
2015-06-18 20:56:55.0000007,37.405754
2015-06-18 20:56:55.0000006,4.832671
2013-11-24 21:33:11.0000001,56.04349
2013-11-24 21:33:11.0000002,11.376569
2015-04-28 20:15:27.0000002,50.459576
2015-04-28 20:15:27.0000006,7.175619
2015-04-28 20:15:27.0000001,8.753951
2015-04-28 20:15:27.0000005,7.4979277
2015-04-28 20:15:27.0000008,15.32981
2013-01-23 13:49:19.0000002,10.055985
2013-01-23 13:49:19.0000003,40.501133
2014-03-12 19:19:31.0000003,23.296772
2014-03-12 19:19:31.0000001,28.466627
2014-03-12 19:19:31.0000002,8.481586
2010-07-26 09:54:11.0000001,5.139783
2012-01-03 08:49:15.0000002,6.1101975
2012-01-03 08:49:15.0000001,47.685734
2012-01-03 08:49:15.0000004,4.429031
2012-01-03 08:49:15.0000003,4.5438666
2012-11-05 14:49:19.0000002,16.77622
2012-11-05 14:49:19.0000001,5.417245
2012-06-09 19:03:11.0000004,7.2831564
2012-06-09 19:03:11.0000006,10.968547
2012-06-09 19:03:11.0000002,5.213649
2012-06-09 19:03:11.0000003,10.592522
2012-06-09 19:03:11.0000001,9.120321
2010-10-17 23:12:19.0000004,8.807115
2010-10-17 23:12:19.0000005,6.39521
2010-10-17 23:12:19.0000001,4.881429
2010-10-17 23:12:19.0000002,9.963867
2010-10-17 23:12:19.0000003,4.752084
2014-06-07 12:21:11.0000001,38.360622
2014-06-07 12:21:11.0000004,7.6518574
2011-09-08 22:37:43.0000004,6.060293
2011-09-08 22:37:43.0000003,9.544529
2011-09-08 22:37:43.0000005,18.472439
2011-09-08 22:37:43.0000002,11.027951
2014-10-30 19:25:15.0000003,54.56436
2014-10-30 19:25:15.0000005,5.316351
2014-10-30 19:25:15.0000001,5.110659
2014-10-30 19:25:15.0000002,42.077946
2014-10-30 19:25:15.0000004,9.209296
2010-06-18 22:52:11.0000002,4.8309145
2011-02-16 05:49:51.0000001,5.393706
2011-09-13 13:31:51.0000004,6.9036946
2011-09-13 13:31:51.0000003,47.147495
2011-09-13 13:31:51.0000002,5.9746056
2009-09-28 04:31:39.0000001,9.660954
2009-01-11 03:31:55.0000001,16.986696
2009-01-11 03:31:55.0000003,9.466774
2009-01-11 03:31:55.0000004,10.7388315
2009-01-11 03:31:55.0000002,5.647474
2014-01-24 03:38:19.0000001,17.836977
2014-08-06 18:03:31.0000002,11.036747
2014-08-06 18:03:31.0000001,9.135085
2009-08-26 00:46:43.0000001,6.173551
2014-01-19 09:28:55.0000001,19.382113
2010-01-27 06:01:59.0000001,5.93318
2011-11-30 23:09:47.0000003,12.773857
2011-11-30 23:09:47.0000002,10.475765
2011-11-30 23:09:47.0000001,6.3911896
2014-08-03 23:37:31.0000003,11.155791
2014-08-03 23:37:31.0000002,13.184335
2014-08-03 23:37:31.0000001,7.6031694
2014-10-06 09:24:11.0000002,19.724396
2014-10-06 09:24:11.0000004,37.20535
2014-10-06 09:24:11.0000003,9.617444
2014-10-06 09:24:11.0000001,10.635011
2009-08-28 12:38:19.0000001,11.260994
2009-08-28 12:38:19.0000004,17.612158
2009-08-28 12:38:19.0000003,27.056269
2009-08-28 12:38:19.0000002,7.6476197
2012-03-15 18:23:55.0000001,5.9089985
2012-03-15 18:23:55.0000004,12.297145
2012-03-15 18:23:55.0000005,8.102244
2012-03-15 18:23:55.0000003,8.646122
2011-11-23 21:07:43.0000003,4.508665
2011-11-23 21:07:43.0000002,14.269423
2012-11-23 07:58:23.0000001,8.312937
2010-11-17 19:10:23.0000007,24.499882
2010-11-17 19:10:23.0000006,7.3516965
2010-11-17 19:10:23.0000001,5.469738
2010-11-17 19:10:23.0000002,28.193663
2010-11-17 19:10:23.0000008,10.653302
2010-11-17 19:10:23.0000004,5.1290145
2015-02-14 13:15:19.0000003,12.461988
2015-02-14 13:15:19.0000006,9.711329
2015-02-14 13:15:19.0000004,5.737461
2015-02-14 13:15:19.0000008,8.157581
2015-02-14 13:15:19.0000001,19.004713
2013-01-12 22:40:39.0000003,4.639558
2013-01-12 22:40:39.0000004,10.870333
2013-01-12 22:40:39.0000001,12.942019
2013-01-12 22:40:39.0000005,7.3262496
2013-01-12 22:40:39.0000006,5.27181
2011-04-12 12:06:07.0000002,7.042193
2011-04-12 12:06:07.0000001,31.72695
2010-11-04 20:14:39.0000005,5.0732193
2010-11-04 20:14:39.0000002,5.7538238
2010-11-04 20:14:39.0000004,7.653784
2010-11-04 20:14:39.0000003,6.6492014
2010-11-04 20:14:39.0000001,6.666538
2011-04-25 19:14:55.0000003,7.6423645
2011-04-25 19:14:55.0000001,5.392493
2011-04-25 19:14:55.0000004,6.7310553
2011-04-25 19:14:55.0000002,6.1492524
2011-04-25 19:14:55.0000005,6.755934
2010-02-15 14:20:31.0000001,7.658413
2013-03-23 15:41:07.0000001,9.725128
2013-03-23 15:41:07.0000004,9.189902
2013-03-23 15:41:07.0000005,5.9612656
2012-12-09 06:04:39.0000001,54.490646
2013-11-07 16:38:15.0000003,8.724345
2013-11-07 16:38:15.0000002,8.283858
2013-11-07 16:38:15.0000001,7.7360954
2011-08-08 11:18:15.0000004,9.3136635
2011-08-08 11:18:15.0000003,7.9056077
2011-08-08 11:18:15.0000002,6.709443
2009-05-08 22:14:51.0000004,4.666448
2009-05-08 22:14:51.0000001,12.537967
2009-05-08 22:14:51.0000003,11.607759
2012-11-15 18:22:19.0000002,14.655088
2012-11-15 18:22:19.0000007,7.112964
2012-11-15 18:22:19.0000003,5.291172
2012-11-15 18:22:19.0000005,8.935991
2012-11-15 18:22:19.0000001,21.437216
2012-11-15 18:22:19.0000004,8.67273
2012-11-15 18:22:19.0000006,11.3901005
2010-01-31 00:33:03.0000002,6.455797
2010-01-31 00:33:03.0000004,4.780758
2010-01-31 00:33:03.0000001,21.399574
2010-01-31 00:33:03.0000007,5.7569466
2010-01-31 00:33:03.0000003,10.727848
2012-04-20 07:30:43.0000003,5.4894304
2012-04-20 07:30:43.0000002,13.910975
2012-04-20 07:30:43.0000004,6.9222407
2012-04-20 07:30:43.0000001,9.299326
2009-09-29 09:38:15.0000002,6.5990367
2009-09-29 09:38:15.0000001,9.976032
2010-12-31 05:30:19.0000002,6.029377
2010-12-31 05:30:19.0000001,11.6159525
2009-01-18 18:22:07.0000001,19.833105
2009-01-28 11:27:19.0000002,4.9277353
2013-05-04 05:00:43.0000001,10.011127
2014-02-23 13:22:03.0000002,6.9554377
2014-02-23 13:22:03.0000001,5.4141917
2010-10-28 12:38:55.0000003,9.102012
2010-10-28 12:38:55.0000002,6.439816
2010-10-28 12:38:55.0000001,11.172279
2015-05-20 19:39:11.0000002,14.726833
2015-05-20 19:39:11.0000009,13.1134405
2015-05-20 19:39:11.0000001,11.420558
2015-05-20 19:39:11.0000008,12.329355
2015-05-20 19:39:11.0000007,29.819668
2015-05-20 19:39:11.0000005,8.04348
2015-05-20 19:39:11.0000006,8.85949
2015-03-20 16:33:07.0000002,9.904521
2015-03-20 16:33:07.0000001,8.385619
2013-04-26 17:05:07.0000001,9.441965
2014-01-11 17:47:47.0000005,26.045498
2014-01-11 17:47:47.0000006,6.0740666
2014-01-11 17:47:47.0000002,17.644161
2014-01-11 17:47:47.0000003,6.400811
2014-01-11 17:47:47.0000004,9.763791
2012-03-10 10:48:43.0000001,8.351861
2012-03-10 10:48:43.0000004,10.831377
2012-03-10 10:48:43.0000003,6.687301
2012-03-10 10:48:43.0000005,4.271484
2012-03-10 10:48:43.0000002,8.609768
2012-07-12 02:46:07.0000002,21.23227
2009-01-06 14:48:51.0000003,5.4377694
2009-01-06 14:48:51.0000002,6.0529985
2009-01-06 14:48:51.0000001,5.449253
2015-04-15 03:30:27.0000001,4.83102
2015-04-26 21:44:23.0000001,36.658318
2015-04-26 21:44:23.0000003,12.375382
2014-11-24 05:03:51.0000001,16.29247
2014-03-05 23:16:07.0000002,66.53502
2015-01-04 00:28:11.0000005,7.449687
2015-01-04 00:28:11.0000001,9.978186
2015-01-04 00:28:11.0000002,5.29958
2015-01-04 00:28:11.0000003,10.221636
2014-12-17 20:56:31.0000004,6.0814342
2014-12-17 20:56:31.0000002,16.70193
2014-12-17 20:56:31.0000001,9.106787
2010-10-04 16:17:03.0000002,4.325272
2010-10-04 16:17:03.0000003,4.525797
2010-10-04 16:17:03.0000005,7.6773367
2010-10-04 16:17:03.0000004,10.870604
2010-10-09 15:48:51.0000001,5.257933
2010-10-09 15:48:51.0000005,10.9008875
2010-10-09 15:48:51.0000002,5.2058024
2013-10-10 11:09:23.0000006,5.9535203
2013-10-10 11:09:23.0000004,9.37236
2013-10-10 11:09:23.0000002,6.4603767
2013-10-10 11:09:23.0000003,6.909081
2013-10-10 11:09:23.0000005,10.67613
2010-12-14 00:39:07.0000001,23.872164
2010-12-14 00:39:07.0000002,5.82481
2010-12-14 00:39:07.0000003,9.657475
2013-01-08 07:03:07.0000004,7.9912133
2013-01-08 07:03:07.0000003,11.528644
2013-01-08 07:03:07.0000002,6.7243905
2012-10-28 17:21:19.0000004,6.880867
2012-10-28 17:21:19.0000002,5.699556
2010-03-10 10:37:39.0000003,6.7368455
2010-03-10 10:37:39.0000004,6.2295823
2010-03-10 10:37:39.0000001,6.59163
2010-03-10 10:37:39.0000002,12.733465
2012-04-27 22:32:19.0000001,5.0521555
2012-04-27 22:32:19.0000003,5.4373565
2009-04-14 06:55:19.0000001,42.08539
2009-04-14 06:55:19.0000002,4.3649206
2013-07-22 14:22:51.0000001,22.43143
2012-02-11 21:23:07.0000002,4.640715
2012-02-11 21:23:07.0000001,7.321165
2012-02-11 21:23:07.0000004,3.7754202
2012-02-11 21:23:07.0000003,5.273559
2015-05-10 12:37:51.0000001,19.984243
2015-05-10 12:37:51.0000004,4.7498627
2015-05-10 12:37:51.0000006,7.3980246
2010-12-11 13:31:11.0000001,9.312308
2010-12-11 13:31:11.0000002,10.852871
2010-03-01 22:21:55.0000001,4.051973
2010-03-01 22:21:55.0000004,9.590767
2014-11-03 22:00:07.0000001,8.282648
2009-08-26 16:50:19.0000001,4.1497974
2009-08-26 16:50:19.0000002,7.3527393
2010-06-07 10:02:51.0000002,4.405936
2010-06-07 10:02:51.0000001,6.1183224
2010-06-07 10:02:51.0000004,15.126377
2010-06-07 10:02:51.0000003,11.403513
2015-03-08 14:59:23.0000002,16.469343
2015-03-08 14:59:23.0000004,57.318333
2015-03-08 14:59:23.0000005,19.78273
2010-12-13 05:52:47.0000001,9.075484
2012-10-12 15:21:55.0000001,7.125706
2011-05-17 07:53:55.0000002,5.275637
2011-05-17 07:53:55.0000004,7.713744
2011-05-17 07:53:55.0000001,8.173369
2012-12-26 20:55:27.0000002,12.376312
2012-12-26 20:55:27.0000005,10.718999
2012-12-26 20:55:27.0000004,12.845858
2009-02-22 14:59:11.0000001,12.040748
2011-12-17 16:19:47.0000003,12.759642
2011-12-17 16:19:47.0000001,10.649601
2014-12-02 23:54:11.0000002,10.153755
2014-12-02 23:54:11.0000001,8.748846
2014-11-11 11:21:07.0000001,5.8415804
2014-07-11 12:35:19.0000003,12.345352
2014-07-11 12:35:19.0000001,9.244318
2014-07-11 12:35:19.0000002,16.411259
2010-01-25 15:04:11.0000001,5.337444
2010-01-25 15:04:11.0000002,8.597762
2014-01-26 13:51:39.0000002,10.3186455
2014-01-26 13:51:39.0000003,6.8795004
2011-11-18 04:49:19.0000002,5.3395953
2011-11-18 04:49:19.0000003,47.149643
2011-11-18 04:49:19.0000001,4.640208
2014-11-30 15:46:23.0000001,8.610689
2014-11-30 15:46:23.0000004,8.585399
2014-11-30 15:46:23.0000006,34.373928
2014-11-30 15:46:23.0000005,5.3712564
2011-08-20 15:50:39.0000002,27.725882
2010-06-22 14:25:19.0000005,13.757412
2010-06-22 14:25:19.0000003,6.870269
2010-06-22 14:25:19.0000002,5.9421597
2010-06-22 14:25:19.0000006,5.1278114
2010-06-22 14:25:19.0000004,9.040341
2010-12-06 18:51:31.0000001,9.520614
2010-12-06 18:51:31.0000002,15.44389
2014-05-25 19:46:59.0000004,18.064554
2014-05-25 19:46:59.0000002,8.548031
2014-05-25 19:46:59.0000001,7.939799
2009-11-20 14:03:03.0000003,7.872198
2009-11-20 14:03:03.0000004,13.773245
2009-11-20 14:03:03.0000001,13.140542
2009-11-20 14:03:03.0000005,8.588866
2009-11-20 14:03:03.0000002,8.42535
2010-09-17 18:21:11.0000001,14.396545
2011-02-23 21:35:19.0000001,4.98251
2011-02-23 21:35:19.0000002,11.411921
2013-01-03 11:41:47.0000001,4.191403
2014-04-04 05:47:11.0000001,15.428287
2014-08-18 19:09:19.0000001,9.797747
2014-08-18 19:09:19.0000002,15.310126
2010-04-12 08:22:27.0000001,5.4858904
2010-04-12 08:22:27.0000002,9.938181
2010-06-05 08:18:11.0000002,15.555578
2010-06-05 08:18:11.0000001,4.916999
2010-06-05 08:18:11.0000003,29.590836
2013-05-07 23:58:31.0000001,23.75424
2013-01-11 20:08:07.0000002,7.074871
2013-02-17 23:55:55.0000001,12.92595
2013-02-17 23:55:55.0000002,22.99902
2013-02-17 23:55:55.0000003,12.921976
2010-11-26 06:04:59.0000001,5.0610847
2013-10-09 17:27:39.0000002,9.177765
2013-02-27 13:28:43.0000003,8.256128
2013-02-27 13:28:43.0000001,4.2981024
2013-02-27 13:28:43.0000004,6.896213
2013-02-27 13:28:43.0000002,5.9419427
2009-08-28 07:10:39.0000001,8.278062
2009-08-28 07:10:39.0000002,8.652198
2009-08-28 07:10:39.0000004,5.3774333
2009-08-28 07:10:39.0000003,5.0268617
2015-01-12 17:05:51.0000006,7.928458
2015-01-12 17:05:51.0000007,6.2848043
2015-01-12 17:05:51.0000002,5.9347444
2015-01-12 17:05:51.0000003,4.9272995
2014-05-01 07:16:07.0000001,5.528595
2009-01-12 07:47:39.0000004,5.566737
2009-01-12 07:47:39.0000002,6.691794
2009-01-12 07:47:39.0000003,6.248149
2014-02-09 21:05:31.0000001,19.827253
2014-02-09 21:05:31.0000002,13.28462
2012-05-14 03:52:59.0000001,6.642368
2011-04-28 19:39:43.0000005,6.9292264
2011-04-28 19:39:43.0000001,6.5866823
2011-04-28 19:39:43.0000002,3.6864746
2011-04-28 19:39:43.0000004,3.9001777
2010-02-15 10:14:23.0000002,9.926606
2010-02-15 10:14:23.0000003,21.711298
2010-02-15 10:14:23.0000004,9.965842
2010-08-18 05:24:15.0000002,9.021092
2010-08-18 05:24:15.0000001,8.959076
2010-05-31 06:46:59.0000001,37.3499
2014-11-17 00:03:47.0000002,10.626262
2012-11-16 00:09:43.0000001,8.479816
2012-03-09 06:03:23.0000001,9.836674
2013-10-18 13:05:19.0000002,8.202618
2013-10-18 13:05:19.0000001,21.97956
2013-10-18 13:05:19.0000003,6.3986497
2010-01-16 04:52:31.0000001,29.546673
2013-08-18 00:32:15.0000002,16.271488
2013-08-18 00:32:15.0000001,6.803805
2010-12-11 16:12:35.0000004,12.937944
2010-12-11 16:12:35.0000005,8.147119
2010-12-11 16:12:35.0000001,6.9950333
2010-12-11 16:12:35.0000002,8.558663
2013-05-23 12:09:23.0000001,12.973306
2013-05-23 12:09:23.0000003,6.3487577
2013-05-23 12:09:23.0000002,6.9274
2014-12-11 08:20:39.0000003,7.0716844
2014-12-11 08:20:39.0000002,5.832398
2011-01-28 19:41:11.0000002,4.994659
2011-01-28 19:41:11.0000001,10.85067
2011-03-24 04:46:51.0000001,26.643206
2013-04-07 00:24:27.0000001,5.762806
2013-04-07 00:24:27.0000003,5.5850163
2013-04-07 00:24:27.0000004,7.394984
2010-08-17 21:22:39.0000002,21.435911
2010-08-17 21:22:39.0000003,6.7633057
2010-08-17 21:22:39.0000001,6.5533957
2013-12-10 14:00:35.0000004,9.102982
2013-12-10 14:00:35.0000001,8.563159
2013-12-10 14:00:35.0000003,7.6308093
2011-09-18 05:32:51.0000002,47.049217
2011-09-18 05:32:51.0000001,9.13882
2011-09-18 05:32:51.0000003,11.648065
2011-09-10 20:44:59.0000002,8.043263
2011-09-10 20:44:59.0000001,6.631032
2011-04-28 09:50:03.0000002,32.203373
2011-04-28 09:50:03.0000003,7.3798885
2011-04-28 09:50:03.0000004,8.592345
2010-02-26 18:34:51.0000002,6.756612
2013-12-05 23:29:15.0000001,13.907585
2013-12-05 23:29:15.0000004,4.970986
2013-12-05 23:29:15.0000003,29.416847
2013-12-05 23:29:15.0000005,56.243786
2010-01-13 08:28:59.0000003,9.012759
2010-01-13 08:28:59.0000001,9.137323
2010-01-13 08:28:59.0000004,12.096242
2010-01-13 08:28:59.0000005,7.0832806
2010-07-16 07:07:27.0000001,8.20092
2012-06-16 14:33:19.0000002,9.652281
2013-05-08 17:02:39.0000001,14.309908
2013-05-08 17:02:39.0000003,11.724119
2013-05-08 17:02:39.0000005,8.7108
2013-05-08 17:02:39.0000004,5.691219
2013-05-08 17:02:39.0000002,9.534772
2013-05-08 17:02:39.0000006,6.513883
2013-05-08 17:02:39.0000007,10.231986
2011-02-28 08:34:27.0000004,10.787449
2011-02-28 08:34:27.0000002,5.73581
2011-02-28 08:34:27.0000006,12.815205
2011-02-28 08:34:27.0000007,5.1081276
2011-02-28 08:34:27.0000005,15.101371
2011-02-28 08:34:27.0000003,8.91254
2011-02-28 08:34:27.0000001,8.977416
2012-12-13 19:05:27.0000001,5.886445
2012-12-13 19:05:27.0000002,7.628324
2012-12-13 19:05:27.0000003,9.6504965
2009-03-25 01:20:55.0000001,7.6158442
2011-01-18 12:43:35.0000001,10.701625
2010-07-13 07:38:03.0000007,10.236918
2010-07-13 07:38:03.0000004,9.454653
2010-07-13 07:38:03.0000002,8.093121
2010-07-13 07:38:03.0000006,13.355145
2010-07-13 07:38:03.0000005,7.5052757
2010-07-13 07:38:03.0000001,6.221168
2009-01-26 15:16:43.0000001,30.694338
2009-01-26 15:16:43.0000002,4.1659937
2015-05-18 01:13:35.0000001,5.8936353
2012-11-09 18:17:35.0000001,12.887342
2012-11-09 18:17:35.0000006,9.272181
2012-11-09 18:17:35.0000005,8.534162
2012-11-09 18:17:35.0000003,9.6235285
2010-07-05 19:21:35.0000005,4.5682664
2010-07-05 19:21:35.0000003,4.2642217
2010-07-05 19:21:35.0000004,11.864918
2010-07-05 19:21:35.0000002,8.728867
2014-09-11 00:28:47.0000001,9.681493
2014-09-11 00:28:47.0000002,5.3169622
2010-03-22 16:20:15.0000001,29.635168
2010-03-22 16:20:15.0000002,7.0271487
2009-06-21 00:54:23.0000003,12.465267
2009-06-21 00:54:23.0000001,14.097139
2013-05-02 14:48:31.0000001,12.650647
2011-09-12 09:15:15.0000003,7.0530047
2011-09-12 09:15:15.0000004,8.289658
2011-09-12 09:15:15.0000002,7.1235123
2011-09-12 09:15:15.0000001,6.4089537
2009-02-27 07:09:23.0000001,8.688892
2011-08-22 10:42:15.0000003,9.716105
2011-08-22 10:42:15.0000002,16.371668
2011-08-22 10:42:15.0000001,7.4441433
2011-11-29 22:19:51.0000001,12.758229
2011-11-29 22:19:51.0000002,10.426125
2009-01-30 22:47:07.0000004,16.126427
2009-01-30 22:47:07.0000001,5.517724
2009-01-30 22:47:07.0000003,4.215678
2012-04-18 20:03:35.0000004,9.271364
2012-04-18 20:03:35.0000003,4.6718454
2012-04-18 20:03:35.0000001,10.361952
2012-04-18 20:03:35.0000002,5.9428186
2013-09-26 20:54:19.0000002,11.878826
2011-06-25 23:18:27.0000001,10.837246
2009-01-17 02:21:55.0000001,4.9516783
2009-01-17 02:21:55.0000002,3.995387
2014-11-01 15:31:15.0000002,15.33616
2014-11-01 15:31:15.0000003,11.323922
2014-11-01 15:31:15.0000004,5.7338295
2011-06-08 11:31:51.0000003,5.297223
2011-06-08 11:31:51.0000002,7.1431727
2011-06-08 11:31:51.0000001,8.899661
2013-07-12 23:17:31.0000004,6.8022738
2013-07-12 23:17:31.0000005,55.10925
2012-07-10 18:24:47.0000002,9.111815
2012-07-10 18:24:47.0000001,19.212748
2012-07-10 18:24:47.0000003,6.8721385
2013-05-14 03:15:31.0000001,16.979622
2009-04-20 21:08:35.0000006,5.2429833
2009-04-20 21:08:35.0000003,5.132895
2009-04-20 21:08:35.0000002,14.977793
2009-04-20 21:08:35.0000001,10.535381
2011-01-19 08:30:47.0000003,8.4865675
2011-01-19 08:30:47.0000002,8.401671
2011-01-19 08:30:47.0000001,6.29698
2009-09-25 10:19:35.0000003,5.82676
2009-09-25 10:19:35.0000001,10.167571
2009-09-25 10:19:35.0000002,6.4601283
2012-02-17 15:11:23.0000001,5.5212617
2009-12-23 20:14:19.0000003,9.237599
2009-12-23 20:14:19.0000001,5.37713
2009-12-23 20:14:19.0000002,11.157832
2012-09-14 05:42:59.0000001,9.944506
2012-09-14 05:42:59.0000002,6.972768
2009-04-06 13:47:15.0000002,17.44506
2013-11-29 21:36:07.0000004,10.358837
2011-11-07 00:22:31.0000001,4.9684052
2011-11-07 00:22:31.0000002,7.0619097
2009-09-04 08:02:51.0000001,10.646114
2015-02-16 17:32:27.0000004,10.743933
2015-02-16 17:32:27.0000002,10.404014
2015-02-16 17:32:27.0000003,7.6800437
2015-02-16 17:32:27.0000001,7.2878556
2012-04-14 11:59:11.0000004,18.639887
2012-04-14 11:59:11.0000002,4.3099937
2012-04-14 11:59:11.0000001,6.3884816
2011-12-11 11:05:51.0000001,6.193451
2011-12-11 11:05:51.0000003,8.051977
2010-01-03 13:07:27.0000001,9.933982
2009-03-06 00:13:03.0000003,8.241204
2009-03-06 00:13:03.0000001,9.731689
2010-01-04 19:54:27.0000002,9.067927
2010-01-04 19:54:27.0000001,5.5936065
2010-01-04 19:54:27.0000003,3.8757148
2014-08-01 16:50:03.0000004,20.400434
2014-08-01 16:50:03.0000001,5.76387
2014-08-01 16:50:03.0000003,14.924925
2014-08-01 16:50:03.0000002,14.175268
2010-11-25 16:22:19.0000001,5.0897036
2010-09-04 10:06:23.0000001,15.407199
2009-04-28 13:35:27.0000002,10.104501
2009-04-28 13:35:27.0000001,5.081164
2009-04-28 13:35:27.0000003,30.198439
2009-04-28 13:35:27.0000004,7.987534
2012-07-26 00:23:59.0000006,8.446522
2012-07-26 00:23:59.0000007,4.1179905
2012-07-26 00:23:59.0000001,7.857913
2012-07-26 00:23:59.0000004,7.8113546
2012-07-26 00:23:59.0000005,7.785192
2012-07-26 00:23:59.0000002,11.100916
2012-07-26 00:23:59.0000003,6.283496
2014-04-29 15:15:43.0000002,9.77763
2014-04-29 15:15:43.0000001,8.106478
2014-04-29 15:15:43.0000003,6.1133823
2010-04-23 00:00:03.0000002,14.211194
2010-04-23 00:00:03.0000003,5.559355
2010-05-22 23:46:19.0000001,6.844733
2010-05-22 23:46:19.0000002,17.059578
2010-05-22 23:46:19.0000003,11.6925955
2014-06-14 12:32:11.0000005,10.098876
2014-06-14 12:32:11.0000002,14.210955
2014-06-14 12:32:11.0000004,11.705611
2014-06-14 12:32:11.0000006,11.557883
2014-06-14 12:32:11.0000003,38.41604
2012-06-09 22:57:15.0000002,6.389416
2012-06-09 22:57:15.0000005,7.0934324
2014-04-22 01:28:15.0000001,24.596054
2013-01-31 01:19:15.0000001,18.771997
2013-01-31 01:19:15.0000002,11.279463
2014-12-19 21:54:27.0000003,7.732153
2014-12-19 21:54:27.0000002,17.523281
2014-12-19 21:54:27.0000004,9.307694
2014-12-19 21:54:27.0000001,12.645914
2010-10-22 20:56:51.0000004,5.746242
2010-10-22 20:56:51.0000001,16.273539
2011-10-04 11:48:35.0000004,6.808426
2011-10-04 11:48:35.0000003,13.024811
2011-10-04 11:48:35.0000002,7.2184668
2010-12-31 13:32:39.0000001,8.770576
2010-04-10 11:05:27.0000002,6.34628
2010-04-10 11:05:27.0000001,6.400518
2013-10-02 21:12:59.0000001,10.190284
2013-10-02 21:12:59.0000002,13.011494
2013-10-02 21:12:59.0000004,7.200832
2013-10-02 21:12:59.0000005,13.736332
2013-10-02 21:12:59.0000006,12.439431
2013-10-02 21:12:59.0000007,22.329422
2013-10-02 21:12:59.0000008,17.584528
2013-10-02 21:12:59.0000003,25.501001
2009-03-14 05:27:55.0000001,6.792629
2009-04-20 14:05:51.0000003,6.178429
2009-04-20 14:05:51.0000002,15.238121
2009-04-20 14:05:51.0000001,25.645779
2009-04-20 14:05:51.0000004,8.797469
2011-02-21 23:46:07.0000001,4.155059
2010-08-21 20:25:07.0000001,5.8635855
2009-11-16 21:03:31.0000003,9.561058
2009-11-16 21:03:31.0000002,13.516375
2009-11-16 21:03:31.0000004,7.1159635
2009-11-16 21:03:31.0000001,15.798724
2014-11-29 11:16:23.0000002,9.98013
2014-11-29 11:16:23.0000001,9.862391
2010-12-01 21:02:35.0000001,6.8968134
2010-12-01 21:02:35.0000002,7.4806414
2009-04-13 18:30:39.0000002,7.1325903
2009-04-13 18:30:39.0000001,7.404903
2010-06-02 19:45:19.0000002,10.6483135
2010-06-02 19:45:19.0000001,8.526549
2010-06-02 19:45:19.0000004,9.009117
2012-04-16 14:29:35.0000001,4.486246
2014-08-06 18:15:43.0000001,7.2726173
2014-08-06 18:15:43.0000002,15.276212
2010-04-20 11:53:23.0000005,8.492224
2010-04-20 11:53:23.0000002,5.693765
2010-04-20 11:53:23.0000006,5.23942
2010-04-20 11:53:23.0000003,13.978623
2010-04-20 11:53:23.0000004,10.805027
2009-05-21 20:50:31.0000005,8.589964
2009-05-21 20:50:31.0000006,11.521437
2009-05-21 20:50:31.0000002,15.902029
2009-05-21 20:50:31.0000001,14.553078
2014-08-16 21:59:59.0000002,10.616871
2014-08-16 21:59:59.0000001,16.50336
2010-09-13 07:05:39.0000001,5.089646
2010-09-13 07:05:39.0000002,5.327487
2010-01-28 12:25:11.0000001,6.4583926
2013-10-13 19:39:55.0000005,5.0914454
2013-10-13 19:39:55.0000004,6.400904
2013-10-13 19:39:55.0000007,5.4251084
2013-10-13 19:39:55.0000001,11.0592375
2013-10-13 19:39:55.0000003,9.047954
2013-10-13 19:39:55.0000006,5.6612697
2013-10-13 19:39:55.0000002,10.223466
2013-09-20 13:38:55.0000003,7.696666
2013-09-20 13:38:55.0000002,13.890494
2013-09-20 13:38:55.0000006,9.623675
2013-09-20 13:38:55.0000001,11.106715
2014-11-11 12:10:59.0000003,7.967006
2014-11-11 12:10:59.0000002,12.8037615
2012-09-09 23:40:03.0000001,18.433437
2013-02-18 11:13:23.0000004,21.64564
2013-02-18 11:13:23.0000001,5.5268865
2013-02-18 11:13:23.0000003,27.284203
2013-02-18 11:13:23.0000002,7.748193
2011-06-05 12:38:43.0000002,5.9573236
2011-06-05 12:38:43.0000003,6.3928576
2011-06-05 12:38:43.0000001,46.84975
2014-11-27 07:37:55.0000001,9.259886
2010-05-23 15:28:55.0000001,9.512031
2012-10-15 20:10:31.0000001,6.09505
2012-10-15 20:10:31.0000004,14.068721
2012-10-15 20:10:31.0000002,17.36168
2012-10-15 20:10:31.0000003,6.100262
2012-06-27 06:52:39.0000001,7.4435186
2013-06-07 13:52:55.0000001,6.676322
2013-06-07 13:52:55.0000002,9.365851
2013-06-07 13:52:55.0000006,28.365786
2013-06-07 13:52:55.0000003,11.311187
2013-06-07 13:52:55.0000004,8.70483
2009-06-04 19:34:15.0000003,11.076345
2009-06-04 19:34:15.0000001,18.825102
2009-06-04 19:34:15.0000004,10.245463
2009-06-04 19:34:15.0000002,9.570659
2013-09-29 22:12:07.0000002,16.242397
2013-09-29 22:12:07.0000003,8.364453
2013-12-04 08:37:11.0000003,10.047353
2013-12-04 08:37:11.0000002,13.159577
2013-12-04 08:37:11.0000001,13.816087
2010-05-02 12:39:55.0000002,9.226472
2009-07-13 01:18:55.0000002,4.5330567
2009-07-13 01:18:55.0000001,5.23574
2015-05-20 00:59:15.0000004,5.0445323
2015-05-20 00:59:15.0000003,21.09922
2009-12-03 18:02:47.0000001,9.373643
2014-06-24 02:41:11.0000001,30.607214
2012-01-13 02:08:43.0000001,7.6419816
2012-08-06 21:07:55.0000001,13.010227
2012-08-06 21:07:55.0000002,9.038925
2012-08-06 21:07:55.0000004,5.757735
2012-08-06 21:07:55.0000005,8.36192
2012-08-06 21:07:55.0000003,6.607244
2009-07-13 07:32:31.0000001,6.459114
2009-07-13 07:32:31.0000003,6.522199
2009-07-13 07:32:31.0000002,9.278954
2014-09-10 17:52:51.0000001,5.7899137
2014-09-10 17:52:51.0000003,9.423269
2014-09-10 17:52:51.0000002,16.503752
2014-09-10 17:52:51.0000005,10.715968
2014-09-10 17:52:51.0000004,11.243144
2009-09-28 19:21:59.0000004,4.2015376
2009-09-28 19:21:59.0000005,6.555557
2009-09-28 19:21:59.0000002,6.532121
2009-09-28 19:21:59.0000008,7.615651
2009-09-28 19:21:59.0000001,5.5724883
2015-05-23 12:59:39.0000004,11.45485
2015-05-23 12:59:39.0000002,13.299571
2015-05-23 12:59:39.0000001,7.3849344
2010-02-10 12:16:03.0000001,5.6533957
2010-02-10 12:16:03.0000002,12.454321
2014-01-11 23:10:59.0000004,13.538579
2014-01-11 23:10:59.0000003,17.63965
2014-01-11 23:10:59.0000005,14.819426
2014-01-11 23:10:59.0000001,12.987376
2014-01-11 23:10:59.0000002,24.855886
2010-04-24 20:15:07.0000002,12.173954
2013-08-07 00:31:07.0000001,52.838207
2012-10-21 19:47:23.0000001,5.912083
2012-10-21 19:47:23.0000003,8.931848
2012-10-21 19:47:23.0000004,11.182358
2013-05-24 07:22:51.0000002,5.395639
2009-09-13 20:12:31.0000002,5.4768224
2009-09-13 20:12:31.0000001,5.712238
2010-10-31 08:51:59.0000002,5.2617908
2010-10-31 08:51:59.0000001,16.162767
2013-06-04 23:58:11.0000007,6.4639816
2013-06-04 23:58:11.0000001,17.912157
2013-06-04 23:58:11.0000003,10.364908
2013-06-04 23:58:11.0000005,6.0844507
2013-06-04 23:58:11.0000002,26.180113
2013-06-04 23:58:11.0000004,9.42705
2013-06-04 23:58:11.0000008,32.09572
2010-03-22 22:11:31.0000001,12.634449
2010-03-22 22:11:31.0000002,6.601856
2011-01-15 12:49:59.0000002,11.728582
2011-01-15 12:49:59.0000001,13.68082
2009-06-13 18:36:47.0000001,14.4322605
2009-06-13 18:36:47.0000002,9.222627
2009-06-13 18:36:47.0000003,10.062815
2009-05-06 16:41:35.0000001,9.490158
2014-08-08 17:32:47.0000004,6.0791135
2014-08-08 17:32:47.0000001,38.621674
2014-08-08 17:32:47.0000002,15.553806
2014-04-02 11:55:15.0000001,9.302232
2014-04-02 11:55:15.0000002,6.3624682
2011-01-04 10:12:51.0000003,7.059843
2011-01-04 10:12:51.0000004,5.205641
2011-01-04 10:12:51.0000001,4.8023324
2011-01-04 10:12:51.0000005,4.759275
2010-09-22 09:42:31.0000002,9.912759
2010-09-22 09:42:31.0000004,10.515189
2010-09-22 09:42:31.0000001,8.472663
2013-08-19 19:39:23.0000003,7.9372306
2013-08-19 19:39:23.0000001,6.0902653
2014-07-08 10:21:39.0000002,9.873663
2014-07-08 10:21:39.0000006,12.751774
2014-07-08 10:21:39.0000003,4.7172008
2014-07-08 10:21:39.0000005,11.8108
2014-07-08 10:21:39.0000004,11.530486
2014-07-08 10:21:39.0000001,4.7959847
2015-03-11 16:36:39.0000003,11.838528
2015-03-11 16:36:39.0000001,6.9671226
2015-03-11 16:36:39.0000002,17.681543
2015-05-29 18:59:35.0000005,41.052258
2015-05-29 18:59:35.0000004,13.519148
2015-05-29 18:59:35.0000002,8.649103
2015-05-29 18:59:35.0000001,8.611863
2011-10-26 17:48:43.0000001,5.511093
2011-10-26 17:48:43.0000008,6.543831
2011-10-26 17:48:43.0000002,9.3183975
2011-10-26 17:48:43.0000004,7.3102274
2011-10-26 17:48:43.0000003,5.2215385
2011-10-26 17:48:43.0000007,4.824195
2014-06-24 09:49:55.0000004,12.473684
2014-06-24 09:49:55.0000007,5.479034
2014-06-24 09:49:55.0000001,5.5355873
2014-06-24 09:49:55.0000006,6.9932685
2014-06-24 09:49:55.0000002,11.6522455
2014-06-24 09:49:55.0000003,7.9840927
2014-06-24 09:49:55.0000005,5.124418
2009-03-14 20:59:19.0000001,12.341252
2009-01-29 18:38:03.0000002,6.9458437
2009-01-29 18:38:03.0000001,29.98205
2010-07-23 00:03:59.0000001,12.943475
2013-01-11 12:28:03.0000004,8.274447
2013-01-11 12:28:03.0000003,6.6592717
2013-01-11 12:28:03.0000002,5.8470716
2013-01-11 12:28:03.0000005,10.683719
2013-01-11 12:28:03.0000001,8.333889
2013-02-20 02:00:23.0000001,14.461676
2013-02-20 02:00:23.0000002,6.249784
2013-02-20 02:00:23.0000003,8.7845335
2009-11-03 19:53:27.0000004,11.910827
2009-11-03 19:53:27.0000003,6.523173
2009-12-19 21:56:15.0000002,7.1903667
2009-12-19 21:56:15.0000001,8.012372
2014-03-22 12:24:03.0000001,37.63151
2014-03-22 12:24:03.0000002,7.9717407
2009-12-21 21:20:43.0000003,7.630425
2009-12-21 21:20:43.0000001,9.347473
2009-08-21 15:35:07.0000002,5.073174
2009-08-21 15:35:07.0000004,45.95085
2009-08-21 15:35:07.0000003,5.5682
2010-04-25 13:28:47.0000002,4.794024
2010-04-25 13:28:47.0000003,25.237823
2010-11-02 18:49:59.0000001,11.709213
2010-11-02 18:49:59.0000003,5.222732
2010-11-02 18:49:59.0000002,7.5027733
2011-04-02 00:27:03.0000006,7.9258804
2011-04-02 00:27:03.0000002,5.9188137
2011-04-02 00:27:03.0000004,5.2545824
2011-04-02 00:27:03.0000003,7.103126
2011-04-02 00:27:03.0000005,7.8032036
2011-04-02 00:27:03.0000001,5.9670343
2013-12-29 12:31:55.0000001,9.141638
2013-12-29 12:31:55.0000002,11.417663
2013-12-29 12:31:55.0000003,8.40067
2012-05-02 12:02:03.0000003,8.6712885
2012-05-02 12:02:03.0000002,11.664729
2012-05-02 12:02:03.0000004,6.647413
2012-05-02 12:02:03.0000005,8.201091
2012-05-02 12:02:03.0000001,5.222571
2009-07-21 10:36:43.0000001,4.496135
2009-07-21 10:36:43.0000003,7.8689833
2009-07-21 10:36:43.0000002,7.4913936
2012-09-16 18:14:55.0000003,5.4537153
2012-09-16 18:14:55.0000001,11.468997
2012-09-16 18:14:55.0000004,6.098064
2010-04-21 06:28:47.0000002,6.568093
2009-03-02 09:30:07.0000001,7.7573047
2009-03-02 09:30:07.0000002,4.5154924
2010-12-18 15:32:19.0000001,6.8585434
2013-02-20 08:23:31.0000001,6.2430706
2015-02-11 20:51:51.0000006,34.54918
2015-02-11 20:51:51.0000002,9.811824
2015-02-11 20:51:51.0000003,5.041426
2015-02-11 20:51:51.0000005,5.640357
2015-02-11 20:51:51.0000007,10.3753
2015-02-11 20:51:51.0000004,7.758942
2013-12-07 01:41:59.0000001,10.933706
2013-12-07 01:41:59.0000003,13.155287
2014-03-04 12:06:35.0000002,7.892293
2014-03-04 12:06:35.0000004,9.081797
2014-03-04 12:06:35.0000003,13.234064
2014-03-04 12:06:35.0000001,6.9832916
2013-05-21 06:52:59.0000001,14.696946
2013-05-21 06:52:59.0000004,6.172942
2013-05-21 06:52:59.0000002,5.8721113
2009-09-09 08:09:19.0000002,7.701847
2009-09-09 08:09:19.0000001,8.109889
2012-06-22 20:50:55.0000001,17.748213
2010-04-06 09:14:59.0000001,15.886295
2010-04-06 09:14:59.0000003,4.803556
2010-04-06 09:14:59.0000002,30.382591
2009-04-03 07:49:39.0000002,7.702013
2009-04-03 07:49:39.0000001,7.050203
2011-08-28 16:06:43.0000001,10.349351
2010-12-19 15:52:31.0000001,12.415548
2010-12-19 15:52:31.0000002,4.7152267
2010-12-19 15:52:31.0000004,5.044589
2010-12-19 15:52:31.0000003,5.745614
2014-07-12 00:15:59.0000004,6.15057
2014-07-12 00:15:59.0000003,5.402911
2014-07-12 00:15:59.0000002,9.0961895
2009-03-31 10:27:19.0000004,9.392696
2009-03-31 10:27:19.0000002,7.453147
2009-03-31 10:27:19.0000001,17.28238
2014-07-31 10:39:39.0000002,4.6977444
2012-06-02 07:16:31.0000001,5.529813
2012-06-02 07:16:31.0000003,50.059284
2012-06-02 07:16:31.0000002,14.409272
2012-09-27 15:03:15.0000001,34.679787
2012-07-05 02:23:47.0000001,4.9266605
2013-09-14 18:28:03.0000002,21.264677
2013-09-14 18:28:03.0000003,18.936054
2009-04-22 04:26:35.0000001,14.79609
2015-02-14 09:08:11.0000003,9.281162
2012-01-19 20:26:35.0000004,4.1045885
2012-01-19 20:26:35.0000005,12.973612
2012-01-19 20:26:35.0000001,6.428562
2015-03-13 13:04:59.0000001,11.074624
2015-03-13 13:04:59.0000002,10.51923
2015-03-13 13:04:59.0000006,9.876832
2015-03-13 13:04:59.0000004,6.321676
2015-03-13 13:04:59.0000007,15.428696
2015-03-13 13:04:59.0000003,8.278345
2015-03-13 13:04:59.0000005,6.633288
2013-07-25 13:47:39.0000002,9.936138
2013-07-25 13:47:39.0000001,10.455525
2014-03-07 11:45:35.0000001,9.568861
2014-03-07 11:45:35.0000002,25.55791
2013-10-31 06:09:15.0000001,19.301477
2014-09-11 06:41:15.0000001,5.5414987
2014-09-11 06:41:15.0000002,4.87085
2014-09-11 06:41:15.0000004,9.2409
2014-09-11 06:41:15.0000003,12.918936
2012-06-04 09:50:39.0000005,32.256153
2012-06-04 09:50:39.0000003,5.7198486
2012-06-04 09:50:39.0000001,11.835264
2012-06-04 09:50:39.0000004,9.735213
2012-06-04 09:50:39.0000002,8.081183
2010-06-07 07:37:55.0000002,6.0950813
2010-06-07 07:37:55.0000003,4.600538
2010-06-07 07:37:55.0000001,6.768263
2010-06-07 07:37:55.0000004,4.411207
2015-02-25 18:00:51.0000009,6.583331
2015-02-25 18:00:51.0000006,5.6719027
2015-02-25 18:00:51.0000002,27.334345
2015-02-25 18:00:51.0000003,6.9842234
2015-02-25 18:00:51.00000010,8.268638
2015-02-25 18:00:51.0000004,8.6229315
2015-02-25 18:00:51.0000005,6.1265464
2015-02-08 08:44:03.0000001,13.859412
2010-12-11 15:16:35.0000001,5.6963577
2010-12-11 15:16:35.0000002,4.9549108
2014-05-19 18:38:19.0000002,5.446267
2014-05-19 18:38:19.0000001,8.952661
2009-07-19 08:38:51.0000001,5.9333143
2013-08-20 12:05:47.0000001,9.785962
2013-08-20 12:05:47.0000003,9.104317
2013-08-20 12:05:47.0000004,9.157065
2013-08-20 12:05:47.0000002,10.942399
2014-03-11 19:48:15.0000007,10.328379
2014-03-11 19:48:15.0000001,10.769049
2014-03-11 19:48:15.0000005,6.952865
2014-03-11 19:48:15.0000006,11.654908
2014-03-11 19:48:15.0000004,11.489992
2014-03-11 19:48:15.0000002,17.853676
2014-03-11 19:48:15.0000003,11.108619
2013-01-09 02:05:51.0000002,6.486815
2009-08-08 11:41:51.0000001,4.477458
2009-08-08 11:41:51.0000004,11.066356
2009-08-08 11:41:51.0000002,5.513482
2014-06-18 16:08:03.0000001,8.773805
2014-06-18 16:08:03.0000002,17.385386
2013-06-02 16:26:47.0000003,8.90412
2013-06-02 16:26:47.0000002,5.8087926
2009-07-29 10:02:47.0000002,7.4643426
2009-07-29 10:02:47.0000001,6.9132595
2013-02-16 14:26:51.0000002,7.39533
2012-05-11 03:48:31.0000001,5.637022
2010-01-22 05:47:59.0000001,7.9031262
2012-11-12 11:57:03.0000002,55.418644
2012-01-04 00:06:39.0000001,6.559304
2010-12-28 20:17:27.0000002,4.7195487
2010-12-28 20:17:27.0000001,6.0040064
2010-12-28 20:17:27.0000004,5.0716467
2009-03-18 08:03:07.0000002,11.4424925
2009-03-18 08:03:07.0000001,4.773441
2011-10-07 12:38:19.0000004,14.60186
2011-10-07 12:38:19.0000003,4.426526
2011-10-07 12:38:19.0000002,18.91374
2011-10-07 12:38:19.0000005,10.634531
2009-12-12 22:01:31.0000005,11.306048
2009-12-12 22:01:31.0000002,7.978471
2009-12-12 22:01:31.0000004,5.3960376
2009-12-12 22:01:31.0000006,5.128698
2009-12-12 22:01:31.0000003,10.61943
2015-04-19 20:44:15.0000003,15.900785
2015-04-19 20:44:15.0000002,6.5192432
2015-04-19 20:44:15.0000004,9.356588
2012-03-23 01:36:31.0000002,6.3374867
2012-03-23 01:36:31.0000001,3.8088293
2014-10-08 21:24:47.0000001,11.688467
2014-10-08 21:24:47.0000002,12.860617
2011-02-03 01:27:31.0000001,16.206127
2011-05-20 23:42:59.0000002,6.455558
2014-01-04 10:54:59.0000001,17.758236
2014-01-04 10:54:59.0000003,9.323972
2009-11-23 05:45:11.0000001,28.153776
2013-01-22 16:25:11.0000003,9.813797
2013-01-22 16:25:11.0000002,40.722248
2013-01-22 16:25:11.0000001,10.810169
2015-05-12 08:31:07.0000007,37.77541
2015-05-12 08:31:07.0000008,5.6476865
2015-05-12 08:31:07.0000001,11.060774
2015-05-12 08:31:07.0000009,9.659464
2015-05-12 08:31:07.0000005,8.164369
2015-05-12 08:31:07.0000006,7.6082573
2015-05-12 08:31:07.0000002,35.46721
2015-05-12 08:31:07.0000004,15.215898
2013-09-26 06:58:55.0000001,6.721577
2013-09-26 06:58:55.0000002,11.521732
2014-09-14 23:26:11.0000003,12.30053
2014-09-14 23:26:11.0000002,12.548729
2009-08-26 08:06:15.0000002,12.145202
2009-08-26 08:06:15.0000003,34.658886
2009-08-26 08:06:15.0000001,6.965556
2014-10-13 06:14:51.0000001,7.3854256
2013-02-02 16:07:55.0000002,11.319203
2013-02-02 16:07:55.0000001,6.5475154
2013-02-02 16:07:55.0000003,7.8707123
2014-04-05 01:52:27.0000005,5.073008
2014-04-05 01:52:27.0000001,22.134575
2010-02-23 20:29:51.0000002,6.522684
2010-02-23 20:29:51.0000003,6.908197
2011-01-25 00:01:03.0000002,7.1386013
2011-01-25 00:01:03.0000001,9.734469
2013-11-01 13:07:47.0000002,9.910491
2013-11-01 13:07:47.0000001,8.867182
2013-11-01 13:07:47.0000005,10.161976
2013-11-01 13:07:47.0000004,10.576805
2015-03-07 15:25:59.0000004,6.0241094
2015-03-07 15:25:59.0000002,20.157078
2015-03-07 15:25:59.0000001,10.850008
2013-10-06 21:05:11.0000002,28.192175
2013-10-06 21:05:11.0000001,11.467115
2009-04-16 15:57:31.0000002,7.8796277
2012-02-21 20:45:03.0000002,7.0671883
2012-02-21 20:45:03.0000001,8.6181135
2010-01-10 12:55:43.0000002,7.7410965
2015-01-31 01:05:19.0000004,20.016714
2015-01-31 01:05:19.0000007,24.416687
2015-01-31 01:05:19.0000006,7.7163568
2015-01-31 01:05:19.0000001,10.003809
2015-01-31 01:05:19.0000003,5.1280804
2015-01-31 01:05:19.0000002,15.427138
2011-10-23 17:43:43.0000001,5.6231823
2015-03-16 21:12:19.0000003,22.897333
2015-03-16 21:12:19.0000004,7.8187804
2015-03-16 21:12:19.0000005,12.608596
2015-03-16 21:12:19.0000008,15.845863
2015-03-16 21:12:19.0000001,13.646938
2012-09-29 20:16:51.0000001,8.255365
2012-09-29 20:16:51.0000002,26.993221
2012-09-29 20:16:51.0000003,6.915755
2012-09-29 20:16:51.0000005,11.505606
2009-08-03 16:28:07.0000001,4.5210104
2009-08-03 16:28:07.0000003,5.744931
2009-08-03 16:28:07.0000004,7.002361
2009-08-03 16:28:07.0000002,15.231891
2009-07-30 15:49:15.0000003,8.8376665
2009-07-30 15:49:15.0000001,7.715297
2009-07-30 15:49:15.0000005,7.2312574
2015-01-18 14:06:23.0000005,16.825409
2015-01-18 14:06:23.0000002,21.560427
2015-03-02 14:08:03.0000002,4.8737454
2015-03-02 14:08:03.0000001,9.087179
2009-09-07 19:35:39.0000003,7.5634155
2009-09-07 19:35:39.0000002,8.879918
2014-07-01 15:15:23.0000004,9.9137945
2014-07-01 15:15:23.0000002,17.31773
2014-07-01 15:15:23.0000005,16.93215
2014-07-01 15:15:23.0000006,5.6079755
2014-07-01 15:15:23.0000001,31.903519
2013-04-18 02:55:07.0000001,19.760172
2010-02-10 16:57:19.0000001,8.705281
2013-02-15 18:45:39.0000001,11.167425
2011-06-22 01:50:11.0000001,18.238205
2014-05-06 23:54:59.0000002,15.422518
2014-05-06 23:54:59.0000004,5.3591
2014-05-06 23:54:59.0000003,4.3696117
2014-05-06 23:54:59.0000001,12.588617
2012-04-23 21:05:31.0000003,22.759851
2012-04-23 21:05:31.0000004,10.045546
2012-04-23 21:05:31.0000002,8.966147
2012-04-23 21:05:31.0000006,4.7049017
2012-04-23 21:05:31.0000001,31.303402
2012-04-23 21:05:31.0000005,6.298986
2009-03-20 07:29:39.0000003,5.6105494
2009-03-20 07:29:39.0000001,13.437911
2009-03-20 07:29:39.0000002,7.457327
2014-06-25 15:08:19.0000001,7.2186084
2014-06-25 15:08:19.0000002,7.9342904
2011-06-09 14:51:15.0000003,8.628208
2011-06-09 14:51:15.0000004,7.192221
2011-06-09 14:51:15.0000001,7.9511976
2011-06-09 14:51:15.0000002,9.160295
2015-01-27 13:08:24.0000001,6.388478
2011-07-24 14:52:56.0000001,9.809435
2011-10-08 11:53:44.0000001,14.540562
2012-12-01 21:12:12.0000004,5.1891785
2013-11-22 15:43:12.0000001,4.8767257
2012-07-15 16:45:04.0000005,5.432365
2012-07-15 16:45:04.0000001,6.598538
2014-06-14 13:39:00.00000014,11.907229
2014-06-14 13:39:00.000000113,10.252361
2014-06-14 13:39:00.0000006,7.6563463
2014-06-14 13:39:00.000000139,10.081191
2014-06-14 13:39:00.0000004,6.113499
2014-06-14 13:39:00.000000171,10.819402
2014-06-14 13:39:00.00000011,14.166962
2014-06-14 13:39:00.00000064,5.303449
2014-06-14 13:39:00.00000090,7.5428243
2014-06-14 13:39:00.00000041,6.3522654
2014-06-14 13:39:00.00000081,4.301467
2014-06-14 13:39:00.000000164,9.877904
2014-06-14 13:39:00.00000080,16.306904
2014-06-14 13:39:00.00000026,33.153294
2014-06-14 13:39:00.00000058,9.484927
2014-06-14 13:39:00.000000150,14.508077
2014-06-14 13:39:00.00000030,6.908631
2014-06-14 13:39:00.00000091,5.047748
2014-06-14 13:39:00.000000175,6.832538
2014-06-14 13:39:00.000000101,19.319235
2014-06-14 13:39:00.00000085,8.495414
2014-06-14 13:39:00.000000105,7.540112
2014-06-14 13:39:00.00000069,7.0941653
2014-06-14 13:39:00.000000149,86.19226
2010-08-22 21:14:08.0000004,4.393884
2011-06-24 20:34:48.0000003,9.127876
2011-06-24 20:34:48.0000004,5.66403
2011-03-28 20:38:36.0000001,9.306067
2009-10-21 02:11:24.0000001,13.145689
2011-05-21 13:16:20.0000002,9.970129
2015-01-31 20:54:04.0000003,7.294079
2010-05-10 10:37:04.0000001,8.156523
2010-03-20 21:35:20.0000001,10.895062
2010-03-20 21:35:20.0000002,9.269225
2012-08-22 22:39:20.0000004,5.2995043
2012-08-22 22:39:20.0000002,9.349711
2012-12-23 02:29:16.0000002,20.654673
2011-10-02 23:36:00.00000031,5.749894
2011-10-02 23:36:00.00000070,7.6171837
2011-10-02 23:36:00.00000068,13.1887245
2011-10-02 23:36:00.00000034,14.728206
2011-10-02 23:36:00.00000042,9.071237
2011-10-02 23:36:00.00000032,8.468643
2011-10-02 23:36:00.00000028,4.6093836
2011-10-02 23:36:00.00000078,5.011851
2011-10-02 23:36:00.00000027,8.227396
2011-10-02 23:36:00.00000018,5.1561875
2011-10-02 23:36:00.00000061,9.691123
2011-10-02 23:36:00.00000045,4.9265885
2011-10-02 23:36:00.00000016,5.2192483
2011-10-02 23:36:00.00000052,8.408391
2011-10-02 23:36:00.00000098,8.099725
2011-10-02 23:36:00.00000048,9.463479
2013-03-21 12:47:28.0000004,8.009006
2013-03-21 12:47:28.0000007,5.304374
2010-09-05 22:31:32.0000001,9.585643
2013-07-12 23:33:24.0000003,15.067856
2015-06-08 20:02:56.0000002,14.96055
2011-10-11 22:13:48.0000001,10.737683
2011-10-11 22:13:48.0000004,5.0464287
2013-09-14 16:53:20.0000004,10.468789
2013-09-14 16:53:20.0000003,19.86622
2014-02-06 09:09:56.0000002,10.29786
2009-06-10 16:55:00.00000028,6.730272
2009-06-10 16:55:00.00000020,10.59964
2009-06-10 16:55:00.0000001,5.792351
2009-06-10 16:55:00.000000133,8.078504
2009-06-10 16:55:00.00000026,6.8018045
2009-06-10 16:55:00.000000142,16.896166
2009-06-10 16:55:00.00000038,7.5603485
2009-06-10 16:55:00.00000042,10.251481
2009-06-10 16:55:00.000000112,6.446135
2009-06-10 16:55:00.00000096,6.7366343
2009-06-10 16:55:00.00000050,8.141963
2009-06-10 16:55:00.00000092,10.483864
2009-06-10 16:55:00.000000167,7.458832
2009-06-10 16:55:00.000000110,5.662676
2009-06-10 16:55:00.00000015,12.905177
2009-06-10 16:55:00.000000104,27.989851
2009-06-10 16:55:00.00000019,47.92977
2009-06-10 16:55:00.000000168,5.092106
2009-06-10 16:55:00.00000059,8.71259
2009-06-10 16:55:00.000000136,8.810881
2009-06-10 16:55:00.00000087,31.40375
2009-06-10 16:55:00.000000134,5.5336075
2009-06-10 16:55:00.00000032,7.369433
2013-06-26 11:19:36.0000001,7.7197113
2009-05-02 20:11:32.0000002,5.1092653
2009-05-02 20:11:32.0000003,11.6561
2011-06-24 12:03:00.00000031,8.410127
2011-06-24 12:03:00.00000064,6.0672884
2011-06-24 12:03:00.000000153,15.091054
2011-06-24 12:03:00.00000014,7.018525
2011-06-24 12:03:00.000000192,29.451746
2011-06-24 12:03:00.000000121,7.0576134
2011-06-24 12:03:00.000000140,5.56818
2011-06-24 12:03:00.000000155,5.0411267
2011-06-24 12:03:00.00000016,5.062977
2011-06-24 12:03:00.00000084,5.9252086
2011-06-24 12:03:00.00000080,4.318648
2011-06-24 12:03:00.000000123,5.125908
2011-06-24 12:03:00.000000125,6.6465406
2011-06-24 12:03:00.00000032,9.564721
2011-06-24 12:03:00.000000178,14.40382
2011-06-24 12:03:00.00000090,10.847392
2011-06-24 12:03:00.000000166,40.49101
2011-06-24 12:03:00.000000108,5.771211
2011-06-24 12:03:00.00000098,10.138025
2011-06-24 12:03:00.000000104,28.875307
2011-06-24 12:03:00.00000027,12.960326
2011-06-24 12:03:00.000000151,11.208105
2011-06-24 12:03:00.00000099,12.783732
2011-06-24 12:03:00.00000077,24.043924
2011-06-24 12:03:00.00000019,10.157259
2011-06-24 12:03:00.00000091,8.349065
2011-06-24 12:03:00.000000132,11.889232
2011-06-24 12:03:00.000000161,7.4226837
2011-06-24 12:03:00.00000024,5.586973
2011-06-24 12:03:00.00000034,7.684671
2011-06-24 12:03:00.00000050,16.890142
2011-06-24 12:03:00.00000023,44.110195
2011-06-24 12:03:00.00000049,8.339931
2011-06-24 12:03:00.000000115,12.1879425
2011-06-24 12:03:00.0000008,6.4022
2014-06-15 07:06:00.00000021,19.323807
2014-06-15 07:06:00.00000032,8.558047
2014-06-15 07:06:00.00000029,5.179747
2014-06-15 07:06:00.00000043,35.095184
2014-06-15 07:06:00.0000007,5.542778
2014-06-15 07:06:00.00000038,14.603302
2014-06-15 07:06:00.00000020,6.9311175
2014-06-15 07:06:00.00000027,56.23631
2012-08-09 01:30:36.0000001,10.980416
2015-05-30 21:29:04.0000002,13.851899
2015-05-30 21:29:04.0000005,10.14497
2009-10-26 12:01:36.0000004,30.153677
2013-02-02 15:45:08.0000004,8.182804
2010-12-14 23:27:36.0000003,4.9299974
2010-12-14 23:27:36.0000004,4.824253
2010-12-14 23:27:36.0000002,8.580759
2014-04-14 13:48:32.0000001,36.290977
2014-04-14 13:48:32.0000002,9.10397
2014-08-07 16:57:56.0000001,9.603345
2009-09-14 02:19:00.00000022,7.885968
2009-09-14 02:19:00.00000010,10.663584
2009-09-14 02:19:00.0000004,5.3610663
2009-09-14 02:19:00.00000011,4.745338
2009-09-14 02:19:00.00000023,10.907087
2009-09-14 02:19:00.00000041,4.9733095
2009-09-14 02:19:00.00000013,10.536848
2014-03-17 16:07:56.0000001,9.158155
2011-06-12 11:31:48.0000003,5.4920864
2011-06-12 11:31:48.0000001,7.4293156
2011-06-12 11:31:48.0000002,13.278219
2015-06-24 14:19:52.0000003,12.910295
2010-08-21 22:21:32.0000003,7.4358554
2012-01-26 11:17:36.0000001,5.8812766
2015-02-27 14:15:52.0000001,12.243564
2015-02-27 14:15:52.0000002,11.363298
2014-09-14 17:22:12.0000004,10.660034
2009-01-02 17:45:40.0000004,30.188725
2009-01-02 17:45:40.0000001,6.847751
2009-01-02 17:45:40.0000002,8.039081
2009-01-02 17:45:40.0000003,5.952886
2009-01-01 11:04:24.0000003,11.947191
2009-01-01 11:04:24.0000001,6.750916
2014-04-28 19:46:36.0000001,5.7803974
2011-06-01 07:37:00.000000192,18.35753
2011-06-01 07:37:00.000000115,12.673715
2011-06-01 07:37:00.00000089,7.239225
2011-06-01 07:37:00.00000087,7.321216
2011-06-01 07:37:00.000000173,4.897015
2011-06-01 07:37:00.000000166,8.982348
2011-06-01 07:37:00.00000081,5.220936
2011-06-01 07:37:00.00000041,4.970707
2011-06-01 07:37:00.000000102,4.5374217
2011-06-01 07:37:00.000000215,14.47282
2011-06-01 07:37:00.0000006,24.390965
2011-06-01 07:37:00.000000161,6.0815167
2011-06-01 07:37:00.000000123,4.905699
2011-06-01 07:37:00.000000117,8.473269
2011-06-01 07:37:00.0000004,17.478935
2011-06-01 07:37:00.000000133,8.498956
2011-06-01 07:37:00.000000160,6.3648105
2011-06-01 07:37:00.000000136,15.266124
2011-06-01 07:37:00.000000214,9.043498
2011-06-01 07:37:00.00000047,10.773929
2011-06-01 07:37:00.0000001,6.0873218
2011-06-01 07:37:00.00000096,4.9344625
2011-06-01 07:37:00.000000150,18.01569
2011-06-01 07:37:00.00000072,15.30976
2011-06-01 07:37:00.00000064,6.9450192
2010-08-27 18:45:00.00000048,15.480024
2010-08-27 18:45:00.000000210,14.585688
2010-08-27 18:45:00.000000159,4.922973
2010-08-27 18:45:00.00000083,10.1059
2010-08-27 18:45:00.000000145,5.1119003
2010-08-27 18:45:00.00000096,7.2356086
2010-08-27 18:45:00.00000036,5.5933685
2010-08-27 18:45:00.00000088,9.008183
2010-08-27 18:45:00.000000116,11.793008
2010-08-27 18:45:00.000000193,7.2126923
2010-08-27 18:45:00.000000121,5.381159
2010-08-27 18:45:00.00000074,15.193963
2010-08-27 18:45:00.00000075,8.769597
2010-08-27 18:45:00.000000130,14.182947
2010-08-27 18:45:00.000000224,6.5733166
2010-08-27 18:45:00.00000072,5.166444
2010-08-27 18:45:00.000000128,9.194592
2010-08-27 18:45:00.000000163,10.935318
2010-08-27 18:45:00.000000171,8.573948
2010-08-27 18:45:00.000000157,11.166442
2010-08-27 18:45:00.000000147,6.9137955
2010-08-27 18:45:00.000000119,5.894936
2010-08-27 18:45:00.000000111,6.8358116
2010-08-27 18:45:00.00000015,20.532488
2010-08-27 18:45:00.00000062,5.88312
2010-08-27 18:45:00.000000127,6.0624943
2010-08-27 18:45:00.000000223,4.0757475
2010-08-27 18:45:00.000000112,9.015972
2010-08-27 18:45:00.000000201,15.641228
2010-08-27 18:45:00.000000135,13.908074
2010-08-27 18:45:00.00000092,7.740926
2010-08-27 18:45:00.00000056,5.00091
2010-08-27 18:45:00.000000105,10.1086645
2010-08-27 18:45:00.000000222,5.440916
2010-08-27 18:45:00.00000023,7.8185654
2011-02-12 00:43:24.0000002,6.2434797
2014-05-07 06:50:20.0000004,7.2256384
2010-08-14 02:13:00.000000131,9.785519
2010-08-14 02:13:00.00000097,7.300391
2010-08-14 02:13:00.00000086,4.4803653
2010-08-14 02:13:00.00000051,7.31529
2010-08-14 02:13:00.000000128,5.083599
2010-08-14 02:13:00.00000074,7.688783
2010-08-14 02:13:00.000000169,4.821516
2010-08-14 02:13:00.000000127,8.880521
2010-08-14 02:13:00.00000036,6.032468
2010-08-14 02:13:00.00000068,27.524462
2010-08-14 02:13:00.00000042,21.608309
2010-08-14 02:13:00.000000115,19.808289
2010-08-14 02:13:00.00000029,5.7338185
2010-08-14 02:13:00.0000003,50.146805
2010-08-14 02:13:00.00000037,17.206177
2010-08-14 02:13:00.000000121,4.091525
2010-08-14 02:13:00.00000031,4.860721
2010-08-14 02:13:00.00000094,12.952298
2010-08-14 02:13:00.000000136,12.531337
2010-08-14 02:13:00.00000018,8.089186
2010-08-14 02:13:00.000000125,7.9485416
2010-08-14 02:13:00.00000041,17.597748
2010-08-14 02:13:00.000000163,17.591208
2010-08-14 02:13:00.000000126,7.6054797
2010-08-14 02:13:00.0000008,10.7898035
2010-08-14 02:13:00.00000057,5.886867
2010-08-14 02:13:00.00000050,15.391638
2010-08-14 02:13:00.000000152,4.4050565
2014-03-25 23:47:00.00000083,5.8933754
2014-03-25 23:47:00.000000139,5.0940504
2014-03-25 23:47:00.000000122,20.146759
2014-03-25 23:47:00.00000093,6.4832253
2014-03-25 23:47:00.00000039,10.560291
2014-03-25 23:47:00.000000119,7.350611
2014-03-25 23:47:00.00000067,13.855745
2014-03-25 23:47:00.00000034,9.356105
2014-03-25 23:47:00.00000040,13.863146
2014-03-25 23:47:00.000000137,11.708674
2014-03-25 23:47:00.00000076,23.930805
2014-03-25 23:47:00.00000057,9.999131
2014-03-25 23:47:00.000000104,8.998018
2014-03-25 23:47:00.00000069,4.6668377
2015-06-05 08:38:56.0000008,22.212835
2010-08-06 20:27:12.0000003,7.241764
2012-08-03 12:33:08.0000001,5.9079123
2010-09-29 16:43:00.00000088,11.116899
2010-09-29 16:43:00.00000034,12.06525
2010-09-29 16:43:00.00000069,12.897826
2010-09-29 16:43:00.000000172,10.72182
2010-09-29 16:43:00.000000152,6.885719
2010-09-29 16:43:00.00000084,8.190777
2010-09-29 16:43:00.000000136,6.8977127
2010-09-29 16:43:00.000000126,10.894638
2010-09-29 16:43:00.000000171,5.9713397
2010-09-29 16:43:00.000000139,6.5820184
2010-09-29 16:43:00.0000002,6.557251
2010-09-29 16:43:00.00000070,8.774771
2010-09-29 16:43:00.00000045,5.3040814
2010-09-29 16:43:00.0000009,10.361622
2010-09-29 16:43:00.00000057,15.760995
2010-09-29 16:43:00.000000118,7.649735
2010-09-29 16:43:00.00000042,11.667405
2010-09-29 16:43:00.000000130,8.596532
2010-09-29 16:43:00.00000039,7.7186217
2010-09-29 16:43:00.00000032,8.084522
2014-10-27 14:58:00.000000101,10.314324
2014-10-27 14:58:00.00000023,10.715938
2014-10-27 14:58:00.0000006,11.525009
2014-10-27 14:58:00.000000113,6.5189786
2014-10-27 14:58:00.000000143,5.275769
2014-10-27 14:58:00.00000090,5.892201
2014-10-27 14:58:00.000000104,19.813766
2014-10-27 14:58:00.000000148,39.931923
2014-10-27 14:58:00.00000060,7.365587
2014-10-27 14:58:00.000000129,23.49948
2014-10-27 14:58:00.00000012,17.97347
2014-10-27 14:58:00.00000035,16.982437
2014-10-27 14:58:00.00000036,10.210049
2014-10-27 14:58:00.000000150,9.244927
2014-10-27 14:58:00.00000050,6.6537647
2014-10-27 14:58:00.000000103,8.446015
2014-10-27 14:58:00.00000067,6.6711054
2014-10-27 14:58:00.00000066,5.750276
2009-10-08 23:44:56.0000003,8.69163
2012-11-03 17:11:00.00000064,15.637487
2012-11-03 17:11:00.00000074,6.95818
2012-11-03 17:11:00.000000132,55.767673
2012-11-03 17:11:00.00000031,8.494475
2012-11-03 17:11:00.00000028,9.232703
2012-11-03 17:11:00.000000102,8.837229
2012-11-03 17:11:00.00000067,8.692633
2012-11-03 17:11:00.000000162,8.283889
2012-11-03 17:11:00.00000054,13.989761
2012-11-03 17:11:00.00000046,6.889557
2012-11-03 17:11:00.000000113,29.862478
2012-11-03 17:11:00.00000093,7.120424
2012-11-03 17:11:00.00000032,12.341094
2012-11-03 17:11:00.00000052,19.043861
2012-11-03 17:11:00.000000147,8.818924
2012-11-03 17:11:00.000000125,9.043622
2012-11-03 17:11:00.00000086,6.922052
2012-11-03 17:11:00.0000009,8.429892
2012-11-03 17:11:00.000000136,7.8143234
2012-11-03 17:11:00.00000077,9.364478
2012-11-03 17:11:00.00000099,17.37172
2012-11-03 17:11:00.00000096,10.56531
2012-11-03 17:11:00.000000161,7.9925175
2012-11-03 17:11:00.000000124,10.908721
2012-11-03 17:11:00.00000016,22.596916
2012-11-03 17:11:00.00000058,5.4640927
2012-11-03 17:11:00.00000083,9.88398
2012-11-03 17:11:00.00000082,8.533713
2012-11-03 17:11:00.00000075,34.436546
2012-11-03 17:11:00.00000061,13.054037
2012-11-03 17:11:00.00000012,8.278579
2012-11-03 17:11:00.00000057,4.781645
2012-11-03 17:11:00.00000037,6.4374247
2012-11-03 17:11:00.000000106,7.5990543
2009-05-07 13:58:32.0000002,29.803823
2011-05-28 17:29:44.0000001,63.913017
2011-05-28 17:29:44.0000004,30.117434
2011-12-25 21:26:32.0000002,6.076427
2009-05-06 01:49:12.0000002,15.582886
2009-05-06 01:49:12.0000004,5.3977666
2011-03-11 01:44:00.00000030,8.006896
2011-03-11 01:44:00.00000027,34.86922
2011-03-11 01:44:00.0000009,7.427393
2011-03-11 01:44:00.00000047,27.937208
2011-03-11 01:44:00.00000092,4.885535
2011-03-11 01:44:00.0000006,11.579349
2011-03-11 01:44:00.00000056,16.320787
2011-03-11 01:44:00.00000081,11.152909
2011-03-11 01:44:00.00000039,6.887513
2011-03-11 01:44:00.00000077,18.788462
2011-03-11 01:44:00.00000059,12.922303
2011-03-11 01:44:00.00000028,6.447136
2011-03-11 01:44:00.00000036,13.120483
2011-03-11 01:44:00.00000038,23.166195
2011-03-11 01:44:00.00000065,16.516003
2011-03-11 01:44:00.0000003,7.5838695
2013-01-27 00:09:12.0000003,8.211031
2012-01-07 11:21:56.0000003,4.0475426
2012-01-07 11:21:56.0000001,7.09759
2012-10-31 12:17:24.0000002,12.757613
2012-10-20 02:05:08.0000003,7.106354
2014-10-11 15:11:24.0000003,5.413527
2009-08-17 12:27:08.0000002,9.626462
2014-04-09 09:23:12.0000004,13.162802
2009-11-25 19:32:52.0000004,5.3155155
2014-05-30 00:09:16.0000007,6.2469954
2014-05-30 00:09:16.0000006,18.923603
2013-01-07 17:08:32.0000002,10.382354
2013-02-18 17:37:28.0000001,5.612043
2011-10-04 09:37:00.00000038,13.301947
2011-10-04 09:37:00.00000095,9.886384
2011-10-04 09:37:00.00000015,8.549801
2011-10-04 09:37:00.00000022,29.786186
2011-10-04 09:37:00.00000052,11.041137
2011-10-04 09:37:00.000000141,11.422905
2011-10-04 09:37:00.000000179,14.859216
2011-10-04 09:37:00.000000148,7.08453
2011-10-04 09:37:00.00000014,7.166684
2011-10-04 09:37:00.00000085,5.7837296
2011-10-04 09:37:00.000000162,12.462454
2011-10-04 09:37:00.00000034,30.498354
2011-10-04 09:37:00.00000037,15.354233
2011-10-04 09:37:00.000000111,13.221717
2011-10-04 09:37:00.00000061,4.3569255
2011-10-04 09:37:00.000000199,7.8808584
2011-10-04 09:37:00.000000158,19.096498
2011-10-04 09:37:00.000000149,8.115879
2011-10-04 09:37:00.00000069,18.687553
2011-10-04 09:37:00.00000077,10.618354
2011-10-04 09:37:00.000000165,15.871162
2011-10-04 09:37:00.00000044,11.393573
2011-10-04 09:37:00.000000191,13.0244665
2011-10-04 09:37:00.000000164,5.5671234
2011-10-04 09:37:00.000000135,5.247146
2011-10-04 09:37:00.000000190,13.384711
2011-10-04 09:37:00.000000163,16.929182
2011-10-04 09:37:00.00000054,25.492464
2011-10-04 09:37:00.000000177,10.268254
2011-10-04 09:37:00.00000064,5.7132177
2011-10-04 09:37:00.0000003,11.13852
2011-10-04 09:37:00.000000196,26.003513
2011-10-04 09:37:00.000000155,6.68964
2012-10-23 14:15:04.0000002,10.973188
2012-10-18 21:06:20.0000009,8.5292225
2012-10-18 21:06:20.0000007,11.351548
2014-12-24 03:00:00.00000016,17.397863
2014-12-24 03:00:00.00000025,10.085811
2014-12-24 03:00:00.00000029,6.2671065
2014-12-24 03:00:00.00000040,11.262967
2014-12-24 03:00:00.0000007,5.0609636
2014-12-24 03:00:00.00000019,6.564421
2014-12-24 03:00:00.00000039,5.1072035
2010-10-07 10:54:20.0000003,48.2692
2011-02-21 20:11:08.0000006,9.117572
2009-10-04 22:54:56.0000002,12.842979
2015-04-11 20:31:32.00000011,7.440681
2015-04-11 20:31:32.0000005,12.822755
2011-02-20 12:31:04.0000002,6.681263
2013-01-01 22:04:56.0000002,10.066841
2013-01-01 22:04:56.0000003,8.796201
2013-04-23 17:52:44.0000003,56.76302
2010-01-01 13:19:40.0000004,12.346642
2010-03-06 23:51:08.0000003,12.660314
2014-04-27 02:57:00.000000155,11.184084
2014-04-27 02:57:00.00000072,10.300997
2014-04-27 02:57:00.00000043,8.805734
2014-04-27 02:57:00.00000073,14.672515
2014-04-27 02:57:00.00000013,16.50222
2014-04-27 02:57:00.000000191,6.2929096
2014-04-27 02:57:00.000000171,18.300415
2014-04-27 02:57:00.000000162,22.91796
2014-04-27 02:57:00.00000082,14.286083
2014-04-27 02:57:00.00000023,7.101415
2014-04-27 02:57:00.000000137,7.1499634
2014-04-27 02:57:00.00000057,17.087543
2014-04-27 02:57:00.000000174,5.94765
2014-04-27 02:57:00.00000012,5.0263934
2014-04-27 02:57:00.000000158,5.04032
2014-04-27 02:57:00.000000138,35.610424
2014-04-27 02:57:00.000000172,11.034768
2014-04-27 02:57:00.000000195,11.274495
2014-04-27 02:57:00.000000131,7.1557274
2014-04-27 02:57:00.000000140,15.262142
2014-04-27 02:57:00.000000154,5.251282
2014-04-27 02:57:00.00000036,7.0294127
2014-04-27 02:57:00.000000153,10.699594
2014-04-27 02:57:00.000000164,7.021437
2014-04-27 02:57:00.00000031,7.5365777
2014-04-27 02:57:00.000000116,27.131792
2014-04-27 02:57:00.000000187,9.398126
2011-01-18 10:26:40.0000001,12.921176
2011-12-13 22:00:00.000000185,11.306705
2011-12-13 22:00:00.000000117,27.349583
2011-12-13 22:00:00.00000037,12.706976
2011-12-13 22:00:00.000000171,7.138117
2011-12-13 22:00:00.000000194,12.061601
2011-12-13 22:00:00.000000237,5.6852665
2011-12-13 22:00:00.000000160,7.0129843
2011-12-13 22:00:00.000000145,5.056853
2011-12-13 22:00:00.00000035,10.100255
2011-12-13 22:00:00.00000081,5.06328
2011-12-13 22:00:00.00000015,7.519418
2011-12-13 22:00:00.000000118,8.3171
2011-12-13 22:00:00.000000140,8.352843
2011-12-13 22:00:00.00000092,21.085508
2011-12-13 22:00:00.00000047,6.394637
2011-12-13 22:00:00.000000119,6.730362
2011-12-13 22:00:00.00000077,5.121008
2011-12-13 22:00:00.00000096,8.088009
2011-12-13 22:00:00.000000152,16.776804
2011-12-13 22:00:00.000000198,9.167942
2011-12-13 22:00:00.00000043,6.223125
2011-12-13 22:00:00.000000115,5.213774
2011-12-13 22:00:00.000000236,4.6561704
2011-12-13 22:00:00.000000200,5.6983447
2011-12-13 22:00:00.0000001,19.26457
2011-12-13 22:00:00.000000251,6.5341983
2011-12-13 22:00:00.00000049,6.6461134
2011-12-13 22:00:00.00000034,9.471002
2011-12-13 22:00:00.000000262,5.675618
2011-12-13 22:00:00.00000018,22.196346
2011-12-13 22:00:00.000000108,5.2821293
2011-12-13 22:00:00.00000084,6.3249435
2014-05-13 07:33:52.0000005,6.3015842
2011-06-30 09:37:08.0000001,9.28526
2009-01-28 16:36:28.0000004,10.632974
2010-07-21 22:06:12.0000004,13.922036
2013-05-24 13:37:32.0000003,12.923523
2013-05-24 13:37:32.0000002,6.1324806
2014-03-05 21:07:12.0000002,4.3226905
2014-03-05 21:07:12.0000005,5.656116
2009-11-28 15:07:24.0000002,7.4005265
2010-07-31 15:47:28.0000002,11.957803
2013-11-22 15:36:36.0000001,12.366281
2011-06-26 18:48:08.0000003,8.084533
2011-10-17 18:49:20.0000001,12.338753
2011-10-17 18:49:20.0000004,7.3095207
2014-07-21 18:19:00.00000053,8.619301
2014-07-21 18:19:00.00000085,9.734432
2014-07-21 18:19:00.000000175,7.142278
2014-07-21 18:19:00.00000076,12.044232
2014-07-21 18:19:00.000000147,12.045216
2014-07-21 18:19:00.0000001,18.64791
2014-07-21 18:19:00.0000007,8.034822
2014-07-21 18:19:00.000000234,10.737926
2014-07-21 18:19:00.000000188,8.65639
2014-07-21 18:19:00.00000024,10.3038435
2014-07-21 18:19:00.000000158,5.419854
2014-07-21 18:19:00.00000093,12.8516655
2014-07-21 18:19:00.00000081,7.6803584
2014-07-21 18:19:00.000000206,7.2768607
2014-07-21 18:19:00.00000095,26.644146
2014-07-21 18:19:00.000000164,4.7011976
2014-07-21 18:19:00.00000062,7.1122375
2014-07-21 18:19:00.000000140,11.94175
2014-07-21 18:19:00.000000155,14.058226
2014-07-21 18:19:00.000000170,9.835913
2014-07-21 18:19:00.000000238,22.877605
2014-07-21 18:19:00.000000207,10.251141
2014-07-21 18:19:00.00000016,15.473358
2014-07-21 18:19:00.000000237,13.699932
2014-07-21 18:19:00.00000045,6.4049473
2014-07-21 18:19:00.000000110,5.718615
2014-07-21 18:19:00.000000157,6.8031573
2014-07-21 18:19:00.000000236,11.458283
2014-07-21 18:19:00.000000151,8.012144
2014-07-21 18:19:00.000000192,6.127048
2014-07-21 18:19:00.00000086,6.3724585
2014-07-21 18:19:00.00000040,7.260529
2014-07-21 18:19:00.000000209,5.2053113
2014-07-21 18:19:00.000000138,12.46331
2014-07-21 18:19:00.000000131,11.334408
2014-07-21 18:19:00.000000243,9.05514
2014-07-21 18:19:00.000000199,16.667648
2014-07-21 18:19:00.00000041,13.045056
2014-07-21 18:19:00.000000180,13.057032
2014-07-21 18:19:00.00000052,8.144145
2014-07-21 18:19:00.00000084,7.29411
2011-06-13 09:55:04.0000006,8.613903
2011-06-13 09:55:04.0000002,26.910088
2014-12-27 22:31:56.0000001,11.005993
2014-12-27 22:31:56.0000003,26.747581
2010-09-20 16:48:00.00000050,9.550004
2010-09-20 16:48:00.00000055,8.065642
2010-09-20 16:48:00.000000154,9.414667
2010-09-20 16:48:00.000000106,13.927271
2010-09-20 16:48:00.000000163,18.037474
2010-09-20 16:48:00.000000121,41.02482
2010-09-20 16:48:00.000000111,45.271626
2010-09-20 16:48:00.000000124,9.514029
2010-09-20 16:48:00.000000143,4.9891815
2010-09-20 16:48:00.000000131,8.176483
2010-09-20 16:48:00.000000137,28.129019
2010-09-20 16:48:00.000000142,8.586048
2010-09-20 16:48:00.00000036,7.3372917
2010-09-20 16:48:00.0000007,14.026623
2010-09-20 16:48:00.000000112,11.641166
2010-09-20 16:48:00.000000104,9.748556
2010-09-20 16:48:00.00000056,15.099668
2010-09-20 16:48:00.000000114,8.097603
2010-09-20 16:48:00.000000152,4.849874
2010-09-20 16:48:00.00000072,23.422403
2010-09-20 16:48:00.0000004,11.097968
2010-09-20 16:48:00.00000058,16.99552
2010-09-20 16:48:00.00000081,8.957096
2010-09-20 16:48:00.000000116,6.901476
2010-09-20 16:48:00.00000040,12.295406
2010-09-20 16:48:00.00000019,13.175527
2010-09-20 16:48:00.000000134,9.481173
2010-09-20 16:48:00.00000084,45.56803
2010-09-20 16:48:00.00000016,9.728106
2010-09-20 16:48:00.000000103,5.729324
2012-08-20 14:47:36.0000001,7.293859
2011-12-01 01:36:08.0000001,4.6542287
2014-03-29 14:59:28.0000001,11.221662
2014-08-18 01:19:48.0000001,8.842323
2012-04-30 20:04:20.0000001,4.1412654
2013-07-13 18:28:20.0000003,56.087467
2014-10-07 19:04:08.0000003,5.914368
2014-10-07 19:04:08.0000001,7.0491843
2013-08-21 09:32:24.0000001,5.548673
2015-01-26 07:13:44.0000001,36.04102
2011-03-06 21:01:00.0000003,11.658819
2011-03-06 21:01:00.000000155,4.3870187
2011-03-06 21:01:00.000000164,5.179271
2011-03-06 21:01:00.000000131,7.908389
2011-03-06 21:01:00.00000091,8.768394
2011-03-06 21:01:00.000000144,15.363434
2011-03-06 21:01:00.000000132,5.4736953
2011-03-06 21:01:00.000000134,5.1368365
2011-03-06 21:01:00.000000110,3.8514786
2011-03-06 21:01:00.00000058,5.0003147
2011-03-06 21:01:00.00000081,27.561472
2011-03-06 21:01:00.00000048,16.32181
2011-03-06 21:01:00.00000079,7.3817267
2011-03-06 21:01:00.000000142,13.02541
2011-03-06 21:01:00.00000090,9.885775
2011-03-06 21:01:00.000000125,6.7527595
2011-03-06 21:01:00.000000119,3.691374
2011-03-06 21:01:00.000000117,15.222238
2011-03-06 21:01:00.00000065,8.708608
2011-03-06 21:01:00.000000163,5.135897
2011-03-06 21:01:00.000000159,7.7359896
2011-03-06 21:01:00.000000112,4.914781
2011-03-06 21:01:00.00000013,28.252804
2011-03-06 21:01:00.000000121,7.2797923
2011-03-06 21:01:00.000000152,4.9294043
2011-03-06 21:01:00.00000059,11.5242
2011-03-06 21:01:00.00000041,5.413539
2011-03-06 21:01:00.000000174,8.253996
2011-03-06 21:01:00.000000171,6.7472425
2011-03-06 21:01:00.00000069,13.721144
2011-03-06 21:01:00.00000050,4.360834
2011-03-06 21:01:00.00000039,7.6228795
2011-03-06 21:01:00.00000082,8.38831
2011-03-06 21:01:00.000000165,6.1058664
2011-03-06 21:01:00.000000103,4.389065
2011-03-06 21:01:00.00000063,5.3494806
2011-03-06 21:01:00.000000100,16.02979
2011-03-06 21:01:00.000000124,9.736334
2011-03-06 21:01:00.000000126,5.6681886
2011-03-06 21:01:00.00000068,7.242148
2011-03-06 21:01:00.00000030,5.996911
2009-11-24 08:58:48.0000008,6.424814
2009-11-24 08:58:48.0000004,8.859825
2011-05-30 09:32:56.0000002,5.5083323
2010-01-02 12:20:32.0000001,7.519017
2010-10-05 02:09:00.00000026,6.3436975
2010-10-05 02:09:00.00000016,4.6646495
2010-10-05 02:09:00.00000019,17.59851
2010-10-05 02:09:00.00000014,5.7801695
2010-10-05 02:09:00.0000004,7.6735125
2010-10-05 02:09:00.00000025,17.164171
2010-10-05 02:09:00.0000009,8.497113
2012-01-25 22:43:44.0000005,5.578856
2010-12-01 22:04:52.0000002,7.459674
2013-06-23 02:54:32.0000001,18.97519
2013-11-18 15:07:28.0000003,9.889101
2013-08-06 23:56:32.0000002,6.708796
2013-08-06 23:56:32.0000001,25.841404
2012-03-10 02:36:04.0000004,4.900077
2014-04-13 17:35:52.0000001,11.117489
2013-09-14 16:03:12.0000001,12.188451
2013-09-14 16:03:12.0000002,6.953367
2013-09-14 16:03:12.0000003,6.907581
2014-04-05 18:27:08.0000001,9.262058
2014-04-05 18:27:08.0000002,6.285938
2009-12-02 15:59:56.0000003,5.44458
2010-01-03 02:03:40.0000001,4.169179
2011-01-30 14:38:24.0000001,10.1968155
2011-04-16 21:23:16.0000005,7.8051705
2009-05-31 21:24:56.0000002,8.437116
2009-07-14 17:59:12.0000002,12.958511
2009-12-18 12:37:04.0000003,6.724486
2012-11-21 15:12:48.0000002,6.235057
2011-10-07 22:08:20.0000002,7.0989394
2011-10-07 22:08:20.0000001,10.110255
2011-10-07 22:08:20.0000004,11.293511
2013-09-24 21:16:40.0000008,5.4903245
2013-09-24 21:16:40.0000005,5.281646
2014-01-25 12:36:52.0000003,10.241718
2012-01-26 07:33:00.000000101,5.536272
2012-01-26 07:33:00.00000057,14.571952
2012-01-26 07:33:00.000000175,6.1205897
2012-01-26 07:33:00.00000024,7.8118615
2012-01-26 07:33:00.00000097,5.2920017
2012-01-26 07:33:00.000000115,16.629179
2012-01-26 07:33:00.00000039,4.9048696
2012-01-26 07:33:00.000000161,6.7591243
2012-01-26 07:33:00.000000173,8.161276
2012-01-26 07:33:00.000000183,9.485805
2012-01-26 07:33:00.00000020,11.222082
2012-01-26 07:33:00.00000022,9.409199
2012-01-26 07:33:00.000000136,11.372234
2012-01-26 07:33:00.0000008,14.022263
2012-01-26 07:33:00.000000100,9.587715
2012-01-26 07:33:00.00000023,9.950317
2012-01-26 07:33:00.00000056,7.2309384
2012-01-26 07:33:00.00000018,8.229951
2012-01-26 07:33:00.00000076,20.31275
2012-01-26 07:33:00.00000080,7.383511
2012-01-26 07:33:00.000000104,8.207028
2012-01-26 07:33:00.00000082,5.55508
2012-01-26 07:33:00.00000025,5.269222
2012-01-26 07:33:00.000000181,37.373837
2012-01-26 07:33:00.000000105,5.7603083
2015-03-20 23:34:40.0000001,9.274182
2015-03-20 23:34:40.0000008,8.622117
2015-03-20 23:34:40.0000003,20.668224
2013-12-14 03:20:48.0000003,10.619226
2010-12-09 07:29:00.000000164,11.006541
2010-12-09 07:29:00.000000141,12.074015
2010-12-09 07:29:00.00000073,10.155214
2010-12-09 07:29:00.00000062,5.834229
2010-12-09 07:29:00.000000139,7.006389
2010-12-09 07:29:00.00000079,6.0415897
2010-12-09 07:29:00.000000145,8.008964
2010-12-09 07:29:00.0000006,5.301425
2010-12-09 07:29:00.00000066,4.836607
2010-12-09 07:29:00.000000171,9.140997
2010-12-09 07:29:00.000000136,7.9912615
2010-12-09 07:29:00.00000026,21.171097
2010-12-09 07:29:00.00000044,5.094237
2010-12-09 07:29:00.00000083,10.062469
2010-12-09 07:29:00.00000028,7.0458107
2010-12-09 07:29:00.000000168,10.5568075
2010-12-09 07:29:00.000000180,6.101596
2010-12-09 07:29:00.00000094,6.773666
2010-12-09 07:29:00.00000080,47.780582
2010-12-09 07:29:00.000000181,11.097294
2010-12-09 07:29:00.00000086,9.397003
2011-09-25 13:01:20.0000002,5.575208
2014-02-20 18:49:04.0000001,11.999545
2010-08-21 23:02:28.0000004,5.140702
2010-08-21 23:02:28.0000001,13.476208
2010-08-21 23:02:28.0000002,6.165604
2012-05-08 03:50:00.00000017,21.647352
2012-05-08 03:50:00.00000010,6.8763123
2012-05-08 03:50:00.0000005,6.4374228
2009-07-31 07:30:56.0000003,16.671476
2012-03-06 07:33:04.0000001,10.591046
2015-03-12 19:43:24.0000006,37.34791
2014-01-18 17:43:28.0000001,10.334538
2011-09-04 01:36:36.0000001,7.3830614
2010-08-09 08:53:56.0000001,6.609227
2015-02-01 00:48:44.0000002,4.708898
2014-01-26 15:28:52.0000001,10.021292
2014-01-26 15:28:52.0000002,13.581609
2011-12-06 11:07:40.0000004,10.825524
2011-07-12 19:41:48.0000001,8.035483
2010-09-16 14:27:16.0000002,7.9325476
2015-02-14 20:20:56.0000003,5.561739
2009-01-22 12:27:20.0000002,15.778571
2011-04-23 21:22:20.0000003,9.00715
2011-04-23 21:22:20.0000004,13.679388
2015-02-21 18:39:16.0000003,5.6393805
2015-02-21 18:39:16.0000004,7.7717085
2009-04-23 00:05:40.0000002,7.514831
2013-03-09 21:40:52.0000001,9.692304
2010-07-22 09:37:12.0000002,32.03938
2012-07-31 02:46:40.0000001,7.980025
2015-02-21 17:23:28.0000004,14.8697405
2012-11-19 22:15:32.0000001,8.322562
2009-01-26 18:26:48.0000005,6.7376046
2009-09-22 11:47:24.0000001,10.313271
2012-07-05 18:30:36.0000004,5.3662024
2012-11-20 21:54:00.000000225,6.7494273
2012-11-20 21:54:00.00000025,13.825004
2012-11-20 21:54:00.00000036,20.067251
2012-11-20 21:54:00.000000102,15.969173
2012-11-20 21:54:00.000000105,26.857464
2012-11-20 21:54:00.000000167,18.447895
2012-11-20 21:54:00.000000186,7.617624
2012-11-20 21:54:00.000000172,6.5165687
2012-11-20 21:54:00.000000202,16.113602
2012-11-20 21:54:00.000000179,39.937675
2012-11-20 21:54:00.000000110,8.975399
2012-11-20 21:54:00.00000076,7.807447
2012-11-20 21:54:00.000000195,21.968506
2012-11-20 21:54:00.000000131,36.667656
2012-11-20 21:54:00.0000002,14.478286
2012-11-20 21:54:00.00000068,26.905869
2012-11-20 21:54:00.000000138,8.950217
2012-11-20 21:54:00.00000090,8.400425
2012-11-20 21:54:00.000000169,7.947896
2012-11-20 21:54:00.00000065,8.448981
2012-11-20 21:54:00.000000121,24.104351
2012-11-20 21:54:00.00000024,5.945221
2012-11-20 21:54:00.000000123,11.116616
2012-11-20 21:54:00.000000100,11.279253
2012-11-20 21:54:00.0000004,7.1998806
2012-11-20 21:54:00.00000098,5.557687
2012-11-20 21:54:00.000000205,6.1078343
2012-11-20 21:54:00.000000103,30.566835
2012-11-20 21:54:00.00000092,15.703808
2012-11-20 21:54:00.00000040,7.336486
2012-11-20 21:54:00.00000069,24.99254
2012-11-20 21:54:00.000000148,16.556091
2012-11-20 21:54:00.000000233,6.3620424
2014-06-23 00:16:00.00000054,13.717409
2014-06-23 00:16:00.00000059,36.626774
2014-06-23 00:16:00.00000051,8.78654
2014-06-23 00:16:00.00000012,11.129577
2014-06-23 00:16:00.00000046,43.111637
2014-06-23 00:16:00.00000032,6.683913
2014-06-23 00:16:00.00000017,15.914322
2014-06-23 00:16:00.0000006,5.8092923
2014-06-23 00:16:00.00000084,9.077969
2014-06-23 00:16:00.00000021,47.33004
2014-06-23 00:16:00.0000007,9.293206
2014-06-23 00:16:00.00000045,8.016827
2014-06-23 00:16:00.00000083,29.60561
2014-06-23 00:16:00.00000048,31.753256
2014-06-23 00:16:00.00000058,8.584115
2014-06-23 00:16:00.00000075,8.091111
2014-06-23 00:16:00.00000027,9.598413
2014-06-23 00:16:00.00000031,9.438374
2009-04-25 10:52:56.0000001,7.66104
2009-04-25 10:52:56.0000003,4.9950614
2009-04-20 11:11:40.0000002,9.058495
2009-10-22 21:57:36.0000001,16.459166
2013-11-28 11:00:04.0000001,10.355597
2014-05-25 15:07:04.0000001,6.095035
2011-08-18 13:00:16.0000001,5.789111
2013-09-25 22:00:00.000000167,8.922018
2013-09-25 22:00:00.00000033,6.1600127
2013-09-25 22:00:00.000000122,12.634941
2013-09-25 22:00:00.000000236,9.79651
2013-09-25 22:00:00.000000193,14.910034
2013-09-25 22:00:00.000000239,6.3199325
2013-09-25 22:00:00.00000086,13.886524
2013-09-25 22:00:00.000000201,11.949033
2013-09-25 22:00:00.000000170,16.360868
2013-09-25 22:00:00.00000080,5.382908
2013-09-25 22:00:00.00000021,5.322135
2013-09-25 22:00:00.000000240,7.7556696
2013-09-25 22:00:00.00000046,15.795823
2013-09-25 22:00:00.000000231,32.916973
2013-09-25 22:00:00.00000027,8.80832
2013-09-25 22:00:00.00000045,6.044471
2013-09-25 22:00:00.000000108,8.066086
2013-09-25 22:00:00.000000125,10.953035
2013-09-25 22:00:00.000000232,6.842133
2013-09-25 22:00:00.000000184,13.634108
2013-09-25 22:00:00.00000096,11.290301
2013-09-25 22:00:00.000000158,10.562201
2013-09-25 22:00:00.000000131,17.722618
2013-09-25 22:00:00.000000207,6.412366
2013-09-25 22:00:00.00000068,8.567235
2013-09-25 22:00:00.000000194,13.313152
2013-09-25 22:00:00.00000011,55.9336
2013-09-25 22:00:00.000000243,19.74579
2013-09-25 22:00:00.000000138,13.667223
2013-09-25 22:00:00.00000069,8.5435295
2013-09-25 22:00:00.00000067,6.553797
2013-09-25 22:00:00.000000152,13.003086
2013-07-20 12:06:44.0000002,11.2699
2013-07-20 12:06:44.0000001,10.655576
2014-07-11 12:36:08.0000003,56.101055
2014-01-31 11:11:05.0000002,13.912939
2014-08-31 04:03:29.0000002,9.968371
2014-08-31 04:03:29.0000003,28.774315
2014-08-01 18:38:09.0000004,21.933893
2014-08-01 18:38:09.0000003,23.425276
2009-05-16 14:53:41.0000005,13.537401
2009-05-16 14:53:41.0000001,24.03403
2009-05-16 14:53:41.0000004,24.540829
2013-08-26 11:47:37.0000001,9.117111
2010-10-30 13:31:13.0000001,5.0448794
2014-05-09 00:30:41.0000004,10.959575
2012-03-05 13:24:37.0000002,5.98833
2010-07-01 22:11:33.0000005,7.3161726
2010-07-01 22:11:33.0000006,22.494349
2012-01-07 21:39:05.0000001,48.748646
2012-05-26 00:31:25.0000001,5.1248813
2014-10-07 11:52:13.0000006,10.936377
2015-06-13 19:17:09.0000005,6.9210687
2009-11-28 13:50:17.0000004,6.2158437
2009-11-28 13:50:17.0000002,5.9092655
2015-01-13 12:07:53.0000005,7.4026423
2015-01-13 12:07:53.0000003,7.883779
2012-01-31 09:15:49.0000001,7.9242144
2011-03-22 12:59:49.0000002,29.677954
2011-03-22 12:59:49.0000006,7.643987
2013-07-05 00:58:17.0000001,5.370019
2010-01-30 00:57:21.0000002,17.81415
2009-10-16 16:14:41.0000002,7.053768
2011-03-13 05:34:57.0000002,11.129779
2015-02-26 23:20:13.00000010,10.110837
2013-10-09 15:11:41.0000004,23.098055
2011-09-01 09:53:49.0000004,5.8249187
2010-09-28 00:16:53.0000003,6.966599
2010-07-25 04:03:17.0000003,16.117105
2010-07-25 04:03:17.0000002,4.416176
2013-09-19 21:24:21.0000001,11.236234
2011-02-04 09:12:53.0000004,4.535481
2012-03-08 12:33:25.0000003,14.688219
2009-07-31 18:15:57.0000001,9.943954
2009-07-10 20:17:05.0000003,4.1413493
2010-08-21 21:56:25.0000002,10.621907
2010-10-09 17:11:17.0000001,7.770586
2009-09-25 15:13:57.0000001,9.146533
2009-09-25 15:13:57.0000003,6.664858
2009-09-25 15:13:57.0000002,12.109991
2010-05-03 08:36:41.0000004,7.4382486
2011-01-24 20:18:49.0000003,5.62686
2010-01-23 14:32:17.0000003,5.3447065
2012-06-02 01:16:05.0000004,16.98474
2011-10-20 13:46:33.0000003,9.561862
2014-10-28 12:23:09.0000001,18.030302
2011-07-11 20:43:33.0000004,12.462312
2011-07-11 20:43:33.0000005,26.1523
2011-07-11 20:43:33.0000001,5.720449
2013-02-23 14:25:29.0000002,13.631278
2010-01-30 18:58:33.0000008,9.455059
2010-01-30 18:58:33.0000006,8.090981
2010-01-30 18:58:33.0000001,6.7278976
2014-06-22 14:49:13.0000001,15.82176
2014-06-22 14:49:13.0000005,16.449749
2015-03-14 02:23:17.0000006,17.503172
2015-03-14 02:23:17.0000002,6.6367097
2015-03-14 02:23:17.0000004,16.379385
2012-03-12 01:08:09.0000001,8.387918
2014-09-25 20:52:09.0000002,6.2397976
2014-09-25 20:52:09.0000005,21.557123
2012-12-15 06:35:45.0000001,11.321892
2012-01-05 05:51:01.0000001,7.57288
2013-10-15 08:16:21.0000002,25.041975
2014-08-26 23:35:49.0000002,5.417344
2009-08-28 23:01:41.0000001,8.529111
2009-08-28 23:01:41.0000006,4.6055827
2014-12-16 13:40:25.0000003,11.81868
2012-12-09 22:30:13.0000006,7.1634707
2012-12-09 22:30:13.0000002,9.226777
2012-12-09 22:30:13.0000004,16.20353
2011-05-11 19:56:09.0000001,4.830285
2014-08-08 00:02:41.0000004,12.14209
2014-08-08 00:02:41.0000002,61.29131
2013-09-12 12:50:13.0000007,11.336599
2013-09-12 12:50:13.0000003,9.643127
2013-09-12 12:50:13.0000001,16.48715
2011-06-26 03:33:25.0000002,17.200867
2011-09-18 18:33:13.0000003,7.0317874
2014-03-04 16:24:45.0000001,85.72303
2014-11-10 10:52:41.0000001,37.714256
2009-12-22 15:59:53.0000003,11.798435
2014-05-08 21:23:41.0000001,10.056735
2012-07-15 03:53:37.0000001,14.695722
2012-07-15 03:53:37.0000002,10.450092
2012-07-15 03:53:37.0000003,8.735387
2013-06-10 11:29:13.0000001,11.605689
2015-04-25 01:06:17.0000007,14.144579
2015-04-25 01:06:17.0000003,13.392188
2012-10-28 13:55:57.0000001,8.72874
2011-06-12 01:07:57.0000003,7.153641
2014-12-11 15:20:49.0000001,6.2740545
2011-06-19 04:08:49.0000002,10.838941
2012-04-14 22:29:37.0000001,5.738953
2015-06-02 09:11:17.0000007,10.916429
2011-10-08 12:54:49.0000002,6.672563
2009-06-02 08:34:33.0000001,10.041161
2011-10-01 15:04:57.0000001,29.210781
2013-06-22 01:59:25.0000002,11.843407
2010-12-15 08:39:33.0000005,5.159577
2012-05-26 11:54:53.0000001,7.740901
2012-05-26 11:54:53.0000002,8.643079
2014-01-11 19:20:17.0000001,5.548245
2015-01-05 21:43:13.0000001,22.508308
2011-07-19 22:20:41.0000002,13.757411
2011-07-19 22:20:41.0000004,7.5943832
2011-07-19 22:20:41.0000001,15.111029
2012-03-18 02:27:41.0000001,5.9485126
2009-01-19 19:48:17.0000001,4.257461
2009-01-19 19:48:17.0000002,4.8558536
2013-01-13 00:20:53.0000001,9.998863
2013-11-28 13:17:13.0000002,24.00328
2012-06-10 00:46:17.0000006,4.5518303
2012-06-10 00:46:17.0000003,11.19688
2012-06-10 00:46:17.0000005,9.025181
2010-02-20 04:04:13.0000004,20.233015
2014-01-01 16:33:01.0000005,15.643109
2010-10-01 13:11:05.0000001,5.986873
2012-04-14 14:20:33.0000001,11.00253
2015-05-17 04:17:33.0000005,4.652435
2014-07-26 23:31:41.0000003,16.011816
2014-07-26 23:31:41.0000002,10.112945
2009-11-07 16:37:49.0000004,7.7242985
2011-01-07 09:25:57.0000003,7.489721
2012-07-18 16:28:21.0000001,7.666606
2013-03-08 19:03:09.0000003,10.362082
2009-12-10 22:45:01.0000004,12.330883
2012-07-13 11:00:05.0000004,8.531164
2013-04-28 10:36:37.0000001,6.7797613
2009-04-23 02:42:05.0000003,8.943561
2013-06-08 16:55:13.0000003,9.254524
2012-10-25 16:20:37.0000004,7.6787934
2012-10-25 16:20:37.0000003,30.701012
2012-07-31 20:04:53.0000006,7.437046
2012-07-31 20:04:53.0000002,6.053561
2009-07-14 22:41:09.0000003,6.5594153
2011-09-03 19:22:17.0000001,8.374154
2011-09-03 19:22:17.0000003,8.751825
2011-09-03 19:22:17.0000002,16.707659
2013-11-21 14:19:21.0000001,42.285812
2015-01-02 11:55:57.0000003,18.95861
2013-11-23 22:19:37.0000004,5.119692
2013-11-23 22:19:37.0000003,8.563975
2013-11-23 22:19:37.0000005,10.775843
2011-04-04 19:54:33.0000001,5.51583
2014-07-14 16:18:37.0000002,7.167465
2014-03-18 19:55:17.0000001,6.97643
2010-06-05 23:05:25.0000006,7.4575696
2014-09-09 22:48:37.0000001,8.423309
2014-09-09 22:48:37.0000002,5.0207934
2014-03-28 21:55:17.0000003,5.073557
2014-03-28 21:55:17.0000001,6.9650764
2009-09-24 22:41:17.0000001,9.484654
2012-04-27 18:37:09.0000002,8.651577
2014-04-05 18:11:33.0000002,14.87583
2013-11-07 22:25:25.0000003,7.6665254
2013-11-07 22:25:25.0000001,4.752322
2012-06-30 03:53:29.0000002,4.66811
2011-05-19 16:01:41.0000001,6.906223
2010-01-11 12:38:33.0000002,4.1436915
2010-10-16 09:26:33.0000001,9.795996
2010-10-16 09:26:33.0000003,6.4185605
2014-07-25 18:06:37.0000007,7.4490643
2014-05-13 21:07:29.0000004,10.1067705
2014-05-13 21:07:29.0000001,29.010052
2013-11-16 18:33:25.0000005,11.98026
2009-08-02 14:01:33.0000004,7.2125063
2015-01-12 15:36:37.0000008,11.486827
2013-05-26 15:18:37.0000005,21.12594
2013-05-26 15:18:37.0000001,51.6446
2013-05-26 15:18:37.0000003,13.714487
2009-09-20 23:07:01.0000001,9.675708
2009-09-25 21:43:49.0000004,9.254658
2009-09-25 21:43:49.00000010,12.038468
2009-03-22 20:58:33.0000003,13.7851095
2011-12-09 21:19:25.0000001,6.9102325
2013-07-05 20:44:49.0000001,11.198244
2013-12-20 15:58:29.0000006,12.893087
2013-12-20 15:58:29.0000001,9.693901
2014-10-06 14:37:25.0000005,57.998837
2015-01-18 23:09:25.0000001,5.0827804
2014-02-06 13:26:49.0000002,4.866682
2013-02-27 19:25:13.0000001,17.068357
2009-09-15 08:28:53.0000003,11.50546
2012-07-18 22:34:53.0000003,7.4262285
2011-05-17 22:09:17.0000002,4.4196825
2010-09-19 17:13:29.0000008,27.704947
2010-09-19 17:13:29.0000006,14.136074
2013-03-19 18:08:29.0000002,11.572393
2013-03-19 18:08:29.0000001,12.534273
2011-04-23 11:01:49.0000001,10.00036
2013-07-04 05:39:13.0000001,13.63253
2010-11-08 10:01:37.0000003,5.2143197
2009-04-01 19:28:09.0000001,5.878732
2011-11-26 02:04:29.0000004,5.3732414
2011-11-26 02:04:29.0000003,4.593662
2009-01-11 07:56:01.0000001,4.543756
2012-05-30 09:19:13.0000002,5.879901
2014-10-28 22:42:33.0000003,11.465234
2014-07-19 21:05:37.0000002,12.708321
2012-10-02 14:17:13.0000001,5.640857
2012-10-20 00:36:37.0000002,7.596022
2014-06-19 22:37:09.0000006,7.748626
2014-06-19 22:37:09.0000004,9.193352
2011-05-11 13:24:37.0000002,10.153204
2014-10-13 00:42:05.0000002,9.532864
2013-12-08 10:41:05.0000007,9.043323
2009-07-04 13:00:57.0000002,11.131551
2015-06-30 04:09:45.0000001,37.06968
2013-09-08 03:47:57.0000002,9.026903
2009-05-15 21:19:13.0000004,28.3916
2010-01-29 08:32:53.0000002,7.778789
2015-05-15 01:51:49.0000003,5.9765472
2012-11-12 10:06:17.0000003,7.5413985
2013-12-01 22:23:57.0000003,43.114338
2014-01-03 15:48:49.0000001,9.945299
2013-01-19 20:19:45.0000002,9.597522
2015-03-17 21:44:26.0000002,5.545951
2009-01-06 07:36:34.0000005,6.7609572
2013-01-20 20:41:26.0000002,14.293484
2015-06-07 00:38:14.0000001,10.07862
2009-01-03 00:51:02.0000002,12.702517
2009-01-03 00:51:02.0000001,10.279683
2009-08-02 05:08:42.0000001,23.856525
2013-10-18 09:06:14.0000002,6.935993
2009-04-26 17:29:42.0000001,4.7952995
2015-02-25 22:00:38.0000002,15.492281
2010-10-06 23:31:54.0000001,13.509707
2009-01-21 20:04:30.0000006,8.99932
2013-12-18 14:26:58.0000002,37.508583
2014-04-26 18:02:26.0000003,5.904276
2014-10-05 13:58:18.0000002,7.1633286
2014-10-05 13:58:18.0000001,7.1521854
2013-05-23 23:54:42.0000004,8.027668
2009-11-23 19:06:14.0000005,10.987545
2010-09-01 08:23:54.0000002,6.3575516
2011-12-10 23:39:06.0000001,13.235126
2009-12-17 15:54:46.0000002,9.718583
2010-06-16 18:41:54.0000003,8.0769615
2011-11-02 08:21:50.0000003,8.418311
2011-11-02 08:21:50.0000001,8.955136
2009-03-15 03:31:14.0000003,5.9474716
2014-09-08 19:07:46.0000001,7.857268
2010-04-24 23:31:50.0000004,6.8276877
2010-04-24 23:31:50.0000002,10.586917
2011-03-03 21:31:42.0000004,5.412337
2011-03-03 21:31:42.0000002,13.352904
2011-09-05 10:47:26.0000001,7.672542
2012-09-16 12:48:06.0000002,8.182428
2015-04-10 11:56:54.0000005,11.458623
2013-10-15 23:31:26.0000002,19.79167
2013-06-21 18:06:14.0000002,8.113025
2009-05-19 15:44:30.0000001,9.213422
2014-01-26 08:48:30.0000003,8.881633
2014-12-25 21:32:58.0000002,7.492963
2011-07-30 15:27:58.0000001,7.995712
2010-09-24 22:40:06.0000007,5.5934634
2010-02-06 17:37:10.0000005,48.36012
2010-02-06 17:37:10.0000001,12.79684
2012-08-13 15:02:26.0000001,8.153541
2013-01-14 18:42:54.0000004,6.6007805
2013-01-14 18:42:54.0000005,8.335984
2009-11-11 21:20:18.0000002,6.6248474
2009-04-18 02:44:34.0000004,31.06049
2009-04-18 02:44:34.0000001,7.7321987
2014-01-10 12:28:38.0000002,5.935539
2014-10-11 00:26:38.0000004,21.658922
2010-01-30 02:13:06.0000004,4.5180826
2009-08-26 23:55:38.0000001,7.441243
2012-09-07 23:20:34.0000002,9.799062
2012-09-07 23:20:34.0000005,8.773747
2015-01-10 14:32:14.0000002,13.804788
2010-05-31 20:43:42.0000001,5.4096484
2010-05-31 20:43:42.0000003,5.7221417
2014-05-18 14:43:26.0000004,7.7546697
2011-10-08 18:18:26.0000002,5.818403
2011-10-08 18:18:26.0000003,13.636902
2010-03-23 13:23:34.0000003,12.229556
2010-12-21 08:46:02.0000001,10.948737
2010-12-21 08:46:02.0000002,4.7065563
2010-06-19 22:52:30.0000003,8.109923
2013-01-03 01:43:10.0000002,10.561162
2013-11-24 03:44:46.0000001,13.345267
2011-04-16 12:57:18.0000002,4.879025
2012-10-11 22:24:18.0000002,9.94453
2011-05-17 23:42:46.0000006,6.672727
2011-05-17 23:42:46.0000003,5.009131
2014-01-09 17:27:18.0000003,5.523619
2014-01-09 17:27:18.0000004,9.448857
2010-01-09 13:24:22.0000002,44.39955
2010-01-09 13:24:22.0000001,7.7934546
2009-03-11 21:46:54.0000006,6.94431
2012-08-22 20:54:46.0000004,9.348591
2012-08-22 20:54:46.0000005,27.706905
2009-02-21 20:49:34.0000002,11.226787
2012-08-10 14:04:14.0000001,8.5685005
2009-10-17 03:52:42.0000005,10.020499
2014-02-27 09:36:26.0000001,12.489582
2014-03-11 20:24:02.0000005,12.191636
2014-03-11 20:24:02.0000001,6.6538377
2015-05-07 15:33:26.0000004,5.4818926
2012-09-10 21:07:54.0000008,7.162394
2012-04-20 00:06:10.0000003,5.0033875
2012-04-20 00:06:10.0000004,15.05489
2012-06-12 23:10:42.0000004,10.82098
2013-04-21 19:50:54.0000002,7.2157016
2013-02-06 18:21:18.0000005,19.694347
2014-05-01 21:05:34.0000001,30.782888
2011-04-22 19:23:54.0000004,5.5305862
2011-09-17 15:41:06.0000002,7.031677
2015-03-05 13:21:58.0000001,58.187874
2015-06-21 17:16:10.0000001,7.34537
2010-06-02 22:04:10.0000002,25.879065
2010-06-02 22:04:10.0000001,8.455368
2015-02-27 19:36:02.0000008,14.494882
2015-02-27 19:36:02.0000005,9.19884
2013-04-06 19:16:10.0000002,7.8410296
2014-03-08 16:08:26.0000006,18.143177
2014-03-08 16:08:26.0000005,5.0080724
2013-12-06 23:40:42.0000004,6.346865
2013-12-06 23:40:42.0000005,15.207849
2014-09-13 19:05:02.0000001,6.511165
2015-03-12 13:01:54.0000003,4.9542747
2015-03-12 13:01:54.0000006,5.9059286
2014-10-04 21:48:22.0000001,11.657983
2012-01-22 04:13:34.0000001,22.16762
2012-01-22 04:13:34.0000003,9.486898
2010-12-17 10:33:34.0000003,14.345221
2010-12-17 10:33:34.0000001,29.258043
2012-06-04 11:34:58.0000002,8.67187
2012-12-08 20:08:38.0000001,14.989632
2012-12-08 20:08:38.0000002,9.2092705
2013-12-29 01:20:50.0000002,19.598074
2014-03-28 22:34:26.0000002,10.757983
2013-09-07 19:43:18.0000002,15.938309
2013-09-07 19:43:18.0000007,7.3884425
2010-03-07 00:47:26.0000002,11.679455
2010-03-07 00:47:26.0000003,6.70419
2010-10-31 18:45:58.0000004,6.204712
2015-02-03 09:00:58.0000003,36.996174
2012-08-08 08:58:50.0000002,5.838211
2011-04-08 15:01:02.0000002,6.186398
2015-01-10 09:38:54.0000006,6.73418
2015-01-10 09:38:54.0000002,14.794005
2015-01-10 09:38:54.0000005,11.6426525
2015-01-10 09:38:54.0000001,9.638017
2014-10-03 00:50:06.0000003,8.033048
2010-06-18 19:19:26.0000004,13.073942
2013-06-21 00:00:34.0000004,8.491381
2012-02-29 12:03:34.0000003,7.0250306
2013-09-16 14:16:34.0000002,29.332241
2011-03-10 18:16:14.0000002,6.86892
2011-05-19 02:06:46.0000001,7.50474
2014-08-08 15:26:18.0000001,9.223011
2009-03-11 12:01:30.0000003,5.484198
2012-07-26 12:40:38.0000004,9.349575
2014-05-26 22:57:10.0000001,10.60728
2010-09-04 18:31:42.0000004,11.916094
2011-09-22 20:05:22.0000002,6.2646284
2011-09-22 20:05:22.0000004,6.5852556
2014-08-09 01:27:30.0000001,13.609969
2014-10-31 12:04:26.0000003,9.866531
2013-04-10 21:03:42.0000006,12.123735
2011-12-29 19:29:50.0000002,7.8265367
2013-03-14 21:43:46.0000002,4.669086
2009-02-08 00:04:06.0000003,5.0435534
2012-02-04 22:47:18.0000002,4.911634
2012-05-06 03:01:10.0000001,23.922415
2014-07-08 08:56:58.0000002,5.3227487
2014-07-08 08:56:58.0000005,5.263441
2014-07-08 08:56:58.0000004,15.204952
2014-07-08 08:56:58.0000003,9.894527
2011-02-19 10:14:58.0000001,7.0182858
2010-08-16 17:14:18.0000002,7.301788
2012-12-27 21:01:54.0000002,16.387602
2015-05-31 20:48:54.0000002,14.734533
2013-01-06 12:39:54.0000006,4.814946
2010-12-24 04:23:06.0000001,30.955532
2010-11-10 23:21:50.0000001,8.298329
2011-10-01 00:42:26.0000002,20.11893
2013-03-31 00:09:58.0000001,23.849812
2011-07-20 08:05:02.0000001,22.821926
2009-05-03 16:02:54.0000004,4.3260875
2012-09-06 17:58:06.0000002,9.123621
2014-04-06 16:47:14.0000001,14.77998
2014-04-06 16:47:14.0000002,30.528423
2014-09-06 03:52:50.0000001,9.220148
2014-01-01 13:06:34.0000002,13.241192
2011-12-25 15:35:54.0000002,6.420312
2011-12-25 15:35:54.0000005,4.642189
2011-12-25 15:35:54.0000001,5.90448
2015-05-14 23:11:58.0000004,14.449968
2015-04-22 09:54:06.0000001,6.8912196
2012-09-01 19:04:18.0000001,11.054554
2013-06-06 02:54:50.0000001,35.523876
2011-09-03 00:03:42.0000007,48.128742
2013-07-02 22:27:14.0000002,5.059683
2011-07-18 00:04:54.0000001,12.034821
2011-04-03 03:46:18.0000001,5.587493
2010-06-25 14:00:14.0000001,9.079584
2014-09-10 16:40:02.0000001,7.7765636
2011-03-01 07:23:14.0000002,5.6628456
2011-06-24 13:23:18.0000005,11.4470825
2012-01-01 18:02:46.0000001,18.629366
2015-03-28 19:31:26.0000004,9.758665
2010-07-13 11:53:15.0000006,10.526876
2010-07-13 11:53:15.0000005,7.148549
2010-07-13 11:53:15.0000003,5.543694
2013-02-07 13:47:59.0000002,15.017886
2015-05-19 13:58:11.0000006,35.102448
2015-05-19 13:58:11.0000009,15.034185
2012-07-31 22:21:11.0000003,6.5351477
2013-01-03 08:50:31.0000003,9.144897
2010-03-18 00:05:43.0000001,19.319729
2009-04-14 17:43:23.0000001,48.220974
2009-04-14 17:43:23.0000002,7.818008
2015-06-15 14:34:03.0000001,12.189172
2014-11-26 06:46:23.0000002,28.021252
2010-12-19 16:25:15.0000002,8.014369
2015-06-18 20:56:55.0000004,4.9842477
2015-06-18 20:56:55.0000008,17.9197
2015-04-28 20:15:27.0000003,6.779769
2013-01-23 13:49:19.0000001,8.323919
2012-01-03 08:49:15.0000005,11.047849
2012-06-09 19:03:11.0000005,7.6788898
2012-06-09 19:03:11.0000007,10.621758
2009-05-27 02:00:51.0000001,16.463257
2014-06-07 12:21:11.0000003,11.360237
2011-09-08 22:37:43.0000001,7.5905547
2010-06-18 22:52:11.0000001,22.45923
2011-09-13 13:31:51.0000001,12.00637
2011-09-13 13:31:51.0000005,7.104062
2014-10-06 09:24:11.0000005,25.16608
2012-03-15 18:23:55.0000002,7.1282983
2013-12-22 21:24:47.0000002,5.5984864
2011-11-23 21:07:43.0000001,6.8264074
2010-11-17 19:10:23.0000003,6.6232243
2010-11-17 19:10:23.0000005,10.11129
2015-02-14 13:15:19.0000007,8.003199
2013-01-12 22:40:39.0000008,8.122265
2013-01-12 22:40:39.0000009,19.159966
2013-01-12 22:40:39.0000007,7.033674
2010-02-15 14:20:31.0000002,27.318676
2010-02-15 14:20:31.0000003,5.322894
2013-03-23 15:41:07.0000003,10.25248
2009-05-08 22:14:51.0000002,5.6498747
2010-01-31 00:33:03.0000005,7.6585593
2009-01-18 18:22:07.0000002,8.468279
2009-01-28 11:27:19.0000001,6.635791
2015-05-20 19:39:11.0000003,15.363303
2014-01-11 17:47:47.0000001,7.979912
2012-07-12 02:46:07.0000001,8.9522
2014-03-05 23:16:07.0000001,13.577815
2014-12-17 20:56:31.0000003,11.039343
2010-10-09 15:48:51.0000003,29.622677
2013-10-10 11:09:23.0000001,15.131
2014-10-12 09:23:55.0000001,11.686801
2013-01-08 07:03:07.0000001,6.0944257
2012-10-28 17:21:19.0000001,7.79357
2012-10-28 17:21:19.0000003,11.354935
2014-12-26 20:46:23.0000001,12.758902
2015-05-10 12:37:51.0000003,12.353805
2010-12-11 13:31:11.0000003,6.091663
2010-03-01 22:21:55.0000003,6.552298
2010-03-01 22:21:55.0000002,16.177164
2015-03-08 14:59:23.0000001,22.901634
2015-03-08 14:59:23.0000003,37.499283
2009-06-08 11:06:23.0000001,66.40424
2014-01-26 13:51:39.0000001,8.369051
2014-11-30 15:46:23.0000003,5.248262
2011-08-20 15:50:39.0000001,10.860232
2010-06-22 14:25:19.0000008,48.819103
2010-06-22 14:25:19.0000001,6.0038533
2014-05-25 19:46:59.0000003,27.803804
2014-04-04 05:47:11.0000002,13.126798
2013-01-11 20:08:07.0000003,10.060298
2013-01-11 20:08:07.0000001,4.7535458
2013-10-09 17:27:39.0000001,56.664055
2015-01-12 17:05:51.0000004,8.283024
2009-01-12 07:47:39.0000001,31.87706
2011-04-28 19:39:43.0000003,12.566354
2014-11-17 00:03:47.0000003,8.014487
2014-11-17 00:03:47.0000001,10.456291
2013-08-18 00:32:15.0000003,6.8593283
2013-05-23 12:09:23.0000005,6.920651
2013-05-23 12:09:23.0000004,13.456604
2014-12-11 08:20:39.0000001,21.986923
2014-12-11 08:20:39.0000004,13.941807
2013-12-10 14:00:35.0000002,5.6409583
2011-09-10 20:44:59.0000003,7.4648075
2011-04-28 09:50:03.0000001,6.623627
2010-02-26 18:34:51.0000001,9.216079
2013-12-05 23:29:15.0000002,6.572698
2012-12-13 19:05:27.0000004,6.4601803
2012-11-09 18:17:35.0000002,13.251162
2010-07-05 19:21:35.0000001,10.23246
2011-11-29 22:19:51.0000003,6.868605
2009-01-30 22:47:07.0000002,14.947046
2009-01-30 22:47:07.0000005,5.2824802
2013-09-26 20:54:19.0000001,12.572027
2014-09-16 18:22:23.0000001,8.160054
2011-06-25 23:18:27.0000003,6.4819403
2011-06-25 23:18:27.0000002,11.399982
2009-01-17 02:21:55.0000003,5.298681
2014-11-01 15:31:15.0000001,5.869805
2013-07-12 23:17:31.0000003,6.709259
2013-07-12 23:17:31.0000002,11.863755
2013-07-12 23:17:31.0000001,9.657269
2009-09-24 04:23:47.0000001,5.2725835
2009-04-20 21:08:35.0000005,7.0337334
2009-04-20 21:08:35.0000004,9.092405
2009-04-06 13:47:15.0000001,4.801133
2013-11-29 21:36:07.0000002,20.20423
2013-11-29 21:36:07.0000001,8.721414
2012-04-14 11:59:11.0000003,10.334395
2009-03-06 00:13:03.0000002,12.264644
2010-04-23 00:00:03.0000001,25.022974
2010-05-22 23:46:19.0000004,8.229444
2012-06-09 22:57:15.0000004,7.5992107
2010-10-27 02:29:39.0000001,6.314245
2010-10-22 20:56:51.0000003,11.41382
2013-10-07 08:53:39.0000001,5.536193
2011-10-04 11:48:35.0000001,9.221395
2010-12-31 13:32:39.0000002,7.1137633
2010-08-21 20:25:07.0000002,7.2506967
2009-11-16 21:03:31.0000005,10.303314
2009-11-16 21:03:31.0000006,6.7642474
2010-12-01 21:02:35.0000003,12.505517
2010-04-20 11:53:23.0000001,6.5292315
2013-09-20 13:38:55.0000005,6.2961407
2013-09-20 13:38:55.0000004,57.876263
2012-09-09 23:40:03.0000002,6.933061
2012-09-09 23:40:03.0000004,11.201713
2010-05-23 15:28:55.0000002,7.6453247
2012-10-15 20:10:31.0000005,15.455488
2013-06-07 13:52:55.0000005,8.846692
2009-06-04 19:34:15.0000005,8.659381
2013-09-29 22:12:07.0000001,27.626806
2010-05-02 12:39:55.0000003,5.887463
2010-05-02 12:39:55.0000001,15.967483
2015-05-20 00:59:15.0000001,7.83786
2009-12-03 18:02:47.0000003,7.798363
2009-12-03 18:02:47.0000002,49.250195
2009-09-28 19:21:59.0000007,5.27233
2009-09-28 19:21:59.0000006,8.873508
2015-05-23 12:59:39.0000003,17.320549
2014-01-11 23:10:59.0000006,8.752183
2010-04-24 20:15:07.0000001,5.41287
2013-05-24 07:22:51.0000001,8.649942
2009-08-06 02:50:03.0000001,15.917871
2014-08-08 17:32:47.0000003,9.046197
2010-09-22 09:42:31.0000003,9.56932
2013-08-19 19:39:23.0000002,15.737257
2015-03-11 16:36:39.0000004,30.498236
2015-05-29 18:59:35.0000006,15.3139105
2011-10-26 17:48:43.0000005,9.425988
2009-11-03 19:53:27.0000002,6.0714235
2009-11-03 19:53:27.0000001,6.396598
2009-12-19 21:56:15.0000004,5.514177
2009-12-21 21:20:43.0000002,5.654338
2009-08-21 15:35:07.0000001,12.991378
2010-04-25 13:28:47.0000001,8.824201
2010-11-02 18:49:59.0000004,8.525309
2010-04-21 06:28:47.0000001,47.026363
2015-02-11 20:51:51.0000001,4.4445734
2013-12-07 01:41:59.0000002,7.0370765
2013-05-21 06:52:59.0000003,30.79703
2014-07-12 00:15:59.0000001,10.76828
2010-06-13 19:39:51.0000002,10.307774
2009-03-31 10:27:19.0000003,10.708611
2013-09-14 18:28:03.0000001,6.6989284
2015-02-14 09:08:11.0000002,8.881286
2012-01-19 20:26:35.0000002,5.4938803
2012-01-19 20:26:35.0000003,5.5913877
2012-01-19 20:26:35.0000006,16.993744
2015-02-25 18:00:51.0000001,7.008768
2015-02-25 18:00:51.0000007,6.6186957
2009-08-08 11:41:51.0000003,6.256061
2013-06-02 16:26:47.0000001,7.2189045
2011-09-14 00:50:15.0000001,10.248241
2013-02-16 14:26:51.0000003,5.139976
2012-11-12 11:57:03.0000001,7.531802
2012-01-04 00:06:39.0000002,5.9122677
2013-06-21 02:39:47.0000001,14.573075
2010-12-28 20:17:27.0000005,10.138228
2010-12-28 20:17:27.0000003,10.271522
2009-12-12 22:01:31.0000001,4.6434307
2011-05-20 23:42:59.0000001,6.5005364
2014-01-04 10:54:59.0000005,8.151561
2014-01-04 10:54:59.0000002,10.220428
2012-02-11 04:52:35.0000001,4.1472244
2014-09-14 23:26:11.0000001,7.9045663
2014-04-05 01:52:27.0000002,26.392107
2010-02-23 20:29:51.0000004,7.6525135
2013-11-01 13:07:47.0000003,18.05037
2015-03-07 15:25:59.0000003,5.1085196
2009-04-16 15:57:31.0000001,9.427095
2010-01-10 12:55:43.0000003,9.969778
2010-01-10 12:55:43.0000004,22.907413
2010-01-10 12:55:43.0000001,4.9329395
2015-03-16 21:12:19.0000002,6.833284
2015-03-16 21:12:19.0000006,18.225533
2012-09-29 20:16:51.0000004,6.12258
2009-07-30 15:49:15.0000002,13.240525
2009-07-30 15:49:15.0000004,8.8197155
2013-11-18 16:18:39.0000001,57.16999
2015-01-18 14:06:23.0000001,10.15737
2015-01-18 14:06:23.0000004,5.694719
2015-01-18 14:06:23.0000003,7.078723
2009-09-07 19:35:39.0000001,7.138297
2014-06-14 13:39:00.000000155,5.0594625
2014-06-14 13:39:00.000000174,9.643759
2014-06-14 13:39:00.000000104,9.702074
2014-06-14 13:39:00.00000083,55.04757
2014-06-14 13:39:00.00000056,6.4726744
2014-06-14 13:39:00.000000102,11.904768
2014-06-14 13:39:00.00000065,22.41298
2014-06-14 13:39:00.000000137,11.764923
2014-06-14 13:39:00.0000002,56.074814
2014-06-14 13:39:00.00000028,6.0764737
2014-06-14 13:39:00.000000194,6.044579
2013-06-27 00:20:40.0000002,5.23582
2014-12-30 20:29:24.0000001,5.7763786
2011-03-24 15:57:04.0000002,4.381288
2012-06-09 16:53:44.0000001,8.838091
2011-10-02 23:36:00.0000001,17.215736
2011-10-02 23:36:00.00000050,24.300776
2011-10-02 23:36:00.00000069,8.177877
2011-10-02 23:36:00.00000093,10.154555
2011-10-02 23:36:00.00000010,11.703075
2011-10-02 23:36:00.00000017,10.6647625
2011-10-02 23:36:00.00000072,11.322135
2011-10-02 23:36:00.00000025,8.823237
2011-10-02 23:36:00.00000019,5.493139
2013-03-21 12:47:28.0000001,10.845531
2013-06-07 03:02:56.0000003,11.91511
2009-06-10 16:55:00.000000123,5.9288597
2009-06-10 16:55:00.000000150,11.684874
2009-06-10 16:55:00.00000064,7.446014
2009-06-10 16:55:00.00000062,11.928609
2009-06-10 16:55:00.0000005,5.201721
2009-06-10 16:55:00.0000006,19.149693
2009-06-10 16:55:00.000000130,8.67132
2009-06-10 16:55:00.000000175,5.598053
2009-06-10 16:55:00.00000041,48.09568
2009-06-10 16:55:00.000000152,5.060791
2009-06-10 16:55:00.000000155,9.921711
2009-06-10 16:55:00.00000061,5.6126895
2011-06-24 12:03:00.000000131,9.770334
2011-06-24 12:03:00.000000184,10.154231
2011-06-24 12:03:00.00000081,8.66692
2011-06-24 12:03:00.0000007,7.011533
2011-06-24 12:03:00.00000028,6.5151825
2011-06-24 12:03:00.000000198,6.854114
2014-06-15 07:06:00.0000004,14.591202
2014-06-15 07:06:00.00000011,10.903773
2014-06-06 16:22:20.0000001,9.206622
2009-09-14 02:19:00.00000043,5.4636054
2009-09-14 02:19:00.00000027,8.305378
2009-09-14 02:19:00.00000042,7.2208657
2009-09-14 02:19:00.00000034,17.16805
2009-09-14 02:19:00.00000033,7.9117994
2010-08-21 22:21:32.0000001,10.018774
2010-08-21 22:21:32.0000002,7.7388144
2012-05-06 23:37:24.0000003,11.780938
2013-12-21 17:20:32.0000002,57.66258
2014-04-28 19:46:36.0000002,7.78596
2011-06-01 07:37:00.00000080,38.693806
2011-06-01 07:37:00.000000164,10.421335
2011-06-01 07:37:00.00000074,22.626038
2011-06-01 07:37:00.00000085,16.512053
2011-06-01 07:37:00.0000003,7.387012
2011-06-01 07:37:00.000000159,20.0939
2011-06-01 07:37:00.00000052,21.831083
2011-06-01 07:37:00.000000218,16.460615
2011-06-01 07:37:00.00000062,5.867735
2011-06-01 07:37:00.00000031,6.6461387
2010-08-27 18:45:00.000000170,11.5960045
2010-08-27 18:45:00.00000044,17.274075
2010-08-27 18:45:00.000000146,6.7497206
2010-08-27 18:45:00.00000035,8.177262
2010-08-27 18:45:00.000000139,6.399674
2010-08-27 18:45:00.00000051,5.591561
2010-08-27 18:45:00.000000186,5.603095
2010-08-27 18:45:00.000000102,7.864595
2010-08-27 18:45:00.000000164,12.040881
2010-08-27 18:45:00.000000199,13.190538
2010-08-27 18:45:00.000000174,7.8287926
2010-08-27 18:45:00.000000187,5.2546415
2010-08-27 18:45:00.000000172,13.568244
2010-08-14 02:13:00.000000105,9.019827
2010-08-14 02:13:00.000000159,4.495348
2010-08-14 02:13:00.00000040,6.63087
2010-08-14 02:13:00.000000147,9.563413
2010-08-14 02:13:00.000000145,6.7646365
2010-08-14 02:13:00.00000061,7.366509
2010-08-14 02:13:00.000000150,13.504767
2010-08-14 02:13:00.00000024,6.243989
2010-08-14 02:13:00.000000167,7.2550755
2010-08-14 02:13:00.00000099,8.165544
2010-08-14 02:13:00.000000120,10.028033
2010-08-14 02:13:00.00000027,6.030764
2010-08-14 02:13:00.00000063,10.384348
2010-08-14 02:13:00.000000164,5.525848
2010-08-14 02:13:00.000000143,16.249487
2010-08-14 02:13:00.000000156,23.066006
2010-08-14 02:13:00.000000123,14.76574
2014-03-25 23:47:00.00000013,5.6071625
2014-03-25 23:47:00.000000116,9.86642
2014-03-25 23:47:00.000000141,6.024194
2014-03-25 23:47:00.000000107,8.982642
2014-03-25 23:47:00.00000068,6.3365827
2014-03-25 23:47:00.00000098,19.306019
2014-03-25 23:47:00.000000138,13.151744
2014-03-25 23:47:00.000000120,11.43537
2015-06-05 08:38:56.0000003,10.400912
2010-09-29 16:43:00.000000154,35.11633
2010-09-29 16:43:00.000000157,5.5413046
2010-09-29 16:43:00.00000099,9.278451
2010-09-29 16:43:00.00000023,7.445715
2010-09-29 16:43:00.000000148,15.28625
2014-10-27 14:58:00.00000028,8.296411
2014-10-27 14:58:00.00000069,10.102982
2014-10-27 14:58:00.000000106,7.6020727
2014-10-27 14:58:00.00000070,5.5669985
2014-10-27 14:58:00.000000121,13.798124
2014-10-27 14:58:00.00000022,12.993306
2014-10-27 14:58:00.00000057,16.673248
2009-10-08 23:44:56.0000002,5.7389483
2012-11-03 17:11:00.00000080,12.487241
2012-11-03 17:11:00.00000030,7.002143
2012-11-03 17:11:00.000000149,5.172211
2012-11-03 17:11:00.00000078,10.830591
2012-11-03 17:11:00.00000063,10.420027
2012-11-03 17:11:00.000000142,6.7752047
2012-11-03 17:11:00.000000101,9.319318
2011-05-28 17:29:44.0000003,6.7669687
2011-03-11 01:44:00.00000023,21.88673
2011-03-11 01:44:00.00000014,5.3514795
2011-03-11 01:44:00.00000067,10.246918
2011-03-11 01:44:00.00000019,6.715723
2011-03-11 01:44:00.00000082,19.744532
2011-03-11 01:44:00.00000084,4.671187
2011-03-11 01:44:00.00000033,9.831787
2011-03-11 01:44:00.00000051,13.458652
2011-03-11 01:44:00.00000011,18.798323
2013-12-16 19:06:44.0000001,7.635667
2009-05-08 18:00:36.0000001,4.5487075
2013-01-27 00:09:12.0000008,10.884577
2013-09-15 02:37:52.0000002,11.657534
2009-04-05 09:48:20.0000001,4.5622563
2009-11-25 19:32:52.0000001,15.92927
2011-10-04 09:37:00.00000099,6.8963633
2011-10-04 09:37:00.00000019,9.766016
2011-10-04 09:37:00.000000132,18.320534
2011-10-04 09:37:00.00000043,36.814915
2011-10-04 09:37:00.000000122,30.315908
2011-10-04 09:37:00.0000002,10.883631
2011-10-04 09:37:00.000000109,5.681686
2014-04-29 08:15:56.0000003,7.3114696
2014-12-24 03:00:00.00000035,4.8807745
2009-10-04 22:54:56.0000001,21.413713
2015-04-11 20:31:32.0000008,8.967506
2015-04-11 20:31:32.00000013,13.472811
2011-02-06 17:08:24.0000003,7.1564875
2014-04-27 02:57:00.00000010,16.308748
2014-04-27 02:57:00.00000053,8.907686
2014-04-27 02:57:00.000000128,5.676633
2014-04-27 02:57:00.0000008,9.27538
2014-04-27 02:57:00.00000067,10.88031
2014-04-27 02:57:00.0000009,5.313327
2014-04-27 02:57:00.000000159,15.120997
2014-04-27 02:57:00.000000127,11.307981
2014-04-27 02:57:00.000000112,9.213476
2011-12-13 22:00:00.000000147,14.38588
2011-12-13 22:00:00.000000164,5.872352
2011-12-13 22:00:00.00000078,5.978084
2011-12-13 22:00:00.000000103,9.233142
2011-12-13 22:00:00.000000226,6.395317
2011-12-13 22:00:00.000000215,9.70693
2011-12-13 22:00:00.00000013,9.176189
2011-12-13 22:00:00.000000258,6.6690245
2011-12-13 22:00:00.00000087,47.18147
2011-12-13 22:00:00.000000270,5.073428
2011-12-13 22:00:00.00000073,8.524479
2011-12-13 22:00:00.000000203,5.057682
2011-12-13 22:00:00.000000184,4.2558722
2011-12-13 22:00:00.00000019,6.2384653
2011-12-13 22:00:00.000000101,26.50819
2011-12-13 22:00:00.000000122,18.820463
2011-12-13 22:00:00.000000190,7.157881
2011-12-13 22:00:00.00000021,4.837745
2011-12-13 22:00:00.00000051,6.4275465
2011-12-13 22:00:00.00000036,8.25234
2011-12-13 22:00:00.00000022,6.519621
2009-04-12 16:00:56.0000002,12.820015
2014-03-05 21:07:12.0000001,5.225766
2015-04-11 14:16:12.0000009,6.6806836
2014-07-21 18:19:00.000000203,9.26428
2014-07-21 18:19:00.000000229,12.467436
2014-07-21 18:19:00.000000146,6.188115
2014-07-21 18:19:00.000000108,9.670189
2014-07-21 18:19:00.000000171,6.647417
2014-07-21 18:19:00.00000090,15.203447
2014-07-21 18:19:00.00000020,7.0920777
2014-07-21 18:19:00.00000059,23.294924
2014-07-21 18:19:00.000000185,7.5775886
2014-07-21 18:19:00.000000186,12.140743
2014-07-21 18:19:00.000000201,11.967117
2014-07-21 18:19:00.000000217,4.7881618
2014-07-21 18:19:00.00000017,8.389501
2014-07-21 18:19:00.00000079,9.711426
2014-07-21 18:19:00.00000087,8.581187
2011-06-13 09:55:04.0000003,14.9106045
2010-09-20 16:48:00.00000025,11.202536
2010-09-20 16:48:00.00000085,44.155758
2010-09-20 16:48:00.00000069,29.435215
2010-09-20 16:48:00.00000086,7.747885
2010-09-20 16:48:00.00000021,9.899643
2010-09-20 16:48:00.00000024,7.440721
2010-09-20 16:48:00.000000100,10.086701
2010-09-20 16:48:00.0000008,16.036081
2010-09-20 16:48:00.00000074,12.482199
2012-08-20 14:47:36.0000002,9.884407
2014-12-01 00:12:44.0000002,34.563354
2009-03-16 09:55:24.0000001,6.216251
2011-03-06 21:01:00.00000017,6.7148995
2011-03-06 21:01:00.000000161,6.8853016
2011-03-06 21:01:00.000000170,7.324682
2011-03-06 21:01:00.00000078,9.711274
2011-03-06 21:01:00.000000160,9.19406
2013-02-26 01:38:20.0000001,6.8992915
2014-09-22 07:14:16.0000001,6.0983243
2010-10-05 02:09:00.00000017,7.0051436
2010-10-05 02:09:00.00000024,13.934069
2010-10-05 02:09:00.00000020,5.1063213
2011-04-16 21:23:16.0000001,6.287564
2013-10-05 19:51:04.0000001,7.0480347
2011-10-07 22:08:20.0000005,7.9413314
2012-03-14 19:10:48.0000003,4.4000316
2009-06-21 04:28:48.0000001,14.480624
2011-06-25 11:42:36.0000001,9.64922
2012-01-26 07:33:00.000000145,7.391398
2012-01-26 07:33:00.00000030,4.3019505
2012-01-26 07:33:00.000000121,4.891507
2012-01-26 07:33:00.000000151,9.072617
2012-01-26 07:33:00.00000044,7.0299973
2015-03-20 23:34:40.0000009,18.362083
2015-03-20 23:34:40.0000005,6.917323
2015-05-21 07:08:08.0000001,9.804958
2010-12-09 07:29:00.000000156,5.380857
2010-12-09 07:29:00.0000002,7.428271
2010-12-09 07:29:00.00000081,12.197594
2010-08-21 23:02:28.0000003,11.892353
2009-10-29 10:48:40.0000003,9.60692
2015-02-01 00:48:44.0000003,8.274269
2015-02-01 00:48:44.0000005,5.108271
2011-12-06 11:07:40.0000002,6.454145
2011-12-06 11:07:40.0000003,14.210064
2013-05-18 15:28:40.0000001,9.292581
2013-09-01 17:57:04.0000001,7.887829
2015-02-21 18:39:16.0000001,9.630252
2013-07-22 15:05:16.0000005,10.289692
2010-12-25 13:54:12.0000002,7.1266484
2013-11-29 20:09:12.0000001,17.445614
2011-10-25 20:34:20.0000002,10.329037
2012-11-20 21:54:00.000000152,5.5661163
2012-11-20 21:54:00.00000071,25.975327
2012-11-20 21:54:00.00000078,11.52468
2012-11-20 21:54:00.00000073,8.219571
2012-11-20 21:54:00.00000066,11.295453
2012-11-20 21:54:00.000000189,7.55977
2012-11-20 21:54:00.00000016,13.5532465
2012-11-20 21:54:00.0000007,10.726664
2012-11-20 21:54:00.000000161,14.328917
2012-11-20 21:54:00.000000174,9.71654
2012-11-20 21:54:00.00000084,9.879684
2012-11-20 21:54:00.000000173,7.5506015
2014-06-23 00:16:00.00000086,8.478509
2014-06-23 00:16:00.00000042,44.558876
2014-06-23 00:16:00.00000010,6.2646394
2011-09-30 03:23:32.0000001,12.98406
2011-01-03 21:51:28.0000003,6.933281
2013-09-25 22:00:00.00000018,8.692457
2013-09-25 22:00:00.00000071,10.177019
2013-09-25 22:00:00.000000114,10.536576
2013-09-25 22:00:00.000000191,8.528494
2013-09-25 22:00:00.0000006,8.259553
2013-09-25 22:00:00.000000113,4.8793097
2013-09-25 22:00:00.000000212,5.2587614
2013-09-25 22:00:00.00000066,5.9984736
2011-07-06 18:07:44.0000004,5.411992
2014-07-11 12:36:08.0000001,15.078055
2015-02-20 11:08:29.0000007,10.578474
2009-05-16 14:53:41.0000003,6.0017953
2010-07-01 22:11:33.0000003,5.128035
2014-10-07 11:52:13.0000008,6.945607
2015-02-26 23:20:13.0000008,15.050728
2011-11-28 14:13:37.0000002,7.976142
2013-08-30 11:20:21.0000003,36.2401
2014-10-25 23:23:05.0000001,10.164113
2014-10-25 23:23:05.0000002,12.673841
2011-07-02 00:38:01.0000001,7.861643
2014-02-08 17:24:57.0000002,8.642218
2013-02-16 16:03:17.0000001,13.794995
2011-01-24 20:18:49.0000005,8.943896
2012-04-07 12:14:05.0000001,12.990321
2011-10-20 13:46:33.0000002,9.65205
2013-11-29 15:09:45.0000003,8.756629
2014-06-22 14:49:13.0000002,37.023403
2009-08-28 23:01:41.0000002,6.819524
2010-06-11 13:37:21.0000003,9.550835
2013-06-17 06:37:49.0000002,4.7285414
2015-06-02 09:11:17.0000002,42.592216
2014-12-07 19:56:45.0000001,15.271822
2013-04-23 13:19:17.0000001,8.026271
2013-11-28 13:17:13.0000003,6.9100013
2012-06-10 00:46:17.0000001,8.61939
2010-02-27 22:55:09.0000001,5.6304965
2012-04-14 14:20:33.0000002,8.876881
2013-03-08 19:03:09.0000002,5.864122
2012-07-13 11:00:05.0000005,4.272281
2014-07-01 11:05:21.0000003,9.171605
2012-10-25 16:20:37.0000005,11.607634
2011-03-24 17:44:01.0000002,10.559263
2014-07-25 18:06:37.0000006,13.555744
2009-08-02 14:01:33.0000005,9.149599
2009-09-25 21:43:49.0000009,11.111961
2011-12-09 21:19:25.0000003,6.383188
2011-12-09 21:19:25.0000004,9.500297
2012-02-08 11:14:49.0000003,15.76764
2012-07-18 22:34:53.0000002,4.876493
2012-07-18 22:34:53.0000004,6.4666796
2009-09-04 18:43:33.0000002,5.576614
2011-04-23 11:01:49.0000002,30.969952
2014-10-28 22:42:33.0000004,5.288097
2010-06-20 12:42:37.0000002,5.5909867
2015-02-19 11:39:21.0000004,41.773815
2013-12-08 10:41:05.0000002,5.479256
2009-05-15 21:19:13.0000003,5.4178824
2011-08-18 08:36:13.0000005,5.35965
2012-12-20 23:43:09.0000004,19.242865
2009-06-13 18:40:13.0000001,14.478515
2009-01-06 07:36:34.0000001,8.842515
2015-04-12 21:56:22.0000003,8.307283
2010-03-21 16:52:58.0000003,8.12599
2013-07-09 21:59:42.0000001,27.740038
2012-06-23 09:43:42.0000002,4.384651
2012-06-23 09:43:42.0000004,5.114915
2013-10-26 10:46:46.0000003,38.14579
2013-09-14 18:51:46.0000001,7.352663
2009-11-23 19:06:14.0000001,7.2751956
2010-01-24 14:09:58.0000002,6.599202
2011-12-10 23:39:06.0000003,5.59828
2011-01-15 04:13:38.0000001,6.1371164
2011-03-03 21:31:42.0000003,5.403164
2012-08-04 23:34:58.0000003,13.240504
2015-04-10 11:56:54.0000006,7.5352383
2015-05-05 12:32:14.0000008,17.07732
2013-10-13 19:52:54.0000002,44.116013
2015-06-25 01:01:46.0000004,12.035823
2009-05-19 15:44:30.0000002,30.019138
2010-02-06 17:37:10.0000002,6.12292
2013-01-14 18:42:54.0000003,7.7074304
2014-01-05 17:47:02.0000001,13.0302305
2009-07-28 11:13:10.0000002,7.480229
2012-01-12 18:05:10.0000002,22.652733
2010-12-21 08:46:02.0000006,6.250999
2013-11-24 03:44:46.0000003,19.302275
2013-06-30 03:37:26.0000003,14.200749
2011-05-26 21:36:54.0000004,6.621223
2009-03-11 21:46:54.0000002,10.128645
2012-12-26 17:12:30.0000002,12.599477
2013-04-21 19:50:54.0000001,10.207651
2013-02-06 18:21:18.0000001,10.640026
2013-07-21 11:41:26.0000003,10.642657
2011-09-17 15:41:06.0000004,13.473757
2015-06-21 17:16:10.0000005,12.40594
2015-02-27 19:36:02.00000013,7.9484696
2015-06-15 01:00:06.0000001,4.4281144
2014-03-08 16:08:26.0000001,4.369364
2014-03-08 16:08:26.0000003,8.77405
2014-09-13 19:05:02.0000002,8.495485
2010-12-04 21:08:38.0000004,15.63567
2010-03-07 00:47:26.0000001,5.1675367
2009-12-30 16:54:50.0000001,20.375282
2009-03-11 16:02:14.0000007,12.160347
2010-03-13 01:23:10.0000001,5.5092754
2012-05-30 02:28:50.0000002,8.097669
2010-09-04 18:31:42.0000003,5.530611
2009-11-20 23:19:58.0000003,8.36183
2011-09-22 20:05:22.0000003,11.777149
2009-02-08 00:04:06.0000001,24.118332
2014-05-17 10:51:46.0000003,13.8665905
2010-05-06 11:35:26.0000002,10.869608
2011-10-01 00:42:26.0000001,6.6042995
2014-12-26 20:19:38.0000001,7.8341665
2015-04-22 09:54:06.0000004,12.562075
2009-01-25 21:17:18.0000001,10.933294
2011-08-01 17:44:30.0000003,20.53559
2012-03-25 04:50:39.0000001,29.429144
2012-12-26 18:28:55.0000004,9.001885
2011-07-06 19:56:23.0000005,12.66125
2012-08-19 12:06:39.0000002,12.228695
2015-04-28 20:15:27.0000004,6.6581726
2015-04-28 20:15:27.0000007,7.7949867
2014-06-07 12:21:11.0000002,36.78326
2013-12-22 21:24:47.0000001,9.739414
2011-11-23 21:07:43.0000004,7.787342
2011-08-08 11:18:15.0000001,6.950086
2015-05-20 19:39:11.0000004,9.628392
2015-03-20 16:33:07.0000003,42.71769
2015-04-26 21:44:23.0000002,5.0452514
2010-10-09 15:48:51.0000004,5.429146
2012-04-27 22:32:19.0000002,7.24417
2012-10-12 15:21:55.0000002,12.360901
2009-12-26 09:23:19.0000001,6.198163
2014-11-30 15:46:23.0000002,5.470013
2010-06-22 14:25:19.0000007,9.49732
2013-01-03 11:41:47.0000002,29.04287
2015-01-12 17:05:51.0000005,35.311993
2013-04-07 00:24:27.0000002,6.401398
2010-01-13 08:28:59.0000002,4.65286
2012-06-16 14:33:19.0000001,7.1101365
2009-03-25 01:20:55.0000002,9.695049
2010-07-13 07:38:03.0000003,15.785098
2012-11-09 18:17:35.0000004,6.3916574
2009-06-21 00:54:23.0000002,8.026155
2009-12-23 20:14:19.0000004,7.7781534
2013-11-29 21:36:07.0000003,5.600848
2012-06-09 22:57:15.0000003,6.060296
2010-10-22 20:56:51.0000002,7.116274
2011-02-21 23:46:07.0000002,15.79166
2012-07-30 18:18:19.0000001,30.352064
2010-06-02 19:45:19.0000003,7.3688526
2009-05-21 20:50:31.0000003,6.0328884
2014-11-11 12:10:59.0000001,14.867664
2012-09-09 23:40:03.0000003,11.182867
2011-04-28 01:29:51.0000001,6.126708
2009-09-28 19:21:59.0000003,14.957757
2012-10-21 19:47:23.0000002,16.624226
2013-06-04 23:58:11.0000006,9.995479
2014-08-08 17:32:47.0000005,57.31535
2011-01-04 10:12:51.0000002,9.889963
2011-10-26 17:48:43.0000006,13.262663
2009-12-19 21:56:15.0000003,4.7731457
2010-06-13 19:39:51.0000001,6.069176
2015-02-14 09:08:11.0000001,57.34872
2015-02-14 09:08:11.0000004,9.87578
2013-01-09 02:05:51.0000001,12.532865
2013-06-21 02:39:47.0000002,5.322114
2011-10-07 12:38:19.0000001,7.064906
2013-02-02 16:07:55.0000004,14.517092
2014-04-05 01:52:27.0000004,10.0706215
2014-04-05 01:52:27.0000003,16.204744
2010-02-23 20:29:51.0000001,5.059345
2014-07-01 15:15:23.0000003,6.7236476
2012-12-01 21:12:12.0000001,26.794514
2014-06-14 13:39:00.00000071,6.7560987
2013-11-09 18:52:40.0000001,11.017797
2013-11-09 18:52:40.0000003,12.449625
2014-12-30 20:29:24.0000002,8.064614
2010-05-10 10:37:04.0000004,11.721174
2013-07-12 23:33:24.0000002,18.090902
2009-06-10 16:55:00.000000132,8.112714
2009-06-10 16:55:00.000000163,10.581105
2009-06-10 16:55:00.00000084,14.488435
2009-03-22 04:31:40.0000001,14.433418
2011-06-24 12:03:00.0000009,9.778629
2011-06-24 12:03:00.000000174,32.677116
2011-06-24 12:03:00.000000158,10.75126
2014-06-15 07:06:00.00000044,53.382233
2015-05-30 21:29:04.0000006,8.704908
2009-09-14 02:19:00.00000037,13.633222
2011-10-02 22:31:44.0000001,19.023123
2011-07-20 16:34:48.0000002,9.924017
2011-06-01 07:37:00.00000012,13.275262
2011-06-01 07:37:00.000000111,9.978309
2011-06-01 07:37:00.00000014,8.461673
2010-08-27 18:45:00.0000002,14.311969
2010-08-27 18:45:00.000000118,7.1713777
2010-08-27 18:45:00.000000143,7.530185
2010-08-27 18:45:00.000000233,19.74523
2010-08-27 18:45:00.000000156,8.201126
2010-08-27 18:45:00.000000167,7.601708
2010-08-27 18:45:00.000000168,6.850386
2010-08-27 18:45:00.000000149,7.002996
2010-08-27 18:45:00.00000091,6.6078176
2010-08-27 18:45:00.000000126,7.438673
2010-08-27 18:45:00.00000020,9.555788
2010-08-14 02:13:00.000000154,6.6163225
2010-08-14 02:13:00.00000098,5.9139028
2015-04-16 22:32:48.0000003,20.26597
2014-03-25 23:47:00.00000021,31.522945
2014-03-25 23:47:00.00000084,14.737734
2010-09-29 16:43:00.000000161,9.703422
2010-09-29 16:43:00.00000093,29.856201
2014-10-27 14:58:00.00000088,10.043594
2014-10-27 14:58:00.00000092,58.82084
2014-10-27 14:58:00.00000094,7.8031793
2012-11-03 17:11:00.00000013,8.375072
2012-11-03 17:11:00.0000001,5.7555065
2012-11-03 17:11:00.000000150,8.891048
2011-05-28 17:29:44.0000002,5.639864
2013-09-28 00:06:20.0000005,8.325599
2013-09-28 00:06:20.0000003,19.296568
2011-03-11 01:44:00.00000095,4.5309806
2011-03-11 01:44:00.00000029,6.539016
2011-10-04 09:37:00.00000080,30.549349
2011-10-04 09:37:00.000000113,13.759181
2011-10-04 09:37:00.000000160,8.089961
2011-10-04 09:37:00.0000006,6.8581996
2014-12-24 03:00:00.00000020,84.7702
2009-05-16 23:36:24.0000003,4.226051
2014-04-27 02:57:00.00000064,30.039133
2014-04-27 02:57:00.00000083,13.977816
2014-04-27 02:57:00.00000069,18.622017
2014-04-27 02:57:00.0000007,10.095932
2011-12-13 22:00:00.000000102,15.186201
2011-12-13 22:00:00.000000214,24.753695
2011-12-13 22:00:00.000000128,9.895189
2011-12-13 22:00:00.000000249,7.3865705
2011-12-13 22:00:00.00000052,15.454698
2011-12-13 22:00:00.000000168,5.7232976
2011-12-13 22:00:00.00000079,8.931383
2011-12-13 22:00:00.00000050,7.0593953
2015-04-11 14:16:12.0000005,6.2819767
2014-07-21 18:19:00.000000205,8.4279175
2014-07-21 18:19:00.00000023,21.45768
2014-07-21 18:19:00.00000046,13.064302
2014-07-21 18:19:00.00000096,17.151087
2014-07-21 18:19:00.000000156,35.33952
2010-09-20 16:48:00.0000002,8.890263
2010-09-20 16:48:00.000000156,6.377817
2010-09-20 16:48:00.00000041,9.226873
2010-09-20 16:48:00.00000083,6.4085617
2010-09-20 16:48:00.000000122,13.897772
2011-03-06 21:01:00.00000036,7.456826
2011-03-06 21:01:00.00000019,5.5530806
2011-03-06 21:01:00.000000123,10.099318
2011-03-06 21:01:00.000000166,8.623374
2011-03-06 21:01:00.000000140,13.6634655
2011-03-06 21:01:00.00000060,6.775744
2012-05-23 16:25:16.0000001,51.589947
2011-04-16 21:23:16.0000003,4.0419927
2013-10-05 19:51:04.0000004,6.7264485
2012-03-14 19:10:48.0000007,7.4317107
2012-01-26 07:33:00.00000064,16.675613
2012-01-26 07:33:00.000000131,4.88263
2012-01-26 07:33:00.00000071,5.3148794
2012-01-26 07:33:00.00000028,16.081078
2012-01-26 07:33:00.00000072,7.3217316
2010-12-09 07:29:00.00000093,10.395895
2010-12-09 07:29:00.000000123,8.856395
2010-12-09 07:29:00.00000056,7.100179
2014-05-17 02:47:12.0000001,6.9737296
2009-01-22 12:27:20.0000001,12.779776
2011-04-23 21:22:20.0000002,4.640556
2012-11-20 21:54:00.00000062,7.522236
2012-11-20 21:54:00.000000207,10.600017
2012-11-20 21:54:00.00000014,5.7652984
2012-11-20 21:54:00.000000246,19.096777
2012-11-20 21:54:00.000000164,54.7501
2014-06-23 00:16:00.00000011,21.266733
2014-06-23 00:16:00.00000091,8.898865
2013-09-25 22:00:00.000000144,11.332224
2013-09-25 22:00:00.000000100,57.06328
2013-09-25 22:00:00.000000166,10.839365
2013-09-25 22:00:00.000000105,16.027573
2013-09-25 22:00:00.00000015,10.83236
2011-07-06 18:07:44.0000002,46.117184
2009-05-16 14:53:41.0000002,9.952276
2013-10-17 22:21:57.0000003,11.992147
2015-03-04 21:42:57.00000011,8.578906
2011-03-22 12:59:49.0000001,12.298753
2013-07-05 00:58:17.0000004,16.733883
2010-01-30 00:57:21.0000001,5.697927
2012-04-02 08:39:21.0000002,14.171195
2010-07-25 04:03:17.0000001,37.14825
2012-07-01 22:30:29.0000002,20.18369
2014-02-08 17:24:57.0000003,19.570215
2012-06-02 01:16:05.0000003,4.7958426
2012-06-02 01:16:05.0000001,5.436779
2014-01-11 06:18:37.0000001,5.8907833
2012-12-09 22:30:13.0000005,6.4557333
2011-10-01 15:04:57.0000002,6.647963
2012-01-01 00:37:29.0000004,8.410339
2012-04-14 14:20:33.0000003,11.901396
2010-02-01 20:28:45.0000004,8.15204
2013-08-19 16:21:05.0000001,18.036798
2014-06-05 22:56:05.0000004,8.048724
2013-11-07 22:25:25.0000004,19.416618
2010-06-19 03:06:33.0000001,15.706534
2012-07-18 09:44:53.0000003,6.8266835
2009-09-25 21:43:49.0000002,7.7475133
2009-09-04 18:43:33.0000001,7.7738867
2012-10-20 00:36:37.0000001,8.533613
2014-06-19 22:37:09.0000002,27.931486
2012-12-20 23:43:09.0000001,20.39156
2015-05-23 01:00:22.0000002,9.400533
2012-11-18 14:55:42.0000001,8.137534
2010-01-24 14:09:58.0000003,5.3880343
2014-07-27 11:25:18.0000003,19.988726
2009-03-15 03:31:14.0000004,4.245449
2010-09-24 22:40:06.0000004,5.5171037
2009-04-18 23:09:34.0000001,32.77694
2014-08-26 16:39:54.0000001,17.16622
2009-05-31 20:56:38.0000004,5.917396
2015-05-29 10:02:42.0000002,7.4113455
2011-04-17 14:55:58.0000002,6.260291
2011-05-26 21:36:54.0000003,7.1546497
2011-05-26 21:36:54.0000002,9.707645
2013-11-23 16:33:30.0000002,10.415614
2009-06-03 09:11:30.0000001,8.655355
2010-12-04 21:08:38.0000005,7.457393
2013-09-07 19:43:18.0000003,10.394283
2011-03-10 18:16:14.0000005,6.1304307
2011-05-19 02:06:46.0000002,5.9955883
2009-08-03 17:06:06.0000002,15.574397
2015-04-14 19:20:46.0000008,7.549272
2011-09-08 13:39:06.0000002,7.9888163
2012-03-03 02:30:54.0000003,13.36919
2012-12-27 21:01:54.0000004,5.1149626
2012-12-27 21:01:54.0000005,11.172315
2014-06-20 02:16:34.0000002,6.5365124
2014-01-14 18:48:06.0000008,10.126033
2011-09-03 00:03:42.0000008,8.046541
2013-07-02 22:27:14.0000004,16.196241
2013-07-02 22:27:14.0000001,13.659937
2015-05-09 11:33:58.0000002,9.819355
2015-03-28 19:31:26.0000003,14.167118
2013-08-08 14:38:43.0000002,9.879147
2009-11-19 22:48:27.0000001,37.93805
2011-07-06 19:56:23.0000001,14.166393
2015-06-18 20:56:55.0000002,5.5358396
2015-02-14 13:15:19.0000002,7.496934
2013-01-12 22:40:39.0000002,8.927698
2013-03-23 15:41:07.0000002,38.342762
2010-01-31 00:33:03.0000006,7.483858
2014-06-09 14:51:39.0000001,9.282566
2015-03-20 16:33:07.0000004,16.980604
2015-01-04 00:28:11.0000004,7.1257796
2010-10-04 16:17:03.0000001,10.623072
2011-05-17 07:53:55.0000003,5.752924
2012-12-26 20:55:27.0000001,5.5963783
2012-12-26 20:55:27.0000003,4.953926
2011-12-17 16:19:47.0000002,11.84077
2010-02-15 10:14:23.0000001,30.351137
2010-12-11 16:12:35.0000003,5.968679
2011-12-11 11:05:51.0000002,11.321485
2014-06-14 12:32:11.0000001,10.518152
2012-06-09 22:57:15.0000001,7.6816583
2009-05-21 20:50:31.0000004,4.6762204
2010-09-22 09:42:31.0000005,8.529555
2014-07-08 10:21:39.0000007,21.623701
2012-09-16 18:14:55.0000002,17.096325
2013-10-05 13:45:39.0000001,6.8419
2014-07-31 10:39:39.0000001,13.534763
2013-02-16 14:26:51.0000001,12.295755
2014-01-04 10:54:59.0000004,53.518368
2015-03-07 15:25:59.0000005,8.696988
2009-04-16 15:57:31.0000003,6.3615108
2011-10-23 17:43:43.0000002,7.4999156
2014-06-14 13:39:00.000000189,11.038246
2014-06-14 13:39:00.000000153,10.081875
2014-06-14 13:39:00.00000088,5.269577
2014-06-14 13:39:00.000000157,14.598474
2014-06-14 13:39:00.00000046,7.4473586
2014-06-14 13:39:00.000000110,7.1168
2014-06-14 13:39:00.000000106,37.191372
2014-06-14 13:39:00.00000019,14.779713
2014-06-14 13:39:00.000000186,6.706239
2014-06-14 13:39:00.00000037,9.194164
2014-06-14 13:39:00.00000057,11.580562
2014-06-14 13:39:00.000000127,12.553729
2014-06-14 13:39:00.0000009,39.53383
2014-06-14 13:39:00.000000173,9.067584
2014-06-14 13:39:00.00000027,6.1825557
2014-06-14 13:39:00.000000100,7.6416183
2011-10-02 23:36:00.00000060,17.815226
2011-10-02 23:36:00.00000057,17.191828
2011-10-02 23:36:00.00000044,5.451084
2011-10-02 23:36:00.00000087,23.230295
2011-10-02 23:36:00.00000084,9.856564
2011-10-02 23:36:00.00000046,12.379068
2011-10-02 23:36:00.0000006,6.2864423
2011-10-02 23:36:00.00000033,32.028778
2011-10-02 23:36:00.00000064,18.690334
2011-10-02 23:36:00.00000094,8.931116
2011-10-02 23:36:00.00000049,5.67798
2011-10-02 23:36:00.00000066,8.725701
2011-10-02 23:36:00.00000080,9.16617
2011-10-02 23:36:00.00000029,24.959848
2011-10-02 23:36:00.00000055,4.349544
2011-10-02 23:36:00.00000079,16.315388
2011-10-02 23:36:00.00000053,10.153055
2009-06-10 16:55:00.00000014,7.3654428
2009-06-10 16:55:00.00000052,7.927447
2009-06-10 16:55:00.00000065,8.043683
2009-06-10 16:55:00.000000169,13.313796
2009-06-10 16:55:00.000000172,7.611625
2009-06-10 16:55:00.000000105,5.832211
2009-06-10 16:55:00.00000073,4.2176323
2009-06-10 16:55:00.000000157,10.643158
2009-06-10 16:55:00.000000156,5.5588284
2009-06-10 16:55:00.000000116,7.857899
2009-06-10 16:55:00.00000022,5.9089956
2009-06-10 16:55:00.00000013,7.0528226
2009-06-10 16:55:00.000000126,4.7040167
2009-06-10 16:55:00.00000023,7.590592
2009-06-10 16:55:00.00000086,6.09923
2009-06-10 16:55:00.00000040,11.762724
2009-06-10 16:55:00.00000058,7.9719443
2009-06-10 16:55:00.000000170,5.066934
2009-06-10 16:55:00.00000027,11.146556
2009-06-10 16:55:00.00000011,12.390253
2009-06-10 16:55:00.000000129,6.774106
2009-06-10 16:55:00.000000121,5.294246
2009-06-10 16:55:00.00000080,8.086808
2009-06-10 16:55:00.00000089,7.667295
2009-06-10 16:55:00.000000103,7.9874954
2009-06-10 16:55:00.00000051,7.8204913
2009-06-10 16:55:00.00000063,29.828274
2009-06-10 16:55:00.000000106,4.904943
2009-06-10 16:55:00.00000091,7.038952
2009-06-10 16:55:00.00000095,13.925456
2009-06-10 16:55:00.000000137,9.181336
2009-06-10 16:55:00.000000113,4.9677315
2009-06-10 16:55:00.000000173,6.5475373
2009-06-10 16:55:00.00000077,5.3540993
2009-06-10 16:55:00.00000036,6.634144
2011-06-24 12:03:00.000000148,5.202841
2011-06-24 12:03:00.00000070,5.5317283
2011-06-24 12:03:00.000000129,9.39091
2011-06-24 12:03:00.000000130,5.0022674
2011-06-24 12:03:00.000000160,9.944548
2011-06-24 12:03:00.000000167,29.873383
2011-06-24 12:03:00.00000059,7.8101473
2011-06-24 12:03:00.000000128,7.95221
2011-06-24 12:03:00.000000112,5.0954027
2011-06-24 12:03:00.000000134,6.7572556
2011-06-24 12:03:00.00000021,13.545303
2011-06-24 12:03:00.00000039,11.666869
2011-06-24 12:03:00.00000083,13.817635
2011-06-24 12:03:00.00000029,6.0767813
2011-06-24 12:03:00.00000037,8.126634
2011-06-24 12:03:00.0000004,12.796574
2011-06-24 12:03:00.000000117,31.708712
2011-06-24 12:03:00.000000147,4.7201395
2011-06-24 12:03:00.00000043,7.197152
2011-06-24 12:03:00.000000172,10.752262
2011-06-24 12:03:00.00000011,7.568791
2011-06-24 12:03:00.00000036,4.431138
2011-06-24 12:03:00.00000015,5.4411917
2011-06-24 12:03:00.00000065,7.4797378
2011-06-24 12:03:00.000000169,33.22529
2011-06-24 12:03:00.000000164,13.184391
2011-06-24 12:03:00.000000163,5.719848
2011-06-24 12:03:00.00000096,7.9473286
2011-06-24 12:03:00.00000030,12.50387
2014-06-15 07:06:00.00000018,7.810771
2014-06-15 07:06:00.00000034,20.607466
2014-06-15 07:06:00.00000022,55.110386
2014-06-15 07:06:00.00000012,5.892346
2014-06-15 07:06:00.0000005,9.712991
2014-06-15 07:06:00.00000023,5.4113426
2014-06-15 07:06:00.0000001,10.508061
2009-09-14 02:19:00.0000005,5.1402755
2009-09-14 02:19:00.00000032,5.0949345
2009-09-14 02:19:00.00000015,4.9792333
2009-09-14 02:19:00.00000029,6.2963657
2009-09-14 02:19:00.00000012,5.9412184
2009-09-14 02:19:00.00000019,12.189352
2011-06-01 07:37:00.000000193,4.994029
2011-06-01 07:37:00.000000135,4.426869
2011-06-01 07:37:00.000000124,8.491133
2011-06-01 07:37:00.00000071,7.4481153
2011-06-01 07:37:00.000000191,15.843025
2011-06-01 07:37:00.00000073,5.242626
2011-06-01 07:37:00.000000134,10.561604
2011-06-01 07:37:00.000000195,9.775928
2011-06-01 07:37:00.000000130,8.482834
2011-06-01 07:37:00.00000039,8.213474
2011-06-01 07:37:00.000000188,12.475673
2011-06-01 07:37:00.00000030,7.9650254
2011-06-01 07:37:00.00000040,11.516029
2011-06-01 07:37:00.00000011,9.110936
2011-06-01 07:37:00.00000093,6.797854
2011-06-01 07:37:00.000000121,48.651794
2011-06-01 07:37:00.000000224,6.1270614
2011-06-01 07:37:00.000000153,8.53356
2011-06-01 07:37:00.00000033,4.667448
2011-06-01 07:37:00.000000213,8.641584
2011-06-01 07:37:00.00000076,5.5104322
2011-06-01 07:37:00.00000018,6.494969
2011-06-01 07:37:00.00000021,10.482945
2011-06-01 07:37:00.000000126,11.74959
2011-06-01 07:37:00.000000202,5.8210063
2011-06-01 07:37:00.00000035,8.270658
2011-06-01 07:37:00.000000216,10.460678
2011-06-01 07:37:00.00000067,7.6011024
2011-06-01 07:37:00.00000013,9.236523
2011-06-01 07:37:00.00000024,8.263902
2011-06-01 07:37:00.000000148,4.2435765
2011-06-01 07:37:00.000000200,5.2216063
2011-06-01 07:37:00.00000042,9.328302
2011-06-01 07:37:00.00000066,10.73585
2011-06-01 07:37:00.00000056,11.138245
2011-06-01 07:37:00.00000063,14.293478
2011-06-01 07:37:00.0000009,7.8886867
2011-06-01 07:37:00.000000187,6.296181
2011-06-01 07:37:00.000000225,6.107917
2010-08-27 18:45:00.0000009,37.043438
2010-08-27 18:45:00.000000120,7.034014
2010-08-27 18:45:00.00000019,8.051036
2010-08-27 18:45:00.0000001,7.8616757
2010-08-27 18:45:00.00000080,5.058595
2010-08-27 18:45:00.00000082,5.9784236
2010-08-27 18:45:00.000000180,10.434742
2010-08-27 18:45:00.00000058,15.699565
2010-08-27 18:45:00.000000178,27.5642
2010-08-27 18:45:00.000000117,7.6438065
2010-08-27 18:45:00.00000079,10.8412895
2010-08-27 18:45:00.000000200,5.2407365
2010-08-27 18:45:00.000000108,6.6566586
2010-08-27 18:45:00.00000098,7.3865266
2010-08-27 18:45:00.00000059,48.26332
2010-08-27 18:45:00.000000138,17.192152
2010-08-27 18:45:00.000000232,8.126836
2010-08-27 18:45:00.00000032,25.310797
2010-08-27 18:45:00.00000047,7.998143
2010-08-27 18:45:00.000000100,9.839977
2010-08-27 18:45:00.000000154,7.395983
2010-08-27 18:45:00.000000211,7.6298122
2010-08-27 18:45:00.000000114,7.264956
2010-08-27 18:45:00.00000042,5.6694794
2010-08-27 18:45:00.000000104,18.482038
2010-08-27 18:45:00.000000162,9.0292425
2010-08-27 18:45:00.00000095,5.1702332
2010-08-27 18:45:00.000000150,8.813182
2010-08-27 18:45:00.00000052,15.289794
2010-08-27 18:45:00.000000225,5.8553066
2010-08-27 18:45:00.00000064,8.249538
2010-08-27 18:45:00.000000215,8.036003
2010-08-27 18:45:00.000000206,5.852215
2010-08-27 18:45:00.000000122,6.6497455
2010-08-27 18:45:00.000000221,10.280504
2010-08-27 18:45:00.00000027,5.9982586
2010-08-27 18:45:00.000000115,6.24186
2010-08-27 18:45:00.000000218,7.7654924
2010-08-27 18:45:00.000000212,12.703991
2010-08-27 18:45:00.000000229,7.4169736
2010-08-27 18:45:00.000000213,10.25073
2010-08-27 18:45:00.00000099,39.04756
2010-08-27 18:45:00.000000176,15.009577
2010-08-27 18:45:00.000000132,18.018532
2010-08-27 18:45:00.0000007,7.5121927
2010-08-27 18:45:00.000000151,31.719915
2010-08-27 18:45:00.000000137,13.7609005
2010-08-27 18:45:00.00000021,31.841898
2010-08-27 18:45:00.000000185,5.501147
2010-08-27 18:45:00.00000041,7.754776
2010-08-14 02:13:00.000000129,8.3583555
2010-08-14 02:13:00.0000006,12.174584
2010-08-14 02:13:00.00000045,8.97932
2010-08-14 02:13:00.000000117,14.034814
2010-08-14 02:13:00.00000079,13.608515
2010-08-14 02:13:00.000000112,6.1125846
2010-08-14 02:13:00.00000088,20.205606
2010-08-14 02:13:00.0000005,7.484496
2010-08-14 02:13:00.00000016,9.604902
2010-08-14 02:13:00.0000002,7.2085414
2010-08-14 02:13:00.00000071,25.293238
2010-08-14 02:13:00.00000019,7.577346
2010-08-14 02:13:00.000000113,4.8709974
2010-08-14 02:13:00.000000151,6.357663
2010-08-14 02:13:00.000000104,11.513131
2010-08-14 02:13:00.00000095,16.23907
2010-08-14 02:13:00.00000053,6.856059
2010-08-14 02:13:00.00000046,7.6127048
2010-08-14 02:13:00.00000011,16.075064
2010-08-14 02:13:00.000000124,19.35425
2010-08-14 02:13:00.000000153,18.819555
2010-08-14 02:13:00.00000081,36.43487
2010-08-14 02:13:00.00000062,9.609061
2010-08-14 02:13:00.000000103,14.698753
2010-08-14 02:13:00.000000144,6.7274284
2010-08-14 02:13:00.00000082,7.477349
2010-08-14 02:13:00.00000093,5.0437837
2010-08-14 02:13:00.00000058,6.574005
2010-08-14 02:13:00.000000107,6.089778
2010-08-14 02:13:00.000000157,7.052801
2010-08-14 02:13:00.00000013,4.860205
2010-08-14 02:13:00.000000138,4.9743657
2010-08-14 02:13:00.000000119,12.248202
2010-08-14 02:13:00.00000065,4.481924
2010-08-14 02:13:00.00000039,5.309178
2010-08-14 02:13:00.000000118,6.075313
2010-08-14 02:13:00.00000048,13.925259
2010-08-14 02:13:00.00000067,12.331116
2010-08-14 02:13:00.00000096,19.256346
2010-08-14 02:13:00.00000091,13.723893
2010-08-14 02:13:00.000000114,5.694465
2010-08-14 02:13:00.00000023,38.778694
2010-08-14 02:13:00.000000106,6.194277
2014-03-25 23:47:00.000000102,6.9752374
2014-03-25 23:47:00.00000026,20.808924
2014-03-25 23:47:00.00000042,15.172861
2014-03-25 23:47:00.00000051,4.876224
2014-03-25 23:47:00.00000052,6.8323317
2014-03-25 23:47:00.00000031,12.998814
2014-03-25 23:47:00.00000096,10.759367
2014-03-25 23:47:00.000000134,5.2599425
2014-03-25 23:47:00.00000019,16.713657
2014-03-25 23:47:00.00000020,8.527381
2014-03-25 23:47:00.000000115,29.865847
2014-03-25 23:47:00.00000035,4.3727355
2014-03-25 23:47:00.000000132,20.046507
2014-03-25 23:47:00.00000085,36.405952
2014-03-25 23:47:00.00000064,56.811005
2014-03-25 23:47:00.00000011,7.4456306
2014-03-25 23:47:00.000000124,8.774553
2014-03-25 23:47:00.000000112,7.538661
2014-03-25 23:47:00.000000127,21.131512
2014-03-25 23:47:00.00000028,17.219007
2014-03-25 23:47:00.00000055,7.609488
2014-03-25 23:47:00.00000036,7.7693987
2014-03-25 23:47:00.000000135,35.013588
2014-03-25 23:47:00.000000108,10.833172
2014-03-25 23:47:00.00000012,18.124327
2010-09-29 16:43:00.000000162,8.421631
2010-09-29 16:43:00.00000078,10.090897
2010-09-29 16:43:00.00000015,9.579893
2010-09-29 16:43:00.0000001,14.154753
2010-09-29 16:43:00.000000119,8.718879
2010-09-29 16:43:00.000000140,9.747231
2010-09-29 16:43:00.00000041,8.261134
2010-09-29 16:43:00.000000135,12.887746
2010-09-29 16:43:00.000000117,7.392316
2010-09-29 16:43:00.00000059,13.99658
2010-09-29 16:43:00.00000014,7.822708
2010-09-29 16:43:00.00000012,12.192837
2010-09-29 16:43:00.000000170,6.476203
2010-09-29 16:43:00.00000013,9.830335
2010-09-29 16:43:00.000000145,8.536165
2010-09-29 16:43:00.000000174,14.329198
2010-09-29 16:43:00.000000164,7.879716
2010-09-29 16:43:00.00000037,13.613316
2010-09-29 16:43:00.000000159,5.240513
2010-09-29 16:43:00.000000113,12.575332
2010-09-29 16:43:00.00000094,5.055158
2010-09-29 16:43:00.00000011,6.270067
2010-09-29 16:43:00.000000168,5.442867
2010-09-29 16:43:00.000000114,45.458405
2010-09-29 16:43:00.00000019,6.0622573
2010-09-29 16:43:00.00000022,8.718683
2010-09-29 16:43:00.00000040,7.561666
2010-09-29 16:43:00.00000016,8.072258
2010-09-29 16:43:00.000000144,7.8422813
2010-09-29 16:43:00.00000044,9.596982
2010-09-29 16:43:00.00000062,9.859369
2010-09-29 16:43:00.00000074,30.205338
2010-09-29 16:43:00.00000064,15.846172
2010-09-29 16:43:00.000000110,12.9971075
2010-09-29 16:43:00.000000122,7.7831163
2010-09-29 16:43:00.000000142,4.6918826
2010-09-29 16:43:00.00000080,5.5694075
2014-10-27 14:58:00.000000149,57.21039
2014-10-27 14:58:00.000000125,13.545992
2014-10-27 14:58:00.000000130,9.251205
2014-10-27 14:58:00.000000146,6.5077558
2014-10-27 14:58:00.00000040,7.791875
2014-10-27 14:58:00.000000136,6.6144567
2014-10-27 14:58:00.000000123,12.427386
2014-10-27 14:58:00.000000115,7.5818267
2014-10-27 14:58:00.00000046,5.788423
2014-10-27 14:58:00.0000009,56.611015
2014-10-27 14:58:00.00000059,53.07878
2014-10-27 14:58:00.000000111,7.618312
2014-10-27 14:58:00.00000054,57.217216
2014-10-27 14:58:00.00000024,8.541513
2014-10-27 14:58:00.00000065,11.844103
2014-10-27 14:58:00.00000087,13.592144
2014-10-27 14:58:00.00000099,7.4132433
2014-10-27 14:58:00.000000144,5.6473713
2014-10-27 14:58:00.00000081,4.997477
2014-10-27 14:58:00.00000056,10.035932
2012-11-03 17:11:00.000000115,7.272799
2012-11-03 17:11:00.00000079,10.349462
2012-11-03 17:11:00.00000081,9.271662
2012-11-03 17:11:00.00000085,16.118498
2012-11-03 17:11:00.000000128,5.1109405
2012-11-03 17:11:00.000000160,9.256465
2012-11-03 17:11:00.000000118,7.3373756
2012-11-03 17:11:00.00000076,9.152236
2012-11-03 17:11:00.000000114,8.072314
2012-11-03 17:11:00.00000091,7.1294913
2012-11-03 17:11:00.00000060,10.6976
2012-11-03 17:11:00.000000155,10.609327
2012-11-03 17:11:00.000000117,11.753226
2012-11-03 17:11:00.000000105,5.4851155
2012-11-03 17:11:00.0000007,22.702518
2012-11-03 17:11:00.00000055,7.4085383
2012-11-03 17:11:00.000000103,6.8798056
2012-11-03 17:11:00.00000053,8.84059
2011-03-11 01:44:00.00000064,9.861979
2011-03-11 01:44:00.00000016,4.9993577
2011-03-11 01:44:00.00000072,12.024317
2011-03-11 01:44:00.00000057,4.81066
2011-03-11 01:44:00.00000040,5.6069374
2011-03-11 01:44:00.00000021,18.693565
2011-03-11 01:44:00.00000046,9.310097
2011-03-11 01:44:00.00000034,6.967021
2011-03-11 01:44:00.00000083,49.908077
2011-03-11 01:44:00.00000032,8.5868635
2011-03-11 01:44:00.00000075,7.0376945
2011-03-11 01:44:00.00000085,8.12795
2011-03-11 01:44:00.00000044,6.268099
2011-03-11 01:44:00.0000005,8.880265
2011-03-11 01:44:00.00000074,13.955104
2011-03-11 01:44:00.00000041,9.123847
2011-03-11 01:44:00.00000042,8.805726
2011-03-11 01:44:00.00000035,11.296337
2011-03-11 01:44:00.00000052,4.3105173
2011-10-04 09:37:00.000000194,6.5120373
2011-10-04 09:37:00.000000183,7.623775
2011-10-04 09:37:00.000000157,31.164133
2011-10-04 09:37:00.000000176,6.7590976
2011-10-04 09:37:00.000000170,9.39445
2011-10-04 09:37:00.00000036,8.90152
2011-10-04 09:37:00.00000017,4.7631464
2011-10-04 09:37:00.000000114,17.070477
2011-10-04 09:37:00.000000184,12.47515
2011-10-04 09:37:00.00000047,6.6486835
2011-10-04 09:37:00.00000055,7.5067573
2011-10-04 09:37:00.00000031,7.3772426
2011-10-04 09:37:00.00000049,48.243153
2011-10-04 09:37:00.0000005,4.7701154
2011-10-04 09:37:00.00000067,4.7648273
2011-10-04 09:37:00.000000134,11.674897
2011-10-04 09:37:00.00000025,6.474888
2011-10-04 09:37:00.000000185,7.1808324
2011-10-04 09:37:00.000000180,7.7959757
2011-10-04 09:37:00.00000088,9.938722
2011-10-04 09:37:00.000000108,9.475725
2011-10-04 09:37:00.000000107,10.654776
2011-10-04 09:37:00.00000062,19.937399
2011-10-04 09:37:00.00000045,4.9310966
2011-10-04 09:37:00.00000028,10.717474
2011-10-04 09:37:00.00000057,6.604717
2011-10-04 09:37:00.00000013,9.4734125
2011-10-04 09:37:00.00000056,12.1792345
2011-10-04 09:37:00.000000106,6.409729
2011-10-04 09:37:00.000000136,8.266744
2014-12-24 03:00:00.0000005,20.25684
2014-12-24 03:00:00.00000017,20.234316
2014-12-24 03:00:00.00000036,18.18335
2014-12-24 03:00:00.00000033,4.771635
2014-12-24 03:00:00.00000026,19.391218
2014-12-24 03:00:00.00000031,19.392038
2014-12-24 03:00:00.00000015,10.33135
2015-02-12 05:37:56.0000001,4.77515
2014-04-27 02:57:00.000000124,14.203526
2014-04-27 02:57:00.00000017,17.884474
2014-04-27 02:57:00.000000151,5.8439727
2014-04-27 02:57:00.000000168,4.776612
2014-04-27 02:57:00.00000039,5.110602
2014-04-27 02:57:00.00000097,14.354755
2014-04-27 02:57:00.00000033,5.0823245
2014-04-27 02:57:00.000000129,9.630352
2014-04-27 02:57:00.000000141,7.6051626
2014-04-27 02:57:00.00000074,13.694665
2014-04-27 02:57:00.00000047,18.41881
2014-04-27 02:57:00.00000076,11.320782
2014-04-27 02:57:00.000000142,6.5115933
2014-04-27 02:57:00.000000143,17.27826
2014-04-27 02:57:00.00000090,22.035225
2014-04-27 02:57:00.000000106,18.84828
2014-04-27 02:57:00.000000167,16.326359
2014-04-27 02:57:00.000000145,11.951718
2011-12-13 22:00:00.00000085,11.8570595
2011-12-13 22:00:00.000000264,7.4542403
2011-12-13 22:00:00.000000138,10.518023
2011-12-13 22:00:00.000000135,6.430516
2011-12-13 22:00:00.000000197,5.235581
2011-12-13 22:00:00.000000143,11.484442
2011-12-13 22:00:00.000000134,4.818704
2011-12-13 22:00:00.00000033,10.489836
2011-12-13 22:00:00.00000058,6.705774
2011-12-13 22:00:00.000000205,8.016427
2011-12-13 22:00:00.000000173,9.631364
2011-12-13 22:00:00.000000248,6.258674
2011-12-13 22:00:00.00000074,6.250457
2011-12-13 22:00:00.00000098,4.3523126
2011-12-13 22:00:00.00000095,10.278046
2011-12-13 22:00:00.000000229,18.960651
2011-12-13 22:00:00.000000186,11.119463
2011-12-13 22:00:00.0000005,27.1206
2011-12-13 22:00:00.000000246,16.071373
2011-12-13 22:00:00.000000180,6.8312364
2011-12-13 22:00:00.00000044,8.843445
2011-12-13 22:00:00.000000110,7.416445
2011-12-13 22:00:00.000000231,6.257229
2011-12-13 22:00:00.000000144,10.132043
2011-12-13 22:00:00.00000070,29.513414
2011-12-13 22:00:00.000000116,7.0377455
2011-12-13 22:00:00.000000156,5.6778235
2011-12-13 22:00:00.000000148,8.389782
2011-12-13 22:00:00.00000072,8.665952
2011-12-13 22:00:00.00000028,11.08417
2011-12-13 22:00:00.00000066,10.096446
2011-12-13 22:00:00.000000121,11.784825
2011-12-13 22:00:00.00000094,42.4043
2011-12-13 22:00:00.000000266,9.29243
2015-04-11 14:16:12.0000004,11.370366
2015-05-10 19:54:00.0000002,12.8179865
2014-07-21 18:19:00.00000054,9.781869
2014-07-21 18:19:00.000000230,7.4612713
2014-07-21 18:19:00.000000187,17.29863
2014-07-21 18:19:00.000000100,10.905402
2014-07-21 18:19:00.00000071,12.311142
2014-07-21 18:19:00.000000172,10.865027
2014-07-21 18:19:00.00000025,10.360579
2014-07-21 18:19:00.000000191,11.709653
2014-07-21 18:19:00.00000034,10.880513
2014-07-21 18:19:00.000000176,5.692329
2014-07-21 18:19:00.00000037,7.524989
2014-07-21 18:19:00.000000160,6.940261
2014-07-21 18:19:00.00000077,9.8432
2014-07-21 18:19:00.00000013,12.134182
2014-07-21 18:19:00.000000184,7.5340347
2014-07-21 18:19:00.000000232,7.5665336
2014-07-21 18:19:00.000000116,8.87538
2014-07-21 18:19:00.00000048,8.515239
2014-07-21 18:19:00.00000067,11.002574
2014-07-21 18:19:00.00000099,5.776534
2014-07-21 18:19:00.000000223,7.245306
2014-07-21 18:19:00.000000162,15.446785
2014-07-21 18:19:00.00000068,11.354111
2014-07-21 18:19:00.000000144,9.48501
2014-07-21 18:19:00.00000035,27.609789
2014-07-21 18:19:00.00000029,7.022471
2014-07-21 18:19:00.00000032,5.700719
2014-07-21 18:19:00.00000082,6.4965153
2014-07-21 18:19:00.000000132,6.03341
2014-07-21 18:19:00.000000152,6.7663193
2014-07-21 18:19:00.00000039,6.387764
2014-07-21 18:19:00.000000241,5.21896
2014-07-21 18:19:00.00000088,7.4716616
2010-09-20 16:48:00.000000159,28.677725
2010-09-20 16:48:00.0000006,10.04611
2010-09-20 16:48:00.000000166,8.000373
2010-09-20 16:48:00.000000110,7.9999437
2010-09-20 16:48:00.000000139,24.627493
2010-09-20 16:48:00.00000015,9.749713
2010-09-20 16:48:00.00000068,13.30987
2010-09-20 16:48:00.000000158,45.26017
2010-09-20 16:48:00.00000035,16.643461
2010-09-20 16:48:00.000000148,5.557569
2010-09-20 16:48:00.00000023,14.389492
2010-09-20 16:48:00.00000027,9.354652
2010-09-20 16:48:00.00000092,20.765553
2010-09-20 16:48:00.000000151,27.830822
2010-09-20 16:48:00.00000071,9.316724
2010-09-20 16:48:00.000000132,8.118166
2010-09-20 16:48:00.00000099,15.796063
2010-09-20 16:48:00.0000001,5.3168616
2010-09-20 16:48:00.0000005,18.058851
2011-03-06 21:01:00.00000037,4.6683183
2011-03-06 21:01:00.00000028,14.181806
2011-03-06 21:01:00.00000025,6.893336
2011-03-06 21:01:00.000000139,5.557943
2011-03-06 21:01:00.00000083,8.108239
2011-03-06 21:01:00.000000173,20.736647
2011-03-06 21:01:00.00000051,18.979565
2011-03-06 21:01:00.000000116,12.913807
2011-03-06 21:01:00.00000057,5.6143265
2011-03-06 21:01:00.000000168,7.2333016
2011-03-06 21:01:00.000000138,15.684988
2011-03-06 21:01:00.00000043,8.901917
2011-03-06 21:01:00.000000127,4.298417
2011-03-06 21:01:00.00000096,14.98219
2011-03-06 21:01:00.00000074,5.1611414
2011-03-06 21:01:00.000000113,7.376902
2011-03-06 21:01:00.000000120,23.8889
2011-03-06 21:01:00.00000018,10.933142
2011-03-06 21:01:00.00000071,6.365278
2011-03-06 21:01:00.000000137,5.2204175
2011-03-06 21:01:00.00000011,15.933082
2011-03-06 21:01:00.000000146,5.88275
2011-03-06 21:01:00.000000149,4.5339756
2011-03-06 21:01:00.00000056,4.158711
2011-03-06 21:01:00.00000052,11.883485
2011-03-06 21:01:00.000000109,4.708858
2012-01-26 07:33:00.000000167,7.1775537
2012-01-26 07:33:00.000000114,15.167942
2012-01-26 07:33:00.00000031,9.125243
2012-01-26 07:33:00.000000133,20.42482
2012-01-26 07:33:00.000000180,5.4859457
2012-01-26 07:33:00.000000120,9.699109
2012-01-26 07:33:00.000000168,8.182956
2012-01-26 07:33:00.000000122,6.254697
2012-01-26 07:33:00.000000166,10.621355
2012-01-26 07:33:00.000000186,6.5354285
2012-01-26 07:33:00.00000068,7.994921
2012-01-26 07:33:00.00000085,21.472385
2012-01-26 07:33:00.000000103,4.6201577
2012-01-26 07:33:00.00000081,22.26022
2012-01-26 07:33:00.00000099,10.624718
2012-01-26 07:33:00.00000051,8.898468
2012-01-26 07:33:00.000000160,4.2358503
2012-01-26 07:33:00.00000091,5.786422
2012-01-26 07:33:00.00000089,8.729062
2012-01-26 07:33:00.000000189,7.0525117
2010-12-09 07:29:00.0000003,7.9073954
2010-12-09 07:29:00.00000078,8.332593
2010-12-09 07:29:00.000000127,7.082111
2010-12-09 07:29:00.00000050,7.2579784
2010-12-09 07:29:00.000000135,5.5355077
2010-12-09 07:29:00.000000196,11.351055
2010-12-09 07:29:00.000000183,8.052779
2010-12-09 07:29:00.000000152,9.550616
2010-12-09 07:29:00.00000098,30.519445
2010-12-09 07:29:00.00000090,9.171884
2010-12-09 07:29:00.00000025,12.000095
2010-12-09 07:29:00.000000150,7.305793
2010-12-09 07:29:00.00000041,4.9771075
2010-12-09 07:29:00.000000143,8.175473
2010-12-09 07:29:00.000000148,5.6998577
2010-12-09 07:29:00.000000151,6.4121656
2010-12-09 07:29:00.0000007,5.0242076
2010-12-09 07:29:00.00000069,9.53695
2010-12-09 07:29:00.00000036,5.8590183
2010-12-09 07:29:00.00000046,16.13522
2010-12-09 07:29:00.000000195,6.290597
2010-12-09 07:29:00.000000115,17.544521
2010-12-09 07:29:00.000000134,6.1515613
2010-12-09 07:29:00.00000067,8.919227
2010-12-09 07:29:00.000000112,6.637854
2010-12-09 07:29:00.00000015,7.8152223
2010-12-09 07:29:00.00000031,8.643702
2010-12-09 07:29:00.000000193,7.6912265
2010-12-09 07:29:00.00000012,9.220937
2010-12-09 07:29:00.0000005,46.90188
2010-12-09 07:29:00.00000038,9.361064
2010-12-09 07:29:00.00000097,5.3817706
2010-12-09 07:29:00.000000102,4.881929
2010-12-09 07:29:00.00000089,7.3893876
2010-12-09 07:29:00.00000068,7.5677047
2010-12-09 07:29:00.00000071,9.822453
2010-12-09 07:29:00.000000186,7.552705
2012-05-08 03:50:00.0000009,18.817179
2012-05-08 03:50:00.0000001,5.661249
2012-05-08 03:50:00.00000012,14.550413
2012-05-08 03:50:00.0000006,17.849434
2015-03-12 19:43:24.0000005,5.2661047
2015-02-01 00:48:44.0000001,31.451143
2015-02-21 18:39:16.0000005,6.4385476
2011-01-24 20:47:04.0000001,9.122555
2010-12-25 13:54:12.0000001,14.4204445
2015-04-07 14:31:12.0000001,8.031711
2012-11-20 21:54:00.00000086,16.608414
2012-11-20 21:54:00.000000150,7.6738095
2012-11-20 21:54:00.000000184,6.625991
2012-11-20 21:54:00.00000080,30.61892
2012-11-20 21:54:00.00000021,6.443991
2012-11-20 21:54:00.00000019,8.210598
2012-11-20 21:54:00.00000087,5.0948677
2012-11-20 21:54:00.00000077,13.214558
2012-11-20 21:54:00.000000216,8.550625
2012-11-20 21:54:00.00000010,6.8502183
2012-11-20 21:54:00.000000104,7.7731023
2012-11-20 21:54:00.00000048,6.533949
2012-11-20 21:54:00.000000221,19.1437
2012-11-20 21:54:00.00000030,10.516709
2012-11-20 21:54:00.00000085,5.7695875
2012-11-20 21:54:00.000000133,6.7160234
2012-11-20 21:54:00.000000144,8.657907
2012-11-20 21:54:00.00000047,6.351734
2012-11-20 21:54:00.000000229,6.046806
2012-11-20 21:54:00.00000015,6.799833
2012-11-20 21:54:00.000000101,7.6154375
2012-11-20 21:54:00.000000238,7.2127748
2012-11-20 21:54:00.00000097,20.040266
2012-11-20 21:54:00.00000049,6.397955
2012-11-20 21:54:00.000000209,16.384216
2012-11-20 21:54:00.00000012,9.048985
2012-11-20 21:54:00.000000132,9.631287
2012-11-20 21:54:00.000000197,6.2025533
2012-11-20 21:54:00.000000211,13.851075
2012-11-20 21:54:00.00000083,7.5312147
2012-11-20 21:54:00.000000127,7.874857
2012-11-20 21:54:00.000000223,38.864716
2012-11-20 21:54:00.000000130,12.995946
2012-11-20 21:54:00.000000149,10.254151
2012-11-20 21:54:00.000000196,11.088832
2012-11-20 21:54:00.00000056,6.204334
2012-11-20 21:54:00.00000026,12.176293
2012-11-20 21:54:00.00000055,8.318103
2012-11-20 21:54:00.000000135,30.310259
2014-06-23 00:16:00.00000023,12.457916
2014-06-23 00:16:00.00000014,8.414449
2014-06-23 00:16:00.00000080,7.946382
2014-06-23 00:16:00.0000003,12.048414
2014-06-23 00:16:00.00000029,14.87614
2014-06-23 00:16:00.00000055,29.258015
2014-06-23 00:16:00.00000050,12.912233
2014-06-23 00:16:00.0000002,16.599459
2014-06-23 00:16:00.00000072,6.337047
2014-06-23 00:16:00.00000020,11.209386
2013-09-25 22:00:00.00000052,9.721714
2013-09-25 22:00:00.000000129,6.9660344
2013-09-25 22:00:00.000000226,50.504734
2013-09-25 22:00:00.00000029,12.917508
2013-09-25 22:00:00.000000141,6.861616
2013-09-25 22:00:00.000000206,14.012565
2013-09-25 22:00:00.00000051,7.8799376
2013-09-25 22:00:00.000000238,9.488234
2013-09-25 22:00:00.000000251,12.372859
2013-09-25 22:00:00.00000031,6.578366
2013-09-25 22:00:00.000000124,9.274051
2013-09-25 22:00:00.000000102,8.248347
2013-09-25 22:00:00.000000198,21.081907
2013-09-25 22:00:00.000000208,5.114578
2013-09-25 22:00:00.00000087,14.105743
2013-09-25 22:00:00.000000116,5.5597563
2013-09-25 22:00:00.00000034,13.183675
2013-09-25 22:00:00.000000104,10.674267
2013-09-25 22:00:00.00000088,7.8755817
2013-09-25 22:00:00.000000218,31.787725
2013-09-25 22:00:00.00000065,16.274239
2013-09-25 22:00:00.000000115,12.063488
2013-09-25 22:00:00.00000042,10.944663
2013-09-25 22:00:00.000000234,6.9687724
2013-09-25 22:00:00.000000247,5.1196184
2013-09-25 22:00:00.000000147,13.473401
2013-09-25 22:00:00.000000248,8.069883
2013-09-25 22:00:00.000000162,15.195666
2013-09-25 22:00:00.000000130,11.575255
2013-09-25 22:00:00.000000174,5.6035767
2015-03-04 21:42:57.0000006,6.100471
2015-04-25 01:06:17.0000005,16.961084
2015-02-19 11:39:21.0000001,23.762613
2015-01-29 13:15:50.0000001,5.6517453
2015-05-07 15:33:26.0000005,6.077344
2015-02-09 07:16:26.0000005,16.868763
2015-04-16 18:45:22.0000004,17.815722
2015-05-31 20:48:54.0000006,41.41255
2015-05-31 20:48:54.0000003,5.4593434
2015-06-18 20:56:55.0000001,20.986141
2015-02-14 13:15:19.0000005,5.4550786
2015-05-10 12:37:51.0000007,7.739365
2015-05-10 12:37:51.0000005,12.06196
2015-05-20 00:59:15.0000002,13.646537
2015-05-29 18:59:35.0000003,11.434575
2015-02-25 18:00:51.0000008,8.529093
2015-02-08 08:44:03.0000002,6.4167986
2015-05-12 08:31:07.0000003,8.924329
2015-03-16 21:12:19.0000007,9.315883
2014-06-14 13:39:00.000000117,6.167564
2014-06-14 13:39:00.000000187,7.614478
2014-06-14 13:39:00.00000099,7.25858
2014-06-14 13:39:00.000000112,22.194351
2014-06-14 13:39:00.00000039,12.558187
2014-06-14 13:39:00.00000078,56.575302
2014-06-14 13:39:00.00000084,7.1225986
2014-06-14 13:39:00.000000166,7.1914325
2014-06-14 13:39:00.00000089,5.3133855
2014-06-14 13:39:00.00000047,9.498703
2014-06-14 13:39:00.0000001,18.999365
2015-01-31 20:54:04.0000002,10.736289
2011-10-02 23:36:00.0000002,7.2205334
2011-10-02 23:36:00.00000051,10.353607
2011-06-24 12:03:00.000000182,7.134938
2011-06-24 12:03:00.000000103,8.044024
2011-06-24 12:03:00.0000003,6.338202
2011-06-01 07:37:00.00000050,6.811569
2010-08-27 18:45:00.000000216,5.243617
2010-08-14 02:13:00.000000135,8.372669
2014-03-25 23:47:00.00000022,6.121273
2014-03-25 23:47:00.000000128,18.023375
2014-03-25 23:47:00.000000105,7.3204794
2014-03-25 23:47:00.00000091,5.1193767
2014-03-25 23:47:00.00000054,8.495884
2014-03-25 23:47:00.000000129,7.8181453
2014-03-25 23:47:00.00000063,36.516537
2014-03-25 23:47:00.00000060,5.729199
2014-03-25 23:47:00.00000075,19.458794
2010-09-29 16:43:00.00000083,6.8609133
2014-10-27 14:58:00.000000145,41.62362
2014-10-27 14:58:00.0000007,13.448969
2014-10-27 14:58:00.00000031,11.781942
2014-10-27 14:58:00.000000128,22.621054
2014-10-27 14:58:00.00000097,4.8361235
2014-10-27 14:58:00.00000078,34.322266
2014-10-27 14:58:00.000000135,8.759725
2012-11-03 17:11:00.00000044,6.862487
2012-11-03 17:11:00.00000050,12.07297
2012-11-03 17:11:00.00000024,8.140443
2012-11-03 17:11:00.00000072,12.17041
2012-11-03 17:11:00.000000159,8.934093
2012-11-03 17:11:00.000000126,5.806174
2012-11-03 17:11:00.00000090,10.274427
2011-03-11 01:44:00.00000062,28.353989
2015-02-22 09:48:32.0000004,21.725283
2011-10-04 09:37:00.000000102,9.587242
2011-10-04 09:37:00.00000023,8.667726
2014-12-24 03:00:00.0000003,5.2287655
2014-12-24 03:00:00.00000014,5.1557484
2014-12-24 03:00:00.0000002,12.612632
2014-12-24 03:00:00.00000027,15.409191
2015-04-11 20:31:32.0000004,6.862449
2014-04-27 02:57:00.000000123,7.651758
2014-04-27 02:57:00.00000078,4.7476735
2014-04-27 02:57:00.00000075,11.387228
2014-04-27 02:57:00.000000178,5.326814
2014-04-27 02:57:00.0000004,9.596184
2014-04-27 02:57:00.000000166,12.230985
2014-04-27 02:57:00.00000091,13.698421
2014-04-27 02:57:00.000000173,8.674548
2014-04-27 02:57:00.00000066,22.723387
2014-04-27 02:57:00.000000183,5.6747236
2014-04-27 02:57:00.000000179,11.637333
2014-04-27 02:57:00.000000144,7.967782
2014-04-27 02:57:00.00000025,18.7762
2014-04-27 02:57:00.00000052,7.1350155
2014-04-27 02:57:00.00000094,5.6458178
2014-04-27 02:57:00.000000189,20.351006
2011-12-13 22:00:00.00000040,10.573713
2011-12-13 22:00:00.000000228,5.9971395
2011-12-13 22:00:00.000000130,27.747786
2011-12-13 22:00:00.000000141,6.207316
2011-12-13 22:00:00.000000149,6.3154674
2011-12-13 22:00:00.000000224,6.06647
2011-12-13 22:00:00.000000154,6.0228276
2011-12-13 22:00:00.000000131,8.111196
2011-12-13 22:00:00.0000002,6.2750893
2011-12-13 22:00:00.000000221,8.918594
2011-12-13 22:00:00.00000056,5.6833878
2011-12-13 22:00:00.000000195,6.8459888
2011-12-13 22:00:00.000000191,6.2884116
2011-12-13 22:00:00.00000059,5.534109
2015-02-26 15:55:48.0000001,21.461203
2014-07-21 18:19:00.000000197,6.975223
2014-07-21 18:19:00.000000153,5.4361215
2014-07-21 18:19:00.000000159,6.8770103
2014-07-21 18:19:00.000000212,39.338886
2014-07-21 18:19:00.00000091,6.7380385
2014-07-21 18:19:00.0000002,6.049374
2014-07-21 18:19:00.000000142,9.050992
2014-07-21 18:19:00.000000141,13.993579
2014-07-21 18:19:00.000000149,7.9687586
2014-07-21 18:19:00.00000065,9.531922
2014-07-21 18:19:00.00000033,6.6017804
2010-09-20 16:48:00.000000146,8.542726
2010-09-20 16:48:00.00000047,13.315645
2010-09-20 16:48:00.000000129,10.359091
2015-01-26 07:13:44.0000005,54.92942
2011-03-06 21:01:00.00000033,5.9920645
2012-01-26 07:33:00.00000090,5.4280586
2012-01-26 07:33:00.00000087,9.608041
2012-01-26 07:33:00.00000012,9.877922
2012-01-26 07:33:00.000000171,7.2569246
2012-01-26 07:33:00.00000065,31.356222
2012-01-26 07:33:00.00000088,8.143547
2012-01-26 07:33:00.000000119,20.589321
2015-03-20 23:34:40.0000004,31.46795
2010-12-09 07:29:00.0000001,8.923413
2012-05-08 03:50:00.00000013,5.4504824
2015-03-12 19:43:24.0000003,19.18754
2012-11-20 21:54:00.00000034,10.042293
2012-11-20 21:54:00.000000170,8.033425
2012-11-20 21:54:00.000000108,12.235483
2012-11-20 21:54:00.00000031,11.089358
2012-11-20 21:54:00.000000171,13.097023
2012-11-20 21:54:00.00000023,8.041503
2012-11-20 21:54:00.00000074,6.3241906
2012-11-20 21:54:00.000000122,11.453835
2012-11-20 21:54:00.0000006,7.1249146
2012-11-20 21:54:00.000000160,10.572049
2012-11-20 21:54:00.00000042,28.798428
2012-11-20 21:54:00.00000039,10.893876
2012-11-20 21:54:00.00000043,10.64909
2012-11-20 21:54:00.000000219,5.5759645
2012-11-20 21:54:00.00000020,6.31936
2012-11-20 21:54:00.000000222,6.585426
2012-11-20 21:54:00.0000005,7.549969
2012-11-20 21:54:00.000000154,9.328947
2014-06-23 00:16:00.00000060,17.669577
2014-06-23 00:16:00.0000008,8.722498
2014-06-23 00:16:00.00000035,23.955772
2014-06-23 00:16:00.00000052,11.89458
2014-06-23 00:16:00.00000053,7.56712
2013-09-25 22:00:00.00000056,22.669704
2013-09-25 22:00:00.00000083,6.159545
2013-09-25 22:00:00.000000128,6.002812
2013-09-25 22:00:00.00000037,16.210258
2013-09-25 22:00:00.00000013,5.781746
2013-09-25 22:00:00.000000168,7.51429
2013-09-25 22:00:00.000000181,6.5118213
2013-09-25 22:00:00.00000016,13.208599
2013-09-25 22:00:00.00000063,17.382778
2013-09-25 22:00:00.00000047,7.746737
2013-09-25 22:00:00.000000220,16.058775
2013-09-25 22:00:00.000000163,9.56113
2013-09-25 22:00:00.00000077,12.627405
2013-09-25 22:00:00.00000060,42.241535
2013-09-25 22:00:00.000000213,15.5368595
2013-09-25 22:00:00.000000150,18.464306
2013-09-25 22:00:00.00000010,7.238377
2013-09-25 22:00:00.000000146,8.322889
2013-09-25 22:00:00.00000041,10.11174
2013-09-25 22:00:00.000000109,10.517473
2013-09-25 22:00:00.000000210,16.559996
2013-09-25 22:00:00.000000151,9.557978
2013-09-25 22:00:00.000000190,13.799417
2013-09-25 22:00:00.000000153,10.958994
2013-09-25 22:00:00.000000241,26.37271
2013-09-25 22:00:00.000000127,10.164436
2015-02-20 11:08:29.0000001,18.001976
2015-01-12 15:36:37.0000002,4.763902
2015-06-07 00:38:14.0000002,18.890915
2015-04-12 21:56:22.0000005,8.049772
2015-04-10 11:56:54.0000004,8.139867
2015-06-25 01:01:46.0000002,12.613732
2015-05-29 10:02:42.0000001,11.5921335
2015-06-30 20:03:50.0000002,42.052986
2015-02-27 19:36:02.0000006,27.395432
2015-06-15 01:00:06.0000002,4.924923
2015-02-03 09:00:58.0000001,41.969482
2015-05-19 13:58:11.0000001,8.724075
2015-05-10 12:37:51.0000002,8.889234
2015-01-12 17:05:51.0000001,11.349341
2015-04-19 20:44:15.0000001,54.518284
2015-01-31 01:05:19.0000005,19.371681
2015-01-18 14:06:23.0000006,6.620957
