key,fare_amount
2015-01-27 13:08:24.0000002,10.081973051696536
2015-01-27 13:08:24.0000003,11.400097020737917
2011-10-08 11:53:44.0000002,5.356943804633374
2012-12-01 21:12:12.0000002,8.763521766063036
2012-12-01 21:12:12.0000003,14.609349565553998
2012-12-01 21:12:12.0000005,11.03113681763432
2011-10-06 12:10:20.0000001,5.833246632569853
2011-10-06 12:10:20.0000003,49.577988695602585
2011-10-06 12:10:20.0000002,11.941381798421162
2014-02-18 15:22:20.0000002,7.589390793031384
2014-02-18 15:22:20.0000003,9.74062986466356
2014-02-18 15:22:20.0000001,13.708285951633115
2010-03-29 20:20:32.0000002,5.292867007969448
2010-03-29 20:20:32.0000001,7.738576315979117
2011-10-06 03:59:12.0000002,9.065283232102388
2011-10-06 03:59:12.0000001,13.68501612084242
2012-07-15 16:45:04.0000006,6.083579761464193
2012-07-15 16:45:04.0000002,8.379395930462465
2012-07-15 16:45:04.0000003,5.796051099409283
2012-07-15 16:45:04.0000004,5.433792386862706
2014-10-29 02:09:56.0000001,12.093904643202336
2014-06-14 13:39:00.00000010,9.037430716566291
2014-06-14 13:39:00.00000060,8.554691834187679
2014-06-14 13:39:00.00000087,9.286099962651292
2014-06-14 13:39:00.00000050,16.622500516273135
2014-06-14 13:39:00.0000003,8.634281565534593
2014-06-14 13:39:00.000000158,38.85314668251522
2014-06-14 13:39:00.00000015,24.72670192627743
2014-06-14 13:39:00.00000073,7.580492306428141
2014-06-14 13:39:00.00000077,14.561467051050045
2014-06-14 13:39:00.000000145,12.105162109424668
2014-06-14 13:39:00.00000079,8.135199288607623
2014-06-14 13:39:00.000000121,7.274311485819567
2014-06-14 13:39:00.00000021,9.750137611822765
2014-06-14 13:39:00.0000005,8.973771373405839
2014-06-14 13:39:00.000000165,8.704305176260732
2014-06-14 13:39:00.000000184,7.748212955394706
2014-06-14 13:39:00.00000059,7.400891909196389
2014-06-14 13:39:00.00000070,8.25485716872538
2014-06-14 13:39:00.00000068,7.216292163340086
2014-06-14 13:39:00.000000133,19.319336755271138
2014-06-14 13:39:00.000000128,10.194870823693236
2014-06-14 13:39:00.000000136,17.049836605222595
2014-06-14 13:39:00.00000017,10.411000722625545
2014-06-14 13:39:00.000000111,6.848626318479887
2014-06-14 13:39:00.000000115,11.083398145295291
2014-06-14 13:39:00.000000168,7.701817405893507
2014-06-14 13:39:00.00000031,7.899142695949649
2014-06-14 13:39:00.000000116,7.624798112996928
2014-06-14 13:39:00.00000051,6.929677073789094
2014-06-14 13:39:00.000000193,11.959435480422599
2014-06-14 13:39:00.000000132,11.283796873768324
2014-06-14 13:39:00.000000167,19.17526886092685
2014-06-14 13:39:00.00000044,7.496599405994061
2014-06-14 13:39:00.000000138,8.12959630576836
2014-06-14 13:39:00.00000066,14.36052847444364
2014-06-14 13:39:00.00000063,13.898141777649016
2014-06-14 13:39:00.000000154,11.314045521460912
2014-06-14 13:39:00.00000097,13.269037691917788
2014-06-14 13:39:00.00000067,12.865044912238318
2014-06-14 13:39:00.000000179,11.715139056714179
2014-06-14 13:39:00.00000092,10.169465023876455
2014-06-14 13:39:00.00000029,7.103968513081895
2014-06-14 13:39:00.000000177,7.600441939090501
2014-06-14 13:39:00.000000192,8.35164021666344
2014-06-14 13:39:00.000000181,7.759676147281425
2014-06-14 13:39:00.000000120,10.639808699625291
2014-06-14 13:39:00.0000008,6.839671078625656
2014-06-14 13:39:00.000000103,6.946168216968772
2014-06-14 13:39:00.00000049,15.644889347709864
2014-06-14 13:39:00.000000108,7.810508030495271
2014-06-14 13:39:00.00000072,6.600762669490223
2014-06-14 13:39:00.000000182,12.466352029753352
2014-06-14 13:39:00.00000061,8.172974649795037
2014-06-14 13:39:00.00000093,10.345020137075949
2014-06-14 13:39:00.000000170,11.228455549528917
2014-06-14 13:39:00.000000147,46.88451999064034
2014-06-14 13:39:00.000000140,6.357565249014442
2014-06-14 13:39:00.000000159,6.198132413854182
2014-06-14 13:39:00.00000012,6.54617187127235
2014-06-14 13:39:00.00000025,8.055635776265262
2014-06-14 13:39:00.000000156,7.316463598505834
2014-06-14 13:39:00.000000152,8.395797276965823
2014-06-14 13:39:00.000000129,10.565920590715905
2014-06-14 13:39:00.000000119,17.110318521098634
2014-06-14 13:39:00.000000118,7.742185800875859
2014-06-14 13:39:00.00000076,6.693640340116758
2014-06-14 13:39:00.000000135,8.224570847454629
2014-06-14 13:39:00.00000023,15.33356467144597
2014-06-14 13:39:00.00000082,10.330207319163378
2014-06-14 13:39:00.000000125,10.088045927959229
2014-06-14 13:39:00.00000075,8.978692537155894
2014-06-14 13:39:00.000000124,8.858697430273764
2014-06-14 13:39:00.000000172,7.83928906892379
2014-06-14 13:39:00.00000024,13.308707329007689
2014-06-14 13:39:00.000000169,12.684517512680827
2014-06-14 13:39:00.00000052,11.428760047263495
2014-06-14 13:39:00.000000161,12.490333319677006
2014-06-14 13:39:00.00000038,7.768309408100777
2014-06-14 13:39:00.00000035,9.682011889149067
2014-06-14 13:39:00.00000053,10.944071716888743
2014-06-14 13:39:00.000000183,8.92445049434275
2014-06-14 13:39:00.000000131,49.581967191776585
2014-06-14 13:39:00.000000180,8.512688950605593
2014-06-14 13:39:00.000000130,6.123367213942174
2014-06-14 13:39:00.00000032,6.890640376095121
2014-06-14 13:39:00.000000148,10.14604922394301
2014-06-14 13:39:00.0000007,10.396990471998492
2014-06-14 13:39:00.00000095,11.259863980531918
2014-06-14 13:39:00.000000144,27.593357400824175
2014-06-14 13:39:00.000000141,34.63573857796632
2014-06-14 13:39:00.000000162,17.660090248614438
2014-06-14 13:39:00.00000018,12.131350869100402
2014-06-14 13:39:00.00000054,12.013953743407114
2014-06-14 13:39:00.00000040,7.806616811419076
2014-06-14 13:39:00.00000096,8.91037595824912
2014-06-14 13:39:00.00000055,22.725250490152575
2014-06-14 13:39:00.000000109,11.53678444958689
2014-06-14 13:39:00.000000151,8.180804155235705
2014-06-14 13:39:00.00000016,10.252153818495685
2014-06-14 13:39:00.00000062,10.781319463213094
2014-06-14 13:39:00.000000191,5.7203540719779085
2014-06-14 13:39:00.00000034,8.927195207974364
2014-06-14 13:39:00.000000160,7.2406146604912465
2014-06-14 13:39:00.00000013,7.5822696624784385
2014-06-14 13:39:00.000000188,7.12274342482533
2014-06-14 13:39:00.00000086,8.915419386941494
2014-06-14 13:39:00.000000185,11.710946856658893
2014-06-14 13:39:00.00000074,8.501123743637436
2014-06-14 13:39:00.00000022,16.38515548132068
2014-06-14 13:39:00.00000036,7.118348608722727
2014-06-14 13:39:00.000000126,5.964770338811832
2014-06-14 13:39:00.000000190,7.774237788032451
2014-06-14 13:39:00.00000042,8.611461269299298
2014-06-14 13:39:00.000000178,8.081592762213518
2014-06-14 13:39:00.000000163,6.243890393306401
2014-06-14 13:39:00.00000020,12.065093932219952
2014-06-14 13:39:00.00000098,7.0537737804273775
2014-06-14 13:39:00.000000114,18.095666167274658
2014-06-14 13:39:00.00000045,8.864615421145459
2014-06-14 13:39:00.00000094,6.6427426430688
2014-06-14 13:39:00.000000146,9.930533778049039
2014-06-14 13:39:00.00000033,9.249954758103286
2014-06-14 13:39:00.000000143,7.5557183408186575
2014-06-14 13:39:00.000000107,7.086357716608177
2014-06-14 13:39:00.00000048,9.97575706467785
2014-06-14 13:39:00.00000043,10.943126302910287
2014-06-14 13:39:00.000000123,9.801222326713855
2014-06-14 13:39:00.000000134,8.331225790384792
2014-06-14 13:39:00.000000142,7.420594778493523
2014-06-14 13:39:00.000000122,10.888676568893743
2014-06-14 13:39:00.000000176,9.470334928546208
2011-12-12 09:42:12.0000004,7.338168851921068
2011-12-12 09:42:12.0000002,6.181561613183703
2011-12-12 09:42:12.0000001,11.810928097721217
2011-12-12 09:42:12.0000003,8.494785716183628
2011-12-12 09:42:12.0000005,8.049285228334952
2013-06-27 00:20:40.0000001,22.86332344504558
2013-06-27 00:20:40.0000003,10.446401763250492
2009-02-20 13:34:16.0000001,6.592083690056597
2009-02-20 13:34:16.0000002,12.175826276104885
2009-02-20 13:34:16.0000003,5.354379965809926
2010-08-22 21:14:08.0000001,23.572443833463808
2010-08-22 21:14:08.0000005,16.943851336078865
2010-08-22 21:14:08.0000003,5.869874454640694
2010-08-22 21:14:08.0000002,8.493242878955243
2012-08-06 08:58:08.0000002,5.731251344420798
2012-08-06 08:58:08.0000001,17.237881049280418
2013-11-04 08:34:12.0000003,7.4425350315004835
2013-11-04 08:34:12.0000001,11.817094840121399
2013-11-04 08:34:12.0000002,9.762856524297035
2011-06-24 20:34:48.0000002,8.730262715973254
2011-06-24 20:34:48.0000001,21.3295573586895
2011-03-28 20:38:36.0000003,7.122040425940213
2011-03-28 20:38:36.0000004,5.9420140868111275
2011-03-28 20:38:36.0000002,9.632425195733504
2011-08-14 20:36:28.0000004,6.931752804849111
2011-08-14 20:36:28.0000001,7.8993030053849225
2011-08-14 20:36:28.0000003,23.92945475760689
2011-08-14 20:36:28.0000002,7.707719616642521
2015-02-21 15:52:44.0000004,16.776945895296763
2015-02-21 15:52:44.0000003,9.360579821790338
2015-02-21 15:52:44.0000002,16.509401723267615
2015-02-21 15:52:44.0000001,10.990310879829508
2013-01-29 11:29:52.0000001,9.805958643250165
2014-09-12 19:03:48.0000001,9.762585279958103
2013-11-09 18:52:40.0000004,8.751935741161333
2013-11-09 18:52:40.0000002,11.3919672382533
2013-04-25 16:10:04.0000001,48.69643415572784
2013-04-25 16:10:04.0000002,7.229505084951825
2013-09-07 14:37:52.0000001,9.746923618730762
2013-09-07 14:37:52.0000002,8.99759893471105
2013-09-07 14:37:52.0000003,8.16718541848536
2011-05-21 13:16:20.0000004,5.98231410116955
2011-05-21 13:16:20.0000001,6.056825881944178
2011-05-21 13:16:20.0000003,10.226620566843394
2011-11-25 16:36:24.0000002,6.874614270411712
2011-11-25 16:36:24.0000001,11.435277126569872
2015-01-31 20:54:04.0000001,7.64073069400763
2010-11-01 23:31:28.0000002,8.512121333718028
2010-11-01 23:31:28.0000001,9.940888291178453
2010-11-01 23:31:28.0000003,10.42010230261917
2011-03-24 15:57:04.0000003,4.592868266155733
2011-03-24 15:57:04.0000001,7.35668897021344
2010-05-10 10:37:04.0000005,6.247730620380821
2010-05-10 10:37:04.0000002,4.879434094989961
2010-05-10 10:37:04.0000003,9.744175926387584
2010-05-10 10:37:04.0000006,8.997072891754328
2012-06-09 16:53:44.0000002,8.400579057824416
2012-08-22 22:39:20.0000003,18.09971778305021
2012-08-22 22:39:20.0000001,7.299705354245134
2012-12-23 02:29:16.0000001,13.475684823280517
2012-06-30 15:55:12.0000004,11.082933562849007
2012-06-30 15:55:12.0000002,8.206099217917767
2012-06-30 15:55:12.0000003,13.716323415459215
2012-06-30 15:55:12.0000001,7.68209108966164
2011-10-02 23:36:00.00000056,15.47150819674448
2011-10-02 23:36:00.00000086,16.90179466645293
2011-10-02 23:36:00.00000081,21.932538967250935
2011-10-02 23:36:00.0000009,5.273707307005452
2011-10-02 23:36:00.00000041,13.73812240901168
2011-10-02 23:36:00.00000091,5.7449243419603135
2011-10-02 23:36:00.0000008,13.480650438800012
2011-10-02 23:36:00.00000015,25.666423863247815
2011-10-02 23:36:00.00000014,11.017409010825418
2011-10-02 23:36:00.00000047,7.3276763101197275
2011-10-02 23:36:00.00000076,8.282191205689514
2011-10-02 23:36:00.00000011,8.953135314363294
2011-10-02 23:36:00.00000075,7.144407750927257
2011-10-02 23:36:00.00000035,8.413063439251232
2011-10-02 23:36:00.00000099,12.98204095959693
2011-10-02 23:36:00.00000062,10.171981532461928
2011-10-02 23:36:00.00000085,10.34013831817856
2011-10-02 23:36:00.00000043,21.095190943675334
2011-10-02 23:36:00.00000071,11.716359703903777
2011-10-02 23:36:00.00000023,7.5384000106136
2011-10-02 23:36:00.00000092,6.860181814808357
2011-10-02 23:36:00.00000037,9.832593597895993
2011-10-02 23:36:00.00000083,10.631667897313832
2011-10-02 23:36:00.00000054,13.006208578781752
2011-10-02 23:36:00.00000073,11.011990513351634
2011-10-02 23:36:00.0000005,7.789407786931747
2011-10-02 23:36:00.00000095,6.853489363612084
2011-10-02 23:36:00.00000088,8.972883463289577
2011-10-02 23:36:00.00000030,9.285516296992455
2011-10-02 23:36:00.0000007,14.235523636915332
2011-10-02 23:36:00.00000013,11.026122205816137
2011-10-02 23:36:00.00000065,23.84426331138411
2011-10-02 23:36:00.00000089,51.375142363743976
2011-10-02 23:36:00.00000096,9.289692965385484
2011-10-02 23:36:00.00000039,8.85516236415424
2011-10-02 23:36:00.00000038,21.91436057320027
2011-10-02 23:36:00.00000067,21.181594550604814
2011-10-02 23:36:00.00000077,9.761180781925077
2011-10-02 23:36:00.00000020,18.556847498143497
2011-10-02 23:36:00.00000063,20.14282440339116
2011-10-02 23:36:00.00000012,8.744699536979851
2011-10-02 23:36:00.00000058,16.08397874549246
2011-10-02 23:36:00.00000026,11.684152348606972
2011-10-02 23:36:00.00000074,24.646203828909165
2011-10-02 23:36:00.00000059,12.848177309003063
2011-10-02 23:36:00.00000090,15.389574177558643
2011-10-02 23:36:00.0000004,31.255230696325725
2011-10-02 23:36:00.0000003,14.426828993078516
2011-10-02 23:36:00.00000021,17.62788180285122
2011-10-02 23:36:00.00000097,8.667661023764708
2011-10-02 23:36:00.00000036,16.943635450109582
2011-10-02 23:36:00.00000024,23.51123739538059
2011-10-02 23:36:00.00000082,46.07436025448874
2011-10-02 23:36:00.000000100,9.962644698981876
2011-10-02 23:36:00.00000040,5.167664010838507
2011-10-02 23:36:00.00000022,5.747886120085127
2013-03-21 12:47:28.0000006,10.707205796186372
2013-03-21 12:47:28.0000008,10.008543785861093
2013-03-21 12:47:28.0000003,11.199172965185994
2013-03-21 12:47:28.0000005,7.52434111136597
2013-03-21 12:47:28.0000002,7.360653773132185
2013-06-07 03:02:56.0000002,23.205060344567073
2013-06-07 03:02:56.0000001,8.9451461994297
2010-09-05 22:31:32.0000002,8.292130505949558
2013-07-12 23:33:24.0000001,10.360769457149104
2009-12-03 02:32:08.0000001,22.43764523551431
2009-10-15 03:50:36.0000001,5.878768212693785
2011-09-25 22:36:32.0000002,25.052938737212116
2011-09-25 22:36:32.0000001,12.271185246339883
2015-06-08 20:02:56.0000001,12.412820026331133
2014-07-16 08:03:32.0000002,11.395449852207662
2014-07-16 08:03:32.0000001,13.157855832140626
2011-12-15 13:14:32.0000002,9.086523568034181
2011-12-15 13:14:32.0000001,6.219416579498329
2011-10-11 22:13:48.0000002,15.32808421626737
2011-10-11 22:13:48.0000005,10.558494870352888
2011-10-11 22:13:48.0000003,8.91593084548606
2013-09-14 16:53:20.0000001,10.394580544632163
2013-09-14 16:53:20.0000002,10.142479328471495
2014-02-06 09:09:56.0000004,6.667070740862414
2014-02-06 09:09:56.0000003,7.023772780707077
2014-02-06 09:09:56.0000001,7.1087890577175585
2009-06-10 16:55:00.00000081,26.121083304032936
2009-06-10 16:55:00.00000029,5.057525464506853
2009-06-10 16:55:00.000000109,6.907294960859645
2009-06-10 16:55:00.00000098,44.63077876903935
2009-06-10 16:55:00.00000054,10.945599213000605
2009-06-10 16:55:00.00000021,31.519792144661324
2009-06-10 16:55:00.00000012,6.705778735205399
2009-06-10 16:55:00.00000033,3.7063132130277836
2009-06-10 16:55:00.00000024,8.78601945860862
2009-06-10 16:55:00.00000099,8.59563859842649
2009-06-10 16:55:00.0000009,6.196595850599238
2009-06-10 16:55:00.000000158,5.78149646611223
2009-06-10 16:55:00.000000141,4.562907793010481
2009-06-10 16:55:00.00000093,7.465428015224006
2009-06-10 16:55:00.000000161,8.434003902358086
2009-06-10 16:55:00.00000088,4.579293979459067
2009-06-10 16:55:00.0000003,7.393253824350154
2009-06-10 16:55:00.00000018,4.568816423641238
2009-06-10 16:55:00.00000047,5.4186727672087045
2009-06-10 16:55:00.000000154,7.580411655299713
2009-06-10 16:55:00.000000131,3.3142321028473134
2009-06-10 16:55:00.00000046,10.914698623151025
2009-06-10 16:55:00.0000004,5.761372787975461
2009-06-10 16:55:00.000000107,3.5304721590750887
2009-06-10 16:55:00.000000114,7.742535927273934
2009-06-10 16:55:00.000000117,6.825136471619317
2009-06-10 16:55:00.000000162,8.514598480984205
2009-06-10 16:55:00.00000049,10.054275878593558
2009-06-10 16:55:00.00000069,9.360899080877175
2009-06-10 16:55:00.000000111,6.492670507607727
2009-06-10 16:55:00.00000083,3.976035157910701
2009-06-10 16:55:00.000000166,61.26181679232866
2009-06-10 16:55:00.000000135,8.118272865641643
2009-06-10 16:55:00.00000044,25.76862877133101
2009-06-10 16:55:00.00000085,8.454220161083413
2009-06-10 16:55:00.000000115,5.1900656742189994
2009-06-10 16:55:00.000000108,5.205222850450468
2009-06-10 16:55:00.00000034,5.281275180975058
2009-06-10 16:55:00.00000060,16.65165661743174
2009-06-10 16:55:00.000000120,5.028135520649471
2009-06-10 16:55:00.000000174,21.82570155488554
2009-06-10 16:55:00.0000007,5.758897867203586
2009-06-10 16:55:00.000000159,8.440566999902899
2009-06-10 16:55:00.000000171,15.659155098939436
2009-06-10 16:55:00.000000145,10.460349124699405
2009-06-10 16:55:00.00000074,6.716295772974377
2009-06-10 16:55:00.000000138,10.27977401907242
2009-06-10 16:55:00.00000048,5.280375416357515
2009-06-10 16:55:00.000000101,5.077678326843056
2009-06-10 16:55:00.000000153,4.345460622488076
2009-06-10 16:55:00.0000002,10.676162136332664
2009-06-10 16:55:00.00000037,7.296660681055641
2009-06-10 16:55:00.000000151,8.669296223692754
2009-06-10 16:55:00.000000127,22.757147123219283
2009-06-10 16:55:00.000000144,16.33192448201339
2009-06-10 16:55:00.000000165,11.208912164056187
2009-06-10 16:55:00.0000008,4.582341397579285
2009-06-10 16:55:00.000000122,7.09658326768772
2009-06-10 16:55:00.00000055,23.86681113754048
2009-06-10 16:55:00.00000079,4.321588416275745
2009-06-10 16:55:00.00000016,14.695376194718278
2009-06-10 16:55:00.000000160,16.361150677568958
2009-06-10 16:55:00.000000139,4.072745953815684
2009-06-10 16:55:00.00000075,5.205576875135648
2009-06-10 16:55:00.00000017,5.998742309586191
2009-06-10 16:55:00.00000070,5.621315207035082
2009-06-10 16:55:00.000000118,10.18530210368749
2009-06-10 16:55:00.00000066,10.59582884993722
2009-06-10 16:55:00.000000164,5.130984471528677
2009-06-10 16:55:00.000000100,8.60721173846855
2009-06-10 16:55:00.00000082,7.065505685501535
2009-06-10 16:55:00.00000090,12.512373445880826
2009-06-10 16:55:00.000000125,10.739135539574931
2009-06-10 16:55:00.000000149,6.416038989493018
2009-06-10 16:55:00.00000068,10.16469952119212
2009-06-10 16:55:00.00000039,4.871548364909927
2009-06-10 16:55:00.000000124,4.126596121391799
2009-06-10 16:55:00.00000053,6.07511295747895
2009-06-10 16:55:00.00000045,8.05038455725753
2009-06-10 16:55:00.000000102,4.97546113409453
2009-06-10 16:55:00.000000140,8.436407879576677
2009-06-10 16:55:00.000000148,5.9876711606430035
2009-06-10 16:55:00.000000147,4.906880261809988
2009-06-10 16:55:00.00000097,7.310179986193816
2009-06-10 16:55:00.00000094,6.896423510876161
2009-06-10 16:55:00.00000078,7.472462960872235
2009-06-10 16:55:00.00000035,5.729023678017825
2009-06-10 16:55:00.00000072,5.981001761292532
2009-06-10 16:55:00.00000031,4.811964995512994
2009-06-10 16:55:00.00000056,5.3856228136934305
2009-06-10 16:55:00.000000128,17.991567474710678
2009-06-10 16:55:00.00000057,5.385490802564618
2009-06-10 16:55:00.00000030,6.260898568889274
2009-06-10 16:55:00.00000043,8.181354940632446
2009-06-10 16:55:00.000000146,7.563915552036406
2009-06-10 16:55:00.00000010,5.786903505191958
2009-06-10 16:55:00.00000067,13.614806620112631
2009-06-10 16:55:00.000000119,5.3484242823055865
2009-06-10 16:55:00.00000076,16.90645423394176
2009-06-10 16:55:00.00000025,6.438264596101249
2009-06-10 16:55:00.00000071,15.439415437664138
2009-06-10 16:55:00.000000143,7.537704647315422
2013-06-26 11:19:36.0000002,5.781545279376701
2014-09-05 10:02:48.0000004,7.017766387404436
2014-09-05 10:02:48.0000002,8.134889560296642
2014-09-05 10:02:48.0000001,26.363504547779826
2014-09-05 10:02:48.0000003,10.128790422956968
2012-09-19 12:31:40.0000001,10.197062149995872
2012-09-19 12:31:40.0000002,6.736922860316099
2009-03-22 04:31:40.0000002,19.059187567795334
2009-08-27 02:31:44.0000001,23.61094850234349
2009-05-02 20:11:32.0000001,9.80489969878306
2009-05-02 20:11:32.0000004,8.092755051675795
2011-02-20 02:31:16.0000002,8.772453077774344
2011-02-20 02:31:16.0000001,22.392858158039758
2011-06-24 12:03:00.00000010,6.480298674588539
2011-06-24 12:03:00.00000067,12.581920718413926
2011-06-24 12:03:00.00000071,11.158310786628249
2011-06-24 12:03:00.000000100,5.789857352029685
2011-06-24 12:03:00.000000145,3.1918978777785014
2011-06-24 12:03:00.000000152,7.694559325288196
2011-06-24 12:03:00.00000026,11.74418004810991
2011-06-24 12:03:00.000000199,5.497725170316812
2011-06-24 12:03:00.000000195,6.147166911038198
2011-06-24 12:03:00.000000119,5.649977139205703
2011-06-24 12:03:00.00000086,3.83851047375299
2011-06-24 12:03:00.00000012,6.738656468000613
2011-06-24 12:03:00.00000097,25.116374425544564
2011-06-24 12:03:00.00000058,4.963656819390167
2011-06-24 12:03:00.000000176,4.6167316429163066
2011-06-24 12:03:00.000000139,4.4397975366476885
2011-06-24 12:03:00.00000048,7.786137788140309
2011-06-24 12:03:00.000000159,7.4648978584684755
2011-06-24 12:03:00.00000079,6.657627354780743
2011-06-24 12:03:00.000000138,7.095070276244542
2011-06-24 12:03:00.000000135,11.126689110237749
2011-06-24 12:03:00.000000173,3.376664490463213
2011-06-24 12:03:00.000000162,11.433747378527983
2011-06-24 12:03:00.00000018,8.361394683643425
2011-06-24 12:03:00.000000136,6.2760261960372645
2011-06-24 12:03:00.000000185,7.935236298809741
2011-06-24 12:03:00.00000069,5.668945344731242
2011-06-24 12:03:00.000000105,7.062187712450054
2011-06-24 12:03:00.000000180,6.211027381361532
2011-06-24 12:03:00.00000053,9.769630280032402
2011-06-24 12:03:00.000000142,6.8545973491681025
2011-06-24 12:03:00.000000188,8.913630740610074
2011-06-24 12:03:00.00000089,4.396397004705818
2011-06-24 12:03:00.000000109,7.2158918206621365
2011-06-24 12:03:00.00000074,7.197998152446189
2011-06-24 12:03:00.000000113,10.079231369406216
2011-06-24 12:03:00.00000044,5.3398754120380545
2011-06-24 12:03:00.000000183,5.8485473976105595
2011-06-24 12:03:00.00000047,3.7042573463262443
2011-06-24 12:03:00.0000006,10.030465169337845
2011-06-24 12:03:00.0000005,7.526510195103697
2011-06-24 12:03:00.000000200,8.2220330802636
2011-06-24 12:03:00.000000127,8.022231676650222
2011-06-24 12:03:00.000000120,9.559592690470595
2011-06-24 12:03:00.000000133,6.046217302185823
2011-06-24 12:03:00.00000073,6.277706298829571
2011-06-24 12:03:00.000000101,5.486032020446714
2011-06-24 12:03:00.000000187,9.506829411796957
2011-06-24 12:03:00.000000122,9.48792020007454
2011-06-24 12:03:00.000000175,6.791407080360386
2011-06-24 12:03:00.000000154,10.24861156014856
2011-06-24 12:03:00.000000197,8.37582494449316
2011-06-24 12:03:00.00000017,8.839341576119978
2011-06-24 12:03:00.000000186,9.127091614101914
2011-06-24 12:03:00.00000020,8.654326701342256
2011-06-24 12:03:00.00000035,10.119940961742032
2011-06-24 12:03:00.000000193,7.53658592696388
2011-06-24 12:03:00.000000201,6.941689128634266
2011-06-24 12:03:00.00000054,19.51243559739123
2011-06-24 12:03:00.00000075,7.4050501282781624
2011-06-24 12:03:00.000000114,8.077914726779227
2011-06-24 12:03:00.00000062,23.672039708495618
2011-06-24 12:03:00.00000055,28.714016789608422
2011-06-24 12:03:00.00000025,6.808147189767851
2011-06-24 12:03:00.00000022,5.802426562329856
2011-06-24 12:03:00.000000144,15.668454977280476
2011-06-24 12:03:00.000000177,5.365542731597088
2011-06-24 12:03:00.000000124,6.321484409397499
2011-06-24 12:03:00.00000094,5.094688874265557
2011-06-24 12:03:00.00000041,6.512226191574882
2011-06-24 12:03:00.000000141,6.65367297483408
2011-06-24 12:03:00.00000092,9.171270527117372
2011-06-24 12:03:00.000000189,17.7062884731547
2011-06-24 12:03:00.000000171,10.989052264782345
2011-06-24 12:03:00.000000157,6.492378636198737
2011-06-24 12:03:00.000000179,7.900910429648434
2011-06-24 12:03:00.000000107,10.804186271491744
2011-06-24 12:03:00.00000095,15.061306480154826
2011-06-24 12:03:00.00000076,11.984225030496077
2011-06-24 12:03:00.000000156,6.980389296522617
2011-06-24 12:03:00.000000111,26.524676125839278
2011-06-24 12:03:00.000000116,9.132380239587064
2011-06-24 12:03:00.00000033,10.827815649520176
2011-06-24 12:03:00.00000082,4.575217578155161
2011-06-24 12:03:00.00000078,6.58946896449504
2011-06-24 12:03:00.00000051,5.030642709827362
2011-06-24 12:03:00.000000143,10.535515805851333
2011-06-24 12:03:00.000000126,12.14829341402151
2011-06-24 12:03:00.00000088,9.404868375052502
2011-06-24 12:03:00.000000191,16.613510666046523
2011-06-24 12:03:00.00000063,13.298933311142264
2011-06-24 12:03:00.00000045,16.026572909099286
2011-06-24 12:03:00.00000060,8.098109331931596
2011-06-24 12:03:00.00000040,24.127042531619168
2011-06-24 12:03:00.00000057,8.746289677498453
2011-06-24 12:03:00.00000013,5.681192359263719
2011-06-24 12:03:00.00000068,28.23320032934737
2011-06-24 12:03:00.000000165,4.698424663184596
2011-06-24 12:03:00.00000056,5.9035283920253505
2011-06-24 12:03:00.000000150,7.609223887358098
2011-06-24 12:03:00.00000052,5.929738292419529
2011-06-24 12:03:00.00000085,45.42024415447793
2011-06-24 12:03:00.000000190,7.297834669386475
2011-06-24 12:03:00.00000072,6.443713582214855
2011-06-24 12:03:00.000000137,4.923824574788682
2011-06-24 12:03:00.000000102,6.630775718572977
2011-06-24 12:03:00.000000106,7.023818289965675
2011-06-24 12:03:00.000000118,4.67799153880776
2011-06-24 12:03:00.00000046,12.229514668212687
2011-06-24 12:03:00.000000110,11.14373098509418
2011-06-24 12:03:00.000000181,6.183359217370025
2011-06-24 12:03:00.000000194,6.012016036685054
2011-06-24 12:03:00.00000061,3.9368861023569934
2011-06-24 12:03:00.0000001,9.336742539848274
2011-06-24 12:03:00.00000087,8.175387882041377
2011-06-24 12:03:00.00000066,5.767326185714751
2011-06-24 12:03:00.000000146,6.634906091642961
2011-06-24 12:03:00.000000149,46.86953164174929
2011-06-24 12:03:00.00000038,9.248150791854073
2011-06-24 12:03:00.000000196,6.828542591166297
2011-06-24 12:03:00.00000093,7.523704848439593
2011-06-24 12:03:00.000000170,5.4753387021536355
2011-06-24 12:03:00.000000168,8.230199852435817
2011-06-24 12:03:00.0000002,12.031588707634683
2011-06-24 12:03:00.00000042,12.444905265052398
2014-06-15 07:06:00.0000006,6.548054088281901
2014-06-15 07:06:00.00000037,10.480198242194206
2014-06-15 07:06:00.00000025,7.7746377422618025
2014-06-15 07:06:00.0000008,11.875522300448552
2014-06-15 07:06:00.00000036,43.79223960036609
2014-06-15 07:06:00.00000042,21.74950131465539
2014-06-15 07:06:00.00000033,6.951477312115912
2014-06-15 07:06:00.00000013,5.4549240928369045
2014-06-15 07:06:00.00000035,50.78432333905744
2014-06-15 07:06:00.00000030,10.73512135359681
2014-06-15 07:06:00.00000024,8.32960980659334
2014-06-15 07:06:00.00000031,11.712101958961512
2014-06-15 07:06:00.0000009,15.495160125465077
2014-06-15 07:06:00.00000039,50.3256674473846
2014-06-15 07:06:00.00000010,6.513481996576729
2014-06-15 07:06:00.00000019,18.62560538248431
2014-06-15 07:06:00.00000041,8.985663558708666
2014-06-15 07:06:00.00000028,17.64821222306432
2014-06-15 07:06:00.00000014,46.41734422325567
2014-06-15 07:06:00.0000003,14.713113986716849
2014-06-15 07:06:00.00000017,49.30470542303863
2014-06-15 07:06:00.00000015,16.621139355105242
2014-06-15 07:06:00.00000026,7.303676617885344
2014-06-15 07:06:00.0000002,16.959170340238757
2014-06-15 07:06:00.00000040,7.15786324951182
2014-06-15 07:06:00.00000016,7.393521643340591
2014-06-06 16:22:20.0000003,6.562507472998959
2014-06-06 16:22:20.0000002,8.403993063572443
2015-05-30 21:29:04.0000004,13.567111069708403
2015-05-30 21:29:04.0000007,15.107986509294733
2015-05-30 21:29:04.0000003,11.630107409497441
2015-05-30 21:29:04.0000001,9.069064827823468
2009-10-26 12:01:36.0000001,8.98038696573019
2009-10-26 12:01:36.0000002,8.148821267909625
2009-10-26 12:01:36.0000005,5.516542991872029
2009-10-26 12:01:36.0000003,5.836078811790571
2013-02-02 15:45:08.0000003,7.739851147324657
2013-02-02 15:45:08.0000001,11.48317617421776
2013-02-02 15:45:08.0000002,8.776767201345365
2015-04-15 06:47:04.0000001,10.449410414743056
2015-04-15 06:47:04.0000002,12.57973777468328
2010-12-14 23:27:36.0000001,6.99376964454882
2009-03-05 11:03:04.0000002,3.9583687927680558
2009-03-05 11:03:04.0000001,12.498672911858193
2013-07-18 12:23:40.0000003,6.1298793398285625
2013-07-18 12:23:40.0000002,5.883326086189527
2013-07-18 12:23:40.0000001,8.542551909099075
2014-04-14 13:48:32.0000004,9.631740410869156
2014-04-14 13:48:32.0000003,6.421644166442661
2014-08-18 05:33:08.0000001,11.031891845957375
2012-01-28 03:14:28.0000001,36.51222047579472
2009-09-14 02:19:00.00000014,11.299483532378304
2009-09-14 02:19:00.00000035,9.875749733083694
2009-09-14 02:19:00.00000040,7.836312367775122
2009-09-14 02:19:00.00000031,4.60010839800384
2009-09-14 02:19:00.0000003,4.95687893391073
2009-09-14 02:19:00.00000025,8.42619469703925
2009-09-14 02:19:00.0000008,8.082482065657814
2009-09-14 02:19:00.00000024,9.447009947201764
2009-09-14 02:19:00.00000021,14.690186790247594
2009-09-14 02:19:00.00000036,10.083398264028574
2009-09-14 02:19:00.0000009,55.891738397834956
2009-09-14 02:19:00.0000001,9.545391658896392
2009-09-14 02:19:00.00000018,5.497254593447678
2009-09-14 02:19:00.00000039,6.963546632214275
2009-09-14 02:19:00.0000002,11.622533490145543
2009-09-14 02:19:00.00000038,9.88765491701156
2009-09-14 02:19:00.00000020,16.747393314110468
2009-09-14 02:19:00.00000028,6.396417039263383
2009-09-14 02:19:00.00000026,21.35239384274223
2009-09-14 02:19:00.00000017,7.988673236822251
2009-09-14 02:19:00.00000030,8.473099433346306
2009-09-14 02:19:00.00000016,5.820329817585275
2009-09-14 02:19:00.0000006,7.381490307596096
2009-09-14 02:19:00.0000007,8.256569943981503
2011-08-14 14:17:28.0000003,8.096850413730749
2011-08-14 14:17:28.0000001,6.1585290994707975
2011-08-14 14:17:28.0000004,8.019724080474703
2011-08-14 14:17:28.0000002,8.908337226469598
2011-08-14 14:17:28.0000005,14.760045135904079
2014-03-17 16:07:56.0000002,49.60456628660938
2010-11-03 21:09:56.0000002,6.500342779248399
2010-11-03 21:09:56.0000001,11.578485378229288
2012-12-11 23:37:08.0000002,10.303705769684257
2012-12-11 23:37:08.0000005,9.185286636469414
2012-12-11 23:37:08.0000004,8.260785333295644
2012-12-11 23:37:08.0000006,9.472629922939063
2012-12-11 23:37:08.0000003,6.314798423003026
2012-12-11 23:37:08.0000001,16.89058853264237
2015-06-24 14:19:52.0000001,12.663886902481636
2015-06-24 14:19:52.0000002,52.90933679468583
2015-06-24 14:19:52.0000004,9.227018762566217
2010-08-21 22:21:32.0000004,13.805974004149903
2011-02-19 10:20:28.0000003,4.601579341602587
2011-02-19 10:20:28.0000002,11.274581070942872
2011-02-19 10:20:28.0000001,7.146817633533601
2011-02-19 10:20:28.0000004,7.747723533689964
2011-10-02 22:31:44.0000004,10.884707760673223
2011-10-02 22:31:44.0000002,20.48906042622616
2011-10-02 22:31:44.0000003,19.09804209461163
2012-01-26 11:17:36.0000002,5.265610080072406
2012-05-06 23:37:24.0000002,26.494319526735126
2012-05-06 23:37:24.0000001,24.6549113348334
2013-06-12 20:03:36.0000001,8.277562399043518
2013-06-12 20:03:36.0000002,47.7605734338847
2015-02-27 14:15:52.0000003,71.79811763246312
2013-12-21 17:20:32.0000001,9.945356752172415
2009-06-29 08:09:40.0000002,7.702890256897376
2009-06-29 08:09:40.0000001,10.436356806501408
2014-09-14 17:22:12.0000002,9.455558717383383
2014-09-14 17:22:12.0000001,10.645133160862088
2014-09-14 17:22:12.0000003,15.784358381232664
2014-09-14 17:22:12.0000005,8.776834856075084
2014-08-20 14:37:56.0000001,13.16503451533083
2011-07-20 16:34:48.0000001,5.408825463404696
2011-07-20 16:34:48.0000003,6.969806440327147
2009-10-05 10:11:32.0000001,6.89821580249054
2009-10-05 10:11:32.0000002,13.558448648898889
2011-02-16 08:44:04.0000001,13.371490904440634
2011-02-16 08:44:04.0000007,8.04587205266239
2011-02-16 08:44:04.0000004,8.34739621534311
2011-02-16 08:44:04.0000003,7.362882219702897
2011-02-16 08:44:04.0000002,5.29623012677564
2011-02-16 08:44:04.0000006,17.637797477697404
2011-02-16 08:44:04.0000005,7.315428878890998
2009-01-01 11:04:24.0000002,4.421924028331205
2014-04-28 19:46:36.0000003,8.827029658777747
2012-11-11 20:35:40.0000001,42.341488150281634
2012-11-11 20:35:40.0000002,4.98435429915412
2011-06-01 07:37:00.000000171,9.425409175566188
2011-06-01 07:37:00.000000199,7.471655640522499
2011-06-01 07:37:00.00000032,5.953209089513166
2011-06-01 07:37:00.000000175,9.044920893286303
2011-06-01 07:37:00.00000095,6.29397532551593
2011-06-01 07:37:00.000000106,5.805825610048373
2011-06-01 07:37:00.00000090,8.99630106125096
2011-06-01 07:37:00.000000169,14.696778947007488
2011-06-01 07:37:00.0000007,5.339770358550936
2011-06-01 07:37:00.000000151,14.316761205332341
2011-06-01 07:37:00.000000101,5.894934986905923
2011-06-01 07:37:00.00000099,13.160659890974557
2011-06-01 07:37:00.00000084,5.427514052966103
2011-06-01 07:37:00.00000083,5.476546177942851
2011-06-01 07:37:00.00000043,6.952458927305543
2011-06-01 07:37:00.00000029,6.464513935408377
2011-06-01 07:37:00.000000132,21.211995934844595
2011-06-01 07:37:00.000000208,6.39284914644702
2011-06-01 07:37:00.000000221,6.033764932969234
2011-06-01 07:37:00.000000131,5.89915329132657
2011-06-01 07:37:00.000000220,7.856732045748686
2011-06-01 07:37:00.000000207,7.217350364418849
2011-06-01 07:37:00.000000205,5.185642612598713
2011-06-01 07:37:00.000000180,7.400352284238579
2011-06-01 07:37:00.000000103,11.773956194745665
2011-06-01 07:37:00.00000098,18.42611459133991
2011-06-01 07:37:00.000000189,8.218192689696366
2011-06-01 07:37:00.000000165,5.630031776778537
2011-06-01 07:37:00.000000184,41.09143306189776
2011-06-01 07:37:00.00000092,7.492745191937502
2011-06-01 07:37:00.00000020,10.803536476263503
2011-06-01 07:37:00.000000105,8.169985863956072
2011-06-01 07:37:00.00000088,10.672050737952759
2011-06-01 07:37:00.000000122,8.036498463311773
2011-06-01 07:37:00.000000219,13.54659064731311
2011-06-01 07:37:00.000000222,7.1998398906486045
2011-06-01 07:37:00.00000049,7.923406905499974
2011-06-01 07:37:00.000000114,6.084869983949488
2011-06-01 07:37:00.000000181,5.87520439814341
2011-06-01 07:37:00.000000144,59.68271807863016
2011-06-01 07:37:00.000000155,7.053585038885672
2011-06-01 07:37:00.000000118,6.553443485036155
2011-06-01 07:37:00.000000142,6.155282907915421
2011-06-01 07:37:00.000000223,7.352733096965949
2011-06-01 07:37:00.00000057,7.050308124022536
2011-06-01 07:37:00.000000168,5.161291040941819
2011-06-01 07:37:00.000000226,8.291105062663064
2011-06-01 07:37:00.000000177,12.597625515735103
2011-06-01 07:37:00.000000185,29.804217574820427
2011-06-01 07:37:00.000000178,14.129393870049853
2011-06-01 07:37:00.000000140,10.209334532012804
2011-06-01 07:37:00.000000141,11.887570627641935
2011-06-01 07:37:00.00000045,8.929585295633728
2011-06-01 07:37:00.00000086,7.769244711942974
2011-06-01 07:37:00.000000145,6.287755608172233
2011-06-01 07:37:00.00000037,8.71405724206511
2011-06-01 07:37:00.00000094,8.143963695354728
2011-06-01 07:37:00.00000082,6.751660615523974
2011-06-01 07:37:00.000000179,10.055023239493835
2011-06-01 07:37:00.000000197,6.672947636605954
2011-06-01 07:37:00.000000154,13.342428851576187
2011-06-01 07:37:00.00000019,10.07849420412549
2011-06-01 07:37:00.00000075,5.870876331633326
2011-06-01 07:37:00.000000110,12.319520044519095
2011-06-01 07:37:00.00000078,7.031017703125485
2011-06-01 07:37:00.000000146,8.799746703103779
2011-06-01 07:37:00.000000143,8.76599841289908
2011-06-01 07:37:00.000000227,13.748839230264252
2011-06-01 07:37:00.00000070,5.396458474866449
2011-06-01 07:37:00.000000176,8.852083202772064
2011-06-01 07:37:00.000000217,8.636974198715734
2011-06-01 07:37:00.00000026,6.952932000287433
2011-06-01 07:37:00.000000209,6.924667382753455
2011-06-01 07:37:00.000000183,9.481203929429398
2011-06-01 07:37:00.000000210,6.275104009317374
2011-06-01 07:37:00.00000060,10.342853512009697
2011-06-01 07:37:00.000000174,7.033888260223534
2011-06-01 07:37:00.000000203,10.87724246776952
2011-06-01 07:37:00.000000139,7.617683546799412
2011-06-01 07:37:00.000000162,7.659809911660091
2011-06-01 07:37:00.000000125,8.368928718107668
2011-06-01 07:37:00.000000198,10.360567977419919
2011-06-01 07:37:00.00000055,12.245694900723265
2011-06-01 07:37:00.00000016,7.841609561208543
2011-06-01 07:37:00.00000027,8.580313728742112
2011-06-01 07:37:00.00000053,19.766660725856468
2011-06-01 07:37:00.000000201,20.89768692123141
2011-06-01 07:37:00.000000138,6.440969124669891
2011-06-01 07:37:00.00000077,5.745060161939023
2011-06-01 07:37:00.00000022,9.388119956889796
2011-06-01 07:37:00.000000182,10.788681937944716
2011-06-01 07:37:00.000000163,7.984996038902523
2011-06-01 07:37:00.000000204,9.962560146095598
2011-06-01 07:37:00.000000137,8.923647307902229
2011-06-01 07:37:00.000000152,7.943601907658945
2011-06-01 07:37:00.00000048,7.621834433158938
2011-06-01 07:37:00.00000025,8.298287239748333
2011-06-01 07:37:00.000000100,14.57472208199863
2011-06-01 07:37:00.00000015,5.469198010261607
2011-06-01 07:37:00.00000097,16.71606253505786
2011-06-01 07:37:00.000000127,9.204497970985699
2011-06-01 07:37:00.000000170,6.495320581909482
2011-06-01 07:37:00.00000091,13.844624983849144
2011-06-01 07:37:00.000000109,8.936135768053191
2011-06-01 07:37:00.00000028,9.163098368411966
2011-06-01 07:37:00.000000129,21.152339196554863
2011-06-01 07:37:00.000000158,5.179293124735409
2011-06-01 07:37:00.0000005,5.596655090252284
2011-06-01 07:37:00.00000034,8.521509363564064
2011-06-01 07:37:00.000000107,8.330417282193935
2011-06-01 07:37:00.00000036,6.848131203471098
2011-06-01 07:37:00.00000046,8.710286131040448
2011-06-01 07:37:00.000000108,5.8275976553736655
2011-06-01 07:37:00.0000008,7.443727563555058
2011-06-01 07:37:00.000000212,4.276605961334553
2011-06-01 07:37:00.00000068,8.597024170568602
2011-06-01 07:37:00.00000065,6.408589997297327
2011-06-01 07:37:00.000000116,5.512157422885139
2011-06-01 07:37:00.000000196,7.833248800330011
2011-06-01 07:37:00.000000172,10.350228611908392
2011-06-01 07:37:00.00000059,14.87916711327
2011-06-01 07:37:00.000000167,5.3846850947046505
2011-06-01 07:37:00.00000058,9.13454435087624
2011-06-01 07:37:00.00000061,5.394956764486096
2011-06-01 07:37:00.000000156,15.167440718879561
2011-06-01 07:37:00.000000128,8.992721089884299
2011-06-01 07:37:00.00000079,5.728256977807632
2011-06-01 07:37:00.000000206,8.552624737995075
2011-06-01 07:37:00.00000069,7.407936919037866
2011-06-01 07:37:00.000000190,6.8049650558439225
2011-06-01 07:37:00.000000112,5.224255179815827
2011-06-01 07:37:00.000000104,7.173682543030736
2011-06-01 07:37:00.000000194,5.611552410339527
2011-06-01 07:37:00.0000002,6.693755655432938
2011-06-01 07:37:00.00000044,6.461431764197528
2011-06-01 07:37:00.00000010,8.636654620209356
2011-06-01 07:37:00.000000157,18.940360529994337
2011-06-01 07:37:00.000000147,7.013092022478304
2011-06-01 07:37:00.000000120,5.725177188785665
2011-06-01 07:37:00.000000149,11.180146426635474
2011-06-01 07:37:00.000000119,8.670680075288828
2011-06-01 07:37:00.00000023,5.751572655082441
2011-06-01 07:37:00.00000017,8.852835045904612
2011-06-01 07:37:00.00000038,15.537116760491244
2011-06-01 07:37:00.000000113,8.861810528655042
2011-06-01 07:37:00.000000211,8.89707641475843
2011-06-01 07:37:00.00000051,8.314167827074016
2011-06-01 07:37:00.00000054,7.193238163460819
2011-06-01 07:37:00.000000186,10.629589805765477
2009-02-16 03:13:40.0000001,7.851500384431461
2010-08-27 18:45:00.000000234,4.339614224277739
2010-08-27 18:45:00.00000057,6.581800249078242
2010-08-27 18:45:00.00000039,12.133069181220776
2010-08-27 18:45:00.000000161,8.1694224631716
2010-08-27 18:45:00.000000220,9.726404340033469
2010-08-27 18:45:00.00000028,8.484223055568805
2010-08-27 18:45:00.00000014,13.578291065814938
2010-08-27 18:45:00.000000226,11.777135603989564
2010-08-27 18:45:00.000000175,6.115247615362023
2010-08-27 18:45:00.00000040,19.390854387129934
2010-08-27 18:45:00.000000144,14.346246686240988
2010-08-27 18:45:00.00000085,8.496868615767198
2010-08-27 18:45:00.000000194,7.820105145096363
2010-08-27 18:45:00.00000094,7.802528439579191
2010-08-27 18:45:00.000000141,15.141800181102667
2010-08-27 18:45:00.00000067,4.4455971634668
2010-08-27 18:45:00.000000231,6.237669314773029
2010-08-27 18:45:00.000000214,12.794674958910377
2010-08-27 18:45:00.00000037,14.833783877810333
2010-08-27 18:45:00.000000165,5.343238084795416
2010-08-27 18:45:00.000000158,13.219474813904526
2010-08-27 18:45:00.000000217,7.583634891113547
2010-08-27 18:45:00.00000090,14.784975033689648
2010-08-27 18:45:00.000000142,8.954516958853901
2010-08-27 18:45:00.0000004,6.845208236530539
2010-08-27 18:45:00.00000070,5.297926666150261
2010-08-27 18:45:00.000000202,7.383807444630747
2010-08-27 18:45:00.000000177,7.124489277347834
2010-08-27 18:45:00.00000084,11.603423200880684
2010-08-27 18:45:00.000000209,9.837351204794913
2010-08-27 18:45:00.000000184,34.649539454559545
2010-08-27 18:45:00.000000173,7.412346209740008
2010-08-27 18:45:00.00000029,6.053443726445948
2010-08-27 18:45:00.00000025,5.846465605951153
2010-08-27 18:45:00.00000012,5.337591825572417
2010-08-27 18:45:00.00000010,4.944842770511627
2010-08-27 18:45:00.000000136,7.539230041440646
2010-08-27 18:45:00.00000073,10.304053422786865
2010-08-27 18:45:00.000000124,6.769643228977657
2010-08-27 18:45:00.000000125,5.58374754666238
2010-08-27 18:45:00.000000169,5.172134547177279
2010-08-27 18:45:00.000000208,4.601499966771485
2010-08-27 18:45:00.000000152,5.9856431702111195
2010-08-27 18:45:00.000000196,4.315058899667065
2010-08-27 18:45:00.0000005,10.88846421793994
2010-08-27 18:45:00.00000077,5.910819258338734
2010-08-27 18:45:00.000000123,11.030291610374661
2010-08-27 18:45:00.00000046,10.12095658776957
2010-08-27 18:45:00.00000033,6.546947020570656
2010-08-27 18:45:00.000000166,10.226906680604316
2010-08-27 18:45:00.000000190,5.753971008397457
2010-08-27 18:45:00.00000043,7.217028855055105
2010-08-27 18:45:00.00000081,5.994914543456616
2010-08-27 18:45:00.00000034,8.755854195353095
2010-08-27 18:45:00.00000089,16.89128829313063
2010-08-27 18:45:00.000000189,5.396091494013149
2010-08-27 18:45:00.00000078,7.206845318665728
2010-08-27 18:45:00.00000053,9.017717366496413
2010-08-27 18:45:00.000000188,7.194249728911132
2010-08-27 18:45:00.00000071,7.451548101575213
2010-08-27 18:45:00.00000097,15.828740113750996
2010-08-27 18:45:00.00000031,6.530074955035957
2010-08-27 18:45:00.000000101,11.73524858157657
2010-08-27 18:45:00.000000140,5.72134096737841
2010-08-27 18:45:00.00000054,24.254577539301522
2010-08-27 18:45:00.0000006,9.631652821087528
2010-08-27 18:45:00.00000011,8.266892486707775
2010-08-27 18:45:00.00000055,6.628424285058372
2010-08-27 18:45:00.000000160,10.673116830746153
2010-08-27 18:45:00.00000024,10.082158188102085
2010-08-27 18:45:00.000000106,5.5995052995752985
2010-08-27 18:45:00.000000131,6.825453888480297
2010-08-27 18:45:00.00000087,11.281504519170198
2010-08-27 18:45:00.000000110,9.931682000196474
2010-08-27 18:45:00.000000197,11.614482846285227
2010-08-27 18:45:00.00000066,8.300215227594435
2010-08-27 18:45:00.000000205,9.993069103310177
2010-08-27 18:45:00.00000086,6.2163815892639604
2010-08-27 18:45:00.000000207,6.936184905040022
2010-08-27 18:45:00.00000068,14.02034119156258
2010-08-27 18:45:00.00000050,5.756439654042424
2010-08-27 18:45:00.00000045,26.04959493640547
2010-08-27 18:45:00.00000093,4.631274043909684
2010-08-27 18:45:00.00000061,9.984970696591745
2010-08-27 18:45:00.00000022,5.515480170791875
2010-08-27 18:45:00.00000018,5.256545166522756
2010-08-27 18:45:00.000000192,8.873665980684336
2010-08-27 18:45:00.000000148,4.711845046694862
2010-08-27 18:45:00.000000195,5.3400905341356975
2010-08-27 18:45:00.000000155,5.247356940433974
2010-08-27 18:45:00.000000129,8.977649582684194
2010-08-27 18:45:00.000000133,4.967141485775642
2010-08-27 18:45:00.00000063,11.21523100819195
2010-08-27 18:45:00.00000076,5.9380377148917205
2010-08-27 18:45:00.000000204,15.071760622087481
2010-08-27 18:45:00.000000179,4.742956013111211
2010-08-27 18:45:00.000000219,16.20943252481561
2010-08-27 18:45:00.000000107,6.384974283791735
2010-08-27 18:45:00.000000153,8.70832103442126
2010-08-27 18:45:00.00000026,11.251235810320281
2010-08-27 18:45:00.000000198,7.090617156306848
2010-08-27 18:45:00.00000016,10.19298508738359
2010-08-27 18:45:00.00000060,6.748835090719126
2010-08-27 18:45:00.00000017,24.385919073200057
2010-08-27 18:45:00.000000109,13.651234580873961
2010-08-27 18:45:00.000000227,10.182460667097189
2010-08-27 18:45:00.000000181,5.793206010667291
2010-08-27 18:45:00.000000191,6.687758960720089
2010-08-27 18:45:00.000000228,6.965592698647015
2010-08-27 18:45:00.00000069,11.617073069228923
2010-08-27 18:45:00.000000113,8.184090782258068
2010-08-27 18:45:00.00000049,8.534743465546057
2010-08-27 18:45:00.000000103,5.582237356539281
2010-08-27 18:45:00.0000003,5.780463706600358
2010-08-27 18:45:00.0000008,7.524330787291319
2010-08-27 18:45:00.000000134,6.479890256031126
2010-08-27 18:45:00.000000183,27.111481778760094
2010-08-27 18:45:00.00000013,13.344979153969462
2010-08-27 18:45:00.000000235,5.609896072832839
2010-08-27 18:45:00.00000038,8.943502763446759
2010-08-27 18:45:00.00000030,16.066342155935672
2010-08-27 18:45:00.000000203,9.672664560321891
2010-08-27 18:45:00.000000182,10.227969774468306
2010-08-27 18:45:00.000000230,8.250073246586794
2010-08-27 18:45:00.00000065,7.404202367224457
2011-02-12 00:43:24.0000003,10.539037491466956
2011-02-12 00:43:24.0000001,3.287687029474114
2014-05-07 06:50:20.0000002,7.653138845403987
2014-05-07 06:50:20.0000001,7.803766700742585
2014-05-07 06:50:20.0000003,9.26159275370469
2011-04-27 20:59:24.0000002,9.421954147789052
2011-04-27 20:59:24.0000003,12.03789699774029
2011-04-27 20:59:24.0000004,5.936504996668191
2011-04-27 20:59:24.0000001,7.9985133437583045
2011-04-27 20:59:24.0000005,7.377587686693914
2010-08-14 02:13:00.00000069,7.931941703973621
2010-08-14 02:13:00.00000049,8.214794632728854
2010-08-14 02:13:00.00000059,5.711074029620818
2010-08-14 02:13:00.00000075,18.2601200692435
2010-08-14 02:13:00.00000020,6.645055142368392
2010-08-14 02:13:00.000000102,16.8022100244973
2010-08-14 02:13:00.00000060,5.564801801122599
2010-08-14 02:13:00.00000033,17.823797535893846
2010-08-14 02:13:00.000000166,12.898124044916472
2010-08-14 02:13:00.000000111,7.453295869740941
2010-08-14 02:13:00.00000056,9.928412598848695
2010-08-14 02:13:00.00000044,6.767147186364241
2010-08-14 02:13:00.000000132,6.892567871594565
2010-08-14 02:13:00.00000073,5.63424686033909
2010-08-14 02:13:00.00000043,7.633061092987077
2010-08-14 02:13:00.00000085,12.218624511881785
2010-08-14 02:13:00.000000108,21.907315171511414
2010-08-14 02:13:00.00000028,17.52927752434755
2010-08-14 02:13:00.00000076,6.079469236035379
2010-08-14 02:13:00.00000066,33.427334479634055
2010-08-14 02:13:00.00000080,23.62134083947808
2010-08-14 02:13:00.000000149,11.654322543004469
2010-08-14 02:13:00.00000054,10.258117105342421
2010-08-14 02:13:00.000000130,11.955737051700794
2010-08-14 02:13:00.00000032,3.647020478339641
2010-08-14 02:13:00.000000158,6.398535137402405
2010-08-14 02:13:00.000000171,14.022932703123843
2010-08-14 02:13:00.00000092,6.086716794236622
2010-08-14 02:13:00.000000155,9.42548555947667
2010-08-14 02:13:00.000000116,3.706016768067343
2010-08-14 02:13:00.000000109,13.014872656113653
2010-08-14 02:13:00.00000030,7.21793597014198
2010-08-14 02:13:00.00000015,14.332923115901508
2010-08-14 02:13:00.000000133,9.049193483950717
2010-08-14 02:13:00.00000072,9.538784667373193
2010-08-14 02:13:00.00000052,11.700866946679412
2010-08-14 02:13:00.000000170,15.195537885562203
2010-08-14 02:13:00.0000007,10.309227673480791
2010-08-14 02:13:00.000000165,9.770633564742752
2010-08-14 02:13:00.00000026,11.826938341585446
2010-08-14 02:13:00.000000148,5.948134131772463
2010-08-14 02:13:00.00000034,10.379815333106649
2010-08-14 02:13:00.00000022,27.330521070920327
2010-08-14 02:13:00.000000100,5.149907601163136
2010-08-14 02:13:00.000000160,6.804621068854431
2010-08-14 02:13:00.0000009,17.1642157532483
2010-08-14 02:13:00.00000038,12.132124904597617
2010-08-14 02:13:00.0000001,8.605486052830543
2010-08-14 02:13:00.00000078,7.3302850008320775
2010-08-14 02:13:00.000000134,8.347461285097097
2010-08-14 02:13:00.00000077,20.851284743190263
2010-08-14 02:13:00.000000168,6.557815872023298
2010-08-14 02:13:00.000000161,8.986463720979714
2010-08-14 02:13:00.000000122,6.619326862540447
2010-08-14 02:13:00.00000035,6.0465524343557036
2010-08-14 02:13:00.000000110,6.43862995640211
2010-08-14 02:13:00.000000146,12.231344681794099
2010-08-14 02:13:00.00000010,15.130448331186017
2010-08-14 02:13:00.000000141,4.892276638670182
2010-08-14 02:13:00.00000087,20.70413186674432
2010-08-14 02:13:00.000000137,6.276057021676706
2010-08-14 02:13:00.00000064,7.597518996504391
2010-08-14 02:13:00.00000084,8.070995937272642
2010-08-14 02:13:00.000000139,19.34800774951441
2010-08-14 02:13:00.00000089,36.198323339755234
2010-08-14 02:13:00.000000140,46.27125167928102
2010-08-14 02:13:00.00000012,10.751509713859946
2010-08-14 02:13:00.00000025,6.033277429449072
2010-08-14 02:13:00.00000070,4.617476457432872
2010-08-14 02:13:00.0000004,12.082176756572835
2010-08-14 02:13:00.00000090,10.862798789921499
2010-08-14 02:13:00.000000101,15.150834245469696
2010-08-14 02:13:00.00000017,5.78064200751578
2010-08-14 02:13:00.00000055,6.691629266403993
2010-08-14 02:13:00.00000014,9.90460226854384
2010-08-14 02:13:00.000000142,17.442159052522584
2010-08-14 02:13:00.00000021,15.910376044764917
2010-08-14 02:13:00.00000047,15.03570574919479
2010-08-14 02:13:00.00000083,4.832310342411688
2010-08-14 02:13:00.000000162,7.727327437179383
2015-04-16 22:32:48.0000006,11.715471204806477
2015-04-16 22:32:48.0000001,8.74697294402597
2015-04-16 22:32:48.0000004,7.802156881190285
2015-04-16 22:32:48.0000002,13.665594621916057
2015-04-16 22:32:48.0000005,10.220184137691376
2013-03-15 11:57:04.0000002,7.155990954368917
2013-03-15 11:57:04.0000001,7.985324201198296
2014-11-16 08:47:12.0000002,13.206455604477355
2014-11-16 08:47:12.0000001,8.262168988102303
2013-02-20 16:10:28.0000001,6.388677257283689
2011-07-03 00:36:04.0000001,7.79578480617397
2014-03-25 23:47:00.00000074,8.640216524847801
2014-03-25 23:47:00.00000088,11.63436429414719
2014-03-25 23:47:00.000000100,9.800419560165778
2014-03-25 23:47:00.00000094,7.37648236992402
2014-03-25 23:47:00.00000059,12.456341588326723
2014-03-25 23:47:00.00000066,9.89781058204062
2014-03-25 23:47:00.00000016,6.75587377516149
2014-03-25 23:47:00.0000003,16.195858821472143
2014-03-25 23:47:00.00000080,6.815827686009925
2014-03-25 23:47:00.00000048,42.256824095409
2014-03-25 23:47:00.00000058,11.854989818637819
2014-03-25 23:47:00.00000070,24.378481122209223
2014-03-25 23:47:00.00000046,16.24784236486539
2014-03-25 23:47:00.00000053,7.124002154983145
2014-03-25 23:47:00.00000029,8.874577345942157
2014-03-25 23:47:00.00000087,11.505817274246283
2014-03-25 23:47:00.000000126,9.448248393148106
2014-03-25 23:47:00.00000024,11.707557489002738
2014-03-25 23:47:00.0000007,13.768116391947956
2014-03-25 23:47:00.00000071,17.366468162063825
2014-03-25 23:47:00.0000008,12.245310883150182
2014-03-25 23:47:00.00000049,20.61799557532629
2014-03-25 23:47:00.00000090,23.3827824236447
2014-03-25 23:47:00.00000089,21.020735749070354
2014-03-25 23:47:00.000000117,7.557453955274923
2014-03-25 23:47:00.00000043,10.984128478527168
2014-03-25 23:47:00.00000032,9.398618154432029
2014-03-25 23:47:00.00000081,8.059010839794269
2014-03-25 23:47:00.00000023,8.292587872971694
2014-03-25 23:47:00.00000099,30.13606843300545
2014-03-25 23:47:00.00000077,8.715917477934113
2014-03-25 23:47:00.00000065,8.493500027551022
2014-03-25 23:47:00.000000111,13.698160955326784
2014-03-25 23:47:00.000000118,24.959199305417656
2014-03-25 23:47:00.00000038,10.823354227985078
2014-03-25 23:47:00.000000110,8.066463707550952
2014-03-25 23:47:00.00000014,14.132504176968268
2014-03-25 23:47:00.00000086,36.68838976150096
2014-03-25 23:47:00.00000097,9.068219382466395
2014-03-25 23:47:00.00000092,20.471376165594847
2014-03-25 23:47:00.000000140,10.558210334937371
2014-03-25 23:47:00.000000123,22.666586093055685
2014-03-25 23:47:00.000000131,7.725371494527849
2014-03-25 23:47:00.00000033,14.013264372749177
2014-03-25 23:47:00.00000015,8.02705191729956
2014-03-25 23:47:00.000000125,22.57242007650939
2014-03-25 23:47:00.00000061,19.94126601373216
2014-03-25 23:47:00.00000027,13.225122541795258
2014-03-25 23:47:00.000000101,25.673865888901105
2014-03-25 23:47:00.000000136,9.437598958114222
2014-03-25 23:47:00.000000133,8.880828780933143
2014-03-25 23:47:00.0000006,29.07555881087137
2014-03-25 23:47:00.00000047,11.744685774500908
2014-03-25 23:47:00.00000056,10.408138905017609
2014-03-25 23:47:00.0000001,6.9269595878892005
2014-03-25 23:47:00.00000045,8.0090261966443
2014-03-25 23:47:00.00000073,8.295196766454865
2014-03-25 23:47:00.00000030,18.360873395987028
2014-03-25 23:47:00.00000010,27.431998771837584
2014-03-25 23:47:00.00000072,12.980840936761865
2014-03-25 23:47:00.0000009,17.655792217191788
2014-03-25 23:47:00.00000082,10.877557485177476
2014-03-25 23:47:00.00000017,7.774870689224372
2014-03-25 23:47:00.00000050,10.495874434414304
2014-03-25 23:47:00.000000121,10.116378747106637
2014-03-25 23:47:00.000000109,21.37632131918906
2014-03-25 23:47:00.00000018,6.451842046291517
2014-03-25 23:47:00.00000078,8.931250735651929
2014-03-25 23:47:00.00000025,6.7335950596180965
2014-03-25 23:47:00.00000044,7.871391566813031
2014-03-25 23:47:00.0000005,7.342448497378086
2014-03-25 23:47:00.00000062,8.884018015126117
2014-03-25 23:47:00.000000130,39.90857562782412
2014-03-25 23:47:00.00000037,10.142463433547505
2014-03-25 23:47:00.000000114,13.194816257980051
2014-03-25 23:47:00.0000002,23.719383825481145
2014-03-25 23:47:00.000000103,22.755158241906656
2014-03-25 23:47:00.000000106,14.708822112803546
2014-03-25 23:47:00.00000095,10.296565905405714
2014-03-25 23:47:00.000000113,25.83292803527013
2014-03-25 23:47:00.0000004,17.387815406093978
2014-03-25 23:47:00.00000041,18.26932227099428
2014-03-25 23:47:00.00000079,17.162806531341175
2011-06-21 13:19:20.0000001,8.98143642457751
2011-06-21 13:19:20.0000003,7.395647854046615
2011-06-21 13:19:20.0000002,11.348110286751421
2013-01-02 20:53:44.0000001,7.270743709136468
2013-01-02 20:53:44.0000002,7.618161677736566
2009-10-07 08:16:24.0000001,11.353621929568476
2012-08-25 22:18:36.0000003,14.401348020021942
2012-08-25 22:18:36.0000004,11.178803490261657
2012-08-25 22:18:36.0000001,9.10524098540759
2012-08-25 22:18:36.0000002,9.88143163876839
2015-06-05 08:38:56.0000005,8.706761796284127
2015-06-05 08:38:56.0000007,10.616373187648946
2015-06-05 08:38:56.0000006,8.288585752097333
2015-06-05 08:38:56.0000004,28.504933655707305
2015-06-05 08:38:56.0000001,28.095318323446463
2015-06-05 08:38:56.0000002,14.33556624078983
2013-02-26 11:10:24.0000002,8.687426858978256
2013-02-26 11:10:24.0000001,28.620948018985132
2014-04-29 00:02:40.0000001,9.510672881340952
2014-04-29 00:02:40.0000002,15.634791445883707
2014-04-29 00:02:40.0000003,14.23120016444068
2010-08-06 20:27:12.0000002,14.002875895503053
2010-08-06 20:27:12.0000005,9.414760073913612
2010-08-06 20:27:12.0000004,5.209067587499703
2010-08-06 20:27:12.0000001,10.67898552036877
2012-06-07 00:25:40.0000001,9.148205332444718
2012-06-07 00:25:40.0000002,18.92882279324988
2011-09-24 07:42:32.0000001,7.3517262083796595
2011-09-28 10:58:48.0000002,7.783603401569621
2011-09-28 10:58:48.0000001,7.234677023127233
2011-09-28 10:58:48.0000005,6.117641432012533
2011-09-28 10:58:48.0000004,13.083082785801821
2011-09-28 10:58:48.0000003,19.07781628705459
2011-09-28 10:58:48.0000006,11.408600275363256
2009-11-01 05:04:12.0000001,9.504175610223342
2009-11-01 05:04:12.0000002,13.081073676515985
2014-04-23 22:54:12.0000002,8.245845514992311
2014-04-23 22:54:12.0000001,25.40157010986104
2014-04-23 22:54:12.0000004,31.715007976990705
2014-04-23 22:54:12.0000003,12.745221693628196
2014-04-23 22:54:12.0000005,7.465898512063404
2014-04-23 22:54:12.0000006,14.891243020967863
2012-02-28 19:18:44.0000001,7.084071577030045
2012-02-28 19:18:44.0000002,10.695263269009047
2010-09-29 16:43:00.0000003,46.26800486634784
2010-09-29 16:43:00.000000143,5.916560067092291
2010-09-29 16:43:00.000000150,4.8496262235784116
2010-09-29 16:43:00.00000077,6.8062840216900895
2010-09-29 16:43:00.000000153,12.972054989961293
2010-09-29 16:43:00.00000048,5.238247032547179
2010-09-29 16:43:00.00000086,3.7986401256277986
2010-09-29 16:43:00.000000108,9.270577308984798
2010-09-29 16:43:00.000000101,6.752596045798555
2010-09-29 16:43:00.000000132,6.9709346678200745
2010-09-29 16:43:00.00000033,4.330817835666494
2010-09-29 16:43:00.00000055,6.0342868125693485
2010-09-29 16:43:00.000000107,9.915208552838976
2010-09-29 16:43:00.000000147,4.451697829829413
2010-09-29 16:43:00.00000098,8.341737167730457
2010-09-29 16:43:00.00000053,12.783524052600683
2010-09-29 16:43:00.00000052,9.56243782880415
2010-09-29 16:43:00.00000085,6.640106464151586
2010-09-29 16:43:00.000000115,5.904820756843378
2010-09-29 16:43:00.000000133,3.220235784378133
2010-09-29 16:43:00.000000131,11.084312157517274
2010-09-29 16:43:00.00000031,13.715589122536016
2010-09-29 16:43:00.00000096,3.980596915902197
2010-09-29 16:43:00.000000120,6.4287805712123145
2010-09-29 16:43:00.000000175,14.012160560368443
2010-09-29 16:43:00.00000072,10.791967733360707
2010-09-29 16:43:00.00000038,9.426753438858213
2010-09-29 16:43:00.00000043,7.451810117441028
2010-09-29 16:43:00.0000007,40.03036588286716
2010-09-29 16:43:00.000000111,7.0688209974056235
2010-09-29 16:43:00.00000067,7.87167746855971
2010-09-29 16:43:00.00000065,7.954175087685826
2010-09-29 16:43:00.00000046,5.001239842078803
2010-09-29 16:43:00.00000075,9.850631486866746
2010-09-29 16:43:00.000000155,6.433631294834527
2010-09-29 16:43:00.00000087,46.34391352155944
2010-09-29 16:43:00.000000160,8.641466323973646
2010-09-29 16:43:00.00000060,7.567081384117955
2010-09-29 16:43:00.00000020,8.122483921333583
2010-09-29 16:43:00.00000091,9.31682140257351
2010-09-29 16:43:00.00000068,14.188613751951948
2010-09-29 16:43:00.000000165,9.116582510264607
2010-09-29 16:43:00.000000146,6.0054223347992775
2010-09-29 16:43:00.000000169,9.652320745209636
2010-09-29 16:43:00.000000141,6.1673242003686255
2010-09-29 16:43:00.00000018,7.510626313699845
2010-09-29 16:43:00.000000100,9.108531707096176
2010-09-29 16:43:00.000000163,19.279374450699606
2010-09-29 16:43:00.00000076,5.2442046433872065
2010-09-29 16:43:00.00000027,34.35644454652993
2010-09-29 16:43:00.000000137,8.790059463127363
2010-09-29 16:43:00.00000021,7.198618217749754
2010-09-29 16:43:00.00000063,7.809732975274642
2010-09-29 16:43:00.00000058,9.442037542693924
2010-09-29 16:43:00.00000090,17.65371958369019
2010-09-29 16:43:00.00000066,10.170662117746588
2010-09-29 16:43:00.000000156,6.635424018104914
2010-09-29 16:43:00.000000104,5.844227161707408
2010-09-29 16:43:00.00000089,39.35116241394803
2010-09-29 16:43:00.00000029,24.339803341471338
2010-09-29 16:43:00.0000004,6.841728572908437
2010-09-29 16:43:00.00000051,10.549443065314222
2010-09-29 16:43:00.00000036,7.502271365530987
2010-09-29 16:43:00.000000158,8.820271983262728
2010-09-29 16:43:00.000000106,9.301786193284897
2010-09-29 16:43:00.00000047,5.791317611356362
2010-09-29 16:43:00.00000073,8.834209549178809
2010-09-29 16:43:00.00000024,7.304669102357138
2010-09-29 16:43:00.000000151,7.472585532895096
2010-09-29 16:43:00.000000134,4.140939822538826
2010-09-29 16:43:00.000000138,5.702712247131444
2010-09-29 16:43:00.000000125,7.078736243537833
2010-09-29 16:43:00.000000112,6.528410923875754
2010-09-29 16:43:00.0000006,5.801483832434883
2010-09-29 16:43:00.00000025,15.165139777626223
2010-09-29 16:43:00.0000008,6.500303849443753
2010-09-29 16:43:00.00000049,24.171899288726536
2010-09-29 16:43:00.000000173,6.245756678411567
2010-09-29 16:43:00.00000050,6.945154741402121
2010-09-29 16:43:00.00000035,5.689473407212404
2010-09-29 16:43:00.00000097,43.26085100908131
2010-09-29 16:43:00.00000054,7.1045741387220005
2010-09-29 16:43:00.000000166,6.56156994872174
2010-09-29 16:43:00.0000005,6.291592610267799
2010-09-29 16:43:00.00000030,26.071669440970936
2010-09-29 16:43:00.000000102,15.99909528860428
2010-09-29 16:43:00.00000056,9.661156902736707
2010-09-29 16:43:00.000000103,6.3938602418501205
2010-09-29 16:43:00.00000092,36.10623785872053
2010-09-29 16:43:00.00000079,5.597164507360958
2010-09-29 16:43:00.000000149,6.078666536719879
2010-09-29 16:43:00.000000123,5.151362250309035
2010-09-29 16:43:00.000000128,5.552065538345914
2010-09-29 16:43:00.000000121,7.878802922313639
2010-09-29 16:43:00.000000105,28.955050892905547
2010-09-29 16:43:00.00000026,12.157192900159316
2010-09-29 16:43:00.000000109,9.421542650085826
2010-09-29 16:43:00.000000124,4.6482279214892515
2010-09-29 16:43:00.00000071,5.82724140398534
2010-09-29 16:43:00.00000061,19.277442474846453
2010-09-29 16:43:00.000000129,9.26460731474242
2010-09-29 16:43:00.00000095,5.908797771506897
2010-09-29 16:43:00.00000010,10.810825636050254
2010-09-29 16:43:00.00000081,8.420096495308485
2010-09-29 16:43:00.00000017,11.094187452900655
2010-09-29 16:43:00.00000028,8.022392980601921
2010-09-29 16:43:00.000000167,4.150305519893436
2010-09-29 16:43:00.00000082,13.254948926908241
2010-09-29 16:43:00.000000116,9.168609838862949
2010-09-29 16:43:00.000000127,39.851573365488434
2014-10-27 14:58:00.00000095,8.935102716436177
2014-10-27 14:58:00.000000118,10.101705964061807
2014-10-27 14:58:00.00000098,9.474476322142891
2014-10-27 14:58:00.000000108,13.207552238544963
2014-10-27 14:58:00.00000074,6.9448882448853055
2014-10-27 14:58:00.00000079,13.638584016399022
2014-10-27 14:58:00.000000137,8.577879125541585
2014-10-27 14:58:00.0000001,11.799557022598378
2014-10-27 14:58:00.00000018,8.182642102211844
2014-10-27 14:58:00.000000142,8.386120194139949
2014-10-27 14:58:00.00000082,8.625535693335564
2014-10-27 14:58:00.0000008,18.84312999388726
2014-10-27 14:58:00.00000016,8.706865084554579
2014-10-27 14:58:00.000000117,9.643533526366468
2014-10-27 14:58:00.00000048,10.591923350630395
2014-10-27 14:58:00.00000075,8.069190862316532
2014-10-27 14:58:00.000000112,16.65904841077554
2014-10-27 14:58:00.00000029,8.455765074313035
2014-10-27 14:58:00.00000058,9.277598072629075
2014-10-27 14:58:00.00000053,12.473404793292389
2014-10-27 14:58:00.00000052,7.464555441016955
2014-10-27 14:58:00.00000071,12.312406653019366
2014-10-27 14:58:00.00000044,11.72229246783786
2014-10-27 14:58:00.000000120,8.165448180973499
2014-10-27 14:58:00.00000034,11.01134329964043
2014-10-27 14:58:00.000000105,8.550314753563384
2014-10-27 14:58:00.000000147,8.68246822700064
2014-10-27 14:58:00.00000030,8.416763678577922
2014-10-27 14:58:00.000000100,9.852704721093573
2014-10-27 14:58:00.00000086,8.944117400512823
2014-10-27 14:58:00.00000047,25.07380030047375
2014-10-27 14:58:00.000000107,26.7255930229785
2014-10-27 14:58:00.000000127,26.296772026109693
2014-10-27 14:58:00.000000119,7.415130944513066
2014-10-27 14:58:00.00000013,26.381576136114745
2014-10-27 14:58:00.00000076,29.227982625834443
2014-10-27 14:58:00.00000085,8.57962758474082
2014-10-27 14:58:00.00000038,9.383511666975096
2014-10-27 14:58:00.0000004,8.650543053830575
2014-10-27 14:58:00.00000037,30.56279729901246
2014-10-27 14:58:00.00000041,6.97164246345244
2014-10-27 14:58:00.000000141,8.469960886499848
2014-10-27 14:58:00.000000140,9.80873672901157
2014-10-27 14:58:00.00000042,9.487089664396422
2014-10-27 14:58:00.000000109,8.30829699321987
2014-10-27 14:58:00.00000077,11.069533090501295
2014-10-27 14:58:00.00000026,17.068793176872077
2014-10-27 14:58:00.000000151,7.441457592805364
2014-10-27 14:58:00.00000061,9.270852527378565
2014-10-27 14:58:00.000000114,16.172691414096676
2014-10-27 14:58:00.00000021,15.200568600819565
2014-10-27 14:58:00.00000063,9.089916836129987
2014-10-27 14:58:00.00000072,50.41519791061023
2014-10-27 14:58:00.000000131,10.032601985305064
2014-10-27 14:58:00.0000005,29.808591871547833
2014-10-27 14:58:00.000000110,8.64735772770166
2014-10-27 14:58:00.00000011,8.529225806753857
2014-10-27 14:58:00.00000064,8.182342621141629
2014-10-27 14:58:00.00000033,7.464761760645956
2014-10-27 14:58:00.00000091,8.638881741400155
2014-10-27 14:58:00.0000003,12.953471247224229
2014-10-27 14:58:00.00000096,6.901552451631005
2014-10-27 14:58:00.00000051,10.54787225188852
2014-10-27 14:58:00.00000020,8.928592062077087
2014-10-27 14:58:00.000000138,49.50726352268407
2014-10-27 14:58:00.0000002,18.173593685372907
2014-10-27 14:58:00.00000039,11.616115370178022
2014-10-27 14:58:00.00000073,10.076458198969704
2014-10-27 14:58:00.000000116,9.743753804796711
2014-10-27 14:58:00.00000049,8.712893377279102
2014-10-27 14:58:00.00000025,14.157161586509801
2014-10-27 14:58:00.000000133,6.966042038024398
2014-10-27 14:58:00.00000043,9.925286400347886
2014-10-27 14:58:00.00000055,8.94119639911321
2014-10-27 14:58:00.000000124,24.144018552375087
2014-10-27 14:58:00.00000083,11.455021612318774
2014-10-27 14:58:00.00000010,9.274883173363946
2014-10-27 14:58:00.000000126,7.563375741773598
2014-10-27 14:58:00.00000017,11.574820365406481
2014-10-27 14:58:00.000000139,11.788956490417263
2014-10-27 14:58:00.00000014,8.052637579909856
2014-10-27 14:58:00.00000045,10.892330920239488
2014-10-27 14:58:00.000000132,8.357065615004217
2014-10-27 14:58:00.00000080,30.97567774417496
2014-10-27 14:58:00.00000019,8.928455421535205
2014-10-27 14:58:00.000000102,13.105772557686919
2014-10-27 14:58:00.00000062,11.708190776199558
2014-10-27 14:58:00.000000122,32.37061374292125
2014-10-27 14:58:00.00000032,15.471271331982962
2014-10-27 14:58:00.00000015,9.950801800216482
2014-10-27 14:58:00.00000084,50.658728152954154
2014-10-27 14:58:00.000000134,7.6421626357642936
2014-10-27 14:58:00.00000093,10.615787570656607
2014-10-27 14:58:00.00000068,8.255757208056139
2014-10-27 14:58:00.00000089,46.7126545048385
2014-10-27 14:58:00.00000027,49.6430687821761
2009-10-08 23:44:56.0000004,16.27496773310611
2009-10-08 23:44:56.0000001,11.825297454324414
2012-11-03 17:11:00.00000035,6.85804391706256
2012-11-03 17:11:00.000000107,12.713417205054384
2012-11-03 17:11:00.00000069,10.188508833291962
2012-11-03 17:11:00.000000116,11.882791443352517
2012-11-03 17:11:00.000000145,6.614447403833424
2012-11-03 17:11:00.00000097,6.4748869879813356
2012-11-03 17:11:00.000000119,6.889449514522312
2012-11-03 17:11:00.000000134,6.869775076742144
2012-11-03 17:11:00.000000137,7.867597634126582
2012-11-03 17:11:00.00000010,15.929160500090916
2012-11-03 17:11:00.000000157,6.538015691103283
2012-11-03 17:11:00.000000121,17.947232763618445
2012-11-03 17:11:00.00000073,50.22387813628552
2012-11-03 17:11:00.00000062,9.084836712872743
2012-11-03 17:11:00.000000130,7.505453601650061
2012-11-03 17:11:00.000000141,8.953410939246737
2012-11-03 17:11:00.00000098,12.164965940491015
2012-11-03 17:11:00.00000066,7.580180481485058
2012-11-03 17:11:00.00000036,10.072458711384684
2012-11-03 17:11:00.00000026,5.464634656352132
2012-11-03 17:11:00.000000110,7.774502648670591
2012-11-03 17:11:00.00000021,8.289509490642558
2012-11-03 17:11:00.00000040,7.8117351431415045
2012-11-03 17:11:00.00000087,10.089029761774782
2012-11-03 17:11:00.00000039,13.933620976536304
2012-11-03 17:11:00.00000033,11.726381755548118
2012-11-03 17:11:00.0000006,6.528433734754458
2012-11-03 17:11:00.00000025,15.623955857996293
2012-11-03 17:11:00.000000129,10.199537173051567
2012-11-03 17:11:00.000000153,12.23709093250784
2012-11-03 17:11:00.000000138,13.292085711594382
2012-11-03 17:11:00.000000143,4.882588093167783
2012-11-03 17:11:00.000000109,12.146360434478083
2012-11-03 17:11:00.00000042,12.44752030689358
2012-11-03 17:11:00.000000104,21.01520874603284
2012-11-03 17:11:00.0000005,8.3053559404907
2012-11-03 17:11:00.00000056,47.91644918796101
2012-11-03 17:11:00.00000045,5.582622508030795
2012-11-03 17:11:00.00000034,12.455928154578828
2012-11-03 17:11:00.000000120,9.909854023141406
2012-11-03 17:11:00.000000127,10.932471042544762
2012-11-03 17:11:00.00000022,5.810117225446447
2012-11-03 17:11:00.0000003,15.370280520253118
2012-11-03 17:11:00.00000084,8.564776911561921
2012-11-03 17:11:00.00000089,10.217447013926517
2012-11-03 17:11:00.00000041,13.586538507327077
2012-11-03 17:11:00.000000108,11.631357108219504
2012-11-03 17:11:00.000000158,8.606383473707297
2012-11-03 17:11:00.000000122,5.679109098759227
2012-11-03 17:11:00.000000111,16.853869592422257
2012-11-03 17:11:00.00000027,10.26451306689819
2012-11-03 17:11:00.0000008,6.468835323225903
2012-11-03 17:11:00.000000148,18.24912636355475
2012-11-03 17:11:00.000000144,41.7775991971979
2012-11-03 17:11:00.00000029,10.028908175557717
2012-11-03 17:11:00.00000049,8.044697044874283
2012-11-03 17:11:00.00000011,6.489637490753694
2012-11-03 17:11:00.00000094,16.078453288381183
2012-11-03 17:11:00.000000152,15.538344555602748
2012-11-03 17:11:00.00000051,9.293268137971154
2012-11-03 17:11:00.00000048,8.356029134633104
2012-11-03 17:11:00.00000043,9.891396758413066
2012-11-03 17:11:00.00000059,8.629644011201094
2012-11-03 17:11:00.00000019,6.962963623268479
2012-11-03 17:11:00.000000135,10.307216898607976
2012-11-03 17:11:00.00000017,10.918672825209228
2012-11-03 17:11:00.000000146,8.318688470038182
2012-11-03 17:11:00.00000068,11.734749118544073
2012-11-03 17:11:00.00000092,11.626117145173225
2012-11-03 17:11:00.0000002,19.123933279965172
2012-11-03 17:11:00.000000133,6.7493253894850795
2012-11-03 17:11:00.00000038,12.930448548471077
2012-11-03 17:11:00.000000123,6.990820475623423
2012-11-03 17:11:00.00000015,6.375880462172745
2012-11-03 17:11:00.000000131,6.73719224842182
2012-11-03 17:11:00.000000112,6.743622921481688
2012-11-03 17:11:00.000000100,7.88527118959837
2012-11-03 17:11:00.00000095,13.301361830758196
2012-11-03 17:11:00.0000004,7.904338388850533
2012-11-03 17:11:00.00000047,17.522427953741726
2012-11-03 17:11:00.00000020,18.90716934452314
2012-11-03 17:11:00.000000156,19.393223061503477
2012-11-03 17:11:00.00000014,6.327666969128472
2012-11-03 17:11:00.000000139,10.205198969261687
2012-11-03 17:11:00.000000154,8.321184049913086
2012-11-03 17:11:00.000000151,7.22034741546554
2012-11-03 17:11:00.00000070,9.589451180118886
2012-11-03 17:11:00.00000023,10.830103705112037
2012-11-03 17:11:00.00000065,8.264501504993063
2012-11-03 17:11:00.00000018,8.879090986998904
2012-11-03 17:11:00.00000088,6.634464533674873
2012-11-03 17:11:00.000000140,14.078642782581255
2012-11-03 17:11:00.00000071,8.983806251045507
2009-05-07 13:58:32.0000003,5.993285829720207
2009-05-07 13:58:32.0000001,5.401600787242614
2011-12-25 21:26:32.0000001,5.973416567350455
2015-01-12 19:01:00.0000001,12.141890274352932
2015-01-12 19:01:00.0000003,6.918570210165626
2015-01-12 19:01:00.0000004,13.994587965527671
2015-01-12 19:01:00.0000002,8.540367305223867
2009-10-06 16:09:24.0000001,6.803308653237764
2009-10-06 16:09:24.0000003,6.511295069868538
2009-10-06 16:09:24.0000002,5.03291023602128
2009-05-06 01:49:12.0000003,34.665197586761565
2009-05-06 01:49:12.0000005,6.136614506950764
2009-05-06 01:49:12.0000001,12.15488458472646
2009-05-06 01:49:12.0000006,6.8192028936549605
2014-10-07 11:20:56.0000002,35.08282677170109
2014-10-07 11:20:56.0000001,10.392467719733531
2014-10-07 11:20:56.0000003,9.248773940690285
2009-02-10 15:30:04.0000002,10.621808981032927
2009-02-10 15:30:04.0000001,7.004885817343279
2013-09-28 00:06:20.0000004,18.560687423327522
2013-09-28 00:06:20.0000001,15.362539507646375
2013-09-28 00:06:20.0000009,13.844586019344547
2013-09-28 00:06:20.0000008,11.706843310125578
2013-09-28 00:06:20.0000007,7.561610243966811
2013-09-28 00:06:20.0000006,13.369540653373747
2013-09-28 00:06:20.0000002,17.984361063637266
2013-07-18 08:25:04.0000001,7.943191472946069
2013-07-18 08:25:04.0000002,6.987575637874215
2013-07-18 08:25:04.0000003,8.236486015334094
2011-03-11 01:44:00.00000010,6.6642161718053785
2011-03-11 01:44:00.00000070,7.797910464671304
2011-03-11 01:44:00.00000088,20.929580681762786
2011-03-11 01:44:00.00000063,14.406422835316675
2011-03-11 01:44:00.00000058,18.05722116744039
2011-03-11 01:44:00.00000086,22.99864677301923
2011-03-11 01:44:00.00000053,6.238142664618749
2011-03-11 01:44:00.00000094,10.294792625103355
2011-03-11 01:44:00.00000069,5.4277897611353865
2011-03-11 01:44:00.00000061,15.60957758912923
2011-03-11 01:44:00.0000008,5.357799930729698
2011-03-11 01:44:00.0000002,15.359456696385791
2011-03-11 01:44:00.00000050,4.253680342749135
2011-03-11 01:44:00.00000068,10.109247233580845
2011-03-11 01:44:00.00000018,9.209481388272252
2011-03-11 01:44:00.00000079,14.542878241750373
2011-03-11 01:44:00.00000037,5.086741357486289
2011-03-11 01:44:00.00000015,8.696210904459804
2011-03-11 01:44:00.00000071,5.598276226971848
2011-03-11 01:44:00.00000054,15.906973942697391
2011-03-11 01:44:00.00000080,4.5282134913933305
2011-03-11 01:44:00.00000078,8.997015168652979
2011-03-11 01:44:00.00000055,8.470362561959405
2011-03-11 01:44:00.00000026,22.53816566569469
2011-03-11 01:44:00.00000045,10.480996085000015
2011-03-11 01:44:00.00000013,6.655346751950788
2011-03-11 01:44:00.0000007,23.56397120270401
2011-03-11 01:44:00.00000024,5.005028999143178
2011-03-11 01:44:00.00000093,5.664651719616245
2011-03-11 01:44:00.00000089,9.3983189678695
2011-03-11 01:44:00.00000022,9.332829690617928
2011-03-11 01:44:00.00000020,5.429428824832485
2011-03-11 01:44:00.00000025,4.725838822714991
2011-03-11 01:44:00.00000090,25.60042622554795
2011-03-11 01:44:00.00000087,16.052982681319918
2011-03-11 01:44:00.00000017,18.179083818357753
2011-03-11 01:44:00.00000031,22.96168338720861
2011-03-11 01:44:00.00000048,13.26515781376429
2011-03-11 01:44:00.00000076,19.292256158086047
2011-03-11 01:44:00.00000012,16.096926968333037
2011-03-11 01:44:00.00000066,11.232103677030977
2011-03-11 01:44:00.0000001,9.135124743352208
2011-03-11 01:44:00.00000091,15.402872638277245
2011-03-11 01:44:00.00000043,7.61548900405819
2011-03-11 01:44:00.00000060,6.952796585231113
2011-03-11 01:44:00.00000049,15.569397346639448
2011-03-11 01:44:00.00000073,7.249142551472232
2011-03-11 01:44:00.0000004,14.853249325874458
2013-12-16 19:06:44.0000002,7.775497144247993
2013-12-18 03:49:24.0000001,9.339616019022401
2013-08-05 19:04:36.0000002,10.918393868449016
2013-08-05 19:04:36.0000001,8.477303003368434
2009-05-08 18:00:36.0000002,4.693682141709928
2013-01-27 00:09:12.0000002,12.116515258311097
2013-01-27 00:09:12.0000006,7.212798464690195
2013-01-27 00:09:12.0000009,8.452070162480595
2013-01-27 00:09:12.0000001,6.37962375556458
2013-01-27 00:09:12.0000004,7.759340408453568
2013-01-27 00:09:12.0000007,16.3270848394327
2013-01-27 00:09:12.0000005,8.675364317403591
2012-06-18 22:51:56.0000002,7.299703352005849
2012-06-18 22:51:56.0000001,6.3438306140242275
2011-06-20 09:55:24.0000004,4.856994180689981
2011-06-20 09:55:24.0000003,6.003938946225844
2011-06-20 09:55:24.0000001,9.312653782105372
2011-06-20 09:55:24.0000002,5.445460182083934
2011-06-20 09:55:24.0000005,9.172501888835995
2015-02-22 09:48:32.0000002,8.815479934547625
2015-02-22 09:48:32.0000001,14.783852559279921
2015-02-22 09:48:32.0000003,20.99700031097143
2010-08-25 23:40:32.0000001,12.191382066284746
2012-01-07 11:21:56.0000002,13.709600991581283
2012-10-31 12:17:24.0000003,7.3643246673843805
2012-10-31 12:17:24.0000001,6.832274884242111
2012-10-20 02:05:08.0000001,14.765319692541766
2012-10-20 02:05:08.0000002,7.222726593332027
2012-05-06 08:52:08.0000001,11.606058834326973
2014-10-11 15:11:24.0000002,8.844111105460684
2014-10-11 15:11:24.0000004,34.545038031222475
2014-10-11 15:11:24.0000005,12.886631554088012
2014-10-11 15:11:24.0000006,45.050237556539855
2014-10-11 15:11:24.0000001,9.306245722229505
2009-08-17 12:27:08.0000004,5.590052573006119
2009-08-17 12:27:08.0000001,18.532252079967748
2009-08-17 12:27:08.0000003,5.803349606909819
2011-10-28 07:45:04.0000001,16.016981674879958
2011-10-28 07:45:04.0000003,7.2926476260341815
2011-10-28 07:45:04.0000002,4.951696005663393
2014-04-09 09:23:12.0000003,7.791658575035626
2014-04-09 09:23:12.0000005,8.094336027187637
2014-04-09 09:23:12.0000002,6.9655702209189485
2014-04-09 09:23:12.0000001,9.646306396284672
2013-09-15 02:37:52.0000001,13.537360418862818
2013-09-15 02:37:52.0000003,9.26077014196801
2009-11-25 19:32:52.0000005,12.514536354886104
2009-11-25 19:32:52.0000002,9.413152599569685
2009-11-25 19:32:52.0000003,17.65681434459873
2014-05-30 00:09:16.0000002,12.054105617809682
2014-05-30 00:09:16.0000005,11.77029908249483
2014-05-30 00:09:16.0000003,7.08255151414437
2014-05-30 00:09:16.0000004,6.887913979307541
2014-05-30 00:09:16.0000001,9.471220965088492
2013-10-24 14:18:20.0000001,6.24082592037405
2013-10-24 14:18:20.0000002,5.674971031419204
2013-10-24 14:18:20.0000003,11.914425308389127
2014-06-07 22:07:12.0000002,15.32627070576234
2014-06-07 22:07:12.0000001,11.662330967193384
2013-01-07 17:08:32.0000003,7.1892306635477325
2013-01-07 17:08:32.0000001,8.23596865044101
2010-08-11 00:12:08.0000001,6.125099944278531
2011-10-04 09:37:00.0000007,7.190831866689223
2011-10-04 09:37:00.00000092,6.473147278344754
2011-10-04 09:37:00.000000150,6.314267464797695
2011-10-04 09:37:00.00000010,6.9948024962648105
2011-10-04 09:37:00.00000065,24.246996704761955
2011-10-04 09:37:00.000000151,7.126960774037002
2011-10-04 09:37:00.00000089,6.64268979386884
2011-10-04 09:37:00.000000120,7.5829745097727255
2011-10-04 09:37:00.0000009,7.0969561381798485
2011-10-04 09:37:00.000000110,5.937076646856212
2011-10-04 09:37:00.00000098,14.776381299391574
2011-10-04 09:37:00.00000011,5.43581082970195
2011-10-04 09:37:00.00000042,8.492475638417659
2011-10-04 09:37:00.00000024,7.665303911527417
2011-10-04 09:37:00.000000188,15.92278993277796
2011-10-04 09:37:00.00000071,9.926830977164059
2011-10-04 09:37:00.000000168,10.853628757676574
2011-10-04 09:37:00.000000159,9.387623470585822
2011-10-04 09:37:00.000000171,11.13458961801473
2011-10-04 09:37:00.000000129,7.119555079703559
2011-10-04 09:37:00.000000186,6.634646300521695
2011-10-04 09:37:00.000000123,13.135033363481853
2011-10-04 09:37:00.00000020,5.854085590693899
2011-10-04 09:37:00.00000033,7.574472054650869
2011-10-04 09:37:00.00000058,12.636473983628207
2011-10-04 09:37:00.00000068,9.866477479681748
2011-10-04 09:37:00.000000131,5.994928419213238
2011-10-04 09:37:00.000000178,31.479879719566043
2011-10-04 09:37:00.000000103,22.925008136831593
2011-10-04 09:37:00.00000026,8.967632396605723
2011-10-04 09:37:00.000000115,7.594314131084161
2011-10-04 09:37:00.00000059,41.39035479138079
2011-10-04 09:37:00.00000090,14.385528359834325
2011-10-04 09:37:00.00000063,8.13875394675972
2011-10-04 09:37:00.000000169,5.576415696495701
2011-10-04 09:37:00.00000066,9.877245484816285
2011-10-04 09:37:00.000000181,5.383574260236628
2011-10-04 09:37:00.00000018,4.5598717569167775
2011-10-04 09:37:00.000000112,6.468478360305767
2011-10-04 09:37:00.00000094,10.859410019225606
2011-10-04 09:37:00.0000001,7.7931800875810495
2011-10-04 09:37:00.000000139,11.083286890132513
2011-10-04 09:37:00.000000152,10.159163755058103
2011-10-04 09:37:00.000000187,6.321578870548024
2011-10-04 09:37:00.00000070,8.10355453193199
2011-10-04 09:37:00.00000050,6.203443010377441
2011-10-04 09:37:00.0000004,15.49894246913152
2011-10-04 09:37:00.000000153,12.090381599047078
2011-10-04 09:37:00.00000076,30.919819680814157
2011-10-04 09:37:00.00000079,24.797875541283815
2011-10-04 09:37:00.000000146,6.7937650930010705
2011-10-04 09:37:00.000000192,9.068229659550411
2011-10-04 09:37:00.000000172,9.579746485293413
2011-10-04 09:37:00.000000154,7.46938868008931
2011-10-04 09:37:00.000000124,8.069685769425064
2011-10-04 09:37:00.000000142,6.5754371860607534
2011-10-04 09:37:00.000000167,9.49269661890628
2011-10-04 09:37:00.00000048,10.528007533000164
2011-10-04 09:37:00.00000074,13.885563553734869
2011-10-04 09:37:00.000000193,9.862386491907955
2011-10-04 09:37:00.000000166,6.917378450729984
2011-10-04 09:37:00.000000147,6.999306616820377
2011-10-04 09:37:00.000000189,6.886556027421989
2011-10-04 09:37:00.0000008,7.573313244946348
2011-10-04 09:37:00.000000125,6.296953998878507
2011-10-04 09:37:00.00000051,5.528455978069815
2011-10-04 09:37:00.000000173,8.759771198063845
2011-10-04 09:37:00.00000096,12.202420929205232
2011-10-04 09:37:00.000000174,6.367810694664172
2011-10-04 09:37:00.000000130,7.271851284328022
2011-10-04 09:37:00.00000016,7.379230461330394
2011-10-04 09:37:00.000000145,7.53096425097192
2011-10-04 09:37:00.000000140,8.09286146343345
2011-10-04 09:37:00.00000040,23.97102537829221
2011-10-04 09:37:00.000000118,11.206846086327118
2011-10-04 09:37:00.00000081,7.047259155069696
2011-10-04 09:37:00.000000175,4.589410015988051
2011-10-04 09:37:00.00000072,8.41452155625791
2011-10-04 09:37:00.000000143,6.335119230916462
2011-10-04 09:37:00.000000104,7.472606733786847
2011-10-04 09:37:00.00000053,6.8996470238812435
2011-10-04 09:37:00.00000084,6.16913529503654
2011-10-04 09:37:00.00000030,9.538490652825885
2011-10-04 09:37:00.000000100,7.557372655106178
2011-10-04 09:37:00.000000105,7.404908297786051
2011-10-04 09:37:00.00000041,5.903463266944868
2011-10-04 09:37:00.00000091,11.688973010225482
2011-10-04 09:37:00.00000078,7.698844345309794
2011-10-04 09:37:00.000000197,8.218202924728644
2011-10-04 09:37:00.000000119,9.643449517493764
2011-10-04 09:37:00.000000161,7.35702525115164
2011-10-04 09:37:00.00000039,6.978360304737862
2011-10-04 09:37:00.00000086,7.662963063318557
2011-10-04 09:37:00.000000195,8.632170308047193
2011-10-04 09:37:00.000000182,7.351845584568423
2011-10-04 09:37:00.000000133,7.237159544094993
2011-10-04 09:37:00.00000029,8.217154264198712
2011-10-04 09:37:00.000000144,6.818140132724466
2011-10-04 09:37:00.000000128,7.002288363642947
2011-10-04 09:37:00.00000027,8.533375856183739
2011-10-04 09:37:00.00000032,7.307630147254372
2011-10-04 09:37:00.00000073,9.114625379658492
2011-10-04 09:37:00.00000083,8.903692110527345
2011-10-04 09:37:00.00000021,7.062730663957268
2011-10-04 09:37:00.000000137,5.4705181920335235
2011-10-04 09:37:00.00000087,45.03717318175302
2011-10-04 09:37:00.00000060,25.75622247513752
2011-10-04 09:37:00.000000138,9.609340697658126
2011-10-04 09:37:00.00000046,8.412132041965606
2011-10-04 09:37:00.00000075,5.065684011589042
2011-10-04 09:37:00.000000198,5.822804722171895
2011-10-04 09:37:00.000000121,9.030105158281344
2011-10-04 09:37:00.000000116,5.340248907699106
2011-10-04 09:37:00.000000117,8.509950455061812
2011-10-04 09:37:00.00000097,13.704456835603423
2011-10-04 09:37:00.00000012,5.49999538783959
2011-10-04 09:37:00.00000093,34.41916911544752
2011-10-04 09:37:00.000000101,6.534179590711119
2011-10-04 09:37:00.00000082,21.492181034520627
2011-10-04 09:37:00.000000126,4.243523108822728
2011-10-04 09:37:00.00000035,10.51408988899243
2011-10-04 09:37:00.000000127,16.457880150353617
2011-10-04 09:37:00.000000156,7.05925541829572
2014-04-29 08:15:56.0000002,7.161201603695872
2014-04-29 08:15:56.0000001,7.528125808354616
2012-10-23 14:15:04.0000003,10.388488108805973
2012-10-23 14:15:04.0000004,14.515819047662148
2012-10-23 14:15:04.0000001,6.649014747393494
2012-08-31 08:01:16.0000001,6.838689934837589
2012-10-18 21:06:20.0000003,10.138241207076703
2012-10-18 21:06:20.0000006,38.637270367796305
2012-10-18 21:06:20.0000002,8.498495986228932
2012-10-18 21:06:20.0000005,5.035304980644128
2012-10-18 21:06:20.0000004,8.70450284101264
2012-10-18 21:06:20.0000008,9.244249736594497
2012-10-18 21:06:20.00000010,8.930845655021017
2012-10-18 21:06:20.0000001,28.53308175626853
2014-02-26 04:36:28.0000001,12.471159858961414
2010-02-20 00:43:28.0000002,7.758198456941614
2010-02-20 00:43:28.0000004,28.41604955680134
2010-02-20 00:43:28.0000003,7.763314961373112
2010-02-20 00:43:28.0000001,11.577673673897038
2009-08-21 08:00:48.0000002,6.809150372297722
2009-08-21 08:00:48.0000001,6.282643658789652
2009-08-21 08:00:48.0000003,5.713081863168441
2014-12-24 03:00:00.00000034,9.868271995715872
2014-12-24 03:00:00.00000013,26.298321487290423
2014-12-24 03:00:00.0000001,15.239388115059569
2014-12-24 03:00:00.00000032,9.8795390185104
2014-12-24 03:00:00.0000006,9.969720497665776
2014-12-24 03:00:00.00000037,8.720712573767287
2014-12-24 03:00:00.00000012,10.639594481726704
2014-12-24 03:00:00.00000023,22.131143266433583
2014-12-24 03:00:00.00000041,7.970940694631963
2014-12-24 03:00:00.0000008,8.998215422795738
2014-12-24 03:00:00.00000024,19.071773389884584
2014-12-24 03:00:00.00000038,11.390442197012817
2014-12-24 03:00:00.0000009,9.736259954169213
2014-12-24 03:00:00.00000018,15.46077132049436
2014-12-24 03:00:00.00000011,29.358149199584886
2014-12-24 03:00:00.00000021,12.855277179655559
2014-12-24 03:00:00.00000030,10.196940515237316
2014-12-24 03:00:00.00000010,8.035012836293163
2014-12-24 03:00:00.0000004,11.926404158636728
2014-12-24 03:00:00.00000022,19.422169184198538
2014-12-24 03:00:00.00000028,8.322753465640403
2012-08-19 12:46:40.0000003,14.822352420624611
2012-08-19 12:46:40.0000002,5.596339297691884
2012-08-19 12:46:40.0000001,9.594528090143058
2013-12-02 17:53:24.0000003,11.093719542396116
2013-12-02 17:53:24.0000001,12.228352834856992
2013-12-02 17:53:24.0000002,10.303983573366281
2011-11-07 18:53:08.0000002,11.627051351235764
2011-11-07 18:53:08.0000001,13.110905243899765
2009-05-16 23:36:24.0000001,6.8605130163999775
2009-05-16 23:36:24.0000002,4.773978944069427
2011-01-10 10:56:56.0000003,7.784319938295539
2011-01-10 10:56:56.0000002,25.92932321705939
2011-01-10 10:56:56.0000001,5.40158203104852
2010-10-07 10:54:20.0000002,9.738789438844151
2010-10-07 10:54:20.0000005,12.834513691934944
2010-10-07 10:54:20.0000001,5.4239179291460005
2010-10-07 10:54:20.0000004,6.716279125894175
2011-02-21 20:11:08.0000001,9.00824852413541
2011-02-21 20:11:08.0000005,6.450048007417195
2011-02-21 20:11:08.0000002,10.251202587036914
2011-02-21 20:11:08.0000003,8.605865472243181
2011-02-21 20:11:08.0000004,39.25818769743091
2009-10-04 22:54:56.0000003,8.934257263482323
2015-04-11 20:31:32.0000007,7.9858951879864435
2015-04-11 20:31:32.00000012,8.020552152874302
2015-04-11 20:31:32.0000003,36.15543716381967
2015-04-11 20:31:32.0000006,15.062666064072687
2015-04-11 20:31:32.0000002,21.360020155912594
2015-04-11 20:31:32.0000009,12.174425742557105
2015-04-11 20:31:32.00000010,7.559417341029871
2015-04-11 20:31:32.0000001,9.5256164724251
2012-04-02 02:53:24.0000001,12.927133595106739
2014-04-21 16:00:36.0000001,7.026065060168321
2014-04-21 16:00:36.0000003,5.409541926289194
2014-04-21 16:00:36.0000002,7.233142658584711
2012-03-22 21:11:36.0000006,18.654594344483257
2012-03-22 21:11:36.0000008,9.855814788290445
2012-03-22 21:11:36.0000005,10.123065928918663
2012-03-22 21:11:36.0000001,10.61331513887933
2012-03-22 21:11:36.0000004,6.183432536330997
2012-03-22 21:11:36.0000007,6.688162971275119
2012-03-22 21:11:36.0000002,10.21388685235695
2012-03-22 21:11:36.0000003,22.520553988141387
2011-04-08 00:57:44.0000001,5.252673834862776
2011-02-20 12:31:04.0000001,9.592472673591487
2011-02-20 12:31:04.0000003,4.226742992997515
2011-02-06 17:08:24.0000004,17.021330176572178
2011-02-06 17:08:24.0000002,7.734398020023264
2011-02-06 17:08:24.0000001,8.83271756020929
2013-01-01 22:04:56.0000001,9.035900655098658
2013-04-23 17:52:44.0000001,15.280783393070806
2013-04-23 17:52:44.0000002,7.392334220321459
2013-07-02 21:47:24.0000003,6.945892106757128
2013-07-02 21:47:24.0000002,19.15209212848663
2013-07-02 21:47:24.0000001,18.32312359376317
2010-01-01 13:19:40.0000002,16.401623512794572
2010-01-01 13:19:40.0000005,7.451391228879288
2010-01-01 13:19:40.0000001,9.05391522388561
2010-01-01 13:19:40.0000003,68.71083643946929
2013-04-26 20:41:16.0000001,9.12056927515971
2010-03-06 23:51:08.0000002,11.05500912580419
2010-03-06 23:51:08.0000001,8.398959572701983
2014-04-17 16:58:28.0000001,8.793254534299422
2014-04-17 16:58:28.0000002,11.14118885417463
2014-01-06 16:39:16.0000001,23.693523327549542
2015-02-12 05:37:56.0000002,8.616694320143665
2011-12-22 01:00:08.0000001,18.855624165209292
2011-12-22 01:00:08.0000002,8.353539176441359
2011-08-20 17:04:24.0000001,6.097447785840814
2011-06-30 13:07:36.0000001,6.331850714244638
2011-06-30 13:07:36.0000005,8.829103333217859
2011-06-30 13:07:36.0000002,7.175343517974284
2011-06-30 13:07:36.0000004,7.00679075171422
2011-06-30 13:07:36.0000003,8.29958483385633
2014-04-27 02:57:00.000000100,7.093865015236133
2014-04-27 02:57:00.000000130,9.3906956344332
2014-04-27 02:57:00.000000109,25.966100956167566
2014-04-27 02:57:00.00000096,20.308180276683174
2014-04-27 02:57:00.00000063,20.996750121970535
2014-04-27 02:57:00.000000177,6.050628263472277
2014-04-27 02:57:00.000000132,13.240722630949904
2014-04-27 02:57:00.000000170,19.612811089523802
2014-04-27 02:57:00.00000021,13.164806486974271
2014-04-27 02:57:00.000000136,11.987082323473373
2014-04-27 02:57:00.00000032,12.133415063398957
2014-04-27 02:57:00.000000107,7.20443105436425
2014-04-27 02:57:00.00000028,42.83689615494541
2014-04-27 02:57:00.00000026,15.354869641660912
2014-04-27 02:57:00.000000139,9.595760702752614
2014-04-27 02:57:00.00000015,19.238632333927626
2014-04-27 02:57:00.00000095,6.193357469979674
2014-04-27 02:57:00.000000105,23.016796266271285
2014-04-27 02:57:00.000000196,9.771165205064221
2014-04-27 02:57:00.0000001,7.046232877177545
2014-04-27 02:57:00.000000175,14.174551696807612
2014-04-27 02:57:00.000000188,18.358884545790033
2014-04-27 02:57:00.00000051,20.09167648780044
2014-04-27 02:57:00.00000055,8.118109927123442
2014-04-27 02:57:00.00000016,18.530367693759786
2014-04-27 02:57:00.000000169,7.649444186459618
2014-04-27 02:57:00.00000086,13.491962196142708
2014-04-27 02:57:00.000000148,16.24443128166638
2014-04-27 02:57:00.00000087,16.819330517824028
2014-04-27 02:57:00.00000027,15.330186769203237
2014-04-27 02:57:00.000000120,22.76127320180683
2014-04-27 02:57:00.00000068,6.835334768219809
2014-04-27 02:57:00.00000099,9.007375136607607
2014-04-27 02:57:00.000000193,10.399070027780567
2014-04-27 02:57:00.00000081,18.07173798058193
2014-04-27 02:57:00.000000135,21.80312199406785
2014-04-27 02:57:00.000000181,7.357250310007771
2014-04-27 02:57:00.00000020,7.456876768004577
2014-04-27 02:57:00.000000157,16.105729949677993
2014-04-27 02:57:00.00000079,20.658014426102454
2014-04-27 02:57:00.00000019,8.805989987658222
2014-04-27 02:57:00.000000126,15.914598673854812
2014-04-27 02:57:00.0000002,7.167543012284796
2014-04-27 02:57:00.00000062,10.594978074406413
2014-04-27 02:57:00.00000085,11.617745352907036
2014-04-27 02:57:00.00000014,15.874067018974074
2014-04-27 02:57:00.000000161,9.451996951456636
2014-04-27 02:57:00.00000084,14.091149395348111
2014-04-27 02:57:00.000000122,18.326194668895596
2014-04-27 02:57:00.000000111,9.373131504187768
2014-04-27 02:57:00.000000113,10.686572927352017
2014-04-27 02:57:00.00000071,10.640930868453438
2014-04-27 02:57:00.00000077,11.699095742689792
2014-04-27 02:57:00.000000134,41.395279229060066
2014-04-27 02:57:00.000000103,12.66877877272725
2014-04-27 02:57:00.000000102,13.910789061059518
2014-04-27 02:57:00.000000160,19.570440055423887
2014-04-27 02:57:00.00000042,6.867673865716711
2014-04-27 02:57:00.00000054,5.715058195143683
2014-04-27 02:57:00.00000049,16.45772887509918
2014-04-27 02:57:00.000000147,12.159454257995094
2014-04-27 02:57:00.00000045,9.146841625668799
2014-04-27 02:57:00.0000003,19.128546613220124
2014-04-27 02:57:00.000000182,13.577354932388857
2014-04-27 02:57:00.000000180,10.274461082816629
2014-04-27 02:57:00.00000038,19.001960726185644
2014-04-27 02:57:00.0000005,10.503513098626627
2014-04-27 02:57:00.000000108,6.821211823659269
2014-04-27 02:57:00.00000092,7.306546010312559
2014-04-27 02:57:00.000000192,11.565145085639756
2014-04-27 02:57:00.000000165,8.648535015507491
2014-04-27 02:57:00.000000115,9.123428778583616
2014-04-27 02:57:00.00000029,11.226470749630153
2014-04-27 02:57:00.00000050,7.63940204671826
2014-04-27 02:57:00.000000119,9.788566281880094
2014-04-27 02:57:00.00000011,18.920992967149118
2014-04-27 02:57:00.000000114,13.89439012231503
2014-04-27 02:57:00.000000190,14.345398120042091
2014-04-27 02:57:00.00000061,5.707661437982438
2014-04-27 02:57:00.00000098,12.005811201153392
2014-04-27 02:57:00.00000040,8.782697116096529
2014-04-27 02:57:00.000000117,18.054575736928314
2014-04-27 02:57:00.000000150,8.992765877884153
2014-04-27 02:57:00.00000035,9.540057991345634
2014-04-27 02:57:00.00000022,21.732012785240954
2014-04-27 02:57:00.000000146,7.885292966772909
2014-04-27 02:57:00.00000018,9.471610078632807
2014-04-27 02:57:00.00000041,17.997947477150547
2014-04-27 02:57:00.00000089,17.187102994628958
2014-04-27 02:57:00.00000088,12.95310627612696
2014-04-27 02:57:00.000000101,11.907280802043147
2014-04-27 02:57:00.00000058,25.93796066623065
2014-04-27 02:57:00.00000030,11.189698433911985
2014-04-27 02:57:00.000000156,13.593642316285013
2014-04-27 02:57:00.00000024,9.343268793682569
2014-04-27 02:57:00.000000163,9.04740266114311
2014-04-27 02:57:00.000000152,11.956793530068467
2014-04-27 02:57:00.00000037,7.567291093223162
2014-04-27 02:57:00.00000065,7.376318270350112
2014-04-27 02:57:00.0000006,26.227730509251387
2014-04-27 02:57:00.00000060,10.15118241155244
2014-04-27 02:57:00.000000110,8.911316835156754
2014-04-27 02:57:00.00000034,7.4270513464908845
2014-04-27 02:57:00.000000149,23.6690581163283
2014-04-27 02:57:00.000000176,6.961834961650993
2014-04-27 02:57:00.000000184,8.263532823253513
2014-04-27 02:57:00.000000118,9.277126473970611
2014-04-27 02:57:00.000000186,14.980881431770626
2014-04-27 02:57:00.000000104,10.358420284208705
2014-04-27 02:57:00.00000080,26.75129977708434
2014-04-27 02:57:00.000000121,9.810838129780905
2014-04-27 02:57:00.00000093,7.839715329536375
2014-04-27 02:57:00.00000056,10.556542601017327
2014-04-27 02:57:00.00000044,17.0289532056006
2014-04-27 02:57:00.00000048,9.166905352118874
2014-04-27 02:57:00.00000059,14.303746272341186
2014-04-27 02:57:00.000000194,19.59986982295618
2014-04-27 02:57:00.000000185,21.90375346786709
2014-04-27 02:57:00.000000125,20.355598645969962
2014-04-27 02:57:00.00000046,13.432413446524833
2014-04-27 02:57:00.00000070,17.816866732531707
2014-04-27 02:57:00.000000133,14.737250432810924
2011-01-18 10:26:40.0000003,5.514298226214692
2011-01-18 10:26:40.0000002,8.302105993501755
2012-04-20 07:57:20.0000001,10.54867872875468
2012-04-20 07:57:20.0000004,6.427885630210994
2012-04-20 07:57:20.0000003,5.967311252547347
2012-04-20 07:57:20.0000002,5.401935080604289
2011-12-13 22:00:00.00000071,13.952639139618213
2011-12-13 22:00:00.000000178,5.840979530477057
2011-12-13 22:00:00.00000016,9.326769042631213
2011-12-13 22:00:00.000000127,8.996395066770788
2011-12-13 22:00:00.00000065,6.209138102036604
2011-12-13 22:00:00.000000227,5.852656582468285
2011-12-13 22:00:00.000000257,7.334183410445007
2011-12-13 22:00:00.000000238,7.735265785511274
2011-12-13 22:00:00.0000008,9.711222123585912
2011-12-13 22:00:00.000000252,7.070969804832885
2011-12-13 22:00:00.000000204,14.263488614929543
2011-12-13 22:00:00.000000120,9.602555284130062
2011-12-13 22:00:00.000000175,6.079918139677716
2011-12-13 22:00:00.00000010,12.93714169682994
2011-12-13 22:00:00.00000048,8.418424288061601
2011-12-13 22:00:00.000000189,6.513193701527825
2011-12-13 22:00:00.00000011,6.6116903482981115
2011-12-13 22:00:00.000000247,8.170828294165176
2011-12-13 22:00:00.000000261,5.1915719902426645
2011-12-13 22:00:00.0000004,15.40094028265844
2011-12-13 22:00:00.00000014,10.619513872821244
2011-12-13 22:00:00.000000151,38.702687285315164
2011-12-13 22:00:00.00000025,7.5281227123311965
2011-12-13 22:00:00.00000039,11.462316566638037
2011-12-13 22:00:00.000000179,8.984183894501939
2011-12-13 22:00:00.000000137,12.187271903712144
2011-12-13 22:00:00.00000091,13.810629641596506
2011-12-13 22:00:00.000000109,7.1476504135973755
2011-12-13 22:00:00.000000174,9.829494732984472
2011-12-13 22:00:00.000000225,17.17800514405303
2011-12-13 22:00:00.000000207,8.805687571838916
2011-12-13 22:00:00.000000269,26.48274899678006
2011-12-13 22:00:00.000000234,7.751381026806598
2011-12-13 22:00:00.00000017,9.00397992081389
2011-12-13 22:00:00.00000046,6.438916518517544
2011-12-13 22:00:00.00000057,14.167332764255207
2011-12-13 22:00:00.000000105,8.804148842711243
2011-12-13 22:00:00.000000114,15.993214125245117
2011-12-13 22:00:00.00000030,6.884929370785699
2011-12-13 22:00:00.000000100,7.38731433071132
2011-12-13 22:00:00.00000088,17.595441726722925
2011-12-13 22:00:00.000000242,10.104771062045074
2011-12-13 22:00:00.000000113,7.758929807156505
2011-12-13 22:00:00.000000157,13.92230149777663
2011-12-13 22:00:00.000000177,13.723149760203341
2011-12-13 22:00:00.000000169,10.907955586137177
2011-12-13 22:00:00.000000123,5.678352640468006
2011-12-13 22:00:00.000000182,27.231605896361998
2011-12-13 22:00:00.000000129,9.167110536488963
2011-12-13 22:00:00.000000136,30.22937587721185
2011-12-13 22:00:00.000000187,7.952062836479627
2011-12-13 22:00:00.000000218,9.320756748502504
2011-12-13 22:00:00.000000167,32.10457300873577
2011-12-13 22:00:00.000000192,11.893569065358975
2011-12-13 22:00:00.00000024,7.9905308909887935
2011-12-13 22:00:00.00000093,10.568763879421567
2011-12-13 22:00:00.000000260,6.030384881857685
2011-12-13 22:00:00.00000038,6.250267414360451
2011-12-13 22:00:00.000000208,7.700558146863159
2011-12-13 22:00:00.000000210,7.378813844799879
2011-12-13 22:00:00.000000181,7.471480229899157
2011-12-13 22:00:00.000000111,12.105558629893267
2011-12-13 22:00:00.000000161,17.11158212897351
2011-12-13 22:00:00.000000209,7.957478853597195
2011-12-13 22:00:00.00000029,7.655649080518401
2011-12-13 22:00:00.00000067,6.920485826104368
2011-12-13 22:00:00.000000202,6.8268640288422375
2011-12-13 22:00:00.000000245,9.85240491147988
2011-12-13 22:00:00.000000206,11.529592460833896
2011-12-13 22:00:00.0000003,7.523273382827483
2011-12-13 22:00:00.00000060,13.371046004309392
2011-12-13 22:00:00.00000053,7.497267957606027
2011-12-13 22:00:00.000000201,10.319517149844728
2011-12-13 22:00:00.000000212,10.644430005723734
2011-12-13 22:00:00.000000235,19.169023339320006
2011-12-13 22:00:00.000000170,27.116480897225415
2011-12-13 22:00:00.000000253,6.959858826099207
2011-12-13 22:00:00.000000172,19.160189283135878
2011-12-13 22:00:00.00000086,6.266491479113142
2011-12-13 22:00:00.000000223,47.86369508304767
2011-12-13 22:00:00.0000009,14.786410806014146
2011-12-13 22:00:00.00000031,13.775184645205968
2011-12-13 22:00:00.000000243,10.062760202367713
2011-12-13 22:00:00.000000133,11.506374028726214
2011-12-13 22:00:00.000000199,8.921249113174781
2011-12-13 22:00:00.000000104,20.064188072526008
2011-12-13 22:00:00.00000023,48.17083613138993
2011-12-13 22:00:00.00000075,33.376776006985324
2011-12-13 22:00:00.000000217,6.235108831719913
2011-12-13 22:00:00.000000220,8.66752003270824
2011-12-13 22:00:00.000000211,5.856425132504455
2011-12-13 22:00:00.000000150,10.075516627301567
2011-12-13 22:00:00.00000020,6.493938196592808
2011-12-13 22:00:00.000000254,5.775335735762155
2011-12-13 22:00:00.000000183,8.510671588754349
2011-12-13 22:00:00.000000166,11.669635752103432
2011-12-13 22:00:00.00000063,8.314424928452127
2011-12-13 22:00:00.000000124,6.925450146707817
2011-12-13 22:00:00.000000219,10.121346959851394
2011-12-13 22:00:00.00000099,17.36481128857008
2011-12-13 22:00:00.00000041,8.935465273554087
2011-12-13 22:00:00.00000080,11.174660421666317
2011-12-13 22:00:00.000000216,26.3096982302211
2011-12-13 22:00:00.000000240,7.127024639413889
2011-12-13 22:00:00.000000153,9.362287176227596
2011-12-13 22:00:00.00000068,5.138352808001741
2011-12-13 22:00:00.000000263,9.658437998346358
2011-12-13 22:00:00.00000061,14.02744097303821
2011-12-13 22:00:00.000000162,6.817172792615338
2011-12-13 22:00:00.00000045,6.226202217251625
2011-12-13 22:00:00.000000193,15.056205870941994
2011-12-13 22:00:00.000000112,25.668532794199223
2011-12-13 22:00:00.000000165,7.348246628835341
2011-12-13 22:00:00.000000255,13.778598929796317
2011-12-13 22:00:00.000000106,26.30230972906088
2011-12-13 22:00:00.000000125,16.79633316433251
2011-12-13 22:00:00.000000250,8.011539892095811
2011-12-13 22:00:00.0000006,6.69923600635957
2011-12-13 22:00:00.00000090,5.7535759111095786
2011-12-13 22:00:00.00000055,6.533835409276094
2011-12-13 22:00:00.000000188,9.143754183696615
2011-12-13 22:00:00.000000259,14.042823590422927
2011-12-13 22:00:00.000000142,17.2157077938366
2011-12-13 22:00:00.000000155,9.42793068410299
2011-12-13 22:00:00.00000082,6.502709534403948
2011-12-13 22:00:00.00000069,11.223166656664489
2011-12-13 22:00:00.00000097,19.041514694215607
2011-12-13 22:00:00.000000107,23.600256574943728
2011-12-13 22:00:00.000000126,6.899927722986149
2011-12-13 22:00:00.00000012,11.529002713682416
2011-12-13 22:00:00.000000158,8.58394855481265
2011-12-13 22:00:00.000000196,7.960037536683103
2011-12-13 22:00:00.000000132,26.109197385885523
2011-12-13 22:00:00.000000244,7.906306642775576
2011-12-13 22:00:00.000000268,10.024865761007504
2011-12-13 22:00:00.00000064,7.04843066929061
2011-12-13 22:00:00.000000159,11.3078281740369
2011-12-13 22:00:00.000000163,20.52470232443534
2011-12-13 22:00:00.000000232,20.466477870734593
2011-12-13 22:00:00.0000007,4.955913176322383
2011-12-13 22:00:00.00000054,6.352440241276668
2011-12-13 22:00:00.000000230,22.554224436956247
2011-12-13 22:00:00.000000256,6.6779610464612915
2011-12-13 22:00:00.000000146,7.6474177003365185
2011-12-13 22:00:00.000000265,9.825907166643333
2011-12-13 22:00:00.00000076,8.277588125808279
2011-12-13 22:00:00.00000062,18.902123644762128
2011-12-13 22:00:00.00000032,7.5726671048613525
2011-12-13 22:00:00.000000213,7.261474790810325
2011-12-13 22:00:00.00000083,13.435321702367332
2011-12-13 22:00:00.00000026,17.407759352786
2011-12-13 22:00:00.000000239,13.02972731851105
2011-12-13 22:00:00.000000233,11.937787549120003
2011-12-13 22:00:00.00000089,5.047131182886005
2011-12-13 22:00:00.000000267,9.00135054428938
2011-12-13 22:00:00.000000176,8.968913138063158
2011-12-13 22:00:00.000000139,6.50922376605547
2011-12-13 22:00:00.00000027,5.579426410473502
2011-12-13 22:00:00.00000042,9.214130074583863
2011-12-13 22:00:00.000000241,14.724113837355617
2011-12-13 22:00:00.000000222,7.919241078297773
2012-03-12 09:50:24.0000001,4.468915421721817
2012-03-12 09:50:24.0000003,7.020844485915518
2012-03-12 09:50:24.0000002,7.367802489830751
2014-05-13 07:33:52.0000006,6.6563521677650215
2014-05-13 07:33:52.0000004,7.945034999588529
2014-05-13 07:33:52.0000001,8.928500294613514
2014-05-13 07:33:52.0000002,6.757844657694363
2014-05-13 07:33:52.0000003,13.663517881552025
2011-06-30 09:37:08.0000002,9.445282740848938
2011-06-30 09:37:08.0000003,3.849564123028358
2012-09-18 17:13:40.0000002,7.537472299393471
2012-09-18 17:13:40.0000001,7.6583005737736585
2011-06-07 12:11:56.0000004,24.36375430256453
2011-06-07 12:11:56.0000001,10.443549408810895
2011-06-07 12:11:56.0000003,25.98928303606783
2011-06-07 12:11:56.0000002,5.603029333805921
2011-06-07 12:11:56.0000005,6.797185552438577
2010-05-21 23:04:44.0000002,18.861489389510552
2010-05-21 23:04:44.0000001,14.093089020156867
2009-01-28 16:36:28.0000002,5.428783789936119
2009-01-28 16:36:28.0000003,48.769125095591676
2009-01-28 16:36:28.0000005,6.20773170452685
2009-01-28 16:36:28.0000006,8.482468154013759
2009-01-28 16:36:28.0000001,4.664736698476872
2012-03-12 02:58:56.0000001,19.1458558643925
2010-07-21 22:06:12.0000005,8.956814146244255
2010-07-21 22:06:12.0000003,7.6756617391995405
2010-07-21 22:06:12.0000001,22.48113400273121
2010-07-21 22:06:12.0000002,12.873869162127676
2009-04-12 16:00:56.0000001,10.732409204603869
2013-05-24 13:37:32.0000001,6.92354150573874
2011-07-29 20:50:36.0000001,13.203827636564938
2011-07-29 20:50:36.0000003,19.441378943240807
2011-07-29 20:50:36.0000002,6.210646547208398
2014-03-05 21:07:12.0000003,14.003024169515356
2014-03-05 21:07:12.0000004,9.129716970822528
2009-11-28 15:07:24.0000004,53.11024436803348
2009-11-28 15:07:24.0000001,13.436045038050679
2009-11-28 15:07:24.0000003,6.110081952355131
2015-04-11 14:16:12.0000003,7.398227839262972
2015-04-11 14:16:12.00000010,7.18815011743925
2015-04-11 14:16:12.00000011,7.596366102378852
2015-04-11 14:16:12.0000001,8.24569622866602
2015-04-11 14:16:12.0000002,8.102973615479414
2015-04-11 14:16:12.0000006,50.65470930210165
2015-04-11 14:16:12.0000007,7.334518842982334
2015-04-11 14:16:12.0000008,10.192545834202747
2014-11-15 10:57:20.0000002,6.4657065882220195
2014-11-15 10:57:20.0000001,7.970140146965946
2010-07-31 15:47:28.0000001,4.804049480442586
2014-05-12 20:56:48.0000005,7.780646839429323
2014-05-12 20:56:48.0000001,9.828529650139217
2014-05-12 20:56:48.0000004,5.119858090189155
2014-05-12 20:56:48.0000003,9.892578708101041
2014-05-12 20:56:48.0000002,11.997439544350868
2014-01-16 06:00:48.0000001,12.346391229681444
2014-04-23 11:18:40.0000003,9.83679982082674
2014-04-23 11:18:40.0000002,8.505427428118423
2014-04-23 11:18:40.0000001,9.720745084140162
2011-09-22 04:49:56.0000001,34.71253125787007
2011-10-28 07:35:52.0000003,6.719867533911383
2011-10-28 07:35:52.0000002,11.078026369736904
2011-10-28 07:35:52.0000001,7.303750985249849
2015-05-10 19:54:00.0000001,10.463795373838366
2015-05-10 19:54:00.0000003,8.085540538087685
2015-05-10 19:54:00.0000005,10.4883787721526
2015-05-10 19:54:00.0000004,11.683977761927963
2011-03-28 23:18:48.0000001,11.931021448128945
2014-08-26 01:31:04.0000001,26.759314626908917
2015-02-26 15:55:48.0000004,10.95220819389192
2015-02-26 15:55:48.0000003,9.957375992923176
2015-02-26 15:55:48.0000002,7.099581356026761
2013-11-22 15:36:36.0000002,6.061490279767668
2010-02-13 11:03:04.0000002,5.890469184100084
2010-02-13 11:03:04.0000001,4.4165260337506425
2010-02-13 11:03:04.0000004,6.073450001509173
2010-02-13 11:03:04.0000003,5.342465105670954
2011-06-26 18:48:08.0000004,10.226140885641712
2011-06-26 18:48:08.0000005,16.958848695257757
2011-06-26 18:48:08.0000002,5.249504905095023
2011-06-26 18:48:08.0000001,7.885003648787006
2010-10-14 23:48:56.0000001,6.705707304975363
2010-10-14 23:48:56.0000002,46.90620162068126
2010-10-14 23:48:56.0000003,12.96835507110859
2010-10-14 23:48:56.0000004,6.392667888796268
2011-01-22 07:48:28.0000001,9.065501376272437
2011-10-17 18:49:20.0000003,16.51154273196505
2011-10-17 18:49:20.0000002,6.907041236846339
2011-10-17 18:49:20.0000005,9.66946608362548
2009-03-24 16:39:12.0000002,8.438890082734929
2009-03-24 16:39:12.0000004,6.890482351573837
2009-03-24 16:39:12.0000003,9.863380321982277
2009-03-24 16:39:12.0000001,5.342383087188068
2014-07-21 18:19:00.000000102,9.102873190685273
2014-07-21 18:19:00.000000106,10.170298514652814
2014-07-21 18:19:00.000000107,8.038767815145548
2014-07-21 18:19:00.00000094,44.28147216008756
2014-07-21 18:19:00.000000161,8.287447397100664
2014-07-21 18:19:00.000000129,14.738974154943321
2014-07-21 18:19:00.00000083,8.051361702504096
2014-07-21 18:19:00.000000163,14.015610846369214
2014-07-21 18:19:00.000000117,12.168812690705636
2014-07-21 18:19:00.00000028,6.893950427249365
2014-07-21 18:19:00.00000089,13.59423394093551
2014-07-21 18:19:00.000000130,8.365811052350978
2014-07-21 18:19:00.000000105,7.742405516228359
2014-07-21 18:19:00.000000123,15.490244544120287
2014-07-21 18:19:00.000000103,49.13677139320339
2014-07-21 18:19:00.000000227,5.763277727177069
2014-07-21 18:19:00.000000189,10.915902844576863
2014-07-21 18:19:00.000000168,10.031636406347161
2014-07-21 18:19:00.000000173,10.86052724064723
2014-07-21 18:19:00.000000128,14.017732484522867
2014-07-21 18:19:00.000000143,25.259823612267382
2014-07-21 18:19:00.00000018,19.91555747585528
2014-07-21 18:19:00.00000049,10.58470124683788
2014-07-21 18:19:00.00000022,8.352041680372622
2014-07-21 18:19:00.000000200,9.44942023146723
2014-07-21 18:19:00.000000193,9.870742264745218
2014-07-21 18:19:00.000000231,9.973175195316799
2014-07-21 18:19:00.000000202,13.423688704625192
2014-07-21 18:19:00.00000092,26.595192508742002
2014-07-21 18:19:00.000000148,7.887606717514132
2014-07-21 18:19:00.00000057,7.250384553648928
2014-07-21 18:19:00.00000074,8.59513306394524
2014-07-21 18:19:00.000000183,12.930001804083076
2014-07-21 18:19:00.000000221,19.491458017899163
2014-07-21 18:19:00.00000078,8.193013077891692
2014-07-21 18:19:00.00000058,8.953193326625751
2014-07-21 18:19:00.000000214,8.849793084295811
2014-07-21 18:19:00.000000122,9.652602953632936
2014-07-21 18:19:00.000000137,6.783154758368823
2014-07-21 18:19:00.00000027,9.443895059810416
2014-07-21 18:19:00.00000047,20.16853751212659
2014-07-21 18:19:00.00000061,12.357873004260568
2014-07-21 18:19:00.000000196,11.046252795945179
2014-07-21 18:19:00.000000125,14.570414352516195
2014-07-21 18:19:00.000000126,17.345268653806556
2014-07-21 18:19:00.000000145,7.021504335442842
2014-07-21 18:19:00.00000080,13.282642636589685
2014-07-21 18:19:00.00000055,9.72253095156691
2014-07-21 18:19:00.00000066,10.515377379268443
2014-07-21 18:19:00.000000111,8.14215221304039
2014-07-21 18:19:00.00000042,8.478386442251121
2014-07-21 18:19:00.000000215,9.735855133313294
2014-07-21 18:19:00.00000043,24.30023286588812
2014-07-21 18:19:00.000000119,18.481460366459032
2014-07-21 18:19:00.000000115,12.303298844017036
2014-07-21 18:19:00.0000009,11.06986915956395
2014-07-21 18:19:00.00000075,10.49635947307138
2014-07-21 18:19:00.000000118,6.558020652571599
2014-07-21 18:19:00.00000038,16.921852533428478
2014-07-21 18:19:00.000000124,11.037114431411965
2014-07-21 18:19:00.000000242,12.10431774989354
2014-07-21 18:19:00.00000019,8.910865584460794
2014-07-21 18:19:00.00000056,12.488115160577422
2014-07-21 18:19:00.000000239,8.449854400044728
2014-07-21 18:19:00.000000101,10.008991244092158
2014-07-21 18:19:00.000000216,32.679504940388824
2014-07-21 18:19:00.000000198,8.096888306022947
2014-07-21 18:19:00.000000174,25.43460222846886
2014-07-21 18:19:00.00000070,8.129274483969084
2014-07-21 18:19:00.0000004,11.540163559103462
2014-07-21 18:19:00.000000135,11.465612268254517
2014-07-21 18:19:00.000000165,9.573328893213784
2014-07-21 18:19:00.00000010,11.29954517922613
2014-07-21 18:19:00.000000211,8.506268088212096
2014-07-21 18:19:00.000000190,9.99047104886256
2014-07-21 18:19:00.00000021,8.14244205768
2014-07-21 18:19:00.000000204,8.287264940238401
2014-07-21 18:19:00.000000112,8.777374992105933
2014-07-21 18:19:00.000000169,19.154061749873335
2014-07-21 18:19:00.000000226,8.585523878213962
2014-07-21 18:19:00.000000109,8.519848422110499
2014-07-21 18:19:00.000000113,17.154148173829867
2014-07-21 18:19:00.000000127,18.01440655356521
2014-07-21 18:19:00.000000182,11.901237569173759
2014-07-21 18:19:00.00000036,9.565942110307446
2014-07-21 18:19:00.000000220,6.630608454139747
2014-07-21 18:19:00.000000121,8.10453407842283
2014-07-21 18:19:00.00000050,9.630315522205933
2014-07-21 18:19:00.000000178,7.546326175742706
2014-07-21 18:19:00.000000166,9.499182462066301
2014-07-21 18:19:00.000000224,7.791536302681266
2014-07-21 18:19:00.000000134,8.385005101008005
2014-07-21 18:19:00.000000195,12.69729961372093
2014-07-21 18:19:00.00000015,28.049176789854755
2014-07-21 18:19:00.0000005,45.25541945804889
2014-07-21 18:19:00.000000120,13.761367137381171
2014-07-21 18:19:00.000000133,9.159897703277124
2014-07-21 18:19:00.00000044,9.829218483822387
2014-07-21 18:19:00.000000233,8.47285556209306
2014-07-21 18:19:00.00000063,11.221312507657899
2014-07-21 18:19:00.000000167,11.986885286738811
2014-07-21 18:19:00.000000208,8.008243570155628
2014-07-21 18:19:00.00000030,12.333419441792216
2014-07-21 18:19:00.00000098,8.276484004181043
2014-07-21 18:19:00.000000179,8.764307858271309
2014-07-21 18:19:00.000000219,7.463198739270069
2014-07-21 18:19:00.0000006,7.0838810319592085
2014-07-21 18:19:00.0000008,12.65491358002646
2014-07-21 18:19:00.00000031,24.117769463160244
2014-07-21 18:19:00.000000225,8.475923595834274
2014-07-21 18:19:00.000000235,10.177276616999961
2014-07-21 18:19:00.000000104,11.128909638740083
2014-07-21 18:19:00.00000011,6.955566509789833
2014-07-21 18:19:00.00000026,7.516312711830096
2014-07-21 18:19:00.000000228,7.890092693735369
2014-07-21 18:19:00.000000154,9.21164773493183
2014-07-21 18:19:00.000000240,7.788879333388422
2014-07-21 18:19:00.00000069,14.673292740130364
2014-07-21 18:19:00.000000210,9.191683924077438
2014-07-21 18:19:00.00000097,27.382760170823644
2014-07-21 18:19:00.000000136,9.2690348233142
2014-07-21 18:19:00.000000150,11.127960646887914
2014-07-21 18:19:00.00000060,6.454715792415527
2014-07-21 18:19:00.00000073,7.49322685520076
2014-07-21 18:19:00.000000177,14.138394776830978
2014-07-21 18:19:00.000000222,9.389902277044257
2014-07-21 18:19:00.0000003,18.167130020067248
2014-07-21 18:19:00.00000012,7.485397033384629
2014-07-21 18:19:00.000000139,7.890150042023606
2014-07-21 18:19:00.000000194,10.959662077220855
2014-07-21 18:19:00.00000014,10.585004038180614
2014-07-21 18:19:00.00000051,8.485836043334416
2014-07-21 18:19:00.000000218,6.6196787830162975
2014-07-21 18:19:00.000000181,7.884083828193752
2014-07-21 18:19:00.000000114,12.63172619631257
2014-07-21 18:19:00.00000072,9.021274649419865
2014-07-21 18:19:00.000000213,8.946986995880138
2014-07-21 18:19:00.00000064,6.864107627426165
2012-12-07 16:13:08.0000001,15.83087906698313
2011-06-13 09:55:04.0000005,9.888922333511687
2011-06-13 09:55:04.0000004,5.456654304577455
2011-06-13 09:55:04.0000001,10.600162943097303
2014-12-27 22:31:56.0000002,12.998090284428145
2014-11-24 09:50:20.0000001,7.225100479027901
2014-11-24 09:50:20.0000002,17.682854778047385
2015-02-17 12:29:52.0000003,8.194642486862449
2015-02-17 12:29:52.0000002,9.11535757762681
2015-02-17 12:29:52.0000004,15.971026380780927
2015-02-17 12:29:52.0000001,7.037679404751088
2010-02-21 21:57:20.0000001,3.854303113624269
2010-02-21 21:57:20.0000002,4.650090247617413
2010-09-20 16:48:00.000000101,12.078944100095555
2010-09-20 16:48:00.000000140,7.975757165643245
2010-09-20 16:48:00.00000052,6.399473228297438
2010-09-20 16:48:00.00000038,10.43894855782571
2010-09-20 16:48:00.000000135,8.208215357921631
2010-09-20 16:48:00.000000145,9.536053313838579
2010-09-20 16:48:00.00000090,12.038652234315236
2010-09-20 16:48:00.00000088,34.03523857971993
2010-09-20 16:48:00.000000161,15.689166166833047
2010-09-20 16:48:00.000000160,8.104226787549692
2010-09-20 16:48:00.00000012,6.887773853354929
2010-09-20 16:48:00.00000028,48.49426660816698
2010-09-20 16:48:00.000000117,24.97190048997959
2010-09-20 16:48:00.00000018,5.742284259694088
2010-09-20 16:48:00.00000059,9.00935051171723
2010-09-20 16:48:00.00000061,5.357460278942767
2010-09-20 16:48:00.00000037,6.2988623388537235
2010-09-20 16:48:00.000000133,12.235305098040158
2010-09-20 16:48:00.000000141,9.764984434176995
2010-09-20 16:48:00.000000113,28.70782408287664
2010-09-20 16:48:00.00000067,18.165421293311965
2010-09-20 16:48:00.00000066,29.729087068559124
2010-09-20 16:48:00.000000128,11.083069100079456
2010-09-20 16:48:00.000000109,9.678253332915574
2010-09-20 16:48:00.000000167,34.90150722354235
2010-09-20 16:48:00.00000065,6.332415504221217
2010-09-20 16:48:00.000000157,41.037069436146794
2010-09-20 16:48:00.00000045,11.565152723115716
2010-09-20 16:48:00.00000054,8.195846164400109
2010-09-20 16:48:00.00000076,6.235043834160933
2010-09-20 16:48:00.000000125,14.13723004875419
2010-09-20 16:48:00.00000031,12.4727989350705
2010-09-20 16:48:00.000000105,6.119204605554728
2010-09-20 16:48:00.00000017,8.524172171991381
2010-09-20 16:48:00.000000127,5.957757763222162
2010-09-20 16:48:00.000000149,47.04828756043378
2010-09-20 16:48:00.00000039,23.106809862041246
2010-09-20 16:48:00.00000095,43.17611752180153
2010-09-20 16:48:00.00000062,8.051042881277112
2010-09-20 16:48:00.00000029,7.7544619880701475
2010-09-20 16:48:00.000000155,24.688391674346462
2010-09-20 16:48:00.000000123,7.630162623024603
2010-09-20 16:48:00.00000020,9.70607874878317
2010-09-20 16:48:00.0000003,9.911584086126936
2010-09-20 16:48:00.000000102,5.7748545658120065
2010-09-20 16:48:00.00000096,8.361933492358162
2010-09-20 16:48:00.00000087,9.485364997173633
2010-09-20 16:48:00.00000063,25.950544997637508
2010-09-20 16:48:00.00000078,7.385056227960376
2010-09-20 16:48:00.00000049,4.715295449359019
2010-09-20 16:48:00.000000115,17.160291387543452
2010-09-20 16:48:00.00000080,9.62993684341211
2010-09-20 16:48:00.00000046,21.24105258955035
2010-09-20 16:48:00.00000048,7.844927357787128
2010-09-20 16:48:00.00000033,23.87151452300361
2010-09-20 16:48:00.000000136,5.894194452093984
2010-09-20 16:48:00.00000032,16.551996129174313
2010-09-20 16:48:00.00000082,16.868811134183602
2010-09-20 16:48:00.00000091,13.63683305603763
2010-09-20 16:48:00.00000051,31.81327527966937
2010-09-20 16:48:00.000000107,9.714251190773325
2010-09-20 16:48:00.000000150,6.745987381311124
2010-09-20 16:48:00.00000070,6.356488653481733
2010-09-20 16:48:00.000000165,21.961716759256092
2010-09-20 16:48:00.00000097,30.244693106189516
2010-09-20 16:48:00.00000075,6.565245224133037
2010-09-20 16:48:00.000000164,10.585669343687755
2010-09-20 16:48:00.000000162,5.5689442919472185
2010-09-20 16:48:00.00000026,6.356171341673871
2010-09-20 16:48:00.000000126,9.501511432433517
2010-09-20 16:48:00.00000077,13.749270224571205
2010-09-20 16:48:00.000000138,6.651411706757017
2010-09-20 16:48:00.000000118,22.23803739827042
2010-09-20 16:48:00.00000011,15.46079361279078
2010-09-20 16:48:00.00000073,19.161208289869137
2010-09-20 16:48:00.000000120,7.395966326857774
2010-09-20 16:48:00.00000034,22.8867272009893
2010-09-20 16:48:00.00000057,9.64093979407528
2010-09-20 16:48:00.00000044,15.362927279561973
2010-09-20 16:48:00.00000079,9.42642771249757
2010-09-20 16:48:00.00000013,11.507209049118273
2010-09-20 16:48:00.00000060,7.098904310293051
2010-09-20 16:48:00.00000098,25.439743392157652
2010-09-20 16:48:00.00000022,5.095503371367386
2010-09-20 16:48:00.00000043,12.113099318337618
2010-09-20 16:48:00.000000130,5.7212608683834105
2010-09-20 16:48:00.00000094,11.8686692209086
2010-09-20 16:48:00.000000153,14.128926821916366
2010-09-20 16:48:00.0000009,15.666862813012017
2010-09-20 16:48:00.000000119,8.230835595064605
2010-09-20 16:48:00.00000089,4.421187150165224
2010-09-20 16:48:00.00000053,12.65727479264035
2010-09-20 16:48:00.00000014,11.262267669992525
2010-09-20 16:48:00.00000093,13.84522664600172
2010-09-20 16:48:00.000000144,7.9009427068759805
2010-09-20 16:48:00.00000030,20.593969703748144
2010-09-20 16:48:00.000000147,21.314822730225274
2010-09-20 16:48:00.000000108,15.966153882180038
2010-09-20 16:48:00.00000064,7.005529560645186
2010-09-20 16:48:00.00000010,13.319016483663063
2010-09-20 16:48:00.00000042,11.40753714661264
2012-04-01 22:22:28.0000001,4.927452330944789
2012-03-05 09:19:32.0000001,6.980633125725944
2012-03-05 09:19:32.0000002,7.616277517912295
2012-03-05 09:19:32.0000005,48.94052075290131
2012-03-05 09:19:32.0000003,9.242944582292921
2012-03-05 09:19:32.0000004,7.178656300515399
2012-08-20 14:47:36.0000003,9.465181148185138
2012-08-20 14:47:36.0000004,43.685072505808876
2011-12-01 01:36:08.0000002,6.408041463193854
2013-06-21 11:33:28.0000002,8.119602103843818
2013-06-21 11:33:28.0000004,7.654552888955209
2013-06-21 11:33:28.0000001,6.949485930557103
2013-06-21 11:33:28.0000003,13.599135695805444
2013-04-10 11:33:28.0000001,15.0724664472624
2013-04-10 11:33:28.0000002,9.692559206914325
2014-03-29 14:59:28.0000003,5.740149663018315
2014-03-29 14:59:28.0000002,7.586396316562059
2010-04-05 06:01:24.0000001,7.214102594719634
2014-12-01 00:12:44.0000001,29.759343525456075
2012-08-01 18:54:24.0000001,8.784500228004958
2012-08-01 18:54:24.0000002,6.813592108263151
2012-08-01 18:54:24.0000003,7.847314636329656
2013-07-13 18:28:20.0000005,7.522729239222485
2013-07-13 18:28:20.0000001,6.831586204224777
2013-07-13 18:28:20.0000002,8.943855027981158
2013-07-13 18:28:20.0000004,8.934211971178343
2014-03-06 04:23:32.0000001,9.150552764639201
2014-10-07 19:04:08.0000002,11.42205656475926
2014-10-07 19:04:08.0000005,11.247695422482138
2014-10-07 19:04:08.0000006,6.176526782531482
2014-10-07 19:04:08.0000004,7.077545547356181
2013-08-21 09:32:24.0000002,9.248494439481874
2013-08-21 09:32:24.0000004,11.56002992875949
2013-08-21 09:32:24.0000003,10.43646557667978
2015-01-26 07:13:44.0000006,9.391138410610097
2015-01-26 07:13:44.0000002,10.422660500409165
2015-01-26 07:13:44.0000004,8.704924082259254
2015-01-26 07:13:44.0000003,11.304474317328868
2009-03-16 09:55:24.0000003,5.550381292638804
2009-03-16 09:55:24.0000005,4.34301164283977
2009-03-16 09:55:24.0000004,9.053805349550771
2009-03-16 09:55:24.0000006,7.984009554870795
2009-03-16 09:55:24.0000002,3.958657120095495
2011-03-06 21:01:00.000000150,7.3374867215736685
2011-03-06 21:01:00.00000026,4.887581118838284
2011-03-06 21:01:00.000000148,7.591444455164265
2011-03-06 21:01:00.00000088,6.257700950532808
2011-03-06 21:01:00.00000098,6.300247663858954
2011-03-06 21:01:00.00000054,12.278044133887647
2011-03-06 21:01:00.000000101,10.60639689682921
2011-03-06 21:01:00.000000175,8.36047945743951
2011-03-06 21:01:00.00000029,9.76092092524675
2011-03-06 21:01:00.000000106,7.271752170414061
2011-03-06 21:01:00.00000099,6.982085651820739
2011-03-06 21:01:00.000000158,8.308476162828129
2011-03-06 21:01:00.000000130,6.202403176930943
2011-03-06 21:01:00.00000027,7.287132194893616
2011-03-06 21:01:00.00000032,23.833234462216183
2011-03-06 21:01:00.000000111,14.477097774209483
2011-03-06 21:01:00.00000024,11.353942937372608
2011-03-06 21:01:00.000000118,9.514261169280985
2011-03-06 21:01:00.00000016,8.729699522141345
2011-03-06 21:01:00.00000066,11.183524954710492
2011-03-06 21:01:00.000000133,14.10801506349219
2011-03-06 21:01:00.00000070,5.9081272861185425
2011-03-06 21:01:00.000000104,6.547538491156843
2011-03-06 21:01:00.00000076,9.566168982529234
2011-03-06 21:01:00.000000141,7.363673601447658
2011-03-06 21:01:00.000000145,6.861677203102545
2011-03-06 21:01:00.000000143,6.96616467364629
2011-03-06 21:01:00.00000092,5.929808553717066
2011-03-06 21:01:00.00000080,5.813593361155881
2011-03-06 21:01:00.00000015,22.251703067136305
2011-03-06 21:01:00.000000153,16.817206290963213
2011-03-06 21:01:00.00000093,10.92372823396613
2011-03-06 21:01:00.000000162,30.71579360411158
2011-03-06 21:01:00.00000062,8.11733395527392
2011-03-06 21:01:00.000000129,17.657594474175653
2011-03-06 21:01:00.000000107,19.880192085467115
2011-03-06 21:01:00.00000045,5.456609696036708
2011-03-06 21:01:00.000000115,12.170172688469506
2011-03-06 21:01:00.0000002,4.3124256979072015
2011-03-06 21:01:00.00000044,7.727206952530196
2011-03-06 21:01:00.000000167,7.505192254388703
2011-03-06 21:01:00.000000169,5.4127659202574705
2011-03-06 21:01:00.00000067,42.846837878675274
2011-03-06 21:01:00.0000007,6.149233752781697
2011-03-06 21:01:00.000000135,48.589828190134995
2011-03-06 21:01:00.000000128,15.946300251725575
2011-03-06 21:01:00.0000004,7.4521079084254325
2011-03-06 21:01:00.00000010,9.611088299223184
2011-03-06 21:01:00.000000151,10.743670109425125
2011-03-06 21:01:00.00000055,9.33873478626765
2011-03-06 21:01:00.00000095,9.006243050823286
2011-03-06 21:01:00.000000102,10.516746088716673
2011-03-06 21:01:00.00000034,11.044083226268867
2011-03-06 21:01:00.000000108,5.101364882114353
2011-03-06 21:01:00.00000012,5.981691177661446
2011-03-06 21:01:00.00000085,4.793397397077115
2011-03-06 21:01:00.0000001,9.559934001320357
2011-03-06 21:01:00.00000035,5.633658385609351
2011-03-06 21:01:00.00000097,10.704666756019265
2011-03-06 21:01:00.000000105,8.917807730792902
2011-03-06 21:01:00.00000020,11.444377633262775
2011-03-06 21:01:00.000000114,4.777052065655198
2011-03-06 21:01:00.00000038,5.205696437567326
2011-03-06 21:01:00.0000006,10.551575468610054
2011-03-06 21:01:00.00000086,9.095107774724738
2011-03-06 21:01:00.00000049,6.312075576921416
2011-03-06 21:01:00.000000147,6.788637977424628
2011-03-06 21:01:00.00000040,5.079836629020065
2011-03-06 21:01:00.00000064,7.24844981488252
2011-03-06 21:01:00.00000061,19.92544514977112
2011-03-06 21:01:00.0000005,4.792154629220022
2011-03-06 21:01:00.0000009,6.858268735110755
2011-03-06 21:01:00.00000042,6.246842900988213
2011-03-06 21:01:00.00000022,24.071280769455143
2011-03-06 21:01:00.00000021,17.789300971890498
2011-03-06 21:01:00.00000094,5.793223359522813
2011-03-06 21:01:00.000000156,8.42507208154177
2011-03-06 21:01:00.00000072,5.726470960104962
2011-03-06 21:01:00.00000031,15.231183937306241
2011-03-06 21:01:00.00000089,7.490215943063049
2011-03-06 21:01:00.00000023,12.826592926616513
2011-03-06 21:01:00.00000046,4.484048985391382
2011-03-06 21:01:00.00000087,5.846320824678287
2011-03-06 21:01:00.00000053,13.782626347040491
2011-03-06 21:01:00.0000008,5.575840403826646
2011-03-06 21:01:00.000000157,6.467226679704481
2011-03-06 21:01:00.00000077,11.956570535303399
2011-03-06 21:01:00.00000073,8.818666300736481
2011-03-06 21:01:00.00000047,5.185339772589032
2011-03-06 21:01:00.000000172,6.998072305547566
2011-03-06 21:01:00.00000084,11.01700324885303
2011-03-06 21:01:00.000000122,8.591911959914228
2011-03-06 21:01:00.000000154,17.00068315601868
2011-03-06 21:01:00.000000136,10.537684320062908
2011-03-06 21:01:00.00000075,4.76033305792987
2011-03-06 21:01:00.00000014,6.966260577641492
2009-09-04 20:52:28.0000002,5.308483526492296
2009-09-04 20:52:28.0000003,5.303111464902372
2009-09-04 20:52:28.0000004,5.014511905804284
2009-09-04 20:52:28.0000001,5.132557607814988
2013-09-25 05:52:12.0000002,13.126379803714485
2013-09-25 05:52:12.0000001,32.08084325127811
2010-04-16 10:32:24.0000002,6.934912026566053
2010-04-16 10:32:24.0000001,22.5772190386474
2011-10-12 07:24:40.0000001,10.8004981655547
2011-10-12 07:24:40.0000003,8.407603756850222
2011-10-12 07:24:40.0000002,22.38168209593914
2010-06-13 13:34:56.0000001,7.541832776147089
2011-11-20 02:39:04.0000002,17.283594984026422
2011-11-20 02:39:04.0000001,5.415924742370748
2010-12-13 06:42:16.0000002,5.204037504388793
2010-12-13 06:42:16.0000001,9.645860777648636
2009-11-24 08:58:48.0000003,7.456102119433012
2009-11-24 08:58:48.0000001,4.6510497704535965
2009-11-24 08:58:48.0000006,3.963346445453908
2009-11-24 08:58:48.0000002,9.221049248144936
2009-11-24 08:58:48.0000005,7.668700479391532
2009-11-24 08:58:48.0000007,9.14659960205438
2014-09-22 07:14:16.0000002,15.837851567643952
2011-05-30 09:32:56.0000001,7.592437924291289
2012-09-21 05:41:36.0000001,5.027814242640829
2010-11-22 19:30:04.0000002,9.92536057997313
2010-11-22 19:30:04.0000001,12.045455641062176
2010-10-05 02:09:00.0000005,6.568764536990216
2010-10-05 02:09:00.0000006,28.044513108429328
2010-10-05 02:09:00.0000007,12.946583992947467
2010-10-05 02:09:00.00000018,27.696757416346486
2010-10-05 02:09:00.00000011,24.729565907219467
2010-10-05 02:09:00.00000023,13.602462993990912
2010-10-05 02:09:00.00000012,11.059400103846428
2010-10-05 02:09:00.00000022,5.414368423439782
2010-10-05 02:09:00.00000013,20.726653620463935
2010-10-05 02:09:00.0000003,22.23023790910463
2010-10-05 02:09:00.00000010,6.276028347026909
2010-10-05 02:09:00.0000001,7.483505820006712
2010-10-05 02:09:00.00000021,6.71188102868723
2010-10-05 02:09:00.0000008,17.19721575660583
2010-10-05 02:09:00.00000027,7.463579937493023
2010-10-05 02:09:00.0000002,19.26442265735932
2010-10-05 02:09:00.00000015,6.736650563552757
2014-08-23 16:30:24.0000002,8.798475708642172
2014-08-23 16:30:24.0000001,7.955757600615243
2012-03-15 08:17:36.0000001,8.548075756972253
2012-03-15 08:17:36.0000002,6.550360819628963
2012-03-15 08:17:36.0000005,18.07956406621895
2012-03-15 08:17:36.0000004,17.010226835845742
2012-03-15 08:17:36.0000003,6.55523361556493
2013-10-04 02:53:20.0000001,7.971610981331196
2013-10-04 02:53:20.0000002,5.194485659952647
2009-03-28 15:09:20.0000001,8.39904130752359
2009-03-28 15:09:20.0000003,17.061020239683216
2009-03-28 15:09:20.0000002,14.524001631995361
2012-01-25 22:43:44.0000003,13.348572452440294
2012-01-25 22:43:44.0000004,9.52877931301316
2012-01-25 22:43:44.0000002,5.986603894584732
2012-01-25 22:43:44.0000001,19.796012008231173
2011-07-21 07:51:32.0000002,6.17746209103916
2011-07-21 07:51:32.0000003,12.253943573996025
2011-07-21 07:51:32.0000001,6.668368635959837
2010-12-01 22:04:52.0000001,9.12764375583447
2013-06-23 02:54:32.0000003,7.790192906860057
2013-06-23 02:54:32.0000002,7.945939500512509
2014-03-24 22:36:24.0000004,10.93950033768715
2014-03-24 22:36:24.0000002,10.479571863900105
2014-03-24 22:36:24.0000001,7.589469122718242
2014-03-24 22:36:24.0000003,10.045730578505072
2013-09-13 01:54:20.0000001,8.60520766587399
2013-10-14 18:30:36.0000003,15.076550484670975
2013-10-14 18:30:36.0000002,7.8511652082922865
2013-10-14 18:30:36.0000004,12.624938235554623
2013-10-14 18:30:36.0000001,6.64262216745999
2013-11-18 15:07:28.0000006,11.83760701880783
2013-11-18 15:07:28.0000004,48.96722725484847
2013-11-18 15:07:28.0000001,7.278042513290757
2013-11-18 15:07:28.0000005,6.480972233615489
2013-11-18 15:07:28.0000002,8.942782873525744
2011-02-20 23:35:12.0000001,8.6126191463253
2011-02-20 23:35:12.0000004,9.367324987151278
2011-02-20 23:35:12.0000005,19.701657195420353
2011-02-20 23:35:12.0000003,13.28311053636969
2011-02-20 23:35:12.0000002,14.79057579540006
2010-02-06 19:59:16.0000001,11.118970380426731
2012-03-10 02:36:04.0000003,12.134039554974947
2012-03-10 02:36:04.0000002,12.754249699246543
2012-03-10 02:36:04.0000001,6.594600433514302
2014-04-13 17:35:52.0000002,8.546175058897916
2010-04-04 21:59:56.0000002,8.01125470574118
2010-04-04 21:59:56.0000001,13.241825531955783
2010-04-04 21:59:56.0000003,12.09371717768363
2010-04-04 21:59:56.0000004,5.9120988939178005
2013-03-23 04:51:12.0000001,17.459890125835614
2010-06-29 00:22:24.0000002,50.342748217515464
2010-06-29 00:22:24.0000001,4.806321285347167
2011-10-17 12:37:56.0000002,6.861324453220504
2011-10-17 12:37:56.0000001,8.556496523445276
2012-01-30 19:07:52.0000003,11.666261239205596
2012-01-30 19:07:52.0000002,8.00083357847916
2012-01-30 19:07:52.0000004,11.156536100842573
2012-01-30 19:07:52.0000001,7.086827197261982
2012-01-30 19:07:52.0000005,10.918295159643435
2011-05-30 01:44:40.0000001,9.010435360757128
2011-05-30 01:44:40.0000002,6.482534371231054
2011-02-08 01:04:08.0000001,9.366176824199556
2012-05-23 16:25:16.0000002,6.528966443376817
2011-09-20 18:02:28.0000001,4.747152956849504
2009-10-08 10:04:36.0000001,27.240501222050057
2009-10-08 10:04:36.0000003,9.922140570425881
2009-10-08 10:04:36.0000002,24.081141300205104
2010-07-02 22:03:04.0000002,12.55957237088603
2010-07-02 22:03:04.0000001,11.99228779373118
2012-05-03 14:11:36.0000002,6.626191958102368
2012-05-03 14:11:36.0000005,10.765515586810693
2012-05-03 14:11:36.0000004,22.081689204995087
2012-05-03 14:11:36.0000003,14.946851615897458
2012-05-03 14:11:36.0000001,6.547369191943972
2013-04-04 16:31:56.0000001,17.600475396603883
2013-04-04 16:31:56.0000002,9.300120419906989
2009-12-02 15:59:56.0000001,21.97975151679509
2009-12-02 15:59:56.0000002,5.749408681362638
2010-01-03 02:03:40.0000002,7.648560611689163
2010-01-03 02:03:40.0000003,7.447123350327047
2011-08-21 10:54:24.0000003,8.776765839230507
2011-08-21 10:54:24.0000002,67.96247440863476
2011-08-21 10:54:24.0000001,15.308911705215337
2011-01-30 14:38:24.0000003,5.6837326913282595
2011-01-30 14:38:24.0000002,13.919193237479135
2011-04-16 21:23:16.0000004,18.028186440306285
2011-04-16 21:23:16.0000002,9.894098121958336
2011-04-16 21:23:16.0000006,5.466062776606805
2013-10-05 19:51:04.0000006,9.142449992006618
2013-10-05 19:51:04.0000005,12.786025811443778
2013-10-05 19:51:04.0000003,14.965889409517786
2013-10-05 19:51:04.0000002,13.62648600401019
2014-10-31 08:17:44.0000002,9.132327105470608
2014-10-31 08:17:44.0000004,9.223323265267481
2014-10-31 08:17:44.0000005,9.339458467573422
2014-10-31 08:17:44.0000001,11.36798532040416
2014-10-31 08:17:44.0000003,18.149343548217416
2009-05-31 21:24:56.0000001,13.502626622718367
2014-06-04 01:50:40.0000001,11.341795468987812
2009-07-14 17:59:12.0000001,5.3554253135334875
2009-07-14 17:59:12.0000003,4.897367063905335
2012-12-05 16:33:52.0000002,12.425020129229779
2012-12-05 16:33:52.0000001,30.549122973716862
2009-12-18 12:37:04.0000005,7.5074460879714024
2009-12-18 12:37:04.0000001,6.9087294717705845
2009-12-18 12:37:04.0000006,11.783824805488166
2009-12-18 12:37:04.0000004,8.255493151422797
2009-12-18 12:37:04.0000007,8.288528703017619
2009-12-18 12:37:04.0000002,8.841784686534652
2012-11-21 15:12:48.0000001,6.150140177375306
2011-05-03 07:01:40.0000001,11.730036845795553
2011-05-03 07:01:40.0000002,5.387809946959351
2011-05-03 07:01:40.0000003,6.414800215699188
2010-09-21 06:27:32.0000002,19.37540262030393
2010-09-21 06:27:32.0000001,9.632134404943258
2011-10-07 22:08:20.0000003,5.487310574801995
2011-10-07 22:08:20.0000006,9.555975943523208
2009-02-08 08:48:20.0000001,4.472886134553505
2013-09-24 21:16:40.0000006,8.573877396885678
2013-09-24 21:16:40.0000003,11.072623580090408
2013-09-24 21:16:40.0000001,10.131372789150987
2013-09-24 21:16:40.0000007,12.433057683078346
2013-09-24 21:16:40.0000002,13.071061116109036
2013-09-24 21:16:40.0000004,11.805015632503341
2012-03-14 19:10:48.0000005,14.140739869493814
2012-03-14 19:10:48.0000008,5.725883732381817
2012-03-14 19:10:48.0000002,10.626273914232115
2012-03-14 19:10:48.0000004,7.708722374261356
2012-03-14 19:10:48.0000001,7.96810747005793
2012-03-14 19:10:48.0000009,10.036717669527206
2012-03-14 19:10:48.0000006,12.07585706418081
2009-11-12 11:01:20.0000001,6.229595414583287
2009-11-12 11:01:20.0000002,4.405009175270834
2009-06-21 04:28:48.0000002,14.570627160699587
2009-06-21 04:28:48.0000003,11.440231994168016
2014-01-25 12:36:52.0000002,10.437601831825305
2014-01-25 12:36:52.0000001,7.5177892081997015
2012-12-27 13:23:48.0000001,9.255537927766454
2011-06-28 16:09:44.0000001,5.980370734037251
2010-12-01 08:35:20.0000001,10.251961796156365
2012-11-19 12:40:40.0000005,6.297636101477224
2012-11-19 12:40:40.0000001,7.492779055158394
2012-11-19 12:40:40.0000002,7.999584838534247
2012-11-19 12:40:40.0000003,11.60457423231685
2012-11-19 12:40:40.0000004,42.575999054374165
2009-07-13 17:58:04.0000001,10.049741646794246
2009-07-13 17:58:04.0000003,6.387754202132896
2009-07-13 17:58:04.0000002,6.878798891845008
2011-06-25 11:42:36.0000003,5.123206799561558
2011-06-25 11:42:36.0000002,23.856193252530602
2012-01-26 07:33:00.000000128,12.124016714235836
2012-01-26 07:33:00.00000032,10.626477074428976
2012-01-26 07:33:00.000000163,6.683550534530923
2012-01-26 07:33:00.000000155,6.791162580047626
2012-01-26 07:33:00.000000153,8.102319870827614
2012-01-26 07:33:00.00000049,6.455842827966308
2012-01-26 07:33:00.00000095,5.481107165390085
2012-01-26 07:33:00.000000158,15.88254253673449
2012-01-26 07:33:00.00000050,6.6756209281122665
2012-01-26 07:33:00.00000015,8.078976214727504
2012-01-26 07:33:00.00000062,7.699093933130257
2012-01-26 07:33:00.00000037,17.37030691290454
2012-01-26 07:33:00.00000069,13.009305115397297
2012-01-26 07:33:00.000000142,4.849582469145275
2012-01-26 07:33:00.000000150,5.585435927740832
2012-01-26 07:33:00.000000147,8.377190739086132
2012-01-26 07:33:00.000000125,6.464545051974255
2012-01-26 07:33:00.000000124,26.947407626457448
2012-01-26 07:33:00.000000129,7.366519296114461
2012-01-26 07:33:00.00000033,9.364152218652634
2012-01-26 07:33:00.0000004,24.6999171562544
2012-01-26 07:33:00.00000029,12.88900280647863
2012-01-26 07:33:00.000000113,6.04751418897456
2012-01-26 07:33:00.00000017,12.01527241420581
2012-01-26 07:33:00.00000067,10.83538347399167
2012-01-26 07:33:00.000000141,33.69380833566663
2012-01-26 07:33:00.00000036,13.597463214512118
2012-01-26 07:33:00.000000162,20.112283387817115
2012-01-26 07:33:00.000000118,10.478155242959247
2012-01-26 07:33:00.000000154,22.40201054645422
2012-01-26 07:33:00.000000143,11.068169626387657
2012-01-26 07:33:00.00000083,8.814355386655961
2012-01-26 07:33:00.000000191,7.781526377218711
2012-01-26 07:33:00.000000140,12.833960004480673
2012-01-26 07:33:00.00000086,5.91250196405133
2012-01-26 07:33:00.0000002,8.395991502951688
2012-01-26 07:33:00.000000170,6.5499230395163295
2012-01-26 07:33:00.00000010,8.384586904750222
2012-01-26 07:33:00.00000053,7.922113551704115
2012-01-26 07:33:00.000000102,11.644356715514846
2012-01-26 07:33:00.00000055,7.300081247835237
2012-01-26 07:33:00.0000007,10.805179476083481
2012-01-26 07:33:00.00000013,6.991684634451303
2012-01-26 07:33:00.000000165,26.988213946803626
2012-01-26 07:33:00.00000026,5.845721991693495
2012-01-26 07:33:00.000000137,7.007894027563452
2012-01-26 07:33:00.00000048,9.6091921403264
2012-01-26 07:33:00.00000059,11.383962103799604
2012-01-26 07:33:00.000000132,8.020365341937008
2012-01-26 07:33:00.00000096,14.849325654670452
2012-01-26 07:33:00.000000190,4.671503008607715
2012-01-26 07:33:00.000000156,7.559524556422161
2012-01-26 07:33:00.00000075,7.876502170902995
2012-01-26 07:33:00.00000084,7.072529942145479
2012-01-26 07:33:00.0000006,4.811757571511521
2012-01-26 07:33:00.00000021,7.98414698602312
2012-01-26 07:33:00.0000001,15.65237480588064
2012-01-26 07:33:00.0000005,5.483531733333166
2012-01-26 07:33:00.00000034,6.411623957463803
2012-01-26 07:33:00.000000117,4.939761007917355
2012-01-26 07:33:00.000000106,10.525067947562093
2012-01-26 07:33:00.00000077,8.644445279011393
2012-01-26 07:33:00.00000045,5.930238361520651
2012-01-26 07:33:00.000000116,10.340425144586902
2012-01-26 07:33:00.0000009,7.967852798630474
2012-01-26 07:33:00.000000146,5.857403941819371
2012-01-26 07:33:00.00000027,21.574631173207536
2012-01-26 07:33:00.000000127,8.371725286070387
2012-01-26 07:33:00.000000172,5.734849368547657
2012-01-26 07:33:00.00000074,5.486501601585928
2012-01-26 07:33:00.00000014,24.355408679222364
2012-01-26 07:33:00.000000108,12.08782400568532
2012-01-26 07:33:00.000000109,15.524817224153594
2012-01-26 07:33:00.000000152,6.946261329485083
2012-01-26 07:33:00.00000047,6.514829821228886
2012-01-26 07:33:00.000000192,10.603241649090137
2012-01-26 07:33:00.00000054,6.281883775047959
2012-01-26 07:33:00.000000185,6.213380190812586
2012-01-26 07:33:00.000000187,10.333299814324619
2012-01-26 07:33:00.00000060,11.467757293469049
2012-01-26 07:33:00.000000130,9.940308280465388
2012-01-26 07:33:00.00000046,8.905829671122547
2012-01-26 07:33:00.000000182,7.8566559177616
2012-01-26 07:33:00.000000177,12.407655570540214
2012-01-26 07:33:00.000000135,24.46090384200386
2012-01-26 07:33:00.00000063,5.299935361703547
2012-01-26 07:33:00.00000079,6.50208640132405
2012-01-26 07:33:00.000000169,9.638482810598475
2012-01-26 07:33:00.00000094,8.96300201455017
2012-01-26 07:33:00.000000176,12.327234844361442
2012-01-26 07:33:00.00000061,6.6159117265544864
2012-01-26 07:33:00.000000188,6.33825484220074
2012-01-26 07:33:00.000000174,11.482862560477088
2012-01-26 07:33:00.000000126,6.79060206295469
2012-01-26 07:33:00.000000139,33.238743974326894
2012-01-26 07:33:00.000000184,5.6512817379968965
2012-01-26 07:33:00.000000107,5.353223976565914
2012-01-26 07:33:00.00000038,5.682186504532979
2012-01-26 07:33:00.000000134,6.57538848185834
2012-01-26 07:33:00.00000058,21.796913798486912
2012-01-26 07:33:00.00000078,4.110608472685271
2012-01-26 07:33:00.00000019,5.321001806588697
2012-01-26 07:33:00.000000111,9.590231241714491
2012-01-26 07:33:00.000000178,18.450409628556145
2012-01-26 07:33:00.0000003,13.094307073100708
2012-01-26 07:33:00.00000052,16.22326221199478
2012-01-26 07:33:00.00000040,9.722364810382714
2012-01-26 07:33:00.000000148,9.589451767321407
2012-01-26 07:33:00.00000066,12.528455002755663
2012-01-26 07:33:00.00000041,5.635285055010854
2012-01-26 07:33:00.00000070,10.554146232967696
2012-01-26 07:33:00.000000157,31.193197636458194
2012-01-26 07:33:00.000000179,8.19066025559755
2012-01-26 07:33:00.000000112,18.942297983756475
2012-01-26 07:33:00.00000073,7.767254856338241
2012-01-26 07:33:00.000000138,18.494632728128977
2012-01-26 07:33:00.00000092,13.477429971815582
2012-01-26 07:33:00.000000164,16.545451695690417
2012-01-26 07:33:00.000000123,4.264896955220706
2012-01-26 07:33:00.00000043,5.980605195346584
2012-01-26 07:33:00.00000093,5.946646652245931
2012-01-26 07:33:00.00000016,12.360196992103852
2012-01-26 07:33:00.000000144,7.904839110086073
2012-01-26 07:33:00.00000042,7.799614623083471
2012-01-26 07:33:00.00000011,10.483708411255407
2012-01-26 07:33:00.00000035,9.60762211969245
2012-01-26 07:33:00.00000098,4.617777281253325
2012-01-26 07:33:00.000000149,18.83174290144825
2012-01-26 07:33:00.000000110,5.297548531000757
2012-01-26 07:33:00.000000159,11.052654709600574
2015-03-20 23:34:40.0000007,9.615992634569352
2015-03-20 23:34:40.0000002,21.08699527341969
2015-03-20 23:34:40.0000006,7.4812044008813245
2013-12-14 03:20:48.0000001,27.57733249795399
2013-12-14 03:20:48.0000002,7.519177125947635
2014-04-14 07:03:52.0000001,9.869510726481508
2014-04-14 07:03:52.0000002,13.079199714591596
2015-05-21 07:08:08.0000002,8.383230949043877
2011-08-30 16:48:24.0000003,7.689479836938062
2011-08-30 16:48:24.0000002,10.281808696467806
2011-08-30 16:48:24.0000001,8.066716050259174
2010-12-09 07:29:00.000000189,4.522568434521759
2010-12-09 07:29:00.00000027,18.630133991137654
2010-12-09 07:29:00.000000184,10.96858201323198
2010-12-09 07:29:00.00000030,5.360833839460952
2010-12-09 07:29:00.00000011,4.829004872310975
2010-12-09 07:29:00.00000065,11.005806107804688
2010-12-09 07:29:00.00000063,10.928439628772821
2010-12-09 07:29:00.000000133,15.575778105914083
2010-12-09 07:29:00.00000054,6.349670768656779
2010-12-09 07:29:00.00000021,13.372087340976577
2010-12-09 07:29:00.000000162,7.036488341506015
2010-12-09 07:29:00.000000144,8.192059895518014
2010-12-09 07:29:00.000000116,10.638499993188248
2010-12-09 07:29:00.000000142,5.860168984517259
2010-12-09 07:29:00.000000113,10.653198798553149
2010-12-09 07:29:00.000000105,3.447168064194784
2010-12-09 07:29:00.00000047,5.748432184147873
2010-12-09 07:29:00.0000008,6.7632226441237435
2010-12-09 07:29:00.00000099,5.8304712975251505
2010-12-09 07:29:00.00000048,5.471014445155788
2010-12-09 07:29:00.00000076,12.42989480313588
2010-12-09 07:29:00.000000174,16.21693551016699
2010-12-09 07:29:00.000000130,22.536974149145067
2010-12-09 07:29:00.000000177,7.847191792428589
2010-12-09 07:29:00.00000088,7.563073504101112
2010-12-09 07:29:00.00000091,5.893391190470993
2010-12-09 07:29:00.00000072,5.748354723074499
2010-12-09 07:29:00.00000014,12.302510720741793
2010-12-09 07:29:00.000000157,6.972840833762007
2010-12-09 07:29:00.000000109,4.3357888216282845
2010-12-09 07:29:00.00000016,7.8795411967149676
2010-12-09 07:29:00.00000023,6.12552545837832
2010-12-09 07:29:00.000000118,7.614049516413729
2010-12-09 07:29:00.00000017,5.793272625860254
2010-12-09 07:29:00.00000032,9.805012822773847
2010-12-09 07:29:00.000000188,9.026429230775875
2010-12-09 07:29:00.00000040,5.477010000344308
2010-12-09 07:29:00.00000037,9.980638219277694
2010-12-09 07:29:00.000000128,7.912743214862871
2010-12-09 07:29:00.00000057,5.869683343027077
2010-12-09 07:29:00.000000125,8.992390329448881
2010-12-09 07:29:00.000000159,8.062652425294118
2010-12-09 07:29:00.00000018,6.144829358143511
2010-12-09 07:29:00.000000107,5.684695474184082
2010-12-09 07:29:00.00000051,17.27558244720899
2010-12-09 07:29:00.00000042,7.129989520336608
2010-12-09 07:29:00.00000059,6.116918985571715
2010-12-09 07:29:00.00000075,5.935581275517848
2010-12-09 07:29:00.00000035,9.128432106827631
2010-12-09 07:29:00.00000029,6.806477047938756
2010-12-09 07:29:00.00000045,8.575063971588975
2010-12-09 07:29:00.00000055,6.762698005335096
2010-12-09 07:29:00.000000140,7.262772476987152
2010-12-09 07:29:00.00000060,10.742904548666047
2010-12-09 07:29:00.000000185,18.264271061565864
2010-12-09 07:29:00.000000120,5.2765244878864905
2010-12-09 07:29:00.000000104,7.052694935784643
2010-12-09 07:29:00.000000191,5.594938416420291
2010-12-09 07:29:00.000000106,5.221222281142673
2010-12-09 07:29:00.00000039,5.93477421466514
2010-12-09 07:29:00.000000132,5.121892477522238
2010-12-09 07:29:00.00000019,6.439098488103468
2010-12-09 07:29:00.000000166,4.667568958093057
2010-12-09 07:29:00.000000111,8.2880806232248
2010-12-09 07:29:00.00000013,5.224805003562551
2010-12-09 07:29:00.000000138,6.01996118454349
2010-12-09 07:29:00.00000085,22.245357158992192
2010-12-09 07:29:00.000000169,7.162784991551462
2010-12-09 07:29:00.000000153,12.186643112111142
2010-12-09 07:29:00.00000033,47.05335739809118
2010-12-09 07:29:00.000000173,9.370248636561541
2010-12-09 07:29:00.00000077,5.720082221788061
2010-12-09 07:29:00.000000190,5.315729413816257
2010-12-09 07:29:00.000000137,6.134337695157569
2010-12-09 07:29:00.0000009,8.438619452570379
2010-12-09 07:29:00.000000155,8.627148474609953
2010-12-09 07:29:00.0000004,18.275264690290214
2010-12-09 07:29:00.000000119,5.72166256031403
2010-12-09 07:29:00.000000100,7.464482315519376
2010-12-09 07:29:00.00000024,5.681341600985434
2010-12-09 07:29:00.00000096,12.172484645863165
2010-12-09 07:29:00.000000170,8.672748193817029
2010-12-09 07:29:00.000000131,7.038193410952658
2010-12-09 07:29:00.00000022,13.550461382610024
2010-12-09 07:29:00.00000053,6.252191896997033
2010-12-09 07:29:00.000000165,66.49867361080487
2010-12-09 07:29:00.000000114,9.039258129042992
2010-12-09 07:29:00.00000074,9.71644364109909
2010-12-09 07:29:00.00000070,7.9254339098324635
2010-12-09 07:29:00.000000167,5.686648630436707
2010-12-09 07:29:00.000000110,6.695018056672552
2010-12-09 07:29:00.00000020,11.749649385371526
2010-12-09 07:29:00.000000147,6.727486543480154
2010-12-09 07:29:00.000000178,25.98905984390126
2010-12-09 07:29:00.000000146,6.891340577857818
2010-12-09 07:29:00.000000103,8.086843447884235
2010-12-09 07:29:00.000000149,11.981203451306442
2010-12-09 07:29:00.000000182,9.131059250701242
2010-12-09 07:29:00.000000124,6.869426958444933
2010-12-09 07:29:00.000000154,14.521148182740376
2010-12-09 07:29:00.000000117,9.006790071953333
2010-12-09 07:29:00.00000034,11.430935739979077
2010-12-09 07:29:00.00000084,11.364670637098243
2010-12-09 07:29:00.00000064,6.346365194322175
2010-12-09 07:29:00.000000126,16.23408403549206
2010-12-09 07:29:00.00000082,7.072074473298812
2010-12-09 07:29:00.00000092,12.018764086154647
2010-12-09 07:29:00.00000087,6.203949200016837
2010-12-09 07:29:00.00000095,24.481089077989623
2010-12-09 07:29:00.000000101,8.753757842725918
2010-12-09 07:29:00.000000122,7.363156135599411
2010-12-09 07:29:00.000000160,7.668148200227051
2010-12-09 07:29:00.000000175,9.209368665398529
2010-12-09 07:29:00.00000043,8.289355411995984
2010-12-09 07:29:00.00000061,12.43145172077891
2010-12-09 07:29:00.000000179,5.297124161361239
2010-12-09 07:29:00.00000049,8.137920514612347
2010-12-09 07:29:00.000000172,42.46914575610356
2010-12-09 07:29:00.000000192,6.202294467420984
2010-12-09 07:29:00.000000194,5.907774080043737
2010-12-09 07:29:00.00000052,10.179347831271002
2010-12-09 07:29:00.00000058,5.850957349008354
2010-12-09 07:29:00.00000010,6.215547639452552
2010-12-09 07:29:00.000000108,5.402205287918264
2010-12-09 07:29:00.000000129,10.503863090879804
2010-12-09 07:29:00.000000163,8.222808080735717
2010-12-09 07:29:00.000000161,9.36625050459702
2010-12-09 07:29:00.000000187,6.455762634936491
2010-12-09 07:29:00.000000158,6.035940108381851
2010-12-09 07:29:00.000000121,12.573885237351647
2010-12-09 07:29:00.000000176,6.974811876592753
2011-09-25 13:01:20.0000005,9.158188198753578
2011-09-25 13:01:20.0000001,8.180414161637714
2011-09-25 13:01:20.0000004,7.837909293937059
2011-09-25 13:01:20.0000006,13.222219791259135
2011-09-25 13:01:20.0000003,6.497961368970778
2012-09-08 04:35:16.0000001,26.868879070478442
2012-05-08 03:50:00.00000011,22.992706663497415
2012-05-08 03:50:00.0000002,6.557870542163073
2012-05-08 03:50:00.0000008,18.445215324287233
2012-05-08 03:50:00.0000007,9.26494447303628
2012-05-08 03:50:00.00000015,15.898197515485776
2012-05-08 03:50:00.00000016,9.490937025641301
2012-05-08 03:50:00.0000003,6.821885957709924
2012-05-08 03:50:00.00000014,6.888687406560507
2012-05-08 03:50:00.0000004,19.312736337371348
2010-10-06 21:23:24.0000003,6.064839930000289
2010-10-06 21:23:24.0000001,7.959194634376331
2010-10-06 21:23:24.0000005,9.519500249214843
2010-10-06 21:23:24.0000002,8.345794605103265
2010-10-06 21:23:24.0000004,6.048547714448091
2014-05-17 02:47:12.0000002,13.118415649009648
2009-07-31 07:30:56.0000002,4.414222901727385
2009-07-31 07:30:56.0000001,3.5701496224953644
2012-03-06 07:33:04.0000002,10.669797736633086
2009-01-29 22:15:48.0000001,10.664928486236818
2013-03-17 12:44:04.0000001,7.828403607997302
2014-06-18 09:23:32.0000001,17.215160566220675
2011-09-21 13:15:36.0000004,7.427123421670444
2011-09-21 13:15:36.0000003,9.606366439639714
2011-09-21 13:15:36.0000001,7.497115757910706
2011-09-21 13:15:36.0000002,49.37144827147711
2015-03-12 19:43:24.0000001,20.937256120489337
2015-03-12 19:43:24.0000002,31.742277153943178
2015-03-12 19:43:24.0000007,9.420607055706455
2015-03-12 19:43:24.0000004,13.30810706442594
2014-01-18 17:43:28.0000005,7.8395603312789035
2014-01-18 17:43:28.0000003,7.022044860343385
2014-01-18 17:43:28.0000002,14.290518168041217
2014-01-18 17:43:28.0000004,11.803235853039723
2011-04-05 01:15:44.0000001,12.39227165128841
2011-04-05 01:15:44.0000002,12.622380504627358
2011-09-04 01:36:36.0000002,18.065220731180034
2010-08-09 08:53:56.0000004,10.241610345272989
2010-08-09 08:53:56.0000006,8.081981627352889
2010-08-09 08:53:56.0000002,12.219882276065732
2010-08-09 08:53:56.0000003,18.190278711433052
2010-08-09 08:53:56.0000005,9.104172558805999
2010-03-27 07:05:08.0000001,4.9681952416693775
2011-11-16 12:52:52.0000002,7.993078674126082
2011-11-16 12:52:52.0000003,6.115100130534302
2011-11-16 12:52:52.0000001,48.504647114993304
2009-10-29 10:48:40.0000002,7.568080451164633
2009-10-29 10:48:40.0000001,10.361763520083855
2015-02-01 00:48:44.0000009,21.300950625197743
2015-02-01 00:48:44.0000004,11.126027392237575
2015-02-01 00:48:44.0000008,9.964944053824865
2015-02-01 00:48:44.0000006,9.239494226060401
2015-02-01 00:48:44.0000007,14.897835163526679
2014-04-03 02:31:08.0000001,9.052825686360393
2010-07-04 03:28:44.0000001,19.508471750433614
2009-03-31 23:01:36.0000002,7.598227989888073
2009-03-31 23:01:36.0000001,22.836554456471276
2009-03-31 23:01:36.0000003,13.522785169837903
2012-02-02 00:49:56.0000002,6.791885717441346
2012-02-02 00:49:56.0000001,18.897527755228907
2012-02-02 00:49:56.0000003,17.240565356954562
2012-02-02 00:49:56.0000004,15.892256769407823
2014-01-26 15:28:52.0000003,8.57240451992493
2012-02-14 15:32:40.0000002,6.473487238341022
2012-02-14 15:32:40.0000004,6.1199245193483875
2012-02-14 15:32:40.0000001,8.476153661260128
2012-02-14 15:32:40.0000003,7.107437502173525
2011-12-06 11:07:40.0000001,15.591814336658786
2011-12-06 11:07:40.0000005,6.655205860558681
2011-07-12 19:41:48.0000002,15.179719345999956
2011-07-12 19:41:48.0000003,9.674825939515244
2011-07-12 19:41:48.0000004,8.803361487959364
2010-09-16 14:27:16.0000001,8.03544235121933
2010-09-16 14:27:16.0000003,10.945680154327647
2010-09-16 14:27:16.0000004,10.207681021260896
2010-09-16 14:27:16.0000005,10.879529134168479
2014-06-11 01:13:40.0000001,11.937216451662266
2013-05-18 15:28:40.0000003,11.018476570591133
2013-05-18 15:28:40.0000002,8.559118844920818
2015-02-14 20:20:56.0000001,10.552211592189906
2015-02-14 20:20:56.0000002,9.062701856129024
2015-02-14 20:20:56.0000004,7.699866635823469
2009-01-22 12:27:20.0000003,5.509776865528465
2011-04-23 21:22:20.0000001,5.350429815412554
2013-09-01 17:57:04.0000002,7.343344839489305
2013-09-01 17:57:04.0000003,8.872878654764577
2013-04-22 13:19:16.0000001,15.21250119198055
2013-04-22 13:19:16.0000002,8.97057451643093
2013-04-22 13:19:16.0000003,8.275870463622141
2015-02-21 18:39:16.0000002,7.948202650617077
2009-04-23 00:05:40.0000001,25.658991154919818
2009-04-23 00:05:40.0000003,8.132213967457801
2012-05-28 05:48:40.0000001,34.766932690308295
2010-01-03 20:04:52.0000001,14.967209894500797
2013-03-09 21:40:52.0000003,12.685004252767044
2013-03-09 21:40:52.0000002,9.014783772451779
2011-04-21 08:22:32.0000001,4.665922262566028
2011-02-20 09:22:16.0000002,28.322273815715334
2011-02-20 09:22:16.0000001,9.001708120779426
2010-07-22 09:37:12.0000003,7.376623434571343
2010-07-22 09:37:12.0000004,6.112219151885142
2010-07-22 09:37:12.0000001,8.59556446372244
2011-01-24 20:47:04.0000002,11.30062031074624
2013-07-22 15:05:16.0000004,10.627378592606647
2013-07-22 15:05:16.0000001,6.630036711034904
2013-07-22 15:05:16.0000002,21.05845470055715
2013-07-22 15:05:16.0000003,7.335641172029227
2013-01-23 16:22:04.0000003,10.90341089277672
2013-01-23 16:22:04.0000002,7.957632042928253
2013-01-23 16:22:04.0000001,8.836328777887275
2013-01-06 12:46:36.0000001,5.337548377087728
2013-01-06 12:46:36.0000002,7.355949596955043
2012-02-13 04:52:32.0000001,46.53348925638011
2013-02-07 08:34:24.0000001,7.8046522132340215
2013-02-07 08:34:24.0000003,9.701688123612826
2013-02-07 08:34:24.0000004,8.946266699216835
2013-02-07 08:34:24.0000002,11.196007100744737
2015-02-21 17:23:28.0000005,13.847263300068676
2015-02-21 17:23:28.0000003,8.827989654913267
2015-02-21 17:23:28.0000002,12.711098604217
2015-02-21 17:23:28.0000001,10.614157135764458
2015-02-21 17:23:28.0000006,6.986726424504923
2013-06-19 13:36:52.0000004,9.023515983399534
2013-06-19 13:36:52.0000001,7.613588121743305
2013-06-19 13:36:52.0000002,8.461746988787468
2013-06-19 13:36:52.0000005,39.34510342760257
2013-06-19 13:36:52.0000003,17.82431821663397
2015-06-26 16:04:04.0000002,7.560548331308269
2015-06-26 16:04:04.0000001,6.839214921376083
2010-06-05 07:08:36.0000001,8.786857955161281
2011-10-28 13:48:16.0000002,8.432820007949658
2011-10-28 13:48:16.0000001,7.875097898090075
2011-10-28 13:48:16.0000003,6.718491346548603
2012-09-29 02:53:20.0000001,10.618958131743966
2011-08-06 12:59:12.0000001,14.64700927518129
2012-11-19 22:15:32.0000002,26.51798780618526
2013-11-29 20:09:12.0000002,9.647228194476725
2012-05-31 17:54:48.0000003,10.711333978714606
2012-05-31 17:54:48.0000002,4.3653575941912095
2012-05-31 17:54:48.0000001,6.329687812648558
2012-05-31 17:54:48.0000004,8.155439478674566
2012-04-20 08:03:52.0000001,10.263736763405745
2012-04-20 08:03:52.0000002,7.398543391182102
2012-04-20 08:03:52.0000003,8.285989283079516
2009-01-26 18:26:48.0000001,6.361011544345274
2009-01-26 18:26:48.0000003,4.946404557148526
2009-01-26 18:26:48.0000004,11.936186144386056
2009-01-26 18:26:48.0000002,6.486874917958858
2011-10-20 00:50:48.0000003,17.828479597401042
2011-10-20 00:50:48.0000002,8.480760632750389
2011-10-20 00:50:48.0000001,6.360968048247287
2011-06-03 11:45:16.0000002,10.496569816938177
2011-06-03 11:45:16.0000004,8.16493617248102
2011-06-03 11:45:16.0000005,5.7027039392055485
2011-06-03 11:45:16.0000001,4.286129588866288
2011-06-03 11:45:16.0000003,5.77938568019465
2011-10-25 20:34:20.0000001,8.588589758303101
2012-07-05 18:30:36.0000005,11.692268528420868
2012-07-05 18:30:36.0000006,8.076385227480614
2012-07-05 18:30:36.0000003,6.342317082435898
2012-07-05 18:30:36.0000001,10.361949259250878
2012-07-05 18:30:36.0000007,8.478513604278874
2012-07-05 18:30:36.0000002,6.43732884070414
2015-04-07 14:31:12.0000002,10.049764917192192
2015-04-07 14:31:12.0000003,9.04657421395143
2013-08-28 00:27:36.0000002,10.465800422122811
2013-08-28 00:27:36.0000001,10.992356155250945
2012-11-20 21:54:00.00000037,8.037636187369571
2012-11-20 21:54:00.00000081,11.474906815882036
2012-11-20 21:54:00.000000210,5.672029621505999
2012-11-20 21:54:00.00000050,5.8285747497412785
2012-11-20 21:54:00.000000175,49.91483759389632
2012-11-20 21:54:00.000000208,7.117129092315963
2012-11-20 21:54:00.000000198,6.6278893183845184
2012-11-20 21:54:00.000000185,8.838765954449968
2012-11-20 21:54:00.00000028,11.321986333678524
2012-11-20 21:54:00.000000134,9.03579355389843
2012-11-20 21:54:00.00000091,7.3362552792305
2012-11-20 21:54:00.00000033,6.264096533122938
2012-11-20 21:54:00.00000082,8.789344521337284
2012-11-20 21:54:00.000000142,26.158255500858445
2012-11-20 21:54:00.000000180,27.14858329310755
2012-11-20 21:54:00.00000093,16.008972269103538
2012-11-20 21:54:00.000000159,6.245612150437978
2012-11-20 21:54:00.000000165,8.757130508836099
2012-11-20 21:54:00.000000235,10.982903350364154
2012-11-20 21:54:00.00000089,6.098877924021167
2012-11-20 21:54:00.000000168,16.317339315735126
2012-11-20 21:54:00.000000224,6.640864096745304
2012-11-20 21:54:00.000000158,7.4330862844849435
2012-11-20 21:54:00.000000212,48.585265031611925
2012-11-20 21:54:00.000000147,32.881260711195864
2012-11-20 21:54:00.000000140,13.351733904365346
2012-11-20 21:54:00.00000018,19.76270357000965
2012-11-20 21:54:00.000000124,7.0600686059641475
2012-11-20 21:54:00.000000181,9.087199358125872
2012-11-20 21:54:00.000000187,12.739449314696913
2012-11-20 21:54:00.00000058,20.914169510788952
2012-11-20 21:54:00.000000151,18.61515824914909
2012-11-20 21:54:00.000000126,7.85930350011995
2012-11-20 21:54:00.00000099,13.308276652634845
2012-11-20 21:54:00.000000120,9.294532137811188
2012-11-20 21:54:00.0000009,6.117063739827472
2012-11-20 21:54:00.000000206,7.747442926423673
2012-11-20 21:54:00.00000079,7.8980525638684185
2012-11-20 21:54:00.000000237,13.281393457922832
2012-11-20 21:54:00.000000143,14.618729000644407
2012-11-20 21:54:00.000000111,7.585587251103789
2012-11-20 21:54:00.000000106,9.399709877255418
2012-11-20 21:54:00.000000245,6.650970203163524
2012-11-20 21:54:00.00000032,10.942539554262567
2012-11-20 21:54:00.00000075,9.96441652476085
2012-11-20 21:54:00.000000244,23.225146242898063
2012-11-20 21:54:00.00000094,5.790089234214179
2012-11-20 21:54:00.000000118,35.351799578129544
2012-11-20 21:54:00.000000188,8.855443039371039
2012-11-20 21:54:00.00000051,17.905618816773995
2012-11-20 21:54:00.000000109,12.659948695319258
2012-11-20 21:54:00.0000003,8.835088437703575
2012-11-20 21:54:00.000000114,32.84070153283972
2012-11-20 21:54:00.00000013,7.20447335736003
2012-11-20 21:54:00.000000192,8.233172486301669
2012-11-20 21:54:00.000000228,6.12205939347632
2012-11-20 21:54:00.000000236,11.364559261347722
2012-11-20 21:54:00.000000178,13.413871575483427
2012-11-20 21:54:00.00000027,12.511748883253063
2012-11-20 21:54:00.000000176,5.985320993023834
2012-11-20 21:54:00.0000008,8.341148973349618
2012-11-20 21:54:00.00000061,20.351444066404156
2012-11-20 21:54:00.00000011,13.953240269285175
2012-11-20 21:54:00.00000096,8.344990613183654
2012-11-20 21:54:00.000000231,12.772841020288752
2012-11-20 21:54:00.000000190,13.444872580960919
2012-11-20 21:54:00.000000166,41.835540258156925
2012-11-20 21:54:00.00000022,6.758861483657483
2012-11-20 21:54:00.000000234,14.36552430018628
2012-11-20 21:54:00.00000035,8.570672937494123
2012-11-20 21:54:00.00000041,14.98632332284069
2012-11-20 21:54:00.000000113,5.03989152622421
2012-11-20 21:54:00.00000045,12.306753048307883
2012-11-20 21:54:00.000000157,13.945933083512273
2012-11-20 21:54:00.000000163,17.610686848902674
2012-11-20 21:54:00.000000193,12.875093192152804
2012-11-20 21:54:00.00000063,8.571714451681373
2012-11-20 21:54:00.000000183,8.424257426063718
2012-11-20 21:54:00.000000182,17.50333001511399
2012-11-20 21:54:00.000000117,9.514591082418974
2012-11-20 21:54:00.000000156,16.808924304634502
2012-11-20 21:54:00.000000220,9.459530492869249
2012-11-20 21:54:00.000000227,8.670403963538092
2012-11-20 21:54:00.000000194,12.804815399645236
2012-11-20 21:54:00.000000201,8.454437289911311
2012-11-20 21:54:00.000000115,46.295275615991386
2012-11-20 21:54:00.000000217,10.956841997958918
2012-11-20 21:54:00.00000017,11.770187328974885
2012-11-20 21:54:00.000000139,5.790257002607518
2012-11-20 21:54:00.00000038,11.291168519000962
2012-11-20 21:54:00.000000107,6.05840485330566
2012-11-20 21:54:00.000000218,17.456178720173284
2012-11-20 21:54:00.000000214,21.522567311454395
2012-11-20 21:54:00.000000213,11.605746925323956
2012-11-20 21:54:00.000000215,30.8239360462685
2012-11-20 21:54:00.000000112,10.360894662895248
2012-11-20 21:54:00.00000067,23.945388920442497
2012-11-20 21:54:00.00000044,14.356155884957502
2012-11-20 21:54:00.00000029,10.874420766097273
2012-11-20 21:54:00.000000119,14.501912934749157
2012-11-20 21:54:00.000000203,7.8128004712549455
2012-11-20 21:54:00.000000239,6.930995407575097
2012-11-20 21:54:00.000000125,16.275162237715335
2012-11-20 21:54:00.00000064,8.86149454497729
2012-11-20 21:54:00.000000153,7.886237279436045
2012-11-20 21:54:00.00000054,8.458038850741332
2012-11-20 21:54:00.000000177,10.20657775578411
2012-11-20 21:54:00.000000243,11.95370730859247
2012-11-20 21:54:00.000000128,7.036006817414091
2012-11-20 21:54:00.00000095,8.586211170235856
2012-11-20 21:54:00.00000088,11.54292358628959
2012-11-20 21:54:00.000000200,8.563794160094403
2012-11-20 21:54:00.00000053,9.296617764688335
2012-11-20 21:54:00.000000199,7.167617531763199
2012-11-20 21:54:00.000000191,13.45624992472176
2012-11-20 21:54:00.00000057,8.089954226107011
2012-11-20 21:54:00.000000145,10.944508083538835
2012-11-20 21:54:00.00000072,10.783038660475654
2012-11-20 21:54:00.0000001,8.63618854567244
2012-11-20 21:54:00.000000241,7.6397033273231045
2012-11-20 21:54:00.000000230,10.764806254006999
2012-11-20 21:54:00.000000146,28.448661530622758
2012-11-20 21:54:00.000000155,10.094252582704598
2012-11-20 21:54:00.00000046,9.76816697634058
2012-11-20 21:54:00.000000242,23.94757689602443
2012-11-20 21:54:00.00000060,10.123460439249811
2012-11-20 21:54:00.000000116,9.03335067784326
2012-11-20 21:54:00.00000059,11.600730636175626
2012-11-20 21:54:00.000000232,7.035998575495569
2012-11-20 21:54:00.000000162,9.725074565691784
2012-11-20 21:54:00.00000070,9.771274874067444
2012-11-20 21:54:00.00000052,30.95359766643878
2012-11-20 21:54:00.000000129,28.583819389679547
2012-11-20 21:54:00.000000136,16.46636848090941
2012-11-20 21:54:00.000000226,11.326251397646047
2012-11-20 21:54:00.000000240,13.484073365711538
2012-11-20 21:54:00.000000141,10.158115626871222
2012-11-20 21:54:00.000000204,14.044843279705674
2012-11-20 21:54:00.000000137,8.033252933239964
2011-02-22 14:18:40.0000001,8.275389281173943
2014-06-23 00:16:00.00000066,35.93494808488333
2014-06-23 00:16:00.00000039,9.257368263310468
2014-06-23 00:16:00.00000076,9.764131549295826
2014-06-23 00:16:00.00000030,30.012857751382512
2014-06-23 00:16:00.00000070,15.181503546281192
2014-06-23 00:16:00.00000065,8.760795095211392
2014-06-23 00:16:00.00000056,27.27114821268617
2014-06-23 00:16:00.00000038,8.32813445056263
2014-06-23 00:16:00.00000071,26.620343943427088
2014-06-23 00:16:00.00000013,10.315678224300996
2014-06-23 00:16:00.00000073,12.224365641273494
2014-06-23 00:16:00.0000001,18.930780214196147
2014-06-23 00:16:00.00000026,12.993648107109038
2014-06-23 00:16:00.00000090,11.340219570224804
2014-06-23 00:16:00.00000092,22.67561944590716
2014-06-23 00:16:00.00000044,10.16780479981071
2014-06-23 00:16:00.00000064,10.258764533790668
2014-06-23 00:16:00.00000068,26.647002837442983
2014-06-23 00:16:00.00000033,10.525860522542416
2014-06-23 00:16:00.00000089,30.91014683598371
2014-06-23 00:16:00.0000004,8.698735947388627
2014-06-23 00:16:00.00000062,11.29572948735165
2014-06-23 00:16:00.00000019,10.532254532435331
2014-06-23 00:16:00.00000041,11.537169377244481
2014-06-23 00:16:00.00000024,18.807378920728638
2014-06-23 00:16:00.00000074,21.219652665299577
2014-06-23 00:16:00.00000018,14.242156852909602
2014-06-23 00:16:00.00000043,7.700552456329319
2014-06-23 00:16:00.00000022,8.655740953165605
2014-06-23 00:16:00.00000088,9.730334732049869
2014-06-23 00:16:00.00000057,5.955248739459762
2014-06-23 00:16:00.00000087,9.896262055469379
2014-06-23 00:16:00.00000016,27.530846127420773
2014-06-23 00:16:00.00000078,6.05819983923891
2014-06-23 00:16:00.00000040,12.269989326915493
2014-06-23 00:16:00.00000077,10.774395286959361
2014-06-23 00:16:00.00000015,14.781700463760558
2014-06-23 00:16:00.00000047,8.312174809075032
2014-06-23 00:16:00.0000005,7.08326113371686
2014-06-23 00:16:00.00000034,46.56804929645989
2014-06-23 00:16:00.00000028,13.31217154030685
2014-06-23 00:16:00.00000081,22.525805178896803
2014-06-23 00:16:00.00000067,11.02131738049809
2014-06-23 00:16:00.00000085,7.550138554309456
2014-06-23 00:16:00.00000082,10.020303092761196
2014-06-23 00:16:00.00000063,22.037422596124657
2014-06-23 00:16:00.00000079,8.47519844605597
2014-06-23 00:16:00.00000061,8.659270695641567
2014-06-23 00:16:00.00000037,19.27323351904454
2014-06-23 00:16:00.00000036,7.574612164987002
2014-06-23 00:16:00.00000049,16.55848620708332
2014-06-23 00:16:00.00000025,41.788296731809965
2014-06-23 00:16:00.0000009,8.886091085576822
2014-06-23 00:16:00.00000069,16.02574540275532
2011-11-24 02:36:48.0000003,13.99895851609017
2011-11-24 02:36:48.0000002,7.019005044063306
2011-11-24 02:36:48.0000001,14.483893525205644
2013-06-05 01:34:56.0000001,12.404002193989982
2013-03-18 12:51:12.0000001,9.218668102761399
2013-03-18 12:51:12.0000003,5.8243836115016165
2013-03-18 12:51:12.0000002,14.029556161306687
2014-12-14 09:04:36.0000001,9.470807220988718
2014-12-14 09:04:36.0000003,8.274946592829451
2014-12-14 09:04:36.0000002,8.776319184748218
2012-05-31 13:14:12.0000004,7.706935278153196
2012-05-31 13:14:12.0000001,12.226688699814304
2012-05-31 13:14:12.0000002,9.315762237025638
2012-05-31 13:14:12.0000003,6.177933304492058
2011-01-16 18:57:12.0000001,6.182944229389818
2011-01-16 18:57:12.0000002,5.171161599363927
2009-04-25 10:52:56.0000004,8.830672235107158
2009-04-25 10:52:56.0000002,9.717220919306442
2009-04-25 10:52:56.0000005,7.402720571815507
2009-04-20 11:11:40.0000001,5.183129682167419
2012-07-20 06:53:32.0000001,5.437784929754116
2009-10-22 21:57:36.0000005,12.278810904280249
2009-10-22 21:57:36.0000002,16.737427583932003
2009-10-22 21:57:36.0000004,6.753485866170877
2009-10-22 21:57:36.0000003,5.4859522983509805
2009-03-16 10:30:12.0000001,11.54089233581692
2009-07-14 12:12:36.0000004,6.286453748219174
2009-07-14 12:12:36.0000001,7.256993610353788
2009-07-14 12:12:36.0000003,9.391444349741732
2009-07-14 12:12:36.0000007,9.957623876714479
2009-07-14 12:12:36.0000002,11.767962423057497
2009-07-14 12:12:36.0000005,10.593758804316167
2009-07-14 12:12:36.0000008,8.145173925747144
2009-07-14 12:12:36.0000006,5.459972939274053
2014-11-12 09:06:32.0000004,7.84365824363033
2014-11-12 09:06:32.0000001,7.341602863126468
2014-11-12 09:06:32.0000003,8.127846991874208
2014-11-12 09:06:32.0000005,17.492507043981163
2014-11-12 09:06:32.0000002,9.569674664642207
2011-04-10 11:57:12.0000002,8.990860175195394
2011-04-10 11:57:12.0000003,3.9158024682728865
2011-04-10 11:57:12.0000004,5.8524175945543675
2011-04-10 11:57:12.0000001,7.013565119612508
2011-09-20 11:58:52.0000003,5.2415340709477505
2011-09-20 11:58:52.0000001,11.48476914411276
2011-09-20 11:58:52.0000002,14.26929873388815
2010-09-24 17:16:16.0000001,7.009690509499478
2010-02-12 13:51:28.0000004,9.154207088084831
2010-02-12 13:51:28.0000005,7.837470021038598
2010-02-12 13:51:28.0000001,5.851165552372436
2010-02-12 13:51:28.0000003,6.017249462174732
2010-02-12 13:51:28.0000002,10.350512316763115
2011-01-03 21:51:28.0000002,9.185267846411193
2011-01-03 21:51:28.0000001,4.623320423319683
2011-07-26 13:10:56.0000003,5.470933559019954
2011-07-26 13:10:56.0000002,8.507933305873507
2011-07-26 13:10:56.0000001,6.869901116651363
2011-08-18 13:00:16.0000003,10.541646059083973
2011-08-18 13:00:16.0000002,6.902185206352101
2013-06-20 19:49:52.0000004,8.178081056872543
2013-06-20 19:49:52.0000001,8.0036295329719
2013-06-20 19:49:52.0000005,6.171043721309616
2013-06-20 19:49:52.0000002,18.224213092532068
2013-06-20 19:49:52.0000003,10.460905266903978
2013-09-25 22:00:00.00000079,12.046799009269193
2013-09-25 22:00:00.00000025,11.173202485408183
2013-09-25 22:00:00.000000225,9.298810301055141
2013-09-25 22:00:00.000000204,13.261971858982406
2013-09-25 22:00:00.00000053,20.568109713366425
2013-09-25 22:00:00.000000111,13.713362319942007
2013-09-25 22:00:00.00000014,8.639744757010021
2013-09-25 22:00:00.000000172,49.36784175011064
2013-09-25 22:00:00.000000154,7.0695473375121765
2013-09-25 22:00:00.000000133,6.533715891019824
2013-09-25 22:00:00.000000160,10.0862192794242
2013-09-25 22:00:00.000000119,7.000367474795212
2013-09-25 22:00:00.000000223,7.494403748415493
2013-09-25 22:00:00.0000008,8.875349953509385
2013-09-25 22:00:00.000000103,10.763948325982597
2013-09-25 22:00:00.000000178,8.731432542126527
2013-09-25 22:00:00.00000023,7.0794086508924465
2013-09-25 22:00:00.00000022,7.223917201521431
2013-09-25 22:00:00.00000076,7.816804310005523
2013-09-25 22:00:00.00000020,8.46026142607775
2013-09-25 22:00:00.000000142,13.458061267037579
2013-09-25 22:00:00.00000059,8.304269509412507
2013-09-25 22:00:00.000000110,7.738391977142101
2013-09-25 22:00:00.000000205,10.802065901449623
2013-09-25 22:00:00.000000182,11.331491388970676
2013-09-25 22:00:00.00000081,9.091047681106147
2013-09-25 22:00:00.000000230,22.48425938484138
2013-09-25 22:00:00.000000164,11.446310335177714
2013-09-25 22:00:00.00000090,10.727817293052226
2013-09-25 22:00:00.000000106,9.583062902169331
2013-09-25 22:00:00.00000078,9.000561171974255
2013-09-25 22:00:00.0000001,46.33858051658194
2013-09-25 22:00:00.000000126,12.233323707540762
2013-09-25 22:00:00.000000156,8.247497940828453
2013-09-25 22:00:00.000000137,11.706249936079985
2013-09-25 22:00:00.00000039,9.330598125418305
2013-09-25 22:00:00.00000017,16.67598568668518
2013-09-25 22:00:00.00000054,13.598156697391119
2013-09-25 22:00:00.000000135,17.47258956938856
2013-09-25 22:00:00.000000112,19.885531208131738
2013-09-25 22:00:00.000000148,7.669172561351843
2013-09-25 22:00:00.000000143,28.543396008830882
2013-09-25 22:00:00.00000043,7.18973628338415
2013-09-25 22:00:00.000000203,8.399411292208583
2013-09-25 22:00:00.00000040,9.62318438859802
2013-09-25 22:00:00.00000035,11.309701825538014
2013-09-25 22:00:00.000000117,15.975186134358637
2013-09-25 22:00:00.000000244,9.345396008107627
2013-09-25 22:00:00.0000002,16.958810595698196
2013-09-25 22:00:00.000000246,66.59794759641647
2013-09-25 22:00:00.00000091,18.474724051620456
2013-09-25 22:00:00.000000235,8.674560736013632
2013-09-25 22:00:00.000000237,28.671664075470517
2013-09-25 22:00:00.000000185,8.779913389083276
2013-09-25 22:00:00.000000233,9.079653257344035
2013-09-25 22:00:00.00000075,8.504327386645969
2013-09-25 22:00:00.00000026,12.775006700346353
2013-09-25 22:00:00.00000061,10.614462913525244
2013-09-25 22:00:00.000000179,14.443593537757579
2013-09-25 22:00:00.000000120,10.024284934063076
2013-09-25 22:00:00.000000165,19.384928103699735
2013-09-25 22:00:00.000000224,12.069872102720524
2013-09-25 22:00:00.000000192,20.47310564103475
2013-09-25 22:00:00.00000084,13.175287689798097
2013-09-25 22:00:00.000000169,7.515423168272491
2013-09-25 22:00:00.000000175,27.811642308244814
2013-09-25 22:00:00.000000132,8.631036815547077
2013-09-25 22:00:00.00000048,12.49205051182264
2013-09-25 22:00:00.000000229,9.117934706873712
2013-09-25 22:00:00.00000036,18.29333278009119
2013-09-25 22:00:00.000000177,9.06104885228865
2013-09-25 22:00:00.000000217,8.412236464569446
2013-09-25 22:00:00.000000183,11.27380607024645
2013-09-25 22:00:00.000000107,12.694644053525167
2013-09-25 22:00:00.00000058,13.200914750498896
2013-09-25 22:00:00.00000073,8.41726946707547
2013-09-25 22:00:00.000000245,8.763836596475244
2013-09-25 22:00:00.000000157,15.732040586250037
2013-09-25 22:00:00.000000227,23.73733890543224
2013-09-25 22:00:00.00000064,13.886656532927987
2013-09-25 22:00:00.00000024,45.77897793598379
2013-09-25 22:00:00.000000221,9.837092023879677
2013-09-25 22:00:00.000000139,28.90288622096557
2013-09-25 22:00:00.00000028,8.907870006012217
2013-09-25 22:00:00.00000057,8.689620176166159
2013-09-25 22:00:00.000000222,11.93278556164853
2013-09-25 22:00:00.000000215,21.199186438387983
2013-09-25 22:00:00.00000094,14.84986869254817
2013-09-25 22:00:00.000000214,10.906992384954378
2013-09-25 22:00:00.000000101,7.631978608538134
2013-09-25 22:00:00.00000055,9.04078920409222
2013-09-25 22:00:00.00000049,21.289032999762867
2013-09-25 22:00:00.000000216,16.417775283387527
2013-09-25 22:00:00.000000123,9.805424431582878
2013-09-25 22:00:00.000000136,7.979947709127032
2013-09-25 22:00:00.000000211,15.844785324523855
2013-09-25 22:00:00.000000145,7.169897754363433
2013-09-25 22:00:00.000000250,44.348441269868204
2013-09-25 22:00:00.000000188,11.145224302749625
2013-09-25 22:00:00.000000202,7.605766293982242
2013-09-25 22:00:00.000000242,11.50362705047553
2013-09-25 22:00:00.000000140,9.494446454355057
2013-09-25 22:00:00.000000171,9.27029588319715
2013-09-25 22:00:00.00000099,7.034081423142993
2013-09-25 22:00:00.000000187,8.740253112854703
2013-09-25 22:00:00.000000161,10.366242398942632
2013-09-25 22:00:00.000000189,10.589442831409883
2013-09-25 22:00:00.0000003,10.914962830139075
2013-09-25 22:00:00.000000249,9.330068076014413
2013-09-25 22:00:00.000000195,7.942140054115725
2013-09-25 22:00:00.00000072,11.68623000075172
2013-09-25 22:00:00.00000012,11.223642867393664
2013-09-25 22:00:00.000000149,9.788754850142482
2013-09-25 22:00:00.000000197,11.60927995382849
2013-09-25 22:00:00.00000038,47.82137355945201
2013-09-25 22:00:00.0000009,17.374179585097863
2013-09-25 22:00:00.00000089,15.302974044634425
2013-09-25 22:00:00.000000199,23.38867402577
2013-09-25 22:00:00.000000219,8.478730301960923
2013-09-25 22:00:00.000000159,11.82195888690967
2013-09-25 22:00:00.000000173,11.835949154776927
2013-09-25 22:00:00.000000209,19.65017384585019
2013-09-25 22:00:00.000000196,12.425855654608313
2013-09-25 22:00:00.00000093,7.793994784669167
2013-09-25 22:00:00.000000155,18.110293015956472
2013-09-25 22:00:00.000000121,10.125018713402483
2013-09-25 22:00:00.000000134,12.257889638803817
2013-09-25 22:00:00.000000228,9.577676131723365
2013-09-25 22:00:00.00000092,11.680282707485162
2013-09-25 22:00:00.00000030,7.385790459042596
2013-09-25 22:00:00.00000062,12.104683258350747
2013-09-25 22:00:00.0000005,10.367825430204107
2013-09-25 22:00:00.00000097,36.56584930097449
2013-09-25 22:00:00.00000019,17.008958276983435
2013-09-25 22:00:00.000000180,8.035433875491321
2013-09-25 22:00:00.000000200,15.783629971855248
2013-09-25 22:00:00.000000186,6.003146621058249
2013-09-25 22:00:00.000000176,9.055074871723718
2013-09-25 22:00:00.00000082,9.09293566107226
2013-09-25 22:00:00.00000098,9.569647070725637
2013-09-25 22:00:00.00000085,10.889197868208498
2013-09-25 22:00:00.0000004,7.107509467552859
2013-09-25 22:00:00.00000032,17.84359993137059
2013-09-25 22:00:00.00000070,9.372888453727683
2013-09-25 22:00:00.00000074,12.266713155961156
2013-09-25 22:00:00.000000118,11.618843435118151
2013-09-25 22:00:00.0000007,8.807751562617682
2013-09-25 22:00:00.00000050,10.783550606465383
2013-09-25 22:00:00.00000044,8.413595425326776
2013-09-25 22:00:00.00000095,7.1130161713060716
2009-01-15 02:42:48.0000001,3.032910652224359
2011-07-06 18:07:44.0000001,10.005950087673568
2011-07-06 18:07:44.0000003,6.5308158842183275
2011-07-06 18:07:44.0000005,6.730536152203058
2011-09-08 01:28:24.0000001,40.88726450817444
2014-07-11 12:36:08.0000002,7.38038198461004
2010-11-04 05:01:44.0000001,5.53725391833575
2009-10-04 10:04:12.0000001,6.335269346329596
2009-10-04 10:04:12.0000003,4.230671672541689
2009-10-04 10:04:12.0000002,4.355713738545546
2009-10-04 10:04:12.0000004,4.436611886437504
2013-02-28 12:52:44.0000001,7.864945901560077
2013-02-28 12:52:44.0000003,7.946217735754203
2013-02-28 12:52:44.0000004,7.448620863816473
2013-02-28 12:52:44.0000002,5.707903470392125
2013-08-03 07:11:53.0000001,25.924440757089428
2015-01-26 23:13:33.0000001,13.10637344937686
2012-10-31 11:09:53.0000001,10.587513410892939
2012-10-31 11:09:53.0000002,15.66642552481187
2011-12-23 23:30:09.0000001,10.621515397717303
2015-01-29 11:01:21.0000001,7.389560097287699
2015-01-29 11:01:21.0000002,8.82678873612042
2014-01-31 11:11:05.0000001,16.38467115064691
2014-01-31 11:11:05.0000003,9.934030460767758
2014-01-31 11:11:05.0000004,8.528508533146237
2014-01-31 11:11:05.0000006,7.42847593884369
2014-01-31 11:11:05.0000005,8.680617357411279
2015-02-20 11:08:29.0000006,7.250756319298034
2015-02-20 11:08:29.0000002,12.316523244562404
2015-02-20 11:08:29.0000004,9.919156015823773
2015-02-20 11:08:29.0000003,8.266697934855983
2015-02-20 11:08:29.0000005,6.732523051881003
2014-08-31 04:03:29.0000001,8.891139084254064
2014-08-01 18:38:09.0000001,8.075905711452492
2014-08-01 18:38:09.0000002,7.757071851506453
2009-05-16 14:53:41.0000007,5.5123769306860595
2009-05-16 14:53:41.0000006,5.386830461249815
2009-12-17 06:28:05.0000001,7.919555387176047
2009-12-17 06:28:05.0000002,4.170386713857624
2009-12-17 06:28:05.0000003,7.660529050801188
2010-02-23 17:25:09.0000001,5.661245482981258
2010-02-23 17:25:09.0000002,4.825843064398327
2012-07-30 16:54:49.0000003,8.022827752080502
2012-07-30 16:54:49.0000001,12.880925287959485
2012-07-30 16:54:49.0000005,8.635933393254163
2012-07-30 16:54:49.0000004,7.060314850966847
2012-07-30 16:54:49.0000002,12.22091328979809
2013-08-26 11:47:37.0000003,16.615637399229513
2013-08-26 11:47:37.0000002,8.163245246553174
2013-08-26 11:47:37.0000004,33.879257654989146
2013-03-06 23:49:53.0000006,6.841402975974347
2013-03-06 23:49:53.0000005,7.9564291107773215
2013-03-06 23:49:53.0000003,9.258404079356183
2013-03-06 23:49:53.0000002,7.1443759279239885
2013-03-06 23:49:53.0000001,17.1830739438617
2013-03-06 23:49:53.0000004,10.403403694563735
2010-10-30 13:31:13.0000005,7.599797539339306
2010-10-30 13:31:13.0000003,5.363485458104265
2010-10-30 13:31:13.0000004,4.058260837161697
2010-10-30 13:31:13.0000002,6.731119206543326
2012-03-25 16:56:01.0000001,6.324970380850573
2012-03-25 16:56:01.0000002,8.338000225337964
2013-10-17 22:21:57.0000002,11.095888469878446
2013-10-17 22:21:57.0000004,13.899196701030633
2013-10-17 22:21:57.0000005,14.766499507369872
2013-10-17 22:21:57.0000001,15.143011668590816
2010-09-15 16:44:25.0000001,14.83779174921608
2010-09-15 16:44:25.0000002,12.945279337943816
2010-09-15 16:44:25.0000003,7.417467693751746
2014-05-09 00:30:41.0000003,11.969153177630119
2014-05-09 00:30:41.0000001,45.5990565088257
2014-05-09 00:30:41.0000002,15.756891372715813
2010-12-11 17:32:33.0000001,5.790019573823088
2010-06-14 05:10:09.0000001,10.880381434671904
2012-03-05 13:24:37.0000003,9.076932363901847
2012-03-05 13:24:37.0000001,7.164152071523517
2011-03-03 07:09:09.0000002,9.613582558275994
2011-03-03 07:09:09.0000001,9.3977390424443
2010-07-01 22:11:33.0000001,9.67239651855391
2010-07-01 22:11:33.0000002,8.095732502021178
2010-07-01 22:11:33.0000004,5.563600063780427
2012-01-07 21:39:05.0000002,9.992776895155203
2010-08-22 12:30:21.0000002,5.206718059594891
2010-08-22 12:30:21.0000001,5.6589851699264955
2012-05-26 00:31:25.0000002,24.743733722319234
2011-12-16 09:20:01.0000001,12.394278640692619
2012-01-26 20:09:45.0000003,11.603957441195007
2012-01-26 20:09:45.0000004,10.763196767151044
2012-01-26 20:09:45.0000002,7.747260906362726
2012-01-26 20:09:45.0000001,8.33317184946327
2010-02-03 11:33:29.0000002,5.928565905020378
2010-02-03 11:33:29.0000001,7.339680410324604
2014-10-07 11:52:13.0000005,29.798681234306287
2014-10-07 11:52:13.0000001,7.7579400517031445
2014-10-07 11:52:13.0000004,12.80816611035516
2014-10-07 11:52:13.0000002,7.758731031898037
2014-10-07 11:52:13.0000007,8.763527772851035
2014-10-07 11:52:13.0000003,9.1439217894399
2013-05-06 23:46:25.0000001,10.438024137154457
2015-06-13 19:17:09.0000006,10.248799563103375
2015-06-13 19:17:09.0000004,11.42052923063602
2015-06-13 19:17:09.0000002,17.866215215700436
2015-06-13 19:17:09.0000003,14.014142664673955
2015-06-13 19:17:09.0000001,7.130870785991419
2011-06-29 00:15:21.0000001,8.155113059236669
2011-06-29 00:15:21.0000002,6.36036588945683
2011-06-29 00:15:21.0000003,12.144473451277008
2009-11-28 13:50:17.0000003,7.127692209019301
2009-11-28 13:50:17.0000001,4.645203907806376
2010-05-02 12:05:45.0000001,7.997355951499799
2009-10-12 14:18:01.0000001,6.949128586341089
2015-01-13 12:07:53.0000002,9.146214651248329
2015-01-13 12:07:53.0000007,10.842360572718121
2015-01-13 12:07:53.0000001,13.173909582272927
2015-01-13 12:07:53.0000004,6.259371867218192
2015-01-13 12:07:53.0000006,9.31130410719254
2015-03-04 21:42:57.0000002,9.241934659383674
2015-03-04 21:42:57.0000009,8.45383896570047
2015-03-04 21:42:57.0000005,8.851160707993927
2015-03-04 21:42:57.0000003,14.040752392757213
2015-03-04 21:42:57.00000010,9.887056602534926
2015-03-04 21:42:57.0000004,20.210234325722354
2015-03-04 21:42:57.0000008,7.219370799711214
2015-03-04 21:42:57.0000001,12.684700037659923
2015-03-04 21:42:57.0000007,7.835562459487619
2012-01-31 09:15:49.0000005,7.050844143819518
2012-01-31 09:15:49.0000002,8.55618948751976
2012-01-31 09:15:49.0000006,10.432129216912813
2012-01-31 09:15:49.0000003,7.286843458484668
2012-01-31 09:15:49.0000004,10.693164671547834
2011-03-22 12:59:49.0000003,12.954294256251046
2011-03-22 12:59:49.0000005,5.197361228735872
2011-03-22 12:59:49.0000004,7.157793695630744
2014-10-05 17:21:45.0000001,7.650609979799128
2013-07-05 00:58:17.0000003,11.211790903607266
2013-07-05 00:58:17.0000002,17.99926810705847
2010-09-28 21:50:05.0000001,5.613991436960305
2010-09-28 21:50:05.0000003,23.12466540636558
2010-09-28 21:50:05.0000002,7.05962148277456
2010-09-28 21:50:05.0000004,12.422515806714955
2010-09-28 21:50:05.0000005,5.454162937068304
2012-05-25 09:21:17.0000001,5.714285784272079
2012-05-25 09:21:17.0000002,7.456503428978635
2012-05-25 09:21:17.0000003,6.645109057060495
2010-01-30 00:57:21.0000003,7.750244424675543
2010-01-30 00:57:21.0000004,5.863446516048839
2009-10-16 16:14:41.0000004,5.114228620350218
2009-10-16 16:14:41.0000001,5.609022131136726
2009-10-16 16:14:41.0000003,4.952923807623847
2012-04-02 08:39:21.0000003,7.228574971639432
2012-04-02 08:39:21.0000001,6.072898296358062
2009-09-04 06:54:49.0000001,6.264765597355108
2012-08-29 09:53:33.0000002,10.618739394396925
2012-08-29 09:53:33.0000001,10.444372938335846
2011-03-13 05:34:57.0000001,12.09009209417934
2010-10-22 00:49:05.0000001,7.490873358712292
2010-09-12 22:12:53.0000001,11.9402819633342
2014-09-13 04:51:21.0000001,22.941123988355116
2014-09-13 04:51:21.0000002,15.115665992560025
2010-08-17 07:59:05.0000003,8.671606700086954
2010-08-17 07:59:05.0000001,4.426484525766114
2010-08-17 07:59:05.0000002,8.897292903326388
2011-03-06 23:14:17.0000001,10.676340598471143
2014-06-19 08:41:17.0000001,7.1330875557436
2014-06-19 08:41:17.0000002,7.347817508809044
2014-06-19 08:41:17.0000006,13.800769826086707
2014-06-19 08:41:17.0000004,10.445103858417383
2014-06-19 08:41:17.0000003,7.383867338475852
2014-06-19 08:41:17.0000005,6.819530823257196
2015-02-26 23:20:13.0000004,7.858230152118722
2015-02-26 23:20:13.0000002,8.772867758850566
2015-02-26 23:20:13.0000009,20.8085042150999
2015-02-26 23:20:13.0000007,8.17115564546691
2015-02-26 23:20:13.0000005,10.876479778522139
2015-02-26 23:20:13.0000001,22.70264715162898
2015-02-26 23:20:13.0000006,21.316752203028614
2015-02-26 23:20:13.0000003,7.572299925768107
2013-10-09 15:11:41.0000001,8.660460191590914
2013-10-09 15:11:41.0000003,7.372606499828635
2013-10-09 15:11:41.0000002,19.76343809853961
2011-09-01 09:53:49.0000002,6.031246479437527
2011-09-01 09:53:49.0000003,11.086628839576974
2011-09-01 09:53:49.0000005,5.797047502797227
2011-09-01 09:53:49.0000001,10.156995239590856
2011-11-28 14:13:37.0000001,10.400047117478266
2011-11-28 14:13:37.0000003,7.329980672374177
2010-09-28 00:16:53.0000002,20.92494087930106
2010-09-28 00:16:53.0000004,11.20507952841615
2010-09-28 00:16:53.0000001,5.895020484744691
2013-08-30 11:20:21.0000002,14.545090911714965
2013-08-30 11:20:21.0000001,12.366575634603237
2013-09-19 21:24:21.0000002,6.676790811020055
2013-09-19 21:24:21.0000003,7.241781810702264
2012-07-01 22:30:29.0000001,7.334404991924089
2013-01-19 08:04:21.0000001,8.04393403529673
2011-07-02 00:38:01.0000003,7.715735219011435
2011-07-02 00:38:01.0000002,9.318868669337348
2014-02-08 17:24:57.0000001,13.320097714580697
2010-01-13 01:56:57.0000001,5.398608071570038
2014-01-05 12:00:13.0000005,9.578721329312657
2014-01-05 12:00:13.0000003,10.188845376362565
2014-01-05 12:00:13.0000002,8.215812860109622
2014-01-05 12:00:13.0000004,8.582257264950613
2014-01-05 12:00:13.0000006,6.170235556326361
2014-01-05 12:00:13.0000001,31.568061907396782
2011-02-04 09:12:53.0000003,9.360881600467792
2011-02-04 09:12:53.0000001,8.714561236839927
2011-02-04 09:12:53.0000005,5.184581471683941
2011-02-04 09:12:53.0000002,6.719300642657231
2012-03-08 12:33:25.0000005,6.778697185281885
2012-03-08 12:33:25.0000002,15.087670202542313
2012-03-08 12:33:25.0000001,7.974434207154786
2012-03-08 12:33:25.0000004,13.863612660458216
2009-07-31 18:15:57.0000002,5.026229336405436
2009-07-10 20:17:05.0000001,4.732405576184306
2009-07-10 20:17:05.0000002,3.755128932815296
2010-11-05 14:33:37.0000002,18.5950676099402
2010-11-05 14:33:37.0000003,6.530674789515615
2010-11-05 14:33:37.0000001,12.15298435509601
2010-11-05 14:33:37.0000004,25.743967434636374
2010-03-09 08:49:13.0000002,7.024745829335416
2010-03-09 08:49:13.0000001,6.014036042425573
2010-03-09 08:49:13.0000003,4.488836272427761
2010-08-21 21:56:25.0000001,6.216325139270225
2011-07-27 09:24:33.0000004,6.682378861164352
2011-07-27 09:24:33.0000002,5.1587200607363
2011-07-27 09:24:33.0000005,11.629370688100494
2011-07-27 09:24:33.0000001,7.822908868687364
2011-07-27 09:24:33.0000003,8.344278335405534
2010-10-09 17:11:17.0000002,6.513837952133031
2014-01-16 23:24:37.0000001,13.655879320770964
2009-09-25 15:13:57.0000005,25.94123124602163
2009-09-25 15:13:57.0000007,5.295060256219813
2009-09-25 15:13:57.0000006,5.374813443003973
2009-09-25 15:13:57.0000004,7.896558518185884
2009-12-13 20:44:37.0000001,8.32815305570341
2009-12-13 20:44:37.0000004,9.586735122052232
2009-12-13 20:44:37.0000002,7.570436388217104
2009-12-13 20:44:37.0000003,6.534439355995346
2010-05-26 21:31:05.0000004,8.510079216958275
2010-05-26 21:31:05.0000003,11.79186698714409
2010-05-26 21:31:05.0000005,4.877649022986361
2010-05-26 21:31:05.0000001,10.074251840197576
2010-05-26 21:31:05.0000002,6.420432419365284
2010-05-03 08:36:41.0000003,5.216596674566404
2010-05-03 08:36:41.0000005,6.176616268839439
2010-05-03 08:36:41.0000001,6.267627300331924
2010-05-03 08:36:41.0000002,6.609653710830344
2009-06-22 08:08:29.0000001,14.410191331322494
2009-06-22 08:08:29.0000002,8.20530754862682
2009-01-20 17:38:05.0000003,5.548580311993078
2009-01-20 17:38:05.0000005,3.8366890847180457
2009-01-20 17:38:05.0000004,5.896873832078995
2009-01-20 17:38:05.0000001,4.443904376479736
2009-01-20 17:38:05.0000002,35.22226681290181
2013-02-04 16:08:01.0000002,11.678283214014414
2013-02-04 16:08:01.0000001,8.359712829895102
2009-07-22 09:50:25.0000001,4.321960955858572
2009-07-22 09:50:25.0000002,5.832967701493544
2009-07-22 09:50:25.0000003,4.922760425579327
2013-07-17 06:50:17.0000001,16.720699276814344
2011-01-24 20:18:49.0000002,8.783307884829355
2011-01-24 20:18:49.0000004,7.023016433803605
2011-01-24 20:18:49.0000001,5.3056893984738736
2012-04-25 17:29:21.0000002,17.007091722208315
2012-04-25 17:29:21.0000004,6.559250018980492
2012-04-25 17:29:21.0000001,9.868429697098918
2012-04-25 17:29:21.0000003,12.931993502764271
2010-01-23 14:32:17.0000001,6.053207368409403
2010-01-23 14:32:17.0000002,5.170847656879687
2012-03-07 01:22:57.0000001,9.289535455241548
2012-03-07 01:22:57.0000002,13.61015698994936
2012-06-02 01:16:05.0000002,5.710080235607393
2012-06-02 01:16:05.0000005,42.58655904378509
2011-02-18 20:57:57.0000003,5.942675067488949
2011-02-18 20:57:57.0000001,12.3116051116765
2011-02-18 20:57:57.0000002,6.185954906338679
2010-11-03 17:52:21.0000001,5.732565309783013
2011-10-20 13:46:33.0000004,10.842349280494318
2011-10-20 13:46:33.0000001,43.011816787999805
2013-11-29 15:09:45.0000002,7.837352275702074
2013-11-29 15:09:45.0000001,10.95578360729769
2015-06-24 07:28:01.0000001,6.799239537159565
2015-06-24 07:28:01.0000003,66.57499619006683
2015-06-24 07:28:01.0000004,7.647144744752268
2015-06-24 07:28:01.0000002,14.750277999974628
2015-06-24 07:28:01.0000005,6.980023030498387
2010-03-27 11:29:05.0000001,5.509837993100859
2010-03-27 11:29:05.0000003,5.094363333420915
2010-03-27 11:29:05.0000002,4.3080767414054435
2014-06-09 11:18:25.0000005,7.424072787922455
2014-06-09 11:18:25.0000003,10.391819616541852
2014-06-09 11:18:25.0000001,8.028077318562737
2014-06-09 11:18:25.0000004,6.451047140135756
2014-06-09 11:18:25.0000002,9.745559164802216
2012-08-08 09:47:53.0000002,6.6950728777115955
2012-08-08 09:47:53.0000003,6.005360518387079
2012-08-08 09:47:53.0000001,8.785593846108213
2014-10-28 12:23:09.0000003,15.33628425148504
2014-10-28 12:23:09.0000006,10.38715598315764
2014-10-28 12:23:09.0000004,9.519071216783004
2014-10-28 12:23:09.0000005,9.312165056755362
2014-10-28 12:23:09.0000002,7.2578749463989425
2013-04-04 02:55:13.0000001,19.113876245501046
2011-07-11 20:43:33.0000003,13.72195018896332
2011-07-11 20:43:33.0000002,8.252509263508728
2013-02-23 14:25:29.0000001,12.069182091731477
2010-01-30 18:58:33.0000007,6.749397709363848
2010-01-30 18:58:33.0000002,10.73199179200617
2010-01-30 18:58:33.0000003,4.69215055431971
2010-01-30 18:58:33.0000004,14.730596790948653
2010-01-30 18:58:33.0000005,6.2282373407814475
2013-10-07 11:12:33.0000003,10.231006241126806
2013-10-07 11:12:33.0000002,7.7538027147127195
2013-10-07 11:12:33.0000001,8.734872814569485
2012-10-08 12:29:21.0000001,8.0573879263153
2014-08-22 06:49:41.0000002,9.774014105499418
2014-08-22 06:49:41.0000001,7.660960749530659
2014-04-26 22:02:17.0000001,11.766324027000792
2010-05-13 08:48:41.0000004,19.741980235271853
2010-05-13 08:48:41.0000002,5.089679031875903
2010-05-13 08:48:41.0000001,14.30408240381621
2010-05-13 08:48:41.0000003,8.021377284095934
2014-06-22 14:49:13.0000004,7.032762153802196
2014-06-22 14:49:13.0000003,7.547714362528154
2013-01-22 14:06:33.0000002,6.774167521535219
2013-01-22 14:06:33.0000004,8.112780694998264
2013-01-22 14:06:33.0000001,9.21856334820734
2013-01-22 14:06:33.0000003,45.84180736556061
2010-10-08 11:25:09.0000001,6.172801117638414
2010-10-08 11:25:09.0000002,5.610008649995734
2015-03-14 02:23:17.0000001,6.2459775076970345
2015-03-14 02:23:17.0000005,22.92413388223224
2015-03-14 02:23:17.0000007,17.404948264131804
2015-03-14 02:23:17.0000003,23.715195653505248
2014-09-20 00:55:21.0000001,10.857215037341007
2014-09-25 20:52:09.0000003,16.158228476761337
2014-09-25 20:52:09.0000007,16.78540213508859
2014-09-25 20:52:09.0000008,9.443336853070264
2014-09-25 20:52:09.0000006,9.049153094996655
2014-09-25 20:52:09.0000001,7.735855840134377
2014-09-25 20:52:09.0000004,13.860731065668233
2013-08-20 09:05:33.0000001,10.358513610057003
2012-01-19 00:39:29.0000001,12.587116883598128
2009-12-23 09:09:21.0000002,14.585570770294225
2009-12-23 09:09:21.0000003,9.662274914993986
2009-12-23 09:09:21.0000001,12.026619228392178
2012-12-15 06:35:45.0000002,14.275835997591798
2012-12-15 06:35:45.0000003,50.792034770743044
2012-12-15 06:35:45.0000004,7.028738079506866
2013-09-30 07:03:29.0000001,10.211152207333043
2014-06-10 11:21:37.0000001,8.22449839662454
2014-06-10 11:21:37.0000002,10.624475798716958
2015-05-30 05:00:57.0000001,9.956919930482172
2015-05-30 05:00:57.0000002,18.570531544994992
2014-04-15 08:04:25.0000001,7.48359020433918
2014-04-15 08:04:25.0000002,9.909153735607106
2012-09-04 21:59:45.0000001,7.616371057822448
2012-06-23 19:15:29.0000001,8.110661810468514
2014-09-23 18:20:01.0000002,9.951372083067554
2014-09-23 18:20:01.0000001,9.649507168095397
2011-06-30 21:50:17.0000002,9.50004428171792
2011-06-30 21:50:17.0000006,7.407737717872578
2011-06-30 21:50:17.0000005,8.287557975187724
2011-06-30 21:50:17.0000004,10.354799250584392
2011-06-30 21:50:17.0000001,6.236180371064847
2011-06-30 21:50:17.0000003,7.875193937780978
2013-04-09 08:59:41.0000001,6.271416807423179
2013-02-14 03:56:45.0000001,7.793199146452707
2009-02-23 21:09:17.0000002,8.793957163228242
2009-02-23 21:09:17.0000003,4.420275385670948
2009-02-23 21:09:17.0000001,5.859704064787479
2013-04-05 20:47:57.0000001,13.024484037002026
2013-04-05 20:47:57.0000003,11.185380216024441
2013-04-05 20:47:57.0000002,14.29302090382862
2013-03-11 06:58:05.0000001,9.120369728177707
2012-01-05 05:51:01.0000002,8.531332804827002
2009-05-11 10:47:33.0000001,14.235923522466805
2014-02-22 02:07:01.0000001,15.01094779171683
2014-02-22 02:07:01.0000004,8.888643971787019
2014-02-22 02:07:01.0000005,8.995966750505886
2014-02-22 02:07:01.0000002,12.573247719033361
2014-02-22 02:07:01.0000003,12.022263612991424
2013-07-25 01:56:37.0000002,16.434081451268412
2013-07-25 01:56:37.0000001,11.212725083922464
2013-10-15 08:16:21.0000001,7.334746650950478
2014-08-26 23:35:49.0000003,15.50727525038883
2014-08-26 23:35:49.0000004,17.077694569974824
2014-08-26 23:35:49.0000001,9.891657296028598
2009-08-28 23:01:41.0000007,8.04432096358687
2009-08-28 23:01:41.0000004,6.083859248444014
2009-08-28 23:01:41.0000003,4.591015834280597
2009-08-28 23:01:41.0000005,46.68345891055844
2009-08-07 07:07:37.0000003,11.003169069138153
2009-08-07 07:07:37.0000002,12.231434613873944
2009-08-07 07:07:37.0000001,9.11175707435325
2013-11-11 13:49:53.0000004,49.189252847903504
2013-11-11 13:49:53.0000003,11.005572991260578
2013-11-11 13:49:53.0000006,16.685398168274332
2013-11-11 13:49:53.0000005,7.382185191197664
2013-11-11 13:49:53.0000001,8.405486094727735
2013-11-11 13:49:53.0000002,9.148420219259378
2012-08-11 19:58:29.0000002,8.967398959586035
2012-08-11 19:58:29.0000003,6.954710914190173
2012-08-11 19:58:29.0000004,8.417140563093426
2012-08-11 19:58:29.0000001,11.000311041840632
2011-06-29 06:25:41.0000001,31.802992559287304
2014-10-19 15:14:45.0000001,19.311190383270173
2014-12-16 13:40:25.0000001,8.710628120016963
2014-12-16 13:40:25.0000002,10.630704099546051
2010-06-11 13:37:21.0000004,188.39712932322902
2010-06-11 13:37:21.0000001,5.284193177407133
2010-06-11 13:37:21.0000002,8.669467525251434
2012-12-09 22:30:13.0000003,18.13703572497002
2012-12-09 22:30:13.0000001,13.344125295385993
2010-06-21 20:21:45.0000001,21.36463531368986
2011-05-11 19:56:09.0000002,10.963681701969449
2013-06-17 06:37:49.0000001,6.322381241457379
2009-07-29 07:52:01.0000004,5.065468846782096
2009-07-29 07:52:01.0000002,14.871279459343782
2009-07-29 07:52:01.0000003,4.7885971926991715
2009-07-29 07:52:01.0000001,4.761408595074158
2014-08-08 00:02:41.0000001,11.358473000672006
2014-08-08 00:02:41.0000003,14.185377493693295
2014-08-08 00:02:41.0000005,12.557395212018037
2009-02-19 09:17:21.0000001,8.549721651018558
2013-09-12 12:50:13.0000004,6.600266554439486
2013-09-12 12:50:13.0000002,12.414104061231683
2013-09-12 12:50:13.0000006,41.29488749635652
2013-09-12 12:50:13.0000005,8.788189941471273
2011-06-26 03:33:25.0000001,19.3531965108225
2013-09-28 09:59:33.0000002,9.300015219093325
2013-09-28 09:59:33.0000001,7.5766810457583915
2010-04-20 07:32:21.0000001,7.912547798111973
2010-04-20 07:32:21.0000002,8.248322372995972
2011-04-16 06:38:33.0000001,6.661994776321876
2011-09-18 18:33:13.0000001,7.502085229967406
2011-09-18 18:33:13.0000002,23.750025079202487
2014-03-04 16:24:45.0000003,14.2672048081522
2014-03-04 16:24:45.0000002,8.576669508653822
2013-08-03 15:48:29.0000001,7.346180575096014
2012-06-21 19:47:25.0000003,6.809534326274729
2012-06-21 19:47:25.0000001,8.491090084351981
2012-06-21 19:47:25.0000002,7.725314327180399
2014-03-10 12:25:21.0000003,7.517557041469445
2014-03-10 12:25:21.0000002,9.537598152117653
2014-03-10 12:25:21.0000001,12.498000976491653
2014-11-10 10:52:41.0000002,20.639675307597372
2014-11-10 10:52:41.0000003,13.881088193393452
2010-10-17 23:04:25.0000001,8.358759584341442
2009-12-22 15:59:53.0000001,4.876553855865495
2009-12-22 15:59:53.0000002,4.8463152659603566
2009-12-22 15:59:53.0000004,12.760912560248698
2014-05-08 21:23:41.0000002,7.711660989134089
2014-05-08 21:23:41.0000003,10.914294983740547
2014-05-08 21:23:41.0000004,8.571843303942842
2014-05-08 21:23:41.0000005,11.328825768196566
2009-10-28 17:56:45.0000002,5.9420169428955205
2009-10-28 17:56:45.0000001,4.9700628605314705
2014-07-10 07:03:29.0000002,12.412155488978556
2014-07-10 07:03:29.0000001,8.381405615042468
2012-07-15 03:53:37.0000004,15.688683679655242
2010-03-31 05:33:53.0000001,5.608008809901776
2010-03-31 05:33:53.0000002,11.32452396368285
2010-07-06 20:52:53.0000003,8.099021034677207
2010-07-06 20:52:53.0000001,6.830893193547013
2010-07-06 20:52:53.0000002,6.382061104577019
2013-06-10 11:29:13.0000002,6.55837377429134
2013-06-10 11:29:13.0000006,6.819098154843573
2013-06-10 11:29:13.0000004,7.094417355767973
2013-06-10 11:29:13.0000005,6.789330939119395
2013-06-10 11:29:13.0000003,12.508617923075235
2015-04-25 01:06:17.0000008,8.759126312406124
2015-04-25 01:06:17.0000004,7.75695763883482
2015-04-25 01:06:17.0000001,7.583553115374912
2015-04-25 01:06:17.0000006,9.933079518053319
2015-04-25 01:06:17.0000002,11.663351774650323
2011-05-27 14:47:09.0000001,6.933907642481245
2011-05-27 14:47:09.0000004,9.004968144000031
2011-05-27 14:47:09.0000002,9.171193681187106
2011-05-27 14:47:09.0000003,8.111362919659086
2012-10-28 13:55:57.0000002,8.687713712954974
2011-06-12 01:07:57.0000002,22.04706297900418
2011-06-12 01:07:57.0000001,14.58473408942757
2014-12-11 15:20:49.0000002,41.822308144514864
2014-12-11 15:20:49.0000003,9.021483979998948
2011-06-19 04:08:49.0000001,9.589104753529114
2015-06-02 09:11:17.0000003,8.12905877137689
2015-06-02 09:11:17.0000006,7.856931553031814
2015-06-02 09:11:17.0000001,10.962696039453135
2015-06-02 09:11:17.0000004,7.59076831861762
2015-06-02 09:11:17.0000005,12.323783615784237
2014-05-09 02:23:21.0000001,11.374330550764853
2011-10-08 12:54:49.0000003,8.648768788319444
2011-10-08 12:54:49.0000001,12.470708107664336
2009-06-02 08:34:33.0000003,7.446959721054441
2009-06-02 08:34:33.0000002,5.4227906530062455
2010-12-09 17:21:29.0000001,6.438976984458009
2013-06-22 01:59:25.0000001,7.875884628054337
2014-12-07 19:56:45.0000002,8.359589606161876
2014-12-07 19:56:45.0000003,10.553197952965547
2013-12-04 17:40:13.0000006,8.792060644920412
2013-12-04 17:40:13.0000004,9.639670517794002
2013-12-04 17:40:13.0000002,9.85019453440384
2013-12-04 17:40:13.0000005,6.219521822296201
2013-12-04 17:40:13.0000001,6.955223496260487
2013-12-04 17:40:13.0000007,12.620633367679375
2013-12-04 17:40:13.0000003,25.70368219606371
2014-07-20 17:05:09.0000001,19.428070006799317
2010-12-15 08:39:33.0000003,6.252299185156289
2010-12-15 08:39:33.0000002,6.992786190693664
2010-12-15 08:39:33.0000004,47.640632750506484
2010-12-15 08:39:33.0000001,5.14970224549586
2011-02-07 08:56:09.0000001,8.62928567375684
2012-05-26 11:54:53.0000003,8.420035993025976
2012-04-24 17:57:05.0000002,8.015277348235145
2012-04-24 17:57:05.0000003,22.55638660014222
2012-04-24 17:57:05.0000001,12.36278288409369
2014-01-11 19:20:17.0000002,8.509594161090035
2015-01-05 21:43:13.0000003,11.497631433969332
2015-01-05 21:43:13.0000002,11.407035949454439
2013-04-23 13:19:17.0000002,9.498593732765016
2013-04-23 13:19:17.0000003,8.219119585560293
2011-07-19 22:20:41.0000003,18.123733252511897
2012-03-18 02:27:41.0000002,40.558322282715835
2012-03-18 02:27:41.0000003,12.990389787859272
2009-01-19 19:48:17.0000003,10.181066859125508
2011-06-21 22:19:45.0000002,6.262956471943312
2011-06-21 22:19:45.0000003,15.87266598053202
2011-06-21 22:19:45.0000001,14.646285160624643
2012-02-10 06:28:17.0000001,9.981083818540355
2013-01-13 00:20:53.0000002,10.16339826392823
2013-01-13 00:20:53.0000003,10.342507866832307
2015-03-28 09:52:37.0000002,6.339893682588922
2015-03-28 09:52:37.0000001,8.651922074151798
2015-05-02 15:18:33.0000001,9.769597178408162
2015-05-02 15:18:33.0000005,8.727023240822518
2015-05-02 15:18:33.0000002,9.202781759077538
2015-05-02 15:18:33.0000006,8.927425061009444
2015-05-02 15:18:33.0000004,10.94148099319034
2015-05-02 15:18:33.0000007,15.296680294941552
2015-05-02 15:18:33.0000003,12.016768070037187
2012-01-01 00:37:29.0000005,15.441828573521434
2012-01-01 00:37:29.0000001,8.206510462502706
2012-01-01 00:37:29.0000003,10.22597203827172
2012-01-01 00:37:29.0000002,11.985840672865493
2010-06-24 19:32:25.0000001,8.502114888324286
2010-06-24 19:32:25.0000002,4.961954447749918
2010-04-25 09:00:01.0000001,12.63268291799693
2010-04-25 09:00:01.0000002,11.650747938243512
2009-08-11 21:41:09.0000001,15.507415884795932
2012-06-12 07:19:17.0000002,9.106248659628363
2012-06-12 07:19:17.0000001,6.3420275588702
2011-12-30 11:16:05.0000002,11.236606306215322
2011-12-30 11:16:05.0000001,8.039994060233994
2011-12-30 11:16:05.0000003,6.993006486411332
2011-12-30 11:16:05.0000004,7.077937530939835
2013-11-28 13:17:13.0000001,8.431991073109202
2010-06-14 20:51:37.0000001,16.767554881564138
2010-06-14 20:51:37.0000002,12.112189635270624
2012-06-10 00:46:17.0000004,15.256385193301298
2012-06-10 00:46:17.0000002,14.485950413874093
2013-02-10 19:51:53.0000001,9.804245395472662
2013-02-10 19:51:53.0000002,13.463170274684671
2010-02-20 04:04:13.0000001,8.220304462721629
2010-02-20 04:04:13.0000002,8.543893471776755
2010-02-20 04:04:13.0000003,5.342671572800668
2014-01-01 16:33:01.0000004,7.373553103230279
2014-01-01 16:33:01.0000001,9.217715459204896
2014-01-01 16:33:01.0000002,12.319228817527119
2014-01-01 16:33:01.0000003,10.110268935383829
2013-06-04 08:06:57.0000002,8.664559387384656
2013-06-04 08:06:57.0000005,9.063130347392189
2013-06-04 08:06:57.0000003,10.10536010819419
2013-06-04 08:06:57.0000004,6.521276656611349
2013-06-04 08:06:57.0000001,5.936190137219114
2012-07-13 08:45:21.0000001,24.673016696582636
2012-07-13 08:45:21.0000003,7.086893060976422
2012-07-13 08:45:21.0000004,6.664985817478396
2012-07-13 08:45:21.0000002,11.519469327409638
2014-06-09 13:01:21.0000002,8.986645660611202
2014-06-09 13:01:21.0000001,8.80130334021078
2010-10-01 13:11:05.0000002,5.9203518336005345
2010-10-01 13:11:05.0000004,8.014041828144514
2010-10-01 13:11:05.0000003,25.255470467852206
2010-02-27 22:55:09.0000002,7.087614900486756
2010-02-27 22:55:09.0000003,7.447027549723771
2012-11-23 05:37:53.0000001,14.707902198744364
2009-10-05 15:41:37.0000001,5.596262122964845
2009-12-01 02:33:57.0000001,10.02095103242334
2013-04-30 14:43:33.0000003,17.86205292776947
2013-04-30 14:43:33.0000002,15.738811488244892
2013-04-30 14:43:33.0000001,12.472626278330381
2015-05-17 04:17:33.0000001,11.973722688913426
2015-05-17 04:17:33.0000002,10.757093207230241
2015-05-17 04:17:33.0000003,11.512543761915936
2015-05-17 04:17:33.0000004,10.859195632663386
2014-07-26 23:31:41.0000001,8.75618665215677
2009-11-07 16:37:49.0000001,5.4324702067142425
2009-11-07 16:37:49.0000003,5.478442069504808
2009-11-07 16:37:49.0000002,49.56727544263265
2009-11-07 16:37:49.0000005,4.7798237523752505
2012-11-07 12:46:29.0000003,7.745034320982427
2012-11-07 12:46:29.0000001,12.690733587338741
2012-11-07 12:46:29.0000002,7.001079417700453
2011-01-07 09:25:57.0000002,4.856294192379096
2011-01-07 09:25:57.0000001,6.462814403872585
2012-07-18 16:28:21.0000002,7.616478824254614
2009-12-17 10:33:45.0000001,8.769073177489986
2009-12-17 10:33:45.0000002,10.810329519830702
2009-12-17 10:33:45.0000003,4.616786055850639
2009-12-17 10:33:45.0000004,5.740105428162224
2013-03-08 19:03:09.0000001,12.079402032647636
2013-03-08 19:03:09.0000004,7.780989734917966
2011-03-11 23:36:13.0000001,7.925614352619959
2011-03-11 23:36:13.0000002,6.11789123575295
2011-03-11 23:36:13.0000004,6.597052584274593
2011-03-11 23:36:13.0000003,5.636403995352225
2009-12-10 22:45:01.0000002,4.932619757919497
2009-12-10 22:45:01.0000001,13.148325008000256
2009-12-10 22:45:01.0000003,5.054526467942878
2009-12-10 22:45:01.0000005,19.483599507559006
2012-07-13 11:00:05.0000003,27.800527236743505
2012-07-13 11:00:05.0000002,14.501418445092213
2012-07-13 11:00:05.0000006,49.14373187766864
2012-07-13 11:00:05.0000001,10.069921413748034
2012-07-21 17:57:17.0000001,9.57046327962803
2009-04-23 02:42:05.0000002,5.813857596218099
2009-04-23 02:42:05.0000001,12.080029065198346
2012-11-03 23:49:17.0000003,11.24406918840566
2012-11-03 23:49:17.0000002,6.559630335020415
2012-11-03 23:49:17.0000004,6.925488725823357
2012-11-03 23:49:17.0000001,12.513441154565271
2012-02-21 20:07:25.0000002,6.14652750045218
2012-02-21 20:07:25.0000001,6.333425958698626
2012-03-26 05:24:13.0000001,19.23267910329548
2010-02-01 20:28:45.0000001,5.919211713736104
2010-02-01 20:28:45.0000002,6.639161693667688
2010-02-01 20:28:45.0000003,4.712647712738999
2009-09-26 04:36:49.0000001,4.299326954308981
2009-01-29 15:29:09.0000002,25.362922552448367
2009-01-29 15:29:09.0000001,3.7033681791441495
2009-12-29 02:06:33.0000002,16.669108547596352
2009-12-29 02:06:33.0000001,9.390211319162404
2010-09-06 00:39:05.0000001,7.259916768520043
2012-09-08 21:13:49.0000004,8.78800426581904
2012-09-08 21:13:49.0000001,9.950754906351563
2012-09-08 21:13:49.0000002,7.279989475076377
2012-09-08 21:13:49.0000003,8.21286647405816
2010-11-04 16:19:25.0000001,9.647251853652165
2009-12-08 07:36:17.0000001,10.856242161155706
2009-12-08 07:36:17.0000002,11.70988954682889
2012-08-30 20:32:49.0000001,11.205715872422502
2013-06-08 16:55:13.0000002,7.452008150754068
2013-06-08 16:55:13.0000001,9.34650062748642
2014-07-01 11:05:21.0000002,6.756061460955948
2014-07-01 11:05:21.0000001,9.329233346585738
2013-08-19 16:21:05.0000002,14.91292901663951
2014-12-26 21:10:45.0000001,9.935528334527476
2012-10-25 16:20:37.0000001,11.114656873822469
2012-10-25 16:20:37.0000002,27.089609462045132
2013-08-14 11:02:17.0000001,7.034674602560813
2013-08-14 11:02:17.0000002,17.754134245541422
2010-10-01 01:22:01.0000001,11.045188360512384
2012-12-07 19:33:49.0000002,68.06115793671052
2012-12-07 19:33:49.0000001,6.157516270705514
2011-07-11 01:40:45.0000001,8.82205061061029
2013-07-18 01:45:01.0000001,7.695575468734432
2013-07-18 01:45:01.0000002,7.100124578749728
2009-06-25 10:29:21.0000002,4.399205768981915
2009-06-25 10:29:21.0000001,4.283259266630921
2012-07-31 20:04:53.0000005,7.437287013645232
2012-07-31 20:04:53.0000003,7.42034985395037
2012-07-31 20:04:53.0000004,6.500408430988728
2012-07-31 20:04:53.0000001,11.764950000197928
2010-11-15 22:25:13.0000001,7.205011926487487
2015-06-08 05:02:45.0000002,14.046455316738161
2015-06-08 05:02:45.0000001,21.929155611454917
2013-12-08 20:26:29.0000001,7.144382515924008
2013-12-08 20:26:29.0000002,10.683068192334304
2013-12-08 20:26:29.0000003,5.916099166502022
2009-05-10 00:24:57.0000002,12.350180934003902
2009-05-10 00:24:57.0000004,4.109327453309334
2009-05-10 00:24:57.0000003,8.083028055685986
2009-05-10 00:24:57.0000005,4.368026121791331
2009-05-10 00:24:57.0000001,3.899544138423721
2009-02-28 10:19:41.0000002,3.669884085515946
2009-02-28 10:19:41.0000001,5.260017419463679
2011-08-19 17:42:57.0000001,5.352077626068535
2011-08-19 17:42:57.0000002,9.441877399109217
2014-06-05 22:56:05.0000007,12.126811149932678
2014-06-05 22:56:05.0000002,21.46293290640108
2014-06-05 22:56:05.0000001,49.7033174397186
2014-06-05 22:56:05.0000006,7.2031110122293285
2014-06-05 22:56:05.0000005,7.7771716967160955
2014-06-05 22:56:05.0000003,23.989967745725835
2014-07-16 18:33:41.0000001,9.495055864880896
2014-07-16 18:33:41.0000002,10.08367084986969
2014-07-16 18:33:41.0000003,13.56032182581987
2009-07-14 22:41:09.0000002,5.497496806033155
2009-07-14 22:41:09.0000004,4.942554781808326
2009-07-14 22:41:09.0000001,39.9920893726387
2013-11-21 14:19:21.0000002,6.90834523136823
2015-01-02 11:55:57.0000005,7.764025049041493
2015-01-02 11:55:57.0000002,8.629418842648306
2015-01-02 11:55:57.0000004,22.245490658154267
2015-01-02 11:55:57.0000001,9.11607393492227
2011-09-26 22:26:57.0000001,8.102089222217273
2015-04-14 01:41:05.0000001,12.770878321303599
2013-05-14 16:23:49.0000002,10.4279548306381
2013-05-14 16:23:49.0000001,11.44642405904915
2013-11-23 22:19:37.0000002,15.566155844662148
2013-11-23 22:19:37.0000001,9.873211462295103
2014-07-14 16:18:37.0000001,7.363370557600888
2010-07-30 12:04:17.0000001,4.634496724886503
2010-07-30 12:04:17.0000002,7.1554048908081995
2011-07-27 21:48:49.0000002,7.418977256803373
2011-07-27 21:48:49.0000001,7.101808983168439
2014-03-18 19:55:17.0000003,7.6645109172792445
2014-03-18 19:55:17.0000002,14.21986664113922
2014-03-18 19:55:17.0000004,8.004588338161625
2014-07-28 21:44:21.0000001,13.05504572156633
2009-05-23 07:56:37.0000001,6.2709348666505775
2010-06-05 23:05:25.0000004,12.94141044324033
2010-06-05 23:05:25.0000005,5.588656598247667
2010-06-05 23:05:25.0000003,10.647553222040301
2010-06-05 23:05:25.0000001,10.332909438227261
2010-06-05 23:05:25.0000002,9.60344965613001
2012-07-01 19:59:49.0000001,7.39996505968395
2015-06-07 17:23:09.0000004,9.763468276916
2015-06-07 17:23:09.0000003,9.252950244808744
2015-06-07 17:23:09.0000002,8.325098319570202
2015-06-07 17:23:09.0000001,10.269120950147112
2013-03-10 07:31:45.0000001,7.793240634865015
2011-03-24 17:44:01.0000001,10.358500614861327
2011-03-24 17:44:01.0000003,8.29587755647185
2014-03-28 21:55:17.0000002,18.228439489285734
2014-03-28 21:55:17.0000004,7.8605576102988834
2014-03-28 21:55:17.0000005,9.310835294354092
2014-03-28 21:55:17.0000006,8.885768305723445
2013-04-28 20:00:05.0000002,49.387960912227754
2013-04-28 20:00:05.0000001,7.61599300971443
2013-04-28 20:00:05.0000004,11.694175380160686
2013-04-28 20:00:05.0000003,6.628317185165429
2012-04-27 18:37:09.0000003,10.648101106964646
2012-04-27 18:37:09.0000001,12.028103468248105
2012-04-27 18:37:09.0000004,10.594126559177312
2014-04-05 18:11:33.0000001,11.673595204214166
2013-11-07 22:25:25.0000002,18.258075427433596
2010-06-19 03:06:33.0000002,5.1535964981534335
2012-06-30 03:53:29.0000003,14.810657972237323
2012-06-30 03:53:29.0000001,16.653925656440492
2011-09-15 02:11:49.0000002,20.608725676882727
2011-09-15 02:11:49.0000001,22.31363736558285
2012-08-08 04:45:25.0000001,47.43700925543669
2011-05-19 16:01:41.0000004,5.954056053976728
2011-05-19 16:01:41.0000002,6.704821616010463
2011-05-19 16:01:41.0000005,6.184918975128994
2011-05-19 16:01:41.0000003,23.596962868473724
2009-12-27 04:00:09.0000001,18.27814906869196
2010-01-11 12:38:33.0000006,33.772169165396804
2010-01-11 12:38:33.0000003,7.313914006452251
2010-01-11 12:38:33.0000005,4.911914559303682
2010-01-11 12:38:33.0000001,7.368148928735309
2010-01-11 12:38:33.0000004,6.2271992910243625
2010-10-16 09:26:33.0000004,31.988444227612263
2010-10-16 09:26:33.0000002,7.392204328147045
2014-07-25 18:06:37.0000002,8.701305478630502
2014-07-25 18:06:37.0000004,9.78444874688796
2014-07-25 18:06:37.0000005,12.798592029076985
2014-07-25 18:06:37.0000003,8.449098655119542
2014-07-25 18:06:37.0000001,11.006630679278373
2013-03-18 15:54:21.0000001,9.83621025756463
2013-03-18 15:54:21.0000002,6.964241021326984
2010-05-13 06:34:57.0000002,6.358749618470711
2010-05-13 06:34:57.0000001,8.643715522386401
2009-05-16 08:13:05.0000001,21.47749030136697
2014-05-13 21:07:29.0000003,8.853055933244946
2014-05-13 21:07:29.0000002,10.023570227097139
2010-04-23 16:10:29.0000001,5.023840660223186
2010-04-23 16:10:29.0000003,10.152328346581157
2010-04-23 16:10:29.0000002,6.0045166735820885
2015-05-25 22:13:09.0000002,40.64623778222415
2015-05-25 22:13:09.0000001,15.691896566353307
2013-11-16 18:33:25.0000003,8.70202793521105
2013-11-16 18:33:25.0000004,13.480177805478661
2013-11-16 18:33:25.0000002,12.521494762169254
2013-11-16 18:33:25.0000001,10.33921976975114
2012-04-16 17:48:09.0000001,8.101537875606255
2012-04-16 17:48:09.0000002,8.509677777836373
2012-04-16 17:48:09.0000003,9.600601696377112
2014-12-29 12:55:53.0000002,10.28656649823472
2014-12-29 12:55:53.0000001,22.685131541656006
2014-12-29 12:55:53.0000003,13.512869462831986
2009-08-02 14:01:33.0000002,5.3669859474090345
2009-08-02 14:01:33.0000003,29.152299582992214
2009-08-02 14:01:33.0000001,5.301929982600996
2015-01-12 15:36:37.0000003,21.226168078896876
2015-01-12 15:36:37.0000004,42.08991366938142
2015-01-12 15:36:37.0000005,13.097705380294428
2015-01-12 15:36:37.0000009,16.58733524375748
2015-01-12 15:36:37.0000006,8.93275442381696
2015-01-12 15:36:37.0000001,16.244044290203988
2015-01-12 15:36:37.0000007,12.262575159984863
2014-09-04 19:52:09.0000002,8.278516929623834
2014-09-04 19:52:09.0000001,7.656309554913264
2014-09-04 19:52:09.0000003,7.542202259680607
2014-09-04 19:52:09.0000004,20.874194782064023
2009-06-01 17:42:01.0000001,10.990361592871295
2009-06-01 17:42:01.0000002,8.460739009390863
2009-06-01 17:42:01.0000003,5.879103907122158
2010-09-21 01:35:09.0000001,11.975788537479957
2010-09-21 01:35:09.0000002,5.734299648088836
2013-05-26 15:18:37.0000004,19.19587032282891
2013-05-26 15:18:37.0000002,10.008297646415826
2009-09-20 23:07:01.0000002,10.68720676899693
2009-08-12 23:00:37.0000001,20.204287457761097
2012-07-18 09:44:53.0000005,8.78685479924934
2012-07-18 09:44:53.0000001,7.306130448221097
2012-07-18 09:44:53.0000004,5.621256849827773
2012-07-18 09:44:53.0000002,7.334516681577043
2009-09-25 21:43:49.0000005,8.194349463602634
2009-09-25 21:43:49.0000007,11.819638450677417
2009-09-25 21:43:49.0000003,6.40771960424911
2009-09-25 21:43:49.0000006,4.410212243574733
2009-09-25 21:43:49.0000008,9.541970942752073
2009-09-25 21:43:49.0000001,8.076526696214728
2009-03-22 20:58:33.0000002,9.518379302666176
2009-03-22 20:58:33.0000001,10.09662199089064
2011-12-09 21:19:25.0000002,9.135606146445298
2011-12-09 21:19:25.0000005,13.668141315425373
2011-12-09 21:19:25.0000006,6.599941280609755
2013-07-05 20:44:49.0000002,6.336612921394362
2013-12-20 15:58:29.0000005,11.996892680708015
2013-12-20 15:58:29.0000002,9.925108453903704
2013-12-20 15:58:29.0000003,33.44846354074525
2013-12-20 15:58:29.0000004,12.450919599866893
2014-10-06 14:37:25.0000004,12.99964112544717
2014-10-06 14:37:25.0000003,16.71181399999955
2014-10-06 14:37:25.0000002,9.529421559613866
2014-10-06 14:37:25.0000001,9.624690948014063
2015-01-18 23:09:25.0000003,22.720204411888062
2015-01-18 23:09:25.0000002,10.740650956575564
2014-05-01 14:11:21.0000002,12.207447768326233
2014-05-01 14:11:21.0000004,8.636278578455517
2014-05-01 14:11:21.0000005,9.232597216342015
2014-05-01 14:11:21.0000006,8.096013004758333
2014-05-01 14:11:21.0000001,11.707047585723558
2014-05-01 14:11:21.0000003,22.17016928051555
2012-05-22 14:54:45.0000002,7.009175843710295
2012-05-22 14:54:45.0000001,7.054391061005276
2009-06-17 14:41:57.0000001,8.76447371641109
2009-09-16 10:27:37.0000001,7.57517945635675
2009-09-16 10:27:37.0000002,3.6403851189445504
2014-02-06 13:26:49.0000001,9.839386714766647
2015-04-16 02:42:33.0000001,15.961750151651131
2011-06-06 07:28:25.0000002,24.342410819421957
2011-06-06 07:28:25.0000003,5.508932533559687
2011-06-06 07:28:25.0000001,5.08851472963056
2011-06-06 07:28:25.0000005,16.268875367703572
2011-06-06 07:28:25.0000004,7.048232850330919
2013-02-27 19:25:13.0000003,16.175549906103697
2013-02-27 19:25:13.0000007,12.247763183211191
2013-02-27 19:25:13.0000006,12.104177639059003
2013-02-27 19:25:13.0000004,6.64097648746349
2013-02-27 19:25:13.0000002,7.167021535689969
2013-02-27 19:25:13.0000005,9.226325147960438
2014-10-03 01:06:05.0000001,9.205567113210577
2014-10-03 01:06:05.0000002,10.404303982039437
2010-06-26 00:14:53.0000001,6.889515900668016
2009-09-15 08:28:53.0000001,7.500404389855248
2009-09-15 08:28:53.0000002,10.024401743091175
2009-09-15 08:28:53.0000004,5.9746352833856236
2009-09-15 08:28:53.0000005,4.698042711472681
2011-08-09 05:27:05.0000001,10.438271694151354
2010-10-20 08:49:45.0000001,6.546393801752629
2010-10-20 08:49:45.0000002,5.925043960148173
2012-02-08 11:14:49.0000002,6.055316098688422
2012-02-08 11:14:49.0000001,7.968083750120968
2012-02-08 11:14:49.0000004,8.044046293146152
2013-08-07 02:16:45.0000001,33.76731632639769
2012-10-26 00:32:13.0000001,15.943734942596393
2012-07-18 22:34:53.0000001,7.339707752378672
2011-05-17 22:09:17.0000001,13.6816611851267
2009-04-04 00:20:37.0000001,12.756444981546679
2009-04-04 00:20:37.0000003,8.066379047186615
2009-04-04 00:20:37.0000002,12.088632973439871
2009-09-04 18:43:33.0000003,6.161863231660732
2009-09-04 18:43:33.0000004,8.28350685043199
2010-09-19 17:13:29.0000001,9.545046334715721
2010-09-19 17:13:29.0000007,11.269456103874631
2010-09-19 17:13:29.0000005,7.528676038754156
2010-09-19 17:13:29.0000004,5.115591278408715
2010-09-19 17:13:29.0000003,13.594384559087985
2010-09-19 17:13:29.0000002,8.00603735931702
2013-03-19 18:08:29.0000003,10.6703424994148
2013-03-19 18:08:29.0000004,12.380683309377105
2011-11-22 00:15:25.0000002,6.430968919293377
2011-11-22 00:15:25.0000001,11.27056188227391
2011-04-23 11:01:49.0000005,5.596877795988917
2011-04-23 11:01:49.0000004,5.92862935152516
2011-04-23 11:01:49.0000003,5.2401575097457
2012-10-19 06:56:29.0000001,8.160743618129004
2012-10-19 06:56:29.0000002,6.174779664695507
2009-12-16 14:45:21.0000002,5.660584143924666
2009-12-16 14:45:21.0000003,5.373092290359864
2009-12-16 14:45:21.0000001,3.525268883323065
2012-08-13 21:49:53.0000002,7.671298345280775
2012-08-13 21:49:53.0000003,5.863178894948419
2012-08-13 21:49:53.0000001,5.914263164779186
2010-11-08 10:01:37.0000001,5.854566647064644
2010-11-08 10:01:37.0000002,6.678276165193438
2010-11-08 10:01:37.0000006,6.964637370348896
2010-11-08 10:01:37.0000007,11.347741607139824
2010-11-08 10:01:37.0000005,24.001547464906594
2010-11-08 10:01:37.0000004,5.503868727262557
2010-12-05 16:35:49.0000001,6.625259179012346
2010-12-05 16:35:49.0000002,8.955755801848568
2014-10-15 12:10:49.0000001,10.11635978347931
2009-04-01 19:28:09.0000004,11.74656318025643
2009-04-01 19:28:09.0000002,7.916118238132981
2009-04-01 19:28:09.0000003,5.688267368117181
2009-04-01 19:28:09.0000007,20.110254341456198
2009-04-01 19:28:09.0000005,6.0520286684849225
2009-04-01 19:28:09.0000006,7.43124763163371
2011-11-26 02:04:29.0000002,13.179470623000498
2011-11-26 02:04:29.0000001,14.696613024380213
2009-01-11 07:56:01.0000003,4.706657767194088
2009-01-11 07:56:01.0000002,3.0600229670560566
2012-05-30 09:19:13.0000001,6.9643714903265845
2014-06-10 01:06:25.0000001,19.347736225171275
2014-06-10 01:06:25.0000003,19.002677632073073
2014-06-10 01:06:25.0000002,43.87179625656108
2014-10-28 22:42:33.0000002,28.292377234809123
2014-10-28 22:42:33.0000001,18.637203902641545
2009-03-20 12:14:53.0000004,7.038475749926874
2009-03-20 12:14:53.0000007,4.165355167442385
2009-03-20 12:14:53.0000002,6.685584446948724
2009-03-20 12:14:53.0000005,3.1249004118121775
2009-03-20 12:14:53.0000001,3.9952088562126846
2009-03-20 12:14:53.0000006,5.6659024052877385
2009-03-20 12:14:53.0000003,17.615623894602322
2010-06-20 12:42:37.0000003,6.951640697132802
2010-06-20 12:42:37.0000001,12.97175167312696
2014-08-05 16:09:05.0000001,8.397267396733469
2014-11-06 01:40:49.0000003,6.933284630395747
2014-11-06 01:40:49.0000002,16.224464970379472
2014-11-06 01:40:49.0000001,10.518595318113057
2014-07-19 21:05:37.0000005,7.193604474838821
2014-07-19 21:05:37.0000001,10.01418501958858
2014-07-19 21:05:37.0000004,11.147342758446484
2014-07-19 21:05:37.0000003,9.655322674386412
2015-02-19 11:39:21.0000005,7.5047016160521025
2015-02-19 11:39:21.0000002,9.123287848990799
2015-02-19 11:39:21.0000003,8.022690820619573
2012-10-02 14:17:13.0000003,7.691807824074317
2012-10-02 14:17:13.0000002,8.319439683760947
2012-04-17 09:47:57.0000001,7.669500467711941
2012-04-17 09:47:57.0000003,15.0235384815727
2012-04-17 09:47:57.0000002,23.226004807007826
2011-04-16 00:01:17.0000002,16.355163375834763
2011-04-16 00:01:17.0000001,4.932623294832865
2010-06-18 08:54:37.0000003,8.784437991718733
2010-06-18 08:54:37.0000002,17.926419736355456
2010-06-18 08:54:37.0000001,9.05344655389274
2012-10-20 00:36:37.0000005,9.28818306900132
2012-10-20 00:36:37.0000003,34.52772310865589
2012-10-20 00:36:37.0000004,6.052279764303535
2014-06-19 22:37:09.0000001,9.296455508574581
2014-06-19 22:37:09.0000003,11.400416112652806
2014-06-19 22:37:09.0000005,15.923437831199635
2011-05-11 13:24:37.0000004,8.015647457599357
2011-05-11 13:24:37.0000001,8.36613703855187
2011-05-11 13:24:37.0000003,6.113514628179587
2014-04-09 08:42:05.0000002,10.467636739780119
2014-04-09 08:42:05.0000001,8.084105486464182
2014-10-13 00:42:05.0000001,16.72563394337783
2013-12-08 10:41:05.0000003,7.302479967244608
2013-12-08 10:41:05.0000008,17.039436521905145
2013-12-08 10:41:05.0000006,10.14544420986715
2013-12-08 10:41:05.0000004,7.645330065855433
2013-12-08 10:41:05.0000001,11.648673429011183
2013-12-08 10:41:05.0000005,9.469722259462742
2013-02-14 02:02:13.0000001,6.659807736235052
2009-07-04 13:00:57.0000001,10.012583566718945
2009-07-04 13:00:57.0000003,8.348726544871852
2013-03-20 03:01:29.0000001,6.305410742250388
2010-08-25 12:03:21.0000002,10.504404985823953
2010-08-25 12:03:21.0000001,5.4930493683314126
2013-09-08 03:47:57.0000001,14.200530658724801
2013-09-08 03:47:57.0000003,8.605847601010282
2012-12-19 16:29:33.0000002,9.694680197130197
2012-12-19 16:29:33.0000001,6.489315366461938
2009-05-15 21:19:13.0000001,9.802477926325082
2009-05-15 21:19:13.0000002,11.215196478818484
2012-06-06 17:33:05.0000001,10.915277488131323
2012-06-06 17:33:05.0000002,6.326857072379994
2012-06-06 17:33:05.0000003,12.021107945721269
2012-06-06 17:33:05.0000004,9.021967462158045
2011-09-20 00:07:17.0000001,11.389737991441166
2010-01-29 08:32:53.0000007,5.792045355441701
2010-01-29 08:32:53.0000004,8.33639451999943
2010-01-29 08:32:53.0000001,3.8276803648705027
2010-01-29 08:32:53.0000003,10.171759533686554
2010-01-29 08:32:53.0000005,5.615281707330496
2010-01-29 08:32:53.0000006,5.536440009201101
2015-05-15 01:51:49.0000002,11.821566090480701
2015-05-15 01:51:49.0000001,14.956843847057598
2015-05-15 01:51:49.0000005,10.453192701537318
2015-05-15 01:51:49.0000004,7.4768358743613135
2011-07-26 05:14:29.0000001,48.28652544938495
2011-09-09 03:00:05.0000002,19.065379167792116
2011-09-09 03:00:05.0000001,5.563341392890493
2012-11-12 10:06:17.0000004,6.799341981392786
2012-11-12 10:06:17.0000005,9.862307294618631
2012-11-12 10:06:17.0000002,7.254555721339784
2012-11-12 10:06:17.0000001,9.813056393482611
2012-01-05 22:37:13.0000001,10.934525692688794
2012-01-05 22:37:13.0000002,12.516358619291736
2012-12-07 02:02:01.0000002,15.506654467005887
2012-12-07 02:02:01.0000001,11.816907444853882
2011-08-18 08:36:13.0000001,5.267815166378114
2011-08-18 08:36:13.0000004,6.6633159369591795
2011-08-18 08:36:13.0000003,9.892047066708074
2011-08-18 08:36:13.0000006,7.3924319642738965
2011-08-18 08:36:13.0000002,14.966000931107942
2014-05-16 15:30:05.0000002,9.03991309288142
2014-05-16 15:30:05.0000001,7.989955431299904
2014-03-15 07:19:25.0000001,14.460345885759693
2009-12-21 17:23:09.0000001,5.860354050661044
2013-12-01 22:23:57.0000002,8.418685270569085
2013-12-01 22:23:57.0000001,17.80474551108159
2014-01-03 15:48:49.0000003,9.12489072120627
2014-01-03 15:48:49.0000002,7.737394592781698
2013-01-19 20:19:45.0000003,14.288911265703405
2013-01-19 20:19:45.0000001,8.978770751323736
2013-01-19 20:19:45.0000004,7.610149053288637
2012-08-31 03:00:21.0000001,7.545073360651031
2012-07-21 16:32:41.0000001,8.078711547194871
2012-07-21 16:32:41.0000002,5.891020401493961
2012-12-20 23:43:09.0000002,19.2302730766379
2012-12-20 23:43:09.0000006,9.070282354584492
2012-12-20 23:43:09.0000005,10.72721730480896
2012-12-20 23:43:09.0000003,7.870041876064647
2009-06-13 18:40:13.0000002,11.40677298811272
2009-06-13 18:40:13.0000003,10.476510657254607
2014-11-16 09:12:45.0000001,13.758391392373937
2013-03-25 15:17:33.0000001,5.36491448323784
2009-09-28 05:36:49.0000001,9.219807647760717
2013-07-08 17:31:29.0000001,8.671728586480413
2013-07-08 17:31:29.0000002,18.767066443000317
2010-11-27 12:54:09.0000005,6.229612912267385
2010-11-27 12:54:09.0000004,6.771457717886165
2010-11-27 12:54:09.0000001,5.98364171515027
2010-11-27 12:54:09.0000003,4.588661888824959
2010-11-27 12:54:09.0000002,15.678257809453385
2011-02-15 02:43:33.0000002,13.271428282667557
2011-02-15 02:43:33.0000001,16.024569535521437
2012-10-25 06:12:37.0000001,8.530806291374915
2014-05-01 06:39:54.0000001,7.507653553839077
2015-03-17 21:44:26.0000001,13.142295222015605
2015-03-17 21:44:26.0000006,10.396461896832989
2015-03-17 21:44:26.0000005,18.118715789839143
2015-03-17 21:44:26.0000003,11.637391569832403
2015-03-17 21:44:26.0000004,12.943776286080947
2011-05-02 13:26:54.0000003,6.547769973680829
2011-05-02 13:26:54.0000001,5.342167444300003
2011-05-02 13:26:54.0000002,11.570977145885308
2009-01-06 07:36:34.0000003,6.647368382808509
2009-01-06 07:36:34.0000002,5.192625946391104
2009-01-06 07:36:34.0000004,10.809031351188537
2010-06-23 10:29:22.0000005,4.3265152510598455
2010-06-23 10:29:22.0000001,14.054147992847675
2010-06-23 10:29:22.0000004,4.98565401393671
2010-06-23 10:29:22.0000003,9.932575587799533
2010-06-23 10:29:22.0000002,9.755262166854436
2013-01-22 08:20:26.0000001,5.669881647150305
2013-01-22 08:20:26.0000002,6.333461635406479
2009-11-25 11:14:26.0000001,4.151068297161032
2009-11-25 11:14:26.0000002,7.363983880187334
2012-12-04 06:52:02.0000001,14.697925219167246
2012-12-04 06:52:02.0000002,12.312559146291619
2012-12-04 06:52:02.0000003,10.576479986700633
2014-05-27 10:31:46.0000001,8.493155457096805
2014-05-27 10:31:46.0000003,16.928619643895104
2014-05-27 10:31:46.0000002,16.66577464732859
2009-09-20 22:15:46.0000001,7.537929024411483
2011-06-30 08:40:22.0000001,4.91123963645623
2011-06-30 08:40:22.0000002,7.16718603076356
2010-05-10 09:14:30.0000003,6.220435073546014
2010-05-10 09:14:30.0000001,5.7027951065009574
2010-05-10 09:14:30.0000002,6.353186527786534
2010-05-10 09:14:30.0000004,5.144873839321576
2010-11-25 16:10:30.0000001,13.464223399418302
2014-11-18 16:06:14.0000001,10.441169521711458
2013-01-20 20:41:26.0000003,12.116617726364666
2013-01-20 20:41:26.0000001,17.180585440731306
2015-06-07 00:38:14.0000003,9.588404670283353
2009-01-03 00:51:02.0000004,8.825343078574633
2009-01-03 00:51:02.0000003,3.0173250807765726
2010-09-28 11:54:02.0000004,6.329792270358666
2010-09-28 11:54:02.0000005,8.215256169575241
2010-09-28 11:54:02.0000003,5.310346382837224
2010-09-28 11:54:02.0000001,6.966316590301631
2010-09-28 11:54:02.0000002,20.521661178516297
2013-11-07 17:01:14.0000001,32.78589772044438
2013-11-07 17:01:14.0000006,6.771925307034394
2013-11-07 17:01:14.0000002,8.146240531928925
2013-11-07 17:01:14.0000003,7.62096009299421
2013-11-07 17:01:14.0000005,7.954058034053787
2013-11-07 17:01:14.0000004,10.476708341948097
2009-11-29 08:05:46.0000001,6.127956080227818
2012-10-21 17:43:26.0000003,7.6417507525974315
2012-10-21 17:43:26.0000002,10.466247701702287
2012-10-21 17:43:26.0000006,5.896102998631477
2012-10-21 17:43:26.0000001,8.41446966069168
2012-10-21 17:43:26.0000004,5.463696217709412
2012-10-21 17:43:26.0000005,8.84794170947464
2013-07-31 06:52:46.0000001,7.70272983885468
2013-02-04 12:10:10.0000002,7.118659542090313
2013-02-04 12:10:10.0000001,7.094211294008119
2013-10-18 09:06:14.0000001,7.407036999062484
2009-04-26 17:29:42.0000004,5.626349836005602
2009-04-26 17:29:42.0000002,6.326360147582477
2009-04-26 17:29:42.0000005,9.499601789948542
2009-04-26 17:29:42.0000003,6.6761447032213255
2009-04-26 17:29:42.0000006,7.747301017102814
2015-04-12 21:56:22.0000004,14.105879229237985
2015-04-12 21:56:22.0000002,11.831196269244401
2015-04-12 21:56:22.0000001,50.98169575249767
2015-02-25 22:00:38.0000003,28.461354748641043
2015-02-25 22:00:38.0000006,12.175539239423983
2015-02-25 22:00:38.0000001,18.597302524555857
2015-02-25 22:00:38.0000004,12.500809159182154
2015-02-25 22:00:38.0000005,22.334642447751776
2013-12-30 00:48:42.0000003,7.148975965870477
2013-12-30 00:48:42.0000002,25.09724487315009
2013-12-30 00:48:42.0000001,11.669507617460908
2012-11-20 21:15:22.0000004,10.522402678807339
2012-11-20 21:15:22.0000001,7.305463646271278
2012-11-20 21:15:22.0000003,14.401298178484126
2012-11-20 21:15:22.0000006,9.550892187232648
2012-11-20 21:15:22.0000005,12.219045810293665
2012-11-20 21:15:22.0000002,18.23527522674567
2012-11-20 21:15:22.0000007,9.278845655435703
2010-03-21 16:52:58.0000002,22.477626879893933
2010-03-21 16:52:58.0000001,9.721161410660443
2010-03-21 16:52:58.0000004,14.685511105609635
2010-10-06 23:31:54.0000002,6.480479698021327
2013-07-09 21:59:42.0000002,42.87617665977518
2012-06-23 09:43:42.0000006,17.781709779899757
2012-06-23 09:43:42.0000001,5.938519064272327
2012-06-23 09:43:42.0000003,10.125624107403382
2012-06-23 09:43:42.0000005,7.8146730264604685
2009-01-21 20:04:30.0000004,6.419656926996822
2009-01-21 20:04:30.0000008,5.637159299819018
2009-01-21 20:04:30.0000009,5.950952866917419
2009-01-21 20:04:30.0000003,6.798046190874857
2009-01-21 20:04:30.0000001,5.013447530774101
2009-01-21 20:04:30.0000005,5.548654351375035
2009-01-21 20:04:30.0000002,5.9814493962018105
2009-01-21 20:04:30.0000007,4.307035222861259
2013-12-18 14:26:58.0000003,26.557838713033334
2013-12-18 14:26:58.0000001,9.318119002334015
2014-04-26 18:02:26.0000002,11.896255431516693
2014-04-26 18:02:26.0000001,9.720051013577404
2010-11-21 00:32:50.0000003,5.499571677117046
2010-11-21 00:32:50.0000002,12.75045199607257
2010-11-21 00:32:50.0000001,5.845291457766962
2013-02-07 21:29:22.0000003,11.031791842511893
2013-02-07 21:29:22.0000002,8.335142397710001
2013-02-07 21:29:22.0000004,10.683755716056567
2013-02-07 21:29:22.0000001,10.605097930645456
2010-11-15 18:15:14.0000002,7.475286678149132
2010-11-15 18:15:14.0000001,8.196357452283337
2010-11-15 18:15:14.0000003,5.95260816834309
2010-11-15 18:15:14.0000004,7.772720467651197
2013-10-26 10:46:46.0000005,8.658706735849705
2013-10-26 10:46:46.0000002,13.202663010551987
2013-10-26 10:46:46.0000004,11.707346202536996
2013-10-26 10:46:46.0000001,7.2812822174005305
2013-07-18 10:24:58.0000001,7.668391714955419
2010-05-14 04:15:54.0000001,7.5755238739860715
2013-09-14 18:51:46.0000002,10.407745560776334
2009-05-27 23:09:54.0000001,9.482516960924613
2013-05-23 23:54:42.0000002,9.130811032979409
2013-05-23 23:54:42.0000006,8.01695635904025
2013-05-23 23:54:42.0000001,13.451259033269707
2013-05-23 23:54:42.0000005,19.183136069933994
2013-05-23 23:54:42.0000003,9.80539295931817
2015-05-23 01:00:22.0000001,7.175429057767815
2009-11-23 19:06:14.0000004,10.204317245089783
2009-11-23 19:06:14.0000003,8.016124656983948
2009-11-23 19:06:14.0000002,5.684437302138008
2009-11-23 19:06:14.0000006,63.48117616921195
2011-06-22 00:06:34.0000001,6.651678722094175
2014-07-02 02:27:22.0000001,6.284085951487782
2012-11-18 14:55:42.0000002,7.653707162707633
2012-11-18 14:55:42.0000003,9.044298664145344
2012-11-18 14:55:42.0000004,7.290453483474039
2009-01-12 17:54:26.0000001,4.451096291370959
2012-10-10 06:59:02.0000002,9.717358033153346
2012-10-10 06:59:02.0000003,7.588423332781417
2012-10-10 06:59:02.0000001,9.873259617878944
2010-01-24 14:09:58.0000001,5.340712520482043
2010-09-01 08:23:54.0000001,12.182966987697796
2011-12-10 23:39:06.0000002,29.295952279679113
2011-05-22 03:09:50.0000002,25.590613418163684
2011-05-22 03:09:50.0000005,6.0700697239997226
2011-05-22 03:09:50.0000001,7.793850452095853
2011-05-22 03:09:50.0000004,24.19096416937805
2011-05-22 03:09:50.0000003,20.625140434997547
2013-06-29 14:26:06.0000004,15.685818271208518
2013-06-29 14:26:06.0000003,8.20430564789558
2013-06-29 14:26:06.0000002,7.70601228100611
2013-06-29 14:26:06.0000001,12.851985248331516
2011-01-25 10:31:26.0000001,11.802772548772964
2011-01-25 10:31:26.0000002,7.385216804018
2013-02-11 01:03:30.0000001,27.401429287066094
2009-12-17 15:54:46.0000005,10.648511637197657
2009-12-17 15:54:46.0000003,5.553252685828511
2009-12-17 15:54:46.0000001,7.3208262659690035
2009-12-17 15:54:46.0000004,5.30881673933186
2012-03-17 05:33:02.0000001,10.35374223810311
2009-10-24 19:48:30.0000001,5.264012326814509
2009-10-24 19:48:30.0000002,7.10924867358608
2009-10-24 19:48:30.0000003,11.123221716650733
2013-03-23 00:10:26.0000004,32.186919016080765
2013-03-23 00:10:26.0000002,6.64408730972832
2013-03-23 00:10:26.0000001,46.546457089560704
2013-03-23 00:10:26.0000003,17.585234876218806
2010-06-16 18:41:54.0000001,7.90395825973701
2010-06-16 18:41:54.0000002,7.295616511781759
2011-01-15 04:13:38.0000002,4.662912492390205
2014-07-27 11:25:18.0000001,6.754342343219832
2014-07-27 11:25:18.0000002,7.856104308270346
2011-11-02 08:21:50.0000002,7.667213626380999
2015-05-16 04:37:50.0000001,12.512888511785832
2015-05-16 04:37:50.0000002,12.348540062031248
2009-03-15 03:31:14.0000002,8.30136908680629
2009-03-15 03:31:14.0000001,5.03587664189115
2014-09-08 19:07:46.0000002,13.506511797192843
2009-08-28 11:58:58.0000001,4.083344885852284
2010-04-24 23:31:50.0000001,5.89342292312017
2010-04-24 23:31:50.0000003,10.082853772017643
2013-06-13 14:50:50.0000002,12.761742221933673
2013-06-13 14:50:50.0000001,8.318565199942327
2010-07-07 06:22:38.0000002,22.399598627155342
2010-07-07 06:22:38.0000001,9.151935997429064
2009-03-24 00:11:26.0000001,8.474781365849935
2009-03-24 00:11:26.0000002,7.63541543946144
2013-10-23 14:27:10.0000001,7.975152956111742
2011-03-03 21:31:42.0000007,12.616639175354067
2011-03-03 21:31:42.0000001,7.6045203705925815
2011-03-03 21:31:42.0000008,10.056174379795607
2011-03-03 21:31:42.0000006,7.549627582193125
2011-03-03 21:31:42.0000005,6.58712525013118
2011-09-05 10:47:26.0000002,12.319300807808986
2011-09-05 10:47:26.0000003,14.40418612140843
2011-09-05 10:47:26.0000004,11.635792120229098
2012-08-04 23:34:58.0000001,12.82799270766668
2012-08-04 23:34:58.0000004,7.084310297856291
2012-08-04 23:34:58.0000002,9.61111472490802
2015-01-29 13:15:50.0000003,10.426860654935581
2015-01-29 13:15:50.0000004,7.98668762305681
2015-01-29 13:15:50.0000007,9.378357540529805
2015-01-29 13:15:50.0000006,9.847253560505465
2015-01-29 13:15:50.0000008,6.716098597911127
2015-01-29 13:15:50.0000005,7.179459668660002
2015-01-29 13:15:50.0000002,8.602371317247844
2015-01-29 13:15:50.0000009,7.751171126200575
2012-09-16 12:48:06.0000004,6.507710303822478
2012-09-16 12:48:06.0000001,12.745690557194507
2012-09-16 12:48:06.0000003,13.323698600228909
2015-04-10 11:56:54.0000008,7.725204642865151
2015-04-10 11:56:54.0000001,11.762090830549141
2015-04-10 11:56:54.0000002,23.078033365866077
2015-04-10 11:56:54.0000007,50.502154691809324
2015-04-10 11:56:54.0000003,8.169063820401448
2015-05-05 12:32:14.0000007,10.782952743510577
2015-05-05 12:32:14.0000006,9.293607979769263
2015-05-05 12:32:14.0000003,11.002327194222403
2015-05-05 12:32:14.0000004,8.261341649063297
2015-05-05 12:32:14.0000002,9.464536366898301
2015-05-05 12:32:14.0000005,10.192962364732693
2015-05-05 12:32:14.0000001,12.727610160662039
2013-10-15 23:31:26.0000001,8.90449652149482
2014-08-24 01:17:38.0000001,7.94106471189923
2013-04-04 07:01:06.0000003,10.101028875279553
2013-04-04 07:01:06.0000001,6.05069016256823
2013-04-04 07:01:06.0000002,8.973855918237518
2013-06-21 18:06:14.0000001,9.492231095610578
2013-06-21 18:06:14.0000005,9.80258655938917
2013-06-21 18:06:14.0000004,6.97167461608251
2013-06-21 18:06:14.0000003,11.115854297347937
2013-06-21 18:06:14.0000006,7.580264718481999
2009-08-03 21:09:42.0000001,7.576533595715887
2009-08-03 21:09:42.0000003,6.140558364053504
2009-08-03 21:09:42.0000002,8.226861412097946
2009-08-03 21:09:42.0000004,5.679640805862732
2013-10-13 19:52:54.0000003,7.006124001583544
2013-10-13 19:52:54.0000001,6.8223765515181185
2014-11-14 11:09:46.0000001,8.88076817232195
2014-11-14 11:09:46.0000002,23.634480692211582
2015-06-25 01:01:46.0000003,7.174647647357119
2015-06-25 01:01:46.0000001,9.23055858319583
2009-05-19 15:44:30.0000003,8.257334036410498
2014-01-26 08:48:30.0000001,16.71612083995103
2014-01-26 08:48:30.0000002,6.069555376751737
2012-01-19 02:06:02.0000001,5.649355687386901
2014-12-25 21:32:58.0000001,10.333459710889088
2012-08-09 07:49:02.0000001,11.3370347826243
2012-08-09 07:49:02.0000003,19.362850674179413
2012-08-09 07:49:02.0000002,8.083094022708224
2014-08-10 05:03:50.0000001,26.959775504234358
2010-01-11 15:18:14.0000002,6.366326574642244
2010-01-11 15:18:14.0000003,4.801704240784147
2010-01-11 15:18:14.0000004,9.292809754925315
2010-01-11 15:18:14.0000001,8.014833027768418
2009-11-10 15:56:38.0000006,5.6048849483918275
2009-11-10 15:56:38.0000002,6.497816497653503
2009-11-10 15:56:38.0000004,9.22856994127335
2009-11-10 15:56:38.0000003,46.84637445817202
2009-11-10 15:56:38.0000005,5.3890402404418865
2009-11-10 15:56:38.0000001,8.579473172038774
2012-10-18 09:17:42.0000002,7.015428554504979
2012-10-18 09:17:42.0000001,10.152618238413652
2010-12-06 13:19:58.0000003,6.912383489903277
2010-12-06 13:19:58.0000002,8.01495627975487
2010-12-06 13:19:58.0000001,4.352195396698335
2011-07-30 15:27:58.0000003,7.56411250254132
2011-07-30 15:27:58.0000002,6.99243530081776
2011-07-20 04:21:54.0000001,7.258984161548824
2011-07-20 04:21:54.0000002,8.69682986686746
2009-03-10 19:51:34.0000003,5.820653360508118
2009-03-10 19:51:34.0000004,8.71098384881111
2009-03-10 19:51:34.0000005,4.7517966712853195
2009-03-10 19:51:34.0000002,11.97779447984476
2009-03-10 19:51:34.0000001,5.017171396950516
2011-11-15 22:33:42.0000001,10.644116065125104
2011-11-15 22:33:42.0000002,16.17941867904767
2010-09-24 22:40:06.0000005,8.613546281190906
2010-09-24 22:40:06.0000003,28.524897559832766
2010-09-24 22:40:06.0000006,6.115003523847008
2010-09-24 22:40:06.0000002,6.789852424372725
2010-09-24 22:40:06.0000001,6.520338455118463
2010-02-06 17:37:10.0000007,3.5567630445675604
2010-02-06 17:37:10.0000004,6.176195199870904
2010-02-06 17:37:10.0000006,6.515930740452177
2010-02-06 17:37:10.0000003,5.805288901897711
2012-05-11 02:43:18.0000002,9.099215223238957
2012-05-11 02:43:18.0000001,5.126944696787405
2011-09-25 21:18:06.0000001,8.073347919366256
2011-09-25 21:18:06.0000002,12.637922116470122
2013-12-18 03:16:02.0000001,16.262029100676045
2012-01-26 01:32:42.0000001,10.915227531146684
2012-01-26 01:32:42.0000002,5.906453301397278
2011-10-02 03:06:34.0000001,7.550161051439204
2012-03-31 12:52:46.0000002,8.358028659736874
2012-03-31 12:52:46.0000001,19.304903961937953
2014-06-15 00:51:42.0000001,18.13009385290445
2009-04-21 17:27:58.0000001,7.391186811600164
2009-04-21 17:27:58.0000002,5.535152515787331
2012-08-13 15:02:26.0000002,7.037160938948432
2012-08-13 15:02:26.0000003,7.723792971402645
2014-10-27 11:56:50.0000001,8.699577782021265
2014-10-27 11:56:50.0000002,14.791324437569187
2014-10-27 11:56:50.0000003,9.671132118104083
2009-09-29 18:03:18.0000001,12.122017724190869
2011-10-30 16:52:26.0000001,7.078454072084924
2011-10-30 16:52:26.0000002,6.4324882842228135
2014-11-24 23:39:26.0000002,16.041356534721785
2014-11-24 23:39:26.0000001,27.15296988781313
2011-08-16 14:41:50.0000001,8.416795351879273
2011-08-16 14:41:50.0000003,6.077201347177379
2011-08-16 14:41:50.0000002,7.308538794835272
2013-01-14 18:42:54.0000002,19.82620697165396
2013-01-14 18:42:54.0000006,7.79673004133133
2013-01-14 18:42:54.0000001,6.606623909724817
2013-01-14 18:42:54.0000007,5.9463357691865895
2013-01-14 18:42:54.0000008,8.872002815311134
2009-04-18 23:09:34.0000002,11.860126189890707
2009-11-11 21:20:18.0000001,5.891313059576532
2009-11-11 21:20:18.0000003,31.002998151453653
2012-07-24 01:12:50.0000004,17.944084747811416
2012-07-24 01:12:50.0000003,7.995044620094063
2012-07-24 01:12:50.0000001,16.582408814428504
2012-07-24 01:12:50.0000002,7.95843252688644
2012-07-24 01:12:50.0000005,12.814362549309635
2009-04-18 02:44:34.0000003,8.093889783210216
2009-04-18 02:44:34.0000002,13.469229003514897
2014-07-18 06:32:22.0000001,8.974802677165485
2014-01-10 12:28:38.0000001,10.924274675427455
2011-08-08 15:27:22.0000001,5.25031486835735
2014-07-30 14:42:34.0000001,10.036192449101918
2014-07-30 14:42:34.0000003,23.391130154594407
2014-07-30 14:42:34.0000002,16.604692804543333
2014-08-26 16:39:54.0000002,11.576985206980225
2014-10-11 00:26:38.0000002,14.84115909779382
2014-10-11 00:26:38.0000003,12.832008954731009
2014-10-11 00:26:38.0000001,16.82695511798272
2014-10-11 00:26:38.0000005,12.482609957799582
2014-10-11 00:26:38.0000007,7.2456591334571385
2014-10-11 00:26:38.0000006,18.65866870997786
2009-08-15 14:25:02.0000001,9.265810612199402
2009-09-22 06:43:46.0000001,5.720488753670338
2014-05-14 00:00:34.0000001,10.358115104915555
2014-05-14 00:00:34.0000002,10.795271660261733
2014-10-14 01:57:26.0000001,7.854461486397895
2009-05-31 20:56:38.0000002,42.0871856796191
2009-05-31 20:56:38.0000003,7.7507122666033865
2009-05-31 20:56:38.0000001,4.939209648460633
2009-07-11 12:59:58.0000001,6.938024475002521
2010-06-02 15:33:06.0000001,6.02060689201835
2010-06-02 15:33:06.0000002,5.635041525270026
2010-06-02 15:33:06.0000003,4.752410562639511
2010-01-30 02:13:06.0000002,4.4401872658075945
2010-01-30 02:13:06.0000001,3.7012210395014336
2010-01-30 02:13:06.0000003,9.443355251631147
2014-01-05 17:47:02.0000003,9.838249650997795
2014-01-05 17:47:02.0000002,11.158917233438729
2009-03-21 09:59:50.0000003,44.71438050346853
2009-03-21 09:59:50.0000002,11.59953291763668
2009-03-21 09:59:50.0000001,5.123071778398412
2009-08-26 23:55:38.0000002,8.554834911242096
2009-06-09 15:10:50.0000002,48.602741406478344
2009-06-09 15:10:50.0000001,4.384190214259661
2011-09-18 06:14:54.0000001,9.234919488147966
2009-03-27 16:05:22.0000004,25.92412301182253
2009-03-27 16:05:22.0000005,5.1371135151080125
2009-03-27 16:05:22.0000001,8.398980649436908
2009-03-27 16:05:22.0000006,5.59548988596373
2009-03-27 16:05:22.0000003,8.204301601411885
2009-03-27 16:05:22.0000002,6.3097352068147075
2015-05-29 10:02:42.0000005,9.055913451629749
2015-05-29 10:02:42.0000003,8.699403117728707
2015-05-29 10:02:42.0000004,8.879937664475847
2012-09-07 23:20:34.0000004,20.253809270371676
2012-09-07 23:20:34.0000003,15.449352005224796
2012-09-07 23:20:34.0000001,7.475262653018035
2014-03-07 10:36:50.0000002,8.443662875859104
2014-03-07 10:36:50.0000001,10.369356893824374
2013-03-17 23:47:50.0000002,21.72561856113805
2013-03-17 23:47:50.0000001,9.244945736681075
2015-06-30 20:03:50.0000005,10.874937120249797
2015-06-30 20:03:50.0000001,88.92531303297875
2015-06-30 20:03:50.0000003,13.000802032588808
2015-06-30 20:03:50.0000004,8.721532706758467
2015-05-11 02:21:26.0000002,7.315375220622968
2015-05-11 02:21:26.0000001,13.968825892096675
2015-01-10 14:32:14.0000001,9.523241770019808
2014-12-05 14:14:14.0000001,10.561375310093695
2014-12-05 14:14:14.0000002,11.949767965311821
2012-04-23 12:23:18.0000001,7.292347869899459
2012-04-23 12:23:18.0000003,6.8061777400810115
2012-04-23 12:23:18.0000002,25.011399099424352
2012-09-01 13:33:14.0000003,8.570262591110577
2012-09-01 13:33:14.0000002,11.114497562447923
2012-09-01 13:33:14.0000001,11.479580616428962
2011-04-17 14:55:58.0000001,4.298776310974745
2010-05-31 20:43:42.0000002,9.311684466225302
2013-11-22 23:44:34.0000002,12.458008318469524
2013-11-22 23:44:34.0000001,8.29709304075584
2013-05-17 05:30:10.0000002,13.406498071045917
2013-05-17 05:30:10.0000001,8.482078668935515
2009-07-28 11:13:10.0000001,13.694960863117217
2014-05-18 14:43:26.0000001,8.820916804016406
2014-05-18 14:43:26.0000002,7.944208345287507
2014-05-18 14:43:26.0000003,8.250647988077958
2011-10-08 18:18:26.0000005,10.464486706623234
2011-10-08 18:18:26.0000001,5.966250278157304
2011-10-08 18:18:26.0000004,12.90380898273952
2013-09-27 04:39:14.0000001,5.262393046548368
2011-02-08 01:44:18.0000001,12.442999909181253
2015-01-12 06:21:38.0000001,8.318383958497634
2015-01-12 06:21:38.0000002,17.960729100593312
2010-03-23 13:23:34.0000004,4.8149952887469
2010-03-23 13:23:34.0000002,13.479664817340108
2010-03-23 13:23:34.0000001,4.635014784580676
2009-04-02 06:19:02.0000001,11.719475899602799
2012-01-12 18:05:10.0000003,10.439473601096097
2012-01-12 18:05:10.0000001,22.38446596285621
2014-11-21 02:04:42.0000002,12.852324985354244
2014-11-21 02:04:42.0000003,14.34856722762106
2014-11-21 02:04:42.0000001,24.59428228165973
2010-10-09 03:54:42.0000001,10.974074546648694
2012-04-03 12:26:14.0000002,5.8827973788230565
2012-04-03 12:26:14.0000001,29.04895384419524
2012-04-03 12:26:14.0000003,11.105245462867856
2010-12-21 08:46:02.0000005,11.158691133503453
2010-12-21 08:46:02.0000004,7.905426150192625
2010-12-21 08:46:02.0000003,9.336776024668325
2010-06-19 22:52:30.0000002,5.7243863013876535
2010-06-19 22:52:30.0000001,9.087214552369005
2013-01-03 01:43:10.0000001,18.77880924534236
2013-11-24 03:44:46.0000004,11.367524993572715
2013-11-24 03:44:46.0000002,18.148392769096176
2013-11-24 03:44:46.0000005,15.206988177656626
2011-04-16 12:57:18.0000001,6.804889475890718
2012-10-11 22:24:18.0000001,11.204292334680304
2010-12-13 23:24:02.0000002,12.083182818985392
2010-12-13 23:24:02.0000001,12.143217993765802
2011-09-14 23:42:46.0000001,11.37739943988845
2011-05-17 23:42:46.0000001,6.240730115045153
2011-05-17 23:42:46.0000004,48.63814365363464
2011-05-17 23:42:46.0000002,11.31112086496023
2011-05-17 23:42:46.0000005,6.129911084863011
2011-05-17 23:42:46.0000007,7.766028661891141
2013-06-30 03:37:26.0000002,6.678529218647327
2013-06-30 03:37:26.0000005,19.09832995818499
2013-06-30 03:37:26.0000001,6.008072968802026
2013-06-30 03:37:26.0000004,17.025276508418983
2011-05-26 21:36:54.0000001,10.014015214577967
2009-11-09 06:00:22.0000001,4.656650489164008
2014-01-09 17:27:18.0000002,42.317876159203706
2014-01-09 17:27:18.0000001,7.986316423295648
2014-01-09 17:27:18.0000005,10.388523495382287
2014-01-09 17:27:18.0000006,7.595744468756266
2014-01-09 17:27:18.0000007,7.8441659496818374
2012-07-01 00:24:58.0000003,8.24003728768264
2012-07-01 00:24:58.0000001,8.59009134110056
2012-07-01 00:24:58.0000002,10.38355298567501
2010-06-02 14:55:22.0000003,8.451050825512766
2010-06-02 14:55:22.0000002,5.053402865321232
2010-06-02 14:55:22.0000004,4.992776440231637
2010-06-02 14:55:22.0000006,7.539714977898825
2010-06-02 14:55:22.0000001,9.300375914549704
2010-06-02 14:55:22.0000005,8.29495017207887
2013-03-07 08:50:34.0000001,17.748470768023708
2013-03-07 08:50:34.0000005,8.248428115198408
2013-03-07 08:50:34.0000002,12.414813820968675
2013-03-07 08:50:34.0000006,10.333472899059416
2013-03-07 08:50:34.0000003,12.082629007127707
2013-03-07 08:50:34.0000004,11.549843609808704
2013-10-28 00:33:30.0000001,9.568689740960735
2013-11-23 16:33:30.0000003,11.66631653672573
2013-11-23 16:33:30.0000001,8.77812285439802
2014-11-06 07:56:46.0000002,8.407232696456049
2014-11-06 07:56:46.0000001,9.772814578067482
2013-04-05 12:38:22.0000001,14.61249437952722
2014-11-06 02:02:10.0000001,7.840431256951888
2012-10-09 07:47:46.0000002,8.009805017618874
2012-10-09 07:47:46.0000001,12.063116429907154
2012-10-09 07:47:46.0000003,10.880934286602724
2012-10-09 07:47:46.0000004,10.32765096204048
2012-10-09 07:47:46.0000005,6.0486912643293635
2013-11-21 22:21:58.0000001,15.276663428902225
2014-12-20 01:57:26.0000001,11.558617633300287
2014-12-20 01:57:26.0000004,8.983329942221644
2014-12-20 01:57:26.0000003,11.630669586261206
2014-12-20 01:57:26.0000002,7.927976771671524
2010-01-09 13:24:22.0000003,5.969761985152331
2011-11-02 02:18:18.0000001,25.635615977697626
2009-03-11 21:46:54.0000003,7.133035613053835
2009-03-11 21:46:54.0000005,18.6853705295199
2009-03-11 21:46:54.0000001,7.2267082326555965
2009-03-11 21:46:54.0000004,28.84730576530137
2014-12-07 03:45:18.0000001,8.722381233685724
2014-12-07 03:45:18.0000002,17.33863442350298
2014-12-07 03:45:18.0000004,20.064088325294506
2014-12-07 03:45:18.0000003,9.925025922760483
2014-11-29 19:23:58.0000001,12.06204311411318
2010-03-04 09:49:38.0000002,18.55132599445767
2010-03-04 09:49:38.0000001,8.390188460339914
2010-03-04 09:49:38.0000003,4.305013398558231
2009-10-10 06:52:06.0000001,6.080930722793823
2009-10-10 06:52:06.0000002,9.923796074150005
2012-08-22 20:54:46.0000003,9.635727129999282
2012-08-22 20:54:46.0000001,8.943079699924397
2012-08-22 20:54:46.0000002,7.922415961298043
2015-05-01 07:49:14.0000001,7.19821681585222
2009-02-21 20:49:34.0000001,8.291473193126649
2012-08-10 14:04:14.0000005,8.830263555843203
2012-08-10 14:04:14.0000006,22.909180136801638
2012-08-10 14:04:14.0000004,6.609890157748623
2012-08-10 14:04:14.0000003,6.53441831088162
2012-08-10 14:04:14.0000007,5.734858954090782
2012-08-10 14:04:14.0000002,11.052557966991799
2013-05-10 21:08:18.0000002,17.660786902931704
2013-05-10 21:08:18.0000003,8.035194643613522
2013-05-10 21:08:18.0000005,6.915428740943071
2013-05-10 21:08:18.0000004,13.768698746388054
2013-05-10 21:08:18.0000001,6.725557382965917
2009-09-25 12:59:18.0000001,6.286686776859256
2014-08-02 21:05:42.0000002,14.013089478320012
2014-08-02 21:05:42.0000001,7.627567897942981
2013-10-29 20:16:10.0000002,7.2141735781218586
2013-10-29 20:16:10.0000001,17.795873578000055
2009-11-11 22:49:46.0000003,9.836191993568036
2009-11-11 22:49:46.0000002,7.347319820153075
2009-11-11 22:49:46.0000001,5.723795371308711
2009-10-17 03:52:42.0000002,7.952808920764028
2009-10-17 03:52:42.0000007,4.832121280944762
2009-10-17 03:52:42.0000006,6.989385491088115
2009-10-17 03:52:42.0000003,14.929227917575531
2009-10-17 03:52:42.0000001,5.125010351534115
2009-10-17 03:52:42.0000004,5.457924056250931
2014-02-27 09:36:26.0000007,10.803974254168338
2014-02-27 09:36:26.0000008,8.03444407270365
2014-02-27 09:36:26.0000002,6.229066062395987
2014-02-27 09:36:26.0000005,6.441430843357239
2014-02-27 09:36:26.0000003,7.327684750955655
2014-02-27 09:36:26.0000006,9.530419014916333
2014-02-27 09:36:26.0000004,12.768537399435104
2014-02-27 09:36:26.0000009,6.659652286090591
2012-12-26 17:12:30.0000003,9.811298803400632
2012-12-26 17:12:30.0000005,18.693180281518494
2012-12-26 17:12:30.0000001,8.462971653543491
2012-12-26 17:12:30.0000004,9.696273434640489
2014-03-11 20:24:02.0000003,9.229374432619807
2014-03-11 20:24:02.0000002,8.980028485506523
2014-03-11 20:24:02.0000004,8.812718436998125
2011-01-29 09:28:38.0000002,5.803088948006575
2011-01-29 09:28:38.0000001,7.257532882695045
2011-01-29 09:28:38.0000003,7.909826313336453
2011-01-29 09:28:38.0000005,6.723660739908951
2011-01-29 09:28:38.0000004,6.766911130295739
2015-05-07 15:33:26.0000003,6.905404149085484
2015-05-07 15:33:26.0000007,7.87235340895154
2015-05-07 15:33:26.0000001,11.205833492919737
2015-05-07 15:33:26.0000002,12.295895384178607
2015-05-07 15:33:26.0000006,8.361005304645346
2010-10-25 13:31:22.0000003,5.364144838670541
2010-10-25 13:31:22.0000002,15.472418449905263
2010-10-25 13:31:22.0000001,6.107412281222651
2010-10-25 13:31:22.0000004,9.67075338416305
2012-09-10 21:07:54.0000005,23.769695295813904
2012-09-10 21:07:54.0000004,12.95907971997417
2012-09-10 21:07:54.0000003,7.428950366744061
2012-09-10 21:07:54.0000007,10.836034389366773
2012-09-10 21:07:54.0000002,11.547618429942872
2012-09-10 21:07:54.0000006,9.929537142192999
2012-09-10 21:07:54.0000001,8.24870138390338
2012-04-15 21:54:22.0000001,9.512056113016229
2012-04-20 00:06:10.0000007,6.742729584947256
2012-04-20 00:06:10.0000001,7.772134605108363
2012-04-20 00:06:10.0000002,9.004653583677054
2012-04-20 00:06:10.0000006,8.164632093796854
2012-04-20 00:06:10.0000005,6.226764138981707
2012-04-20 00:06:10.0000008,16.0611241653678
2012-06-12 23:10:42.0000001,14.04476835892251
2012-06-12 23:10:42.0000003,14.943682924274185
2012-06-12 23:10:42.0000002,13.665401736286299
2009-04-30 22:25:26.0000004,12.552159116891517
2009-04-30 22:25:26.0000003,11.711569102546491
2009-04-30 22:25:26.0000002,7.028359111154941
2009-04-30 22:25:26.0000001,5.913779990909688
2011-02-20 06:18:34.0000001,33.91890980526284
2011-02-20 06:18:34.0000002,6.841495029737644
2013-04-21 19:50:54.0000003,40.13808909302247
2011-06-11 21:33:18.0000001,9.763212386042483
2013-02-06 18:21:18.0000006,7.944466913758106
2013-02-06 18:21:18.0000002,7.652728995777693
2013-02-06 18:21:18.0000003,10.212411382166124
2013-02-06 18:21:18.0000004,8.507138822511592
2014-05-01 21:05:34.0000002,7.623390518662859
2014-05-01 21:05:34.0000003,15.959109204611423
2013-07-21 11:41:26.0000001,15.335599289762058
2013-07-21 11:41:26.0000002,6.985422529516995
2011-04-22 19:23:54.0000001,10.575041510244546
2011-04-22 19:23:54.0000003,6.949805099759942
2011-04-22 19:23:54.0000002,45.900449138618455
2012-09-04 05:46:50.0000001,8.128086860115332
2012-09-04 05:46:50.0000002,22.847678534561283
2009-03-24 11:57:34.0000005,10.53326648650534
2009-03-24 11:57:34.0000004,5.887460720948184
2009-03-24 11:57:34.0000003,3.6040960091988836
2009-03-24 11:57:34.0000002,3.8110540816289813
2009-03-24 11:57:34.0000001,5.365836606007406
2011-07-05 22:05:34.0000001,10.142471135140909
2011-09-17 15:41:06.0000001,8.313642573227526
2011-09-17 15:41:06.0000003,4.62347928739473
2011-12-25 04:37:10.0000001,14.0605449412285
2015-03-05 13:21:58.0000002,10.487756233531854
2015-03-05 13:21:58.0000003,8.369968666869227
2014-09-01 09:16:10.0000001,9.195279812580566
2015-06-21 17:16:10.0000007,9.220148248395844
2015-06-21 17:16:10.0000002,13.440829949686304
2015-06-21 17:16:10.0000006,13.202985070970158
2015-06-21 17:16:10.0000003,12.062213146310228
2015-06-21 17:16:10.0000004,10.403642718822198
2010-06-02 22:04:10.0000003,8.26787331352432
2010-06-02 22:04:10.0000004,15.260467022132502
2010-06-02 22:04:10.0000005,7.577438173531618
2010-06-02 22:04:10.0000006,5.864418371726742
2014-03-01 09:37:02.0000001,7.673373296312661
2014-03-01 09:37:02.0000002,7.8630083491080995
2014-03-01 09:37:02.0000003,53.941703221156786
2011-07-18 12:12:18.0000001,6.554918976981867
2011-07-18 12:12:18.0000003,7.268898603868365
2011-07-18 12:12:18.0000002,8.089986003559375
2015-02-27 19:36:02.0000009,13.024984383574406
2015-02-27 19:36:02.00000010,7.612210326147192
2015-02-27 19:36:02.00000012,14.76924299248219
2015-02-27 19:36:02.0000004,7.426230247436479
2015-02-27 19:36:02.00000011,9.032688048424347
2015-02-27 19:36:02.0000003,9.36673318575913
2015-02-27 19:36:02.0000001,21.03172489504334
2015-02-27 19:36:02.0000002,8.338218318818804
2015-02-27 19:36:02.0000007,16.289884866482225
2012-04-16 21:10:10.0000001,9.746673881563197
2015-06-14 08:26:26.0000001,8.27135599216217
2014-01-15 22:45:42.0000003,8.133028100774823
2014-01-15 22:45:42.0000001,51.9892700799827
2014-01-15 22:45:42.0000002,13.159009481428825
2013-04-06 19:16:10.0000001,6.053415853096908
2013-04-06 19:16:10.0000003,8.291773155064789
2013-04-06 19:16:10.0000004,8.612189423606651
2013-04-06 19:16:10.0000005,14.396354656116046
2014-03-08 16:08:26.0000002,10.798260215878031
2014-03-08 16:08:26.0000004,6.12349269309766
2013-12-06 23:40:42.0000001,10.392048782119218
2013-12-06 23:40:42.0000006,44.08889982973608
2013-12-06 23:40:42.0000002,34.1162565910588
2013-12-06 23:40:42.0000003,13.897927971655236
2013-08-19 17:09:50.0000001,6.799288175632114
2013-08-19 17:09:50.0000002,9.171815140627473
2013-08-19 17:09:50.0000004,8.185213775744273
2013-08-19 17:09:50.0000003,11.108292728265724
2009-11-02 21:38:38.0000001,11.890980174977813
2009-06-03 09:11:30.0000004,6.924633002841688
2009-06-03 09:11:30.0000003,16.93382750774515
2009-06-03 09:11:30.0000002,6.664350751921461
2009-06-03 09:11:30.0000005,4.558025593530147
2015-03-12 13:01:54.0000002,9.200551870461368
2015-03-12 13:01:54.0000005,12.05144823625335
2015-03-12 13:01:54.0000004,9.274766840164602
2015-03-12 13:01:54.0000001,7.5557089040647725
2013-02-05 06:13:58.0000003,13.142344225903344
2013-02-05 06:13:58.0000002,49.24350023360694
2013-02-05 06:13:58.0000001,16.07725558943855
2014-05-19 06:39:34.0000001,8.239751134920311
2014-10-04 21:48:22.0000003,9.07820701919411
2014-10-04 21:48:22.0000002,9.79306557407915
2014-10-04 21:48:22.0000004,33.744410323755915
2012-01-22 04:13:34.0000005,13.327207457468376
2012-01-22 04:13:34.0000006,7.44187265587459
2012-01-22 04:13:34.0000004,9.497031419805353
2012-01-22 04:13:34.0000002,14.531078251938084
2010-07-27 06:13:02.0000001,29.241249893794475
2013-06-21 11:19:18.0000002,6.8795252379158
2013-06-21 11:19:18.0000001,9.332866901448483
2010-12-23 05:52:26.0000001,25.584834076431548
2010-12-23 05:52:26.0000002,47.16064552496857
2010-12-17 10:33:34.0000004,8.804078602752497
2010-12-17 10:33:34.0000002,5.239863726147291
2012-06-04 11:34:58.0000003,9.129632860964307
2012-06-04 11:34:58.0000004,6.52422571671525
2012-06-04 11:34:58.0000001,15.922963717536845
2009-07-05 16:31:30.0000001,5.850140122535208
2009-07-05 16:31:30.0000002,6.463336132956329
2009-07-05 16:31:30.0000003,25.24214090082637
2012-12-08 20:08:38.0000004,6.035770771658463
2012-12-08 20:08:38.0000003,8.787093610738907
2012-12-08 20:08:38.0000005,11.811372350856118
2010-06-23 08:34:50.0000003,9.047683376601071
2010-06-23 08:34:50.0000002,5.1427197926702775
2010-06-23 08:34:50.0000001,7.057274280741922
2012-03-07 10:57:46.0000001,8.51163447303361
2012-03-07 10:57:46.0000004,13.899242425616308
2012-03-07 10:57:46.0000005,6.690823372529167
2012-03-07 10:57:46.0000002,6.918979282903592
2012-03-07 10:57:46.0000003,7.584172944260331
2010-02-24 07:06:54.0000001,5.696124704048884
2013-12-29 01:20:50.0000003,18.336394393279875
2013-12-29 01:20:50.0000001,8.371032384318937
2014-03-28 22:34:26.0000001,34.146072581298085
2014-03-28 22:34:26.0000004,6.664711229582622
2014-03-28 22:34:26.0000003,9.142355386670488
2010-12-04 21:08:38.0000002,10.71020049536628
2010-12-04 21:08:38.0000001,19.211782648653298
2010-12-04 21:08:38.0000006,7.838361524922334
2010-12-04 21:08:38.0000003,7.76653435281662
2010-03-07 17:09:42.0000002,16.342842692845807
2010-03-07 17:09:42.0000003,6.273265490367407
2010-03-07 17:09:42.0000001,13.300065085031406
2010-03-07 17:09:42.0000004,12.4207596790543
2013-09-07 19:43:18.0000004,12.613077870136749
2013-09-07 19:43:18.0000005,17.120720481841317
2013-09-07 19:43:18.0000006,10.533561417240207
2013-09-07 19:43:18.0000008,8.169728190079354
2013-09-07 19:43:18.0000001,7.792638089498951
2013-12-20 15:31:06.0000001,9.750709140760705
2013-12-20 15:31:06.0000002,8.222313122003811
2010-09-06 04:31:54.0000001,24.605873631750683
2013-11-01 05:26:54.0000001,48.39454037557289
2010-03-07 00:47:26.0000004,14.555481891867998
2012-03-20 01:55:42.0000001,19.47021465405021
2011-10-02 05:06:46.0000001,15.17298586654249
2010-10-31 18:45:58.0000003,5.599987889899921
2010-10-31 18:45:58.0000002,17.36491244011222
2010-10-31 18:45:58.0000001,8.427093395161137
2010-10-31 18:45:58.0000005,5.4651198512166275
2015-02-03 09:00:58.0000002,9.94001483808438
2012-08-08 08:58:50.0000001,8.16098328588589
2012-08-08 08:58:50.0000004,5.928520282639852
2012-08-08 08:58:50.0000005,8.71202343472828
2012-08-08 08:58:50.0000003,8.019294208157248
2011-04-08 15:01:02.0000001,7.917394415813192
2011-04-08 15:01:02.0000003,6.42957203085291
2009-01-14 03:42:38.0000001,11.119017101114991
2015-01-10 09:38:54.0000007,12.258380837830373
2015-01-10 09:38:54.0000003,8.643137897357747
2015-01-10 09:38:54.0000004,13.32945181780235
2010-12-04 09:25:10.0000001,12.66742843708414
2010-12-04 09:25:10.0000002,8.263407944853043
2009-05-12 17:08:06.0000001,12.854183466034556
2013-11-07 02:07:22.0000001,17.696499000164977
2014-10-03 00:50:06.0000004,18.774505527075007
2014-10-03 00:50:06.0000001,8.425170957877867
2014-10-03 00:50:06.0000002,14.624682953031993
2010-06-18 19:19:26.0000001,24.137542061290333
2010-06-18 19:19:26.0000002,4.819078888358376
2010-06-18 19:19:26.0000003,6.554570868802784
2010-05-10 03:55:14.0000001,7.7924092833002305
2013-06-21 00:00:34.0000001,20.84802606039193
2013-06-21 00:00:34.0000002,15.104119768757073
2013-06-21 00:00:34.0000003,12.839108472152702
2009-03-11 16:02:14.0000006,5.7141051060087875
2009-03-11 16:02:14.0000004,6.0616563521007265
2009-03-11 16:02:14.0000002,8.760401278548215
2009-03-11 16:02:14.0000001,3.688992328181371
2009-03-11 16:02:14.0000005,6.360492383871474
2009-03-11 16:02:14.0000003,6.629935752467759
2013-07-05 17:38:14.0000001,9.11419172501678
2013-08-26 01:11:14.0000002,12.928244535172098
2013-08-26 01:11:14.0000001,11.833173924227253
2012-07-30 01:49:10.0000001,5.766188440906831
2012-07-30 01:49:10.0000002,25.671817104169918
2011-05-13 03:57:10.0000001,7.04412528694138
2012-02-29 12:03:34.0000004,10.145450119556472
2012-02-29 12:03:34.0000002,5.947690019748848
2012-02-29 12:03:34.0000001,8.121553746163045
2013-12-17 17:59:22.0000001,7.142271148200393
2012-09-18 09:58:54.0000003,9.071231231868637
2012-09-18 09:58:54.0000002,25.281989285069358
2012-09-18 09:58:54.0000001,11.349422043979075
2013-07-23 18:56:30.0000002,8.190642225044712
2013-07-23 18:56:30.0000001,8.876219485636057
2014-05-15 01:39:14.0000001,29.225595784938264
2013-09-16 14:16:34.0000003,7.7897922829668005
2013-09-16 14:16:34.0000001,36.97890765635714
2014-01-04 17:27:38.0000001,23.077175295612392
2014-01-04 17:27:38.0000002,9.162898821257613
2014-01-04 17:27:38.0000003,9.322695246770763
2011-03-10 18:16:14.0000003,6.896036742417095
2011-03-10 18:16:14.0000004,6.439675456977739
2011-03-10 18:16:14.0000001,6.6287224349874805
2013-04-05 06:42:26.0000002,7.567287747077216
2013-04-05 06:42:26.0000001,15.258475950988782
2009-03-11 12:01:30.0000001,12.487591189980435
2009-03-11 12:01:30.0000002,4.299264175497569
2009-03-11 12:01:30.0000004,5.231432397167509
2015-01-20 05:31:06.0000001,51.94568171090634
2009-08-03 17:06:06.0000001,4.770046895660926
2014-01-05 08:51:10.0000001,8.310001154322208
2010-03-13 01:23:10.0000002,19.827351778668685
2010-03-13 01:23:10.0000003,5.325532191482353
2012-05-30 02:28:50.0000001,12.74773856292154
2012-07-26 12:40:38.0000002,6.640207397654422
2012-07-26 12:40:38.0000001,29.713098370080502
2012-07-26 12:40:38.0000003,8.36241293494686
2010-09-22 16:28:54.0000003,5.70145723062501
2010-09-22 16:28:54.0000001,6.629772147096219
2010-09-22 16:28:54.0000002,23.17968812019228
2014-05-26 22:57:10.0000002,8.854176498112224
2014-05-26 22:57:10.0000003,14.933461148974288
2014-05-26 22:57:10.0000005,8.824522124959003
2014-05-26 22:57:10.0000004,9.99776759196277
2012-02-11 07:03:34.0000001,7.262789101225849
2010-06-27 05:03:38.0000001,7.167079326684416
2014-09-29 11:51:06.0000001,17.34180206040037
2014-09-29 11:51:06.0000002,8.933373128696644
2010-09-04 18:31:42.0000002,11.643588139075973
2010-09-04 18:31:42.0000001,20.241092848387098
2015-04-14 19:20:46.0000001,11.521852132121353
2015-04-14 19:20:46.0000005,8.374929825805111
2015-04-14 19:20:46.00000010,8.603749739217847
2015-04-14 19:20:46.0000007,7.069393451111182
2015-04-14 19:20:46.0000004,8.194640210858893
2015-04-14 19:20:46.0000003,12.648228253139564
2015-04-14 19:20:46.0000006,8.841847150558806
2015-04-14 19:20:46.0000002,9.473626369589965
2015-04-14 19:20:46.0000009,11.275283489516823
2009-07-20 08:53:34.0000002,5.2935967156653305
2009-07-20 08:53:34.0000001,6.37823459392223
2013-04-03 16:09:02.0000002,5.80616975021303
2013-04-03 16:09:02.0000001,62.57257178943769
2009-11-20 23:19:58.0000001,7.460898051623303
2009-11-20 23:19:58.0000002,10.04753504089365
2012-08-04 09:01:54.0000002,11.052828884514724
2012-08-04 09:01:54.0000001,6.189914239842665
2011-09-22 20:05:22.0000007,10.19770428392485
2011-09-22 20:05:22.0000001,11.125343049074445
2011-09-22 20:05:22.0000005,12.794517014647454
2011-09-22 20:05:22.0000006,6.165906601096253
2014-08-09 01:27:30.0000002,8.436768079483386
2011-02-15 05:44:42.0000002,13.575936108751534
2011-02-15 05:44:42.0000001,48.35561676425357
2014-10-31 12:04:26.0000002,24.639076145126182
2014-10-31 12:04:26.0000001,7.940858304803669
2015-02-09 07:16:26.0000006,7.0196241357306235
2015-02-09 07:16:26.0000004,7.676545133229411
2015-02-09 07:16:26.0000007,8.379768010841985
2015-02-09 07:16:26.0000001,7.173855776177902
2015-02-09 07:16:26.0000002,10.66085788607245
2015-02-09 07:16:26.0000008,7.432465331172807
2015-02-09 07:16:26.0000003,10.885652417720735
2011-09-08 17:26:34.0000001,8.001968789184957
2011-09-08 17:26:34.0000003,10.451617373034992
2011-09-08 17:26:34.0000002,8.601802383800646
2011-09-08 17:26:34.0000004,6.8256243479916066
2013-04-10 21:03:42.0000004,7.773155138992706
2013-04-10 21:03:42.0000005,9.428160011067689
2013-04-10 21:03:42.0000003,7.799893092284378
2013-04-10 21:03:42.0000002,12.399867393538102
2013-04-10 21:03:42.0000001,7.828080231721174
2011-12-29 19:29:50.0000003,8.669905312069659
2011-12-29 19:29:50.0000004,14.340088698941145
2011-12-29 19:29:50.0000001,9.944102010864299
2013-09-26 15:50:06.0000003,7.194980984745939
2013-09-26 15:50:06.0000005,11.991773471361512
2013-09-26 15:50:06.0000002,7.40615490149321
2013-09-26 15:50:06.0000001,10.61662955814893
2013-09-26 15:50:06.0000004,8.171709256205304
2012-10-01 07:18:06.0000001,6.336764885941193
2012-10-01 07:18:06.0000002,8.473868641860918
2013-03-14 21:43:46.0000001,13.538734617575642
2012-10-05 23:47:02.0000001,9.943130475997464
2009-02-08 00:04:06.0000004,11.561271655517658
2009-02-08 00:04:06.0000002,36.699173020875605
2012-02-04 22:47:18.0000001,6.8470733849302405
2012-02-04 22:47:18.0000003,8.05096489710752
2012-05-06 03:01:10.0000003,7.788894046410974
2012-05-06 03:01:10.0000002,12.044740914081444
2014-07-08 08:56:58.0000001,8.921193520028169
2010-01-09 08:29:14.0000003,4.195745166881466
2010-01-09 08:29:14.0000002,7.4188475697472995
2010-01-09 08:29:14.0000001,14.536775654031885
2010-01-09 08:29:14.0000004,5.5564763116921085
2010-12-06 03:36:58.0000001,5.584603453666318
2011-10-19 05:25:18.0000002,26.24311037686516
2011-10-19 05:25:18.0000001,8.251044145962169
2014-06-14 08:13:22.0000002,15.004278287091097
2014-06-14 08:13:22.0000003,15.435690345604371
2014-06-14 08:13:22.0000001,17.49580435458006
2011-02-19 10:14:58.0000002,6.851217356049688
2014-12-25 03:10:26.0000001,13.463344479875104
2009-06-16 14:32:38.0000003,5.421346254006039
2009-06-16 14:32:38.0000001,6.385849040767539
2009-06-16 14:32:38.0000005,4.4665564910512785
2009-06-16 14:32:38.0000006,8.396528202737272
2009-06-16 14:32:38.0000002,5.8730786565372455
2009-06-16 14:32:38.0000004,15.215019497153435
2010-08-16 17:14:18.0000001,47.59314855093635
2013-04-29 09:18:06.0000004,7.245549279469287
2013-04-29 09:18:06.0000002,7.386849999579567
2013-04-29 09:18:06.0000005,9.1080382824141
2013-04-29 09:18:06.0000001,22.079119338594865
2013-04-29 09:18:06.0000003,8.57021592094543
2013-06-23 14:52:34.0000002,30.95306999241052
2013-06-23 14:52:34.0000001,6.320132049541826
2013-03-28 05:22:58.0000001,7.356174760949443
2015-06-08 20:18:30.0000006,10.816709106060102
2015-06-08 20:18:30.0000003,8.251028151468972
2015-06-08 20:18:30.0000002,16.601104554613926
2015-06-08 20:18:30.0000001,11.900523180111804
2015-06-08 20:18:30.0000004,11.268787719421312
2015-06-08 20:18:30.0000005,13.224355147322285
2011-09-08 13:39:06.0000001,6.659775248949472
2012-03-03 02:30:54.0000001,8.891505356726384
2012-03-03 02:30:54.0000002,10.047044439211959
2012-03-03 02:30:54.0000004,11.516194788892221
2010-03-27 20:11:10.0000003,6.227571909028256
2010-03-27 20:11:10.0000001,7.805963179099081
2010-03-27 20:11:10.0000002,9.828048625526435
2009-08-11 22:40:02.0000002,11.681372205524667
2009-08-11 22:40:02.0000003,44.3017194257294
2009-08-11 22:40:02.0000004,5.274287367966508
2009-08-11 22:40:02.0000005,15.457080068398227
2009-08-11 22:40:02.0000001,6.136424837083155
2012-12-27 21:01:54.0000001,7.191284837964417
2012-12-27 21:01:54.0000003,7.940355911618894
2012-12-27 21:01:54.0000006,10.307466793185313
2012-12-27 21:01:54.0000007,18.18397505196276
2012-12-27 21:01:54.0000008,10.289873988599766
2015-04-16 18:45:22.0000003,9.384566338395416
2015-04-16 18:45:22.0000002,7.5202999026770385
2015-04-16 18:45:22.0000001,9.898974112502515
2015-04-16 18:45:22.0000005,17.40573073160465
2014-05-17 10:51:46.0000001,8.410879021341088
2014-05-17 10:51:46.0000004,9.109833553217527
2014-05-17 10:51:46.0000002,24.47893320114906
2009-05-04 11:23:18.0000001,6.316875428147
2009-05-04 11:23:18.0000003,6.997481584367165
2009-05-04 11:23:18.0000002,8.072987094569498
2013-07-22 14:30:06.0000002,7.032888862780737
2013-07-22 14:30:06.0000001,15.91572142042196
2015-05-31 20:48:54.0000005,6.703227283654883
2015-05-31 20:48:54.0000004,6.300012128313597
2015-05-31 20:48:54.0000001,7.900344193267301
2010-07-16 06:44:06.0000001,5.589341175336926
2010-07-16 06:44:06.0000003,13.937087473122574
2010-07-16 06:44:06.0000004,18.679961501195294
2010-07-16 06:44:06.0000002,21.343753430214974
2013-01-06 12:39:54.0000003,7.39928387535565
2013-01-06 12:39:54.0000001,8.552928398437302
2013-01-06 12:39:54.0000004,9.24574031950624
2013-01-06 12:39:54.0000002,9.255105989008598
2013-01-06 12:39:54.0000005,5.505994293303274
2012-12-15 15:55:42.0000001,7.706749234042832
2012-12-15 15:55:42.0000002,8.690724208495453
2010-05-06 11:35:26.0000001,6.788394674592723
2010-05-06 11:35:26.0000003,3.9877864810634946
2014-01-06 10:16:02.0000001,15.807592392137167
2014-01-06 10:16:02.0000002,7.113286585818059
2012-07-24 04:44:26.0000001,10.152843414880408
2010-08-06 15:37:14.0000007,7.155487755918557
2010-08-06 15:37:14.0000003,6.991893919069753
2010-08-06 15:37:14.0000006,6.113866436418675
2010-08-06 15:37:14.0000005,33.69948763729235
2010-08-06 15:37:14.0000004,9.15322843991305
2010-08-06 15:37:14.0000002,10.629737656344446
2010-08-06 15:37:14.0000001,6.176744658208349
2010-11-10 23:21:50.0000002,7.724201762830603
2010-11-10 23:21:50.0000003,9.137550095684446
2013-03-31 00:09:58.0000002,9.254477546341036
2013-03-31 00:09:58.0000003,9.05282070419139
2010-02-01 00:05:42.0000001,11.121167601883371
2010-02-01 00:05:42.0000002,15.96978460670175
2009-06-18 18:47:22.0000003,11.97489387655753
2009-06-18 18:47:22.0000001,7.630070279449001
2009-06-18 18:47:22.0000002,9.431880039727275
2015-01-03 08:47:26.0000001,10.058000729789
2015-01-03 08:47:26.0000002,11.703591534613565
2014-06-20 02:16:34.0000001,8.356012817403212
2011-02-03 07:13:06.0000001,5.191589742645988
2014-01-14 18:48:06.0000007,10.221951227560453
2014-01-14 18:48:06.0000002,8.441925074309324
2014-01-14 18:48:06.0000003,7.3446167681164525
2014-01-14 18:48:06.0000004,8.824948976459154
2014-01-14 18:48:06.0000001,9.065329811678794
2014-01-14 18:48:06.0000005,8.439907268006664
2014-01-14 18:48:06.0000006,7.24669440652076
2013-10-18 05:08:54.0000001,33.02741631282959
2011-07-20 08:05:02.0000003,8.039123730625874
2011-07-20 08:05:02.0000002,5.588795640087255
2011-07-20 08:05:02.0000004,8.076908172532626
2009-05-03 16:02:54.0000005,6.668160924386029
2009-05-03 16:02:54.0000003,5.077195484880917
2009-05-03 16:02:54.0000002,6.27903553598594
2009-05-03 16:02:54.0000001,13.793669104655919
2012-09-06 17:58:06.0000001,5.356509121721842
2012-09-06 17:58:06.0000003,8.010333745039247
2014-04-06 16:47:14.0000003,8.193889273099899
2014-09-06 03:52:50.0000002,12.61904131682013
2013-07-27 09:59:18.0000001,7.427733989485887
2014-12-26 20:19:38.0000002,8.483582377415587
2014-01-01 13:06:34.0000001,7.165374382567165
2011-12-25 15:35:54.0000003,8.394733116699399
2011-12-25 15:35:54.0000004,8.852870341473022
2015-05-14 23:11:58.0000001,17.7198689810416
2015-05-14 23:11:58.0000007,11.312296504811911
2015-05-14 23:11:58.0000003,9.513448429045411
2015-05-14 23:11:58.0000005,9.273147086367544
2015-05-14 23:11:58.0000008,11.76521671900548
2015-05-14 23:11:58.0000002,15.916204425318597
2015-05-14 23:11:58.0000006,9.866022933365912
2015-04-22 09:54:06.0000002,9.141025698660883
2015-04-22 09:54:06.0000003,7.47109054763132
2009-03-22 07:02:02.0000001,8.336475948148518
2012-04-30 04:34:50.0000001,20.043445360126498
2009-01-21 09:13:50.0000003,3.5954831185448484
2009-01-21 09:13:50.0000004,4.566058981243373
2009-01-21 09:13:50.0000001,7.507430423061578
2009-01-21 09:13:50.0000002,4.9062420681428875
2010-06-11 18:07:10.0000002,6.026473105484456
2010-06-11 18:07:10.0000001,4.3400576470598935
2010-06-11 18:07:10.0000004,12.191546130571965
2010-06-11 18:07:10.0000003,12.090755175953063
2012-09-01 19:04:18.0000002,8.749796570913645
2014-06-18 06:22:42.0000001,8.308774850370014
2014-06-18 06:22:42.0000002,12.45886014384405
2009-12-09 08:34:30.0000001,7.019497707971368
2009-12-09 08:34:30.0000002,5.27247291896947
2009-12-09 08:34:30.0000003,43.51390890785842
2009-12-09 08:34:30.0000004,46.34999122028785
2013-06-06 02:54:50.0000002,10.729135047458271
2013-06-06 02:54:50.0000003,7.654618885905734
2010-07-19 12:15:54.0000003,5.96800380517459
2010-07-19 12:15:54.0000002,12.814609584567393
2010-07-19 12:15:54.0000001,7.374197740883005
2010-07-19 12:15:54.0000004,6.5243051133641075
2013-12-18 12:36:46.0000001,8.265414609700542
2013-12-18 12:36:46.0000003,24.84848253069856
2013-12-18 12:36:46.0000004,8.959785153473945
2013-12-18 12:36:46.0000002,10.755124781570657
2009-01-25 21:17:18.0000002,9.360190593404013
2009-01-25 21:17:18.0000003,5.982246566718459
2012-10-03 09:18:22.0000002,7.951947313587652
2012-10-03 09:18:22.0000003,8.219306007034561
2012-10-03 09:18:22.0000004,7.318845303116973
2012-10-03 09:18:22.0000001,12.568675116123018
2012-10-03 09:18:22.0000005,10.572259272994302
2012-06-13 19:49:50.0000003,11.1028659715505
2012-06-13 19:49:50.0000002,12.316259390597793
2012-06-13 19:49:50.0000001,6.583014062889447
2011-09-03 00:03:42.0000004,5.528938996721308
2011-09-03 00:03:42.0000009,16.03857898344154
2011-09-03 00:03:42.0000001,5.980132735003963
2011-09-03 00:03:42.0000003,7.007612459240249
2011-09-03 00:03:42.0000006,8.653146192262284
2011-09-03 00:03:42.0000002,7.214494149478014
2011-09-03 00:03:42.0000005,10.087642953907903
2009-01-27 13:27:30.0000002,9.37123860021643
2009-01-27 13:27:30.0000001,5.2655624126661
2009-07-03 00:41:38.0000001,9.862352152162543
2009-07-03 00:41:38.0000002,4.100278180067221
2010-05-29 11:51:30.0000001,4.892191705364553
2013-07-02 22:27:14.0000005,8.979449309481765
2013-07-02 22:27:14.0000003,15.10173266484594
2015-05-09 11:33:58.0000004,8.058185581586486
2015-05-09 11:33:58.0000001,8.654210425436418
2015-05-09 11:33:58.0000003,33.67881680669075
2011-07-18 00:04:54.0000002,5.911972563034624
2011-04-03 03:46:18.0000002,9.751918602646242
2009-11-03 13:04:46.0000003,5.388928830923874
2009-11-03 13:04:46.0000002,15.8994234534091
2009-11-03 13:04:46.0000001,7.82357708119423
2010-06-25 14:00:14.0000002,7.258469281486214
2010-12-20 09:39:02.0000001,12.327434119284817
2010-12-20 09:39:02.0000002,6.504554153917752
2014-05-20 14:43:10.0000001,9.736631385529563
2014-05-20 14:43:10.0000002,7.232000034940484
2010-09-16 05:07:10.0000001,6.816157762440412
2011-08-01 17:44:30.0000006,4.7965728548645075
2011-08-01 17:44:30.0000005,6.319947550967299
2011-08-01 17:44:30.0000001,10.281392875383403
2011-08-01 17:44:30.0000002,9.24592886809262
2011-08-01 17:44:30.0000004,5.996529521219486
2011-03-01 07:23:14.0000003,6.351366490784585
2011-03-01 07:23:14.0000001,5.999207885992405
2011-06-24 13:23:18.0000004,10.603701750060736
2011-06-24 13:23:18.0000001,12.805809292142953
2011-06-24 13:23:18.0000002,14.503548198076714
2011-06-24 13:23:18.0000003,10.077655167988041
2013-11-19 02:41:10.0000001,13.504761668096307
2012-01-01 18:02:46.0000003,6.0475904939418115
2012-01-01 18:02:46.0000002,8.719406097691035
2015-03-28 19:31:26.0000002,8.23553706303619
2015-03-28 19:31:26.0000006,8.699824952465747
2015-03-28 19:31:26.0000001,9.237548940923261
2015-03-28 19:31:26.0000005,12.538391453614281
2010-07-13 11:53:15.0000004,7.7308890986838605
2010-07-13 11:53:15.0000001,10.096946148405436
2010-07-13 11:53:15.0000007,12.539543992840436
2010-07-13 11:53:15.0000002,8.714438541246864
2013-02-07 13:47:59.0000004,8.848627970202983
2013-02-07 13:47:59.0000001,5.400015847274858
2013-02-07 13:47:59.0000003,7.291492341003959
2013-08-08 14:38:43.0000001,5.812693723850089
2013-08-08 14:38:43.0000003,7.151786034256929
2015-05-19 13:58:11.0000003,25.48242352844011
2015-05-19 13:58:11.0000008,10.472282626622928
2015-05-19 13:58:11.0000005,11.315529367087493
2015-05-19 13:58:11.0000007,34.2130280332492
2015-05-19 13:58:11.0000004,8.164615826255385
2015-05-19 13:58:11.0000002,12.674292423282168
2012-07-31 22:21:11.0000001,9.726346479969607
2012-07-31 22:21:11.0000002,6.954916511241095
2013-01-03 08:50:31.0000001,8.63610455658204
2013-01-03 08:50:31.0000002,8.112512801976209
2013-01-03 08:50:31.0000007,7.088334694907644
2013-01-03 08:50:31.0000004,7.123970160004774
2013-01-03 08:50:31.0000006,18.450944812452576
2013-01-03 08:50:31.0000005,17.29185286877805
2009-04-14 17:43:23.0000003,5.347571034762723
2009-04-14 17:43:23.0000007,11.168729121482443
2009-04-14 17:43:23.0000006,8.894659205165567
2009-04-14 17:43:23.0000008,5.952166814835664
2009-04-14 17:43:23.0000004,9.4282162256344
2009-04-14 17:43:23.0000005,5.6592362206403095
2009-11-19 22:48:27.0000003,8.41826539825172
2009-11-19 22:48:27.0000002,21.45443400523618
2009-11-19 22:48:27.0000004,7.17574935353457
2013-02-15 00:37:15.0000003,14.331759208510334
2013-02-15 00:37:15.0000002,12.89463391034144
2013-02-15 00:37:15.0000001,8.207014830439334
2012-03-25 04:50:39.0000002,11.00115973109962
2012-03-24 23:33:59.0000001,6.841692391558922
2012-12-26 18:28:55.0000002,7.939653365379854
2012-12-26 18:28:55.0000005,13.123692005751991
2012-12-26 18:28:55.0000001,10.671187030544843
2012-12-26 18:28:55.0000003,6.1460816377675656
2012-12-26 18:28:55.0000007,23.090086502466647
2012-12-26 18:28:55.0000006,53.6373623284087
2011-07-06 19:56:23.0000004,7.602272078883857
2011-07-06 19:56:23.0000002,6.58599106870156
2011-07-06 19:56:23.0000006,13.826548297165118
2011-07-06 19:56:23.0000007,9.316169420205938
2011-07-06 19:56:23.0000003,7.686691539059666
2014-12-15 10:41:15.0000001,7.687640620988191
2014-12-15 10:41:15.0000002,20.344023874188338
2014-12-15 10:41:15.0000003,12.622814460379914
2011-08-14 21:39:31.0000001,8.74871493653859
2011-08-14 21:39:31.0000002,8.819745077482821
2010-06-06 21:04:55.0000001,6.986922385145249
2013-09-27 19:02:51.0000001,11.995516768083917
2013-09-27 19:02:51.0000003,30.945960080270652
2013-09-27 19:02:51.0000004,7.96315904113942
2013-09-27 19:02:51.0000002,9.575543981855958
2013-05-28 18:24:27.0000003,11.387402975489636
2013-05-28 18:24:27.0000001,8.17227615739398
2013-05-28 18:24:27.0000004,7.836072103898459
2013-05-28 18:24:27.0000002,5.7656315982475235
2015-06-15 14:34:03.0000002,9.232852789670915
2010-07-04 16:44:11.0000001,7.7686171774456625
2010-07-04 16:44:11.0000002,183.69471503912212
2014-11-26 06:46:23.0000001,14.487664382857474
2010-07-27 11:37:43.0000001,13.443937666830152
2010-07-27 11:37:43.0000003,8.250554998979965
2010-07-27 11:37:43.0000005,15.17353630965124
2010-07-27 11:37:43.0000006,10.344016625868903
2010-07-27 11:37:43.0000004,8.125833121189316
2010-07-27 11:37:43.0000002,19.287688711525902
2010-12-19 16:25:15.0000004,10.753815002260467
2010-12-19 16:25:15.0000003,6.282983090190555
2010-12-19 16:25:15.0000001,8.31419477753991
2012-08-19 12:06:39.0000001,5.482153190916165
2011-02-26 12:32:15.0000001,5.13538041792026
2011-02-26 12:32:15.0000002,9.561887073453477
2015-06-18 20:56:55.0000003,9.72160349622709
2015-06-18 20:56:55.0000005,31.03089833551371
2015-06-18 20:56:55.0000007,37.94343901893956
2015-06-18 20:56:55.0000006,7.669836614453288
2013-11-24 21:33:11.0000001,54.01682101762378
2013-11-24 21:33:11.0000002,11.946246639361789
2015-04-28 20:15:27.0000002,45.149316601752616
2015-04-28 20:15:27.0000006,9.77503507099982
2015-04-28 20:15:27.0000001,9.650515960041503
2015-04-28 20:15:27.0000005,8.486147938823024
2015-04-28 20:15:27.0000008,13.92198328805091
2013-01-23 13:49:19.0000002,9.117938520315647
2013-01-23 13:49:19.0000003,29.32755246457168
2014-03-12 19:19:31.0000003,22.98587115811813
2014-03-12 19:19:31.0000001,22.532739360674213
2014-03-12 19:19:31.0000002,8.582945154500408
2010-07-26 09:54:11.0000001,5.075175125587748
2012-01-03 08:49:15.0000002,6.867383773455799
2012-01-03 08:49:15.0000001,47.852108326335724
2012-01-03 08:49:15.0000004,8.005863397502026
2012-01-03 08:49:15.0000003,6.498949370936884
2012-11-05 14:49:19.0000002,14.491181207236309
2012-11-05 14:49:19.0000001,6.309529547125976
2012-06-09 19:03:11.0000004,8.470243899098477
2012-06-09 19:03:11.0000006,9.931528264847657
2012-06-09 19:03:11.0000002,4.710838779663959
2012-06-09 19:03:11.0000003,11.348272963395857
2012-06-09 19:03:11.0000001,9.023720154417788
2010-10-17 23:12:19.0000004,9.32665704595263
2010-10-17 23:12:19.0000005,5.978955381643459
2010-10-17 23:12:19.0000001,5.949449963365396
2010-10-17 23:12:19.0000002,10.975715383256897
2010-10-17 23:12:19.0000003,6.186018391836797
2014-06-07 12:21:11.0000001,24.27280979292982
2014-06-07 12:21:11.0000004,7.986458041501919
2011-09-08 22:37:43.0000004,7.5759857465697
2011-09-08 22:37:43.0000003,10.416516393599181
2011-09-08 22:37:43.0000005,18.417263108427846
2011-09-08 22:37:43.0000002,11.517361368428396
2014-10-30 19:25:15.0000003,47.237735535587035
2014-10-30 19:25:15.0000005,8.008731091586583
2014-10-30 19:25:15.0000001,7.686949046229756
2014-10-30 19:25:15.0000002,36.53710805804781
2014-10-30 19:25:15.0000004,9.776187648936912
2010-06-18 22:52:11.0000002,5.048865228657746
2011-02-16 05:49:51.0000001,7.065774311565178
2011-09-13 13:31:51.0000004,6.7024013600754415
2011-09-13 13:31:51.0000003,49.110632127901
2011-09-13 13:31:51.0000002,6.363847628855069
2009-09-28 04:31:39.0000001,11.055071851089679
2009-01-11 03:31:55.0000001,15.458374788948504
2009-01-11 03:31:55.0000003,10.132579312260305
2009-01-11 03:31:55.0000004,14.09580937876217
2009-01-11 03:31:55.0000002,6.026627564248656
2014-01-24 03:38:19.0000001,18.193831311943654
2014-08-06 18:03:31.0000002,10.17168320881649
2014-08-06 18:03:31.0000001,9.198371122588242
2009-08-26 00:46:43.0000001,6.598712437761492
2014-01-19 09:28:55.0000001,18.51021363407699
2010-01-27 06:01:59.0000001,6.784778299465756
2011-11-30 23:09:47.0000003,11.638424784733047
2011-11-30 23:09:47.0000002,12.631103520616762
2011-11-30 23:09:47.0000001,7.621172009000361
2014-08-03 23:37:31.0000003,10.325430190775364
2014-08-03 23:37:31.0000002,17.343682360260118
2014-08-03 23:37:31.0000001,9.8018647218463
2014-10-06 09:24:11.0000002,16.77298460621273
2014-10-06 09:24:11.0000004,27.43095154175137
2014-10-06 09:24:11.0000003,11.28114065584407
2014-10-06 09:24:11.0000001,9.792888084081028
2009-08-28 12:38:19.0000001,11.297186666883931
2009-08-28 12:38:19.0000004,15.732140317419294
2009-08-28 12:38:19.0000003,25.410784500030672
2009-08-28 12:38:19.0000002,7.436850262618236
2012-03-15 18:23:55.0000001,7.209819166187458
2012-03-15 18:23:55.0000004,11.941988492113182
2012-03-15 18:23:55.0000005,8.029806139854372
2012-03-15 18:23:55.0000003,8.40280804829024
2011-11-23 21:07:43.0000003,6.068473570686365
2011-11-23 21:07:43.0000002,11.79347313247331
2012-11-23 07:58:23.0000001,7.984702087811343
2010-11-17 19:10:23.0000007,22.145488780404662
2010-11-17 19:10:23.0000006,7.596759354050164
2010-11-17 19:10:23.0000001,6.425040309501128
2010-11-17 19:10:23.0000002,23.620190495106158
2010-11-17 19:10:23.0000008,10.380910958116942
2010-11-17 19:10:23.0000004,5.642639322775153
2015-02-14 13:15:19.0000003,11.753305698632289
2015-02-14 13:15:19.0000006,10.186291749416
2015-02-14 13:15:19.0000004,7.507479199973659
2015-02-14 13:15:19.0000008,8.285639593553242
2015-02-14 13:15:19.0000001,15.561190273353986
2013-01-12 22:40:39.0000003,5.818848696353257
2013-01-12 22:40:39.0000004,11.190110087245785
2013-01-12 22:40:39.0000001,14.460377676259895
2013-01-12 22:40:39.0000005,8.526127573944791
2013-01-12 22:40:39.0000006,5.983270837223358
2011-04-12 12:06:07.0000002,6.52307570440621
2011-04-12 12:06:07.0000001,22.50605262953843
2010-11-04 20:14:39.0000005,5.848072585095224
2010-11-04 20:14:39.0000002,6.681206715614167
2010-11-04 20:14:39.0000004,8.39552430893741
2010-11-04 20:14:39.0000003,6.592363964543438
2010-11-04 20:14:39.0000001,6.5837342576675155
2011-04-25 19:14:55.0000003,8.43475293774975
2011-04-25 19:14:55.0000001,6.739109454937193
2011-04-25 19:14:55.0000004,7.0954601785531395
2011-04-25 19:14:55.0000002,6.90096263685848
2011-04-25 19:14:55.0000005,7.06438145901825
2010-02-15 14:20:31.0000001,7.8720431555503865
2013-03-23 15:41:07.0000001,8.966070514422768
2013-03-23 15:41:07.0000004,8.516880853694147
2013-03-23 15:41:07.0000005,7.338255740844033
2012-12-09 06:04:39.0000001,48.70561369521897
2013-11-07 16:38:15.0000003,5.78019739004435
2013-11-07 16:38:15.0000002,8.175945039806265
2013-11-07 16:38:15.0000001,8.52877074014998
2011-08-08 11:18:15.0000004,8.694491927709123
2011-08-08 11:18:15.0000003,7.478318297859346
2011-08-08 11:18:15.0000002,8.191628114644573
2009-05-08 22:14:51.0000004,5.081748709205726
2009-05-08 22:14:51.0000001,11.950106443075583
2009-05-08 22:14:51.0000003,11.564119554628064
2012-11-15 18:22:19.0000002,15.800019980883235
2012-11-15 18:22:19.0000007,7.875683467158524
2012-11-15 18:22:19.0000003,6.005783524222352
2012-11-15 18:22:19.0000005,7.7153490887462794
2012-11-15 18:22:19.0000001,18.824857121693185
2012-11-15 18:22:19.0000004,8.279461004780842
2012-11-15 18:22:19.0000006,8.858431180679304
2010-01-31 00:33:03.0000002,6.11807615995815
2010-01-31 00:33:03.0000004,4.049467294757051
2010-01-31 00:33:03.0000001,22.14811947729072
2010-01-31 00:33:03.0000007,4.832232007550147
2010-01-31 00:33:03.0000003,10.955092742287547
2012-04-20 07:30:43.0000003,7.186952196240327
2012-04-20 07:30:43.0000002,14.399437855871724
2012-04-20 07:30:43.0000004,8.328062136521567
2012-04-20 07:30:43.0000001,11.214907503497216
2009-09-29 09:38:15.0000002,5.822616427961293
2009-09-29 09:38:15.0000001,8.066024865988197
2010-12-31 05:30:19.0000002,7.1156137004129505
2010-12-31 05:30:19.0000001,13.042931619079013
2009-01-18 18:22:07.0000001,29.93743772423477
2009-01-28 11:27:19.0000002,4.374028897285029
2013-05-04 05:00:43.0000001,10.810860870941497
2014-02-23 13:22:03.0000002,7.440334584092739
2014-02-23 13:22:03.0000001,6.284689216556558
2010-10-28 12:38:55.0000003,7.83592632032105
2010-10-28 12:38:55.0000002,5.795327427359439
2010-10-28 12:38:55.0000001,10.694031694726391
2015-05-20 19:39:11.0000002,14.816106664280937
2015-05-20 19:39:11.0000009,12.652052589842697
2015-05-20 19:39:11.0000001,12.073345686948642
2015-05-20 19:39:11.0000008,12.477534676121081
2015-05-20 19:39:11.0000007,33.8679097425462
2015-05-20 19:39:11.0000005,9.336476020987334
2015-05-20 19:39:11.0000006,10.123150131258967
2015-03-20 16:33:07.0000002,9.908307447223933
2015-03-20 16:33:07.0000001,8.452990337942083
2013-04-26 17:05:07.0000001,7.940809590316576
2014-01-11 17:47:47.0000005,27.576619666725378
2014-01-11 17:47:47.0000006,7.535435929544747
2014-01-11 17:47:47.0000002,15.243487564309703
2014-01-11 17:47:47.0000003,7.485311567486519
2014-01-11 17:47:47.0000004,9.544452431282252
2012-03-10 10:48:43.0000001,7.983531832734229
2012-03-10 10:48:43.0000004,10.804061703577304
2012-03-10 10:48:43.0000003,7.470728347271802
2012-03-10 10:48:43.0000005,6.280732411045619
2012-03-10 10:48:43.0000002,9.422749262647926
2012-07-12 02:46:07.0000002,26.621316139540227
2009-01-06 14:48:51.0000003,4.419532419351071
2009-01-06 14:48:51.0000002,4.525928799914027
2009-01-06 14:48:51.0000001,5.215376492083578
2015-04-15 03:30:27.0000001,8.055511698462624
2015-04-26 21:44:23.0000001,25.06552348546802
2015-04-26 21:44:23.0000003,15.96615994171043
2014-11-24 05:03:51.0000001,16.88815372615727
2014-03-05 23:16:07.0000002,17.19290817175363
2015-01-04 00:28:11.0000005,8.415901991268811
2015-01-04 00:28:11.0000001,10.834513247787527
2015-01-04 00:28:11.0000002,7.4090956242256425
2015-01-04 00:28:11.0000003,11.286404792879921
2014-12-17 20:56:31.0000004,8.693780194197416
2014-12-17 20:56:31.0000002,15.94390127331451
2014-12-17 20:56:31.0000001,11.94885108283961
2010-10-04 16:17:03.0000002,5.444427381791115
2010-10-04 16:17:03.0000003,5.052388423476373
2010-10-04 16:17:03.0000005,9.62325765550429
2010-10-04 16:17:03.0000004,11.842417701270506
2010-10-09 15:48:51.0000001,5.907011558647582
2010-10-09 15:48:51.0000005,10.897786558483858
2010-10-09 15:48:51.0000002,4.8480924612708804
2013-10-10 11:09:23.0000006,5.93782538704113
2013-10-10 11:09:23.0000004,9.055557483084954
2013-10-10 11:09:23.0000002,6.8198624890222845
2013-10-10 11:09:23.0000003,8.489793065277013
2013-10-10 11:09:23.0000005,9.596638969197215
2010-12-14 00:39:07.0000001,20.92261135284764
2010-12-14 00:39:07.0000002,6.229339049850182
2010-12-14 00:39:07.0000003,11.81954217661439
2013-01-08 07:03:07.0000004,8.041593250928145
2013-01-08 07:03:07.0000003,10.523294653183143
2013-01-08 07:03:07.0000002,6.781959427111133
2012-10-28 17:21:19.0000004,7.989993193757414
2012-10-28 17:21:19.0000002,6.537379790376235
2010-03-10 10:37:39.0000003,7.187521860615107
2010-03-10 10:37:39.0000004,7.479010763111091
2010-03-10 10:37:39.0000001,5.386102047720328
2010-03-10 10:37:39.0000002,14.656854713120765
2012-04-27 22:32:19.0000001,7.102018382100937
2012-04-27 22:32:19.0000003,5.9542135413673805
2009-04-14 06:55:19.0000001,46.77899534161918
2009-04-14 06:55:19.0000002,4.199963907042388
2013-07-22 14:22:51.0000001,18.981671426082357
2012-02-11 21:23:07.0000002,5.473259227326935
2012-02-11 21:23:07.0000001,8.574256154506088
2012-02-11 21:23:07.0000004,5.119012723571586
2012-02-11 21:23:07.0000003,6.191518863107717
2015-05-10 12:37:51.0000001,18.31686913382714
2015-05-10 12:37:51.0000004,7.835722993713944
2015-05-10 12:37:51.0000006,8.553784697240076
2010-12-11 13:31:11.0000001,9.04951134094938
2010-12-11 13:31:11.0000002,10.166156444935837
2010-03-01 22:21:55.0000001,4.510333668404655
2010-03-01 22:21:55.0000004,10.898993428327117
2014-11-03 22:00:07.0000001,11.823109677612251
2009-08-26 16:50:19.0000001,4.247384643696819
2009-08-26 16:50:19.0000002,6.294946676954396
2010-06-07 10:02:51.0000002,4.356158611710384
2010-06-07 10:02:51.0000001,6.691170915885891
2010-06-07 10:02:51.0000004,15.226842651034872
2010-06-07 10:02:51.0000003,11.653853293818884
2015-03-08 14:59:23.0000002,15.138128888943811
2015-03-08 14:59:23.0000004,50.4785431779012
2015-03-08 14:59:23.0000005,22.280968501425264
2010-12-13 05:52:47.0000001,9.635773633101167
2012-10-12 15:21:55.0000001,7.088110941894342
2011-05-17 07:53:55.0000002,6.2927999848254785
2011-05-17 07:53:55.0000004,8.071955783234671
2011-05-17 07:53:55.0000001,3.7103229436652327
2012-12-26 20:55:27.0000002,13.497177345899331
2012-12-26 20:55:27.0000005,11.25493825379192
2012-12-26 20:55:27.0000004,12.779190490629844
2009-02-22 14:59:11.0000001,11.420615803194323
2011-12-17 16:19:47.0000003,12.58994939475076
2011-12-17 16:19:47.0000001,10.98132178670437
2014-12-02 23:54:11.0000002,11.903828267970539
2014-12-02 23:54:11.0000001,12.04245326325622
2014-11-11 11:21:07.0000001,7.427394154758872
2014-07-11 12:35:19.0000003,10.604602264867935
2014-07-11 12:35:19.0000001,8.867129306723655
2014-07-11 12:35:19.0000002,14.040084847602543
2010-01-25 15:04:11.0000001,5.26822826203238
2010-01-25 15:04:11.0000002,8.566483707596944
2014-01-26 13:51:39.0000002,5.2208126060158975
2014-01-26 13:51:39.0000003,8.344731176010669
2011-11-18 04:49:19.0000002,6.339385198204013
2011-11-18 04:49:19.0000003,47.67049979686328
2011-11-18 04:49:19.0000001,5.612650853740092
2014-11-30 15:46:23.0000001,9.770354824793685
2014-11-30 15:46:23.0000004,10.044575275573607
2014-11-30 15:46:23.0000006,24.657578757793544
2014-11-30 15:46:23.0000005,7.168374493631063
2011-08-20 15:50:39.0000002,28.922509114736954
2010-06-22 14:25:19.0000005,11.655362907470476
2010-06-22 14:25:19.0000003,5.6192246432297
2010-06-22 14:25:19.0000002,6.108133966166065
2010-06-22 14:25:19.0000006,6.008244742329339
2010-06-22 14:25:19.0000004,7.184312825887218
2010-12-06 18:51:31.0000001,10.156092533860146
2010-12-06 18:51:31.0000002,15.573435030361907
2014-05-25 19:46:59.0000004,16.442169166175063
2014-05-25 19:46:59.0000002,6.22704028768635
2014-05-25 19:46:59.0000001,9.605621382449613
2009-11-20 14:03:03.0000003,6.114398128817697
2009-11-20 14:03:03.0000004,12.53520643195634
2009-11-20 14:03:03.0000001,9.932757455038427
2009-11-20 14:03:03.0000005,7.061943898052959
2009-11-20 14:03:03.0000002,7.513515988780796
2010-09-17 18:21:11.0000001,15.030328173204111
2011-02-23 21:35:19.0000001,5.8974801947581454
2011-02-23 21:35:19.0000002,12.42274553707955
2013-01-03 11:41:47.0000001,5.419862278155051
2014-04-04 05:47:11.0000001,16.09523095120676
2014-08-18 19:09:19.0000001,9.837556345663188
2014-08-18 19:09:19.0000002,14.710840091378941
2010-04-12 08:22:27.0000001,5.144978150620204
2010-04-12 08:22:27.0000002,9.082697803331712
2010-06-05 08:18:11.0000002,17.606143485632515
2010-06-05 08:18:11.0000001,5.1343651290112575
2010-06-05 08:18:11.0000003,29.354164961550396
2013-05-07 23:58:31.0000001,22.02350165859866
2013-01-11 20:08:07.0000002,7.149832031380129
2013-02-17 23:55:55.0000001,13.12250468170555
2013-02-17 23:55:55.0000002,20.007270268559637
2013-02-17 23:55:55.0000003,16.882615353875963
2010-11-26 06:04:59.0000001,5.745468919809696
2013-10-09 17:27:39.0000002,8.041090816417068
2013-02-27 13:28:43.0000003,7.726737431719243
2013-02-27 13:28:43.0000001,6.665936471378473
2013-02-27 13:28:43.0000004,7.544980771576661
2013-02-27 13:28:43.0000002,6.27101516749201
2009-08-28 07:10:39.0000001,8.923520916501502
2009-08-28 07:10:39.0000002,9.703207812618643
2009-08-28 07:10:39.0000004,5.333666586029949
2009-08-28 07:10:39.0000003,4.946077831836419
2015-01-12 17:05:51.0000006,9.01262400747396
2015-01-12 17:05:51.0000007,8.260826538301217
2015-01-12 17:05:51.0000002,7.46924432978949
2015-01-12 17:05:51.0000003,7.514423150009861
2014-05-01 07:16:07.0000001,6.962796989941012
2009-01-12 07:47:39.0000004,4.512153301614376
2009-01-12 07:47:39.0000002,7.83474147062509
2009-01-12 07:47:39.0000003,5.963478466579772
2014-02-09 21:05:31.0000001,21.408282075240322
2014-02-09 21:05:31.0000002,13.052236161066617
2012-05-14 03:52:59.0000001,9.095508582550792
2011-04-28 19:39:43.0000005,6.992471584622308
2011-04-28 19:39:43.0000001,6.936694447485479
2011-04-28 19:39:43.0000002,4.961611051112982
2011-04-28 19:39:43.0000004,4.540075391856135
2010-02-15 10:14:23.0000002,8.43592201807428
2010-02-15 10:14:23.0000003,23.004421627497777
2010-02-15 10:14:23.0000004,10.1856142602835
2010-08-18 05:24:15.0000002,10.861165582530361
2010-08-18 05:24:15.0000001,9.42047104781534
2010-05-31 06:46:59.0000001,45.42318551860308
2014-11-17 00:03:47.0000002,6.7894168633081335
2012-11-16 00:09:43.0000001,10.324778188956998
2012-03-09 06:03:23.0000001,10.785821065863274
2013-10-18 13:05:19.0000002,8.130578180113616
2013-10-18 13:05:19.0000001,19.61091424013955
2013-10-18 13:05:19.0000003,7.223228655583853
2010-01-16 04:52:31.0000001,37.429919387133054
2013-08-18 00:32:15.0000002,15.524436993837526
2013-08-18 00:32:15.0000001,8.40782842818055
2010-12-11 16:12:35.0000004,13.2708281060643
2010-12-11 16:12:35.0000005,7.127499609916299
2010-12-11 16:12:35.0000001,7.798317619006639
2010-12-11 16:12:35.0000002,7.000030845236552
2013-05-23 12:09:23.0000001,10.636818962287066
2013-05-23 12:09:23.0000003,7.144302945981622
2013-05-23 12:09:23.0000002,7.144095267139619
2014-12-11 08:20:39.0000003,8.209506103669924
2014-12-11 08:20:39.0000002,7.825034612191416
2011-01-28 19:41:11.0000002,5.3868445494207435
2011-01-28 19:41:11.0000001,10.453545711631136
2011-03-24 04:46:51.0000001,27.381310411128993
2013-04-07 00:24:27.0000001,6.662623122135415
2013-04-07 00:24:27.0000003,7.301627263597538
2013-04-07 00:24:27.0000004,8.054200536634767
2010-08-17 21:22:39.0000002,23.112790245354404
2010-08-17 21:22:39.0000003,6.539606719576909
2010-08-17 21:22:39.0000001,7.158003289785256
2013-12-10 14:00:35.0000004,8.572712883638815
2013-12-10 14:00:35.0000001,10.797367590051977
2013-12-10 14:00:35.0000003,7.793843713478509
2011-09-18 05:32:51.0000002,50.35260244365941
2011-09-18 05:32:51.0000001,10.525726516328746
2011-09-18 05:32:51.0000003,12.846138074704527
2011-09-10 20:44:59.0000002,8.92938871588808
2011-09-10 20:44:59.0000001,7.911424388037858
2011-04-28 09:50:03.0000002,32.38489555114177
2011-04-28 09:50:03.0000003,6.80704518711002
2011-04-28 09:50:03.0000004,8.050781608242232
2010-02-26 18:34:51.0000002,6.200978373658472
2013-12-05 23:29:15.0000001,12.758031304518795
2013-12-05 23:29:15.0000004,6.8266139263276955
2013-12-05 23:29:15.0000003,29.761115706722194
2013-12-05 23:29:15.0000005,50.63364133133189
2010-01-13 08:28:59.0000003,9.091569765701024
2010-01-13 08:28:59.0000001,8.816385192430744
2010-01-13 08:28:59.0000004,10.274187726049831
2010-01-13 08:28:59.0000005,5.74054322212055
2010-07-16 07:07:27.0000001,8.182152330947929
2012-06-16 14:33:19.0000002,8.807384401195122
2013-05-08 17:02:39.0000001,12.334212628579735
2013-05-08 17:02:39.0000003,10.886372265466662
2013-05-08 17:02:39.0000005,8.345991478254632
2013-05-08 17:02:39.0000004,6.747503812615605
2013-05-08 17:02:39.0000002,8.049533296948312
2013-05-08 17:02:39.0000006,6.909233575147709
2013-05-08 17:02:39.0000007,8.958060340283282
2011-02-28 08:34:27.0000004,8.951650459385178
2011-02-28 08:34:27.0000002,5.392249943207162
2011-02-28 08:34:27.0000006,13.52846096291853
2011-02-28 08:34:27.0000007,5.6966504073132
2011-02-28 08:34:27.0000005,16.56651940886377
2011-02-28 08:34:27.0000003,8.641090456849042
2011-02-28 08:34:27.0000001,9.607125115271629
2012-12-13 19:05:27.0000001,6.401291852674717
2012-12-13 19:05:27.0000002,7.875300845261904
2012-12-13 19:05:27.0000003,9.955492288144683
2009-03-25 01:20:55.0000001,8.816112877861542
2011-01-18 12:43:35.0000001,10.400971451692499
2010-07-13 07:38:03.0000007,10.342235495910813
2010-07-13 07:38:03.0000004,10.316118686826371
2010-07-13 07:38:03.0000002,10.727303004161854
2010-07-13 07:38:03.0000006,15.239643524068242
2010-07-13 07:38:03.0000005,6.598425760241184
2010-07-13 07:38:03.0000001,7.0504653588757265
2009-01-26 15:16:43.0000001,30.637291991145048
2009-01-26 15:16:43.0000002,3.918647503186321
2015-05-18 01:13:35.0000001,8.394393775726485
2012-11-09 18:17:35.0000001,12.666292916386055
2012-11-09 18:17:35.0000006,9.563054424578013
2012-11-09 18:17:35.0000005,7.512014185910402
2012-11-09 18:17:35.0000003,9.231199175823008
2010-07-05 19:21:35.0000005,5.6012688613777755
2010-07-05 19:21:35.0000003,4.933828965017824
2010-07-05 19:21:35.0000004,11.22508076685665
2010-07-05 19:21:35.0000002,11.30021768379072
2014-09-11 00:28:47.0000001,10.692062262874629
2014-09-11 00:28:47.0000002,8.086388560024375
2010-03-22 16:20:15.0000001,26.20528105609344
2010-03-22 16:20:15.0000002,7.572446877562129
2009-06-21 00:54:23.0000003,13.296046564153698
2009-06-21 00:54:23.0000001,15.26513603293131
2013-05-02 14:48:31.0000001,11.688627404771069
2011-09-12 09:15:15.0000003,6.578493596145563
2011-09-12 09:15:15.0000004,7.102476700163379
2011-09-12 09:15:15.0000002,7.36367946340647
2011-09-12 09:15:15.0000001,6.749264937474209
2009-02-27 07:09:23.0000001,8.828099990203214
2011-08-22 10:42:15.0000003,10.417077193444584
2011-08-22 10:42:15.0000002,17.343059928458274
2011-08-22 10:42:15.0000001,7.551248202542638
2011-11-29 22:19:51.0000001,15.498183332792792
2011-11-29 22:19:51.0000002,13.236773692360998
2009-01-30 22:47:07.0000004,15.079167481025138
2009-01-30 22:47:07.0000001,4.689609687647021
2009-01-30 22:47:07.0000003,3.9591563622871035
2012-04-18 20:03:35.0000004,4.723758941402593
2012-04-18 20:03:35.0000003,5.229060336538282
2012-04-18 20:03:35.0000001,11.222821875465456
2012-04-18 20:03:35.0000002,6.674520218047178
2013-09-26 20:54:19.0000002,12.912695767779383
2011-06-25 23:18:27.0000001,13.850358262974396
2009-01-17 02:21:55.0000001,6.926736829364472
2009-01-17 02:21:55.0000002,2.890676063637102
2014-11-01 15:31:15.0000002,13.876617072652266
2014-11-01 15:31:15.0000003,10.02307807126624
2014-11-01 15:31:15.0000004,7.741100106908448
2011-06-08 11:31:51.0000003,5.325498559033008
2011-06-08 11:31:51.0000002,6.970337864743101
2011-06-08 11:31:51.0000001,8.115326053947229
2013-07-12 23:17:31.0000004,8.131773870068969
2013-07-12 23:17:31.0000005,49.98237170981008
2012-07-10 18:24:47.0000002,9.409384948923389
2012-07-10 18:24:47.0000001,22.089352321123442
2012-07-10 18:24:47.0000003,7.670607617205633
2013-05-14 03:15:31.0000001,18.216596528726086
2009-04-20 21:08:35.0000006,6.323838000656679
2009-04-20 21:08:35.0000003,5.948436626268858
2009-04-20 21:08:35.0000002,15.841790753024725
2009-04-20 21:08:35.0000001,11.160009366704458
2011-01-19 08:30:47.0000003,8.57467592270666
2011-01-19 08:30:47.0000002,8.280149974230426
2011-01-19 08:30:47.0000001,7.3828025591583355
2009-09-25 10:19:35.0000003,4.7089358008900035
2009-09-25 10:19:35.0000001,7.009656889414941
2009-09-25 10:19:35.0000002,6.624056539548519
2012-02-17 15:11:23.0000001,6.338734363973913
2009-12-23 20:14:19.0000003,8.496792143909715
2009-12-23 20:14:19.0000001,6.366569563067628
2009-12-23 20:14:19.0000002,10.139117530334033
2012-09-14 05:42:59.0000001,10.775169568063575
2012-09-14 05:42:59.0000002,8.630382557703797
2009-04-06 13:47:15.0000002,20.042185225582784
2013-11-29 21:36:07.0000004,10.47234191440657
2011-11-07 00:22:31.0000001,6.796752056092259
2011-11-07 00:22:31.0000002,9.4236722774275
2009-09-04 08:02:51.0000001,9.26333280861013
2015-02-16 17:32:27.0000004,12.244569514018849
2015-02-16 17:32:27.0000002,10.29283287469957
2015-02-16 17:32:27.0000003,9.790821961803204
2015-02-16 17:32:27.0000001,9.067255659063221
2012-04-14 11:59:11.0000004,20.834406115781235
2012-04-14 11:59:11.0000002,5.5879390504193225
2012-04-14 11:59:11.0000001,7.595726000623586
2011-12-11 11:05:51.0000001,6.860420981528478
2011-12-11 11:05:51.0000003,8.841775027834046
2010-01-03 13:07:27.0000001,9.98503809262968
2009-03-06 00:13:03.0000003,6.73116799518175
2009-03-06 00:13:03.0000001,10.053750681872543
2010-01-04 19:54:27.0000002,9.63136977935062
2010-01-04 19:54:27.0000001,5.999030340754302
2010-01-04 19:54:27.0000003,4.8536866039968345
2014-08-01 16:50:03.0000004,17.261985429748506
2014-08-01 16:50:03.0000001,7.045274691882696
2014-08-01 16:50:03.0000003,12.252063088116756
2014-08-01 16:50:03.0000002,11.737926756855813
2010-11-25 16:22:19.0000001,4.935011462432158
2010-09-04 10:06:23.0000001,19.865063241584608
2009-04-28 13:35:27.0000002,9.006923457416065
2009-04-28 13:35:27.0000001,4.802553900944986
2009-04-28 13:35:27.0000003,24.35748037102485
2009-04-28 13:35:27.0000004,6.001956141031542
2012-07-26 00:23:59.0000006,8.621451406260007
2012-07-26 00:23:59.0000007,6.307592214357442
2012-07-26 00:23:59.0000001,9.56060027621345
2012-07-26 00:23:59.0000004,7.870545053837986
2012-07-26 00:23:59.0000005,9.002020274270421
2012-07-26 00:23:59.0000002,13.907222116462663
2012-07-26 00:23:59.0000003,8.04806574357815
2014-04-29 15:15:43.0000002,11.913159020313856
2014-04-29 15:15:43.0000001,8.62003754429304
2014-04-29 15:15:43.0000003,6.972860689216418
2010-04-23 00:00:03.0000002,15.535208565640914
2010-04-23 00:00:03.0000003,5.2895030602747966
2010-05-22 23:46:19.0000001,7.771762740174381
2010-05-22 23:46:19.0000002,18.2083950939641
2010-05-22 23:46:19.0000003,11.526638171023365
2014-06-14 12:32:11.0000005,10.083275393198846
2014-06-14 12:32:11.0000002,11.36874683459439
2014-06-14 12:32:11.0000004,11.093758346143886
2014-06-14 12:32:11.0000006,10.866170046391176
2014-06-14 12:32:11.0000003,25.19449323149547
2012-06-09 22:57:15.0000002,7.723861326991255
2012-06-09 22:57:15.0000005,8.919873686016217
2014-04-22 01:28:15.0000001,32.41298065896774
2013-01-31 01:19:15.0000001,21.165167255990582
2013-01-31 01:19:15.0000002,13.260785091978732
2014-12-19 21:54:27.0000003,10.072359188870905
2014-12-19 21:54:27.0000002,16.371336531259885
2014-12-19 21:54:27.0000004,10.01804517052949
2014-12-19 21:54:27.0000001,13.800733247296535
2010-10-22 20:56:51.0000004,7.158594641061654
2010-10-22 20:56:51.0000001,15.682678601050611
2011-10-04 11:48:35.0000004,7.531107041608493
2011-10-04 11:48:35.0000003,12.11956767699371
2011-10-04 11:48:35.0000002,7.159535833454697
2010-12-31 13:32:39.0000001,7.6191092201222546
2010-04-10 11:05:27.0000002,6.267664539346924
2010-04-10 11:05:27.0000001,6.258431110439801
2013-10-02 21:12:59.0000001,10.674881595270222
2013-10-02 21:12:59.0000002,12.086602946682206
2013-10-02 21:12:59.0000004,8.036679077447957
2013-10-02 21:12:59.0000005,13.934961762696275
2013-10-02 21:12:59.0000006,12.317691645067384
2013-10-02 21:12:59.0000007,25.59503995347052
2013-10-02 21:12:59.0000008,14.585144793056429
2013-10-02 21:12:59.0000003,23.619019222251268
2009-03-14 05:27:55.0000001,6.39018893772834
2009-04-20 14:05:51.0000003,5.890399770913291
2009-04-20 14:05:51.0000002,13.900506841215815
2009-04-20 14:05:51.0000001,18.701762064214336
2009-04-20 14:05:51.0000004,8.227836209994507
2011-02-21 23:46:07.0000001,6.148029596890524
2010-08-21 20:25:07.0000001,6.049916017208943
2009-11-16 21:03:31.0000003,9.696695854780273
2009-11-16 21:03:31.0000002,15.300058896072755
2009-11-16 21:03:31.0000004,8.41175830343218
2009-11-16 21:03:31.0000001,16.26105868432478
2014-11-29 11:16:23.0000002,10.418695993977849
2014-11-29 11:16:23.0000001,9.339025522315069
2010-12-01 21:02:35.0000001,7.382192130980684
2010-12-01 21:02:35.0000002,7.827881468775672
2009-04-13 18:30:39.0000002,6.034817245868226
2009-04-13 18:30:39.0000001,7.018369936273643
2010-06-02 19:45:19.0000002,10.105117091011152
2010-06-02 19:45:19.0000001,8.46154162065045
2010-06-02 19:45:19.0000004,8.550867697964009
2012-04-16 14:29:35.0000001,6.082359886581003
2014-08-06 18:15:43.0000001,8.15546212239201
2014-08-06 18:15:43.0000002,13.68471555286635
2010-04-20 11:53:23.0000005,8.286464049968004
2010-04-20 11:53:23.0000002,5.565966339424108
2010-04-20 11:53:23.0000006,4.2157808149197535
2010-04-20 11:53:23.0000003,13.691156190023662
2010-04-20 11:53:23.0000004,9.401525927653665
2009-05-21 20:50:31.0000005,8.431614613630927
2009-05-21 20:50:31.0000006,8.518228307723916
2009-05-21 20:50:31.0000002,14.840034840341332
2009-05-21 20:50:31.0000001,14.775397047865113
2014-08-16 21:59:59.0000002,10.697819732835569
2014-08-16 21:59:59.0000001,15.479166473438454
2010-09-13 07:05:39.0000001,5.9115989098481805
2010-09-13 07:05:39.0000002,5.411744102895909
2010-01-28 12:25:11.0000001,5.5860123149271885
2013-10-13 19:39:55.0000005,6.800948860603285
2013-10-13 19:39:55.0000004,9.061603702863522
2013-10-13 19:39:55.0000007,7.067742912030212
2013-10-13 19:39:55.0000001,12.176379377456215
2013-10-13 19:39:55.0000003,9.559179086519634
2013-10-13 19:39:55.0000006,6.721209112810584
2013-10-13 19:39:55.0000002,10.347033083798806
2013-09-20 13:38:55.0000003,7.965874880415981
2013-09-20 13:38:55.0000002,11.112868359779668
2013-09-20 13:38:55.0000006,9.158501900667034
2013-09-20 13:38:55.0000001,9.41974866947885
2014-11-11 12:10:59.0000003,10.731497912620625
2014-11-11 12:10:59.0000002,11.504594512402036
2012-09-09 23:40:03.0000001,17.84987640575082
2013-02-18 11:13:23.0000004,19.691727348117183
2013-02-18 11:13:23.0000001,6.54828806174487
2013-02-18 11:13:23.0000003,21.32844105463755
2013-02-18 11:13:23.0000002,7.24724442809088
2011-06-05 12:38:43.0000002,6.888778403988113
2011-06-05 12:38:43.0000003,7.04488445884715
2011-06-05 12:38:43.0000001,45.24420640251503
2014-11-27 07:37:55.0000001,10.399659625614731
2010-05-23 15:28:55.0000001,9.850432145356649
2012-10-15 20:10:31.0000001,6.580687527026043
2012-10-15 20:10:31.0000004,14.771298223293343
2012-10-15 20:10:31.0000002,18.4245660290934
2012-10-15 20:10:31.0000003,7.285146456166672
2012-06-27 06:52:39.0000001,9.363052113737808
2013-06-07 13:52:55.0000001,7.33431780269018
2013-06-07 13:52:55.0000002,7.564943467030048
2013-06-07 13:52:55.0000006,23.890242540014356
2013-06-07 13:52:55.0000003,9.316392008961316
2013-06-07 13:52:55.0000004,7.647133942580922
2009-06-04 19:34:15.0000003,8.737692230032735
2009-06-04 19:34:15.0000001,3.6741095837576268
2009-06-04 19:34:15.0000004,9.966140586713664
2009-06-04 19:34:15.0000002,8.419298382070792
2013-09-29 22:12:07.0000002,15.61171702384047
2013-09-29 22:12:07.0000003,8.926985696602515
2013-12-04 08:37:11.0000003,6.849590131262744
2013-12-04 08:37:11.0000002,11.738020210623404
2013-12-04 08:37:11.0000001,12.74493266346667
2010-05-02 12:39:55.0000002,3.3555483311664602
2009-07-13 01:18:55.0000002,4.746159936153276
2009-07-13 01:18:55.0000001,5.4122760947378765
2015-05-20 00:59:15.0000004,6.811792102550385
2015-05-20 00:59:15.0000003,23.45924326028569
2009-12-03 18:02:47.0000001,7.9666720391636545
2014-06-24 02:41:11.0000001,34.51177147168471
2012-01-13 02:08:43.0000001,8.568266004287125
2012-08-06 21:07:55.0000001,14.831926613957876
2012-08-06 21:07:55.0000002,11.02308444594496
2012-08-06 21:07:55.0000004,7.734455580478311
2012-08-06 21:07:55.0000005,9.733096667673976
2012-08-06 21:07:55.0000003,8.996670498299181
2009-07-13 07:32:31.0000001,7.423217074322906
2009-07-13 07:32:31.0000003,6.421711399960941
2009-07-13 07:32:31.0000002,9.72944528906362
2014-09-10 17:52:51.0000001,8.9617211026017
2014-09-10 17:52:51.0000003,9.50327868105262
2014-09-10 17:52:51.0000002,13.414221977773309
2014-09-10 17:52:51.0000005,10.108028510417626
2014-09-10 17:52:51.0000004,11.400067333506968
2009-09-28 19:21:59.0000004,5.138836891548408
2009-09-28 19:21:59.0000005,7.402067878101548
2009-09-28 19:21:59.0000002,7.13485641209877
2009-09-28 19:21:59.0000008,7.420736415792021
2009-09-28 19:21:59.0000001,5.961856807176218
2015-05-23 12:59:39.0000004,10.17538463520907
2015-05-23 12:59:39.0000002,13.035971261909935
2015-05-23 12:59:39.0000001,8.586850924407145
2010-02-10 12:16:03.0000001,5.323383101242484
2010-02-10 12:16:03.0000002,10.701415654742277
2014-01-11 23:10:59.0000004,13.694203425206183
2014-01-11 23:10:59.0000003,18.85990822681083
2014-01-11 23:10:59.0000005,15.344027398835806
2014-01-11 23:10:59.0000001,13.260506655694371
2014-01-11 23:10:59.0000002,21.234797035713882
2010-04-24 20:15:07.0000002,13.155900209693073
2013-08-07 00:31:07.0000001,50.61844886363508
2012-10-21 19:47:23.0000001,7.425403301352162
2012-10-21 19:47:23.0000003,9.296767184876558
2012-10-21 19:47:23.0000004,9.852425383736772
2013-05-24 07:22:51.0000002,6.968168185124227
2009-09-13 20:12:31.0000002,5.503696239146279
2009-09-13 20:12:31.0000001,6.661575848251118
2010-10-31 08:51:59.0000002,5.3505528997334295
2010-10-31 08:51:59.0000001,18.75342087893455
2013-06-04 23:58:11.0000007,8.889223303193944
2013-06-04 23:58:11.0000001,15.733521114114865
2013-06-04 23:58:11.0000003,10.25125546240622
2013-06-04 23:58:11.0000005,8.762128368224694
2013-06-04 23:58:11.0000002,26.654431687224587
2013-06-04 23:58:11.0000004,11.188081872656198
2013-06-04 23:58:11.0000008,27.281054941922548
2010-03-22 22:11:31.0000001,13.704096747754875
2010-03-22 22:11:31.0000002,7.549043256264895
2011-01-15 12:49:59.0000002,12.232015629753278
2011-01-15 12:49:59.0000001,13.583029557978762
2009-06-13 18:36:47.0000001,13.792876384106194
2009-06-13 18:36:47.0000002,7.611159571395092
2009-06-13 18:36:47.0000003,8.932780047116239
2009-05-06 16:41:35.0000001,6.837151256266338
2014-08-08 17:32:47.0000004,6.244845324649077
2014-08-08 17:32:47.0000001,29.517425777239964
2014-08-08 17:32:47.0000002,14.608647366683954
2014-04-02 11:55:15.0000001,9.000978624990125
2014-04-02 11:55:15.0000002,6.474796416205891
2011-01-04 10:12:51.0000003,6.996668070294959
2011-01-04 10:12:51.0000004,5.501047724204113
2011-01-04 10:12:51.0000001,6.0087281672090285
2011-01-04 10:12:51.0000005,4.762094975179252
2010-09-22 09:42:31.0000002,9.083043589868794
2010-09-22 09:42:31.0000004,9.037524635618638
2010-09-22 09:42:31.0000001,7.560800434183989
2013-08-19 19:39:23.0000003,8.845037271154524
2013-08-19 19:39:23.0000001,8.734075028342318
2014-07-08 10:21:39.0000002,9.553754266264264
2014-07-08 10:21:39.0000006,13.61813225408605
2014-07-08 10:21:39.0000003,6.425628409306455
2014-07-08 10:21:39.0000005,12.507304784608436
2014-07-08 10:21:39.0000004,10.044320111393176
2014-07-08 10:21:39.0000001,7.042429582581576
2015-03-11 16:36:39.0000003,11.386215639978104
2015-03-11 16:36:39.0000001,8.430646957416002
2015-03-11 16:36:39.0000002,14.934801572486094
2015-05-29 18:59:35.0000005,29.901163498308506
2015-05-29 18:59:35.0000004,11.844945651584112
2015-05-29 18:59:35.0000002,8.826213704941551
2015-05-29 18:59:35.0000001,8.87438951556203
2011-10-26 17:48:43.0000001,6.526774602640671
2011-10-26 17:48:43.0000008,6.440271158532028
2011-10-26 17:48:43.0000002,9.535415658312672
2011-10-26 17:48:43.0000004,9.215985049267033
2011-10-26 17:48:43.0000003,6.628397329893687
2011-10-26 17:48:43.0000007,5.743489738409949
2014-06-24 09:49:55.0000004,11.569796404196154
2014-06-24 09:49:55.0000007,7.507874712273065
2014-06-24 09:49:55.0000001,7.098178966695514
2014-06-24 09:49:55.0000006,7.27324808164451
2014-06-24 09:49:55.0000002,10.077952602439495
2014-06-24 09:49:55.0000003,8.104256209668847
2014-06-24 09:49:55.0000005,6.736202146564892
2009-03-14 20:59:19.0000001,11.391959533178579
2009-01-29 18:38:03.0000002,7.271321537174799
2009-01-29 18:38:03.0000001,20.377120144137052
2010-07-23 00:03:59.0000001,14.473183159119799
2013-01-11 12:28:03.0000004,7.17443889306935
2013-01-11 12:28:03.0000003,7.777243565509366
2013-01-11 12:28:03.0000002,6.535910867481789
2013-01-11 12:28:03.0000005,8.371237082829566
2013-01-11 12:28:03.0000001,7.928846016450507
2013-02-20 02:00:23.0000001,15.141822290983896
2013-02-20 02:00:23.0000002,7.990483744380413
2013-02-20 02:00:23.0000003,9.502030983665577
2009-11-03 19:53:27.0000004,13.563602880495978
2009-11-03 19:53:27.0000003,5.986608538270843
2009-12-19 21:56:15.0000002,6.713600633151941
2009-12-19 21:56:15.0000001,8.125309192383156
2014-03-22 12:24:03.0000001,28.983135672924163
2014-03-22 12:24:03.0000002,8.831825537701434
2009-12-21 21:20:43.0000003,8.558557633439818
2009-12-21 21:20:43.0000001,8.726675771517534
2009-08-21 15:35:07.0000002,5.021166963501059
2009-08-21 15:35:07.0000004,46.20814878862893
2009-08-21 15:35:07.0000003,4.744578226612475
2010-04-25 13:28:47.0000002,5.634337632830238
2010-04-25 13:28:47.0000003,25.869651146054707
2010-11-02 18:49:59.0000001,14.450790050040496
2010-11-02 18:49:59.0000003,4.914726419862518
2010-11-02 18:49:59.0000002,8.067158220323563
2011-04-02 00:27:03.0000006,6.889968647565297
2011-04-02 00:27:03.0000002,6.3150415760229635
2011-04-02 00:27:03.0000004,6.035020410136553
2011-04-02 00:27:03.0000003,8.380818636306117
2011-04-02 00:27:03.0000005,8.6318735846952
2011-04-02 00:27:03.0000001,6.994663390300161
2013-12-29 12:31:55.0000001,9.503965758731852
2013-12-29 12:31:55.0000002,11.090643665599032
2013-12-29 12:31:55.0000003,9.625027188252488
2012-05-02 12:02:03.0000003,8.90894846615538
2012-05-02 12:02:03.0000002,11.569377512242454
2012-05-02 12:02:03.0000004,6.463875998808362
2012-05-02 12:02:03.0000005,9.040519586901155
2012-05-02 12:02:03.0000001,5.117925140914394
2009-07-21 10:36:43.0000001,5.433910755717079
2009-07-21 10:36:43.0000003,6.423811598029829
2009-07-21 10:36:43.0000002,5.660992840587596
2012-09-16 18:14:55.0000003,6.096823407383681
2012-09-16 18:14:55.0000001,11.130266764011367
2012-09-16 18:14:55.0000004,7.497771888732018
2010-04-21 06:28:47.0000002,6.892968015382166
2009-03-02 09:30:07.0000001,7.223327987167522
2009-03-02 09:30:07.0000002,3.1326473342705867
2010-12-18 15:32:19.0000001,6.591391330195506
2013-02-20 08:23:31.0000001,6.747618841404687
2015-02-11 20:51:51.0000006,33.002973553375455
2015-02-11 20:51:51.0000002,11.20445331597341
2015-02-11 20:51:51.0000003,7.2997910524576355
2015-02-11 20:51:51.0000005,8.416853526501768
2015-02-11 20:51:51.0000007,10.121758135796085
2015-02-11 20:51:51.0000004,9.169371298513965
2013-12-07 01:41:59.0000001,9.886050684432462
2013-12-07 01:41:59.0000003,12.979848439661055
2014-03-04 12:06:35.0000002,8.284291640222364
2014-03-04 12:06:35.0000004,9.063601333537235
2014-03-04 12:06:35.0000003,11.222470474651118
2014-03-04 12:06:35.0000001,7.106622566614078
2013-05-21 06:52:59.0000001,18.711493059989152
2013-05-21 06:52:59.0000004,6.845804341050098
2013-05-21 06:52:59.0000002,7.334858067307323
2009-09-09 08:09:19.0000002,6.486775107015546
2009-09-09 08:09:19.0000001,7.151973786795224
2012-06-22 20:50:55.0000001,16.900919447001684
2010-04-06 09:14:59.0000001,17.69729233226076
2010-04-06 09:14:59.0000003,5.113804166389627
2010-04-06 09:14:59.0000002,28.519021206852017
2009-04-03 07:49:39.0000002,8.394709966830987
2009-04-03 07:49:39.0000001,6.752583961307664
2011-08-28 16:06:43.0000001,10.512896451660367
2010-12-19 15:52:31.0000001,11.158618694297047
2010-12-19 15:52:31.0000002,5.796450391703729
2010-12-19 15:52:31.0000004,4.520987213009562
2010-12-19 15:52:31.0000003,6.626837298760165
2014-07-12 00:15:59.0000004,8.023479825215759
2014-07-12 00:15:59.0000003,11.378241580804115
2014-07-12 00:15:59.0000002,15.28553435111371
2009-03-31 10:27:19.0000004,7.113677280253455
2009-03-31 10:27:19.0000002,6.540822905444998
2009-03-31 10:27:19.0000001,15.718205013370266
2014-07-31 10:39:39.0000002,7.448296481117836
2012-06-02 07:16:31.0000001,6.963483692467321
2012-06-02 07:16:31.0000003,49.76347178610263
2012-06-02 07:16:31.0000002,15.109681610368284
2012-09-27 15:03:15.0000001,26.671871975470935
2012-07-05 02:23:47.0000001,6.554427527822554
2013-09-14 18:28:03.0000002,17.53934742845911
2013-09-14 18:28:03.0000003,16.61983884855306
2009-04-22 04:26:35.0000001,15.337284365287246
2015-02-14 09:08:11.0000003,18.403417730071055
2012-01-19 20:26:35.0000004,6.538057504807057
2012-01-19 20:26:35.0000005,13.359396414987714
2012-01-19 20:26:35.0000001,6.3242420333394875
2015-03-13 13:04:59.0000001,10.386258487709483
2015-03-13 13:04:59.0000002,10.504304278826794
2015-03-13 13:04:59.0000006,9.005056271081457
2015-03-13 13:04:59.0000004,7.146935974713756
2015-03-13 13:04:59.0000007,13.998779607894448
2015-03-13 13:04:59.0000003,8.770880963216541
2015-03-13 13:04:59.0000005,8.17887473270514
2013-07-25 13:47:39.0000002,8.287870975667829
2013-07-25 13:47:39.0000001,9.955151045601042
2014-03-07 11:45:35.0000001,11.0629703401587
2014-03-07 11:45:35.0000002,23.990165043034835
2013-10-31 06:09:15.0000001,21.03034834226412
2014-09-11 06:41:15.0000001,7.282755399777557
2014-09-11 06:41:15.0000002,6.806308520432481
2014-09-11 06:41:15.0000004,12.263801900084104
2014-09-11 06:41:15.0000003,12.913562115547506
2012-06-04 09:50:39.0000005,23.463903928563354
2012-06-04 09:50:39.0000003,8.00423616510841
2012-06-04 09:50:39.0000001,12.020625106364037
2012-06-04 09:50:39.0000004,10.934839917984391
2012-06-04 09:50:39.0000002,8.323942079379435
2010-06-07 07:37:55.0000002,6.084888125730117
2010-06-07 07:37:55.0000003,5.768981492429589
2010-06-07 07:37:55.0000001,6.326957524326417
2010-06-07 07:37:55.0000004,4.521773262569354
2015-02-25 18:00:51.0000009,7.70506080917869
2015-02-25 18:00:51.0000006,7.945701197442077
2015-02-25 18:00:51.0000002,24.093097148345237
2015-02-25 18:00:51.0000003,8.105860477881038
2015-02-25 18:00:51.00000010,8.831472914389565
2015-02-25 18:00:51.0000004,8.164503837154598
2015-02-25 18:00:51.0000005,8.014830627578249
2015-02-08 08:44:03.0000001,12.60374041394357
2010-12-11 15:16:35.0000001,6.025372627388833
2010-12-11 15:16:35.0000002,6.312159889467125
2014-05-19 18:38:19.0000002,7.875819464806455
2014-05-19 18:38:19.0000001,9.41407421508336
2009-07-19 08:38:51.0000001,5.844618619344033
2013-08-20 12:05:47.0000001,8.78073396495347
2013-08-20 12:05:47.0000003,9.688623966040723
2013-08-20 12:05:47.0000004,9.437222564883541
2013-08-20 12:05:47.0000002,10.311983747070485
2014-03-11 19:48:15.0000007,9.737109932303952
2014-03-11 19:48:15.0000001,10.50313637565273
2014-03-11 19:48:15.0000005,7.951808003175984
2014-03-11 19:48:15.0000006,11.21581013772743
2014-03-11 19:48:15.0000004,12.855547924663824
2014-03-11 19:48:15.0000002,17.641311862062025
2014-03-11 19:48:15.0000003,11.363381754190868
2013-01-09 02:05:51.0000002,7.136503624425586
2009-08-08 11:41:51.0000001,3.3763985884577323
2009-08-08 11:41:51.0000004,10.34982315322975
2009-08-08 11:41:51.0000002,6.480136291622557
2014-06-18 16:08:03.0000001,8.7559822799725
2014-06-18 16:08:03.0000002,14.062936103603079
2013-06-02 16:26:47.0000003,9.300127902861732
2013-06-02 16:26:47.0000002,7.774476938153953
2009-07-29 10:02:47.0000002,6.850433899517384
2009-07-29 10:02:47.0000001,6.669100185112029
2013-02-16 14:26:51.0000002,7.729635995791796
2012-05-11 03:48:31.0000001,6.568049008583216
2010-01-22 05:47:59.0000001,7.835200846961584
2012-11-12 11:57:03.0000002,50.77378497934524
2012-01-04 00:06:39.0000001,7.973359752548845
2010-12-28 20:17:27.0000002,5.112586278952335
2010-12-28 20:17:27.0000001,7.600954813169892
2010-12-28 20:17:27.0000004,5.6757926369240295
2009-03-18 08:03:07.0000002,10.408024198577323
2009-03-18 08:03:07.0000001,4.153043646218066
2011-10-07 12:38:19.0000004,14.472552065259833
2011-10-07 12:38:19.0000003,4.997310497360331
2011-10-07 12:38:19.0000002,17.975515687960637
2011-10-07 12:38:19.0000005,9.656749049399082
2009-12-12 22:01:31.0000005,12.034795980191689
2009-12-12 22:01:31.0000002,8.558500485768036
2009-12-12 22:01:31.0000004,5.306612311129243
2009-12-12 22:01:31.0000006,5.483301535587543
2009-12-12 22:01:31.0000003,10.149397264512459
2015-04-19 20:44:15.0000003,16.668160904016418
2015-04-19 20:44:15.0000002,8.738735120040701
2015-04-19 20:44:15.0000004,9.336203688436399
2012-03-23 01:36:31.0000002,7.676997550979422
2012-03-23 01:36:31.0000001,5.53592408297402
2014-10-08 21:24:47.0000001,13.009419422145129
2014-10-08 21:24:47.0000002,12.240652553104269
2011-02-03 01:27:31.0000001,17.30672159453877
2011-05-20 23:42:59.0000002,6.971765593255782
2014-01-04 10:54:59.0000001,16.214155042440098
2014-01-04 10:54:59.0000003,8.858973675822426
2009-11-23 05:45:11.0000001,26.36424734091247
2013-01-22 16:25:11.0000003,8.889323762207141
2013-01-22 16:25:11.0000002,26.320435942509903
2013-01-22 16:25:11.0000001,10.11112791023811
2015-05-12 08:31:07.0000007,34.36132754043433
2015-05-12 08:31:07.0000008,8.042341180907442
2015-05-12 08:31:07.0000001,10.306436244176325
2015-05-12 08:31:07.0000009,9.51119601228504
2015-05-12 08:31:07.0000005,8.597319117282495
2015-05-12 08:31:07.0000006,8.651202052355757
2015-05-12 08:31:07.0000002,25.322591179414985
2015-05-12 08:31:07.0000004,10.247513307044528
2013-09-26 06:58:55.0000001,8.053981175702233
2013-09-26 06:58:55.0000002,11.706983923210146
2014-09-14 23:26:11.0000003,15.959666025050183
2014-09-14 23:26:11.0000002,14.199653374702052
2009-08-26 08:06:15.0000002,10.65359048169671
2009-08-26 08:06:15.0000003,33.08226398813383
2009-08-26 08:06:15.0000001,5.595653106523855
2014-10-13 06:14:51.0000001,8.45520166811366
2013-02-02 16:07:55.0000002,10.587236400419442
2013-02-02 16:07:55.0000001,7.14058983969926
2013-02-02 16:07:55.0000003,7.736263847482178
2014-04-05 01:52:27.0000005,7.777532073433349
2014-04-05 01:52:27.0000001,23.35397556577027
2010-02-23 20:29:51.0000002,6.464131294153617
2010-02-23 20:29:51.0000003,7.046757443330193
2011-01-25 00:01:03.0000002,6.71268477511137
2011-01-25 00:01:03.0000001,11.355781208870894
2013-11-01 13:07:47.0000002,9.496198566066937
2013-11-01 13:07:47.0000001,8.884855776146878
2013-11-01 13:07:47.0000005,8.881931292806144
2013-11-01 13:07:47.0000004,9.373006124675271
2015-03-07 15:25:59.0000004,8.055929231622372
2015-03-07 15:25:59.0000002,17.384711335159864
2015-03-07 15:25:59.0000001,10.313001190477394
2013-10-06 21:05:11.0000002,26.615600543827327
2013-10-06 21:05:11.0000001,12.102399476253026
2009-04-16 15:57:31.0000002,6.245344120471941
2012-02-21 20:45:03.0000002,8.028080176966569
2012-02-21 20:45:03.0000001,9.911380963601232
2010-01-10 12:55:43.0000002,7.582995696562648
2015-01-31 01:05:19.0000004,18.296707059446703
2015-01-31 01:05:19.0000007,24.101333659720922
2015-01-31 01:05:19.0000006,8.452383483585209
2015-01-31 01:05:19.0000001,10.225403988817447
2015-01-31 01:05:19.0000003,6.7986536970554425
2015-01-31 01:05:19.0000002,15.051819607167658
2011-10-23 17:43:43.0000001,6.865796375314062
2015-03-16 21:12:19.0000003,25.879009119006696
2015-03-16 21:12:19.0000004,9.227184276653475
2015-03-16 21:12:19.0000005,14.590930989019512
2015-03-16 21:12:19.0000008,16.06289128062508
2015-03-16 21:12:19.0000001,16.20340562008107
2012-09-29 20:16:51.0000001,9.090884665665158
2012-09-29 20:16:51.0000002,25.3794334090544
2012-09-29 20:16:51.0000003,7.7378500192088495
2012-09-29 20:16:51.0000005,11.585820387895183
2009-08-03 16:28:07.0000001,4.409999206386601
2009-08-03 16:28:07.0000003,4.917564329453853
2009-08-03 16:28:07.0000004,5.758817242375471
2009-08-03 16:28:07.0000002,13.05561876247259
2009-07-30 15:49:15.0000003,8.130900981435275
2009-07-30 15:49:15.0000001,7.295431066982474
2009-07-30 15:49:15.0000005,7.313164110255229
2015-01-18 14:06:23.0000005,17.319201386814143
2015-01-18 14:06:23.0000002,19.051085610028622
2015-03-02 14:08:03.0000002,7.385520513079882
2015-03-02 14:08:03.0000001,9.550007353946057
2009-09-07 19:35:39.0000003,7.812376213025232
2009-09-07 19:35:39.0000002,9.423986908313509
2014-07-01 15:15:23.0000004,10.108971709541038
2014-07-01 15:15:23.0000002,13.701003843715739
2014-07-01 15:15:23.0000005,14.329316264451677
2014-07-01 15:15:23.0000006,7.036038404988858
2014-07-01 15:15:23.0000001,20.195766616593005
2013-04-18 02:55:07.0000001,19.95302471219452
2010-02-10 16:57:19.0000001,7.99645376617525
2013-02-15 18:45:39.0000001,10.347704749292689
2011-06-22 01:50:11.0000001,21.548175464156202
2014-05-06 23:54:59.0000002,16.5545459864353
2014-05-06 23:54:59.0000004,6.921518896950829
2014-05-06 23:54:59.0000003,8.204593631635134
2014-05-06 23:54:59.0000001,12.58564089382719
2012-04-23 21:05:31.0000003,24.33172146262382
2012-04-23 21:05:31.0000004,12.109798026387011
2012-04-23 21:05:31.0000002,5.520820923346264
2012-04-23 21:05:31.0000006,7.065306978961303
2012-04-23 21:05:31.0000001,43.055387916541235
2012-04-23 21:05:31.0000005,8.157577569402179
2009-03-20 07:29:39.0000003,4.8624555696294465
2009-03-20 07:29:39.0000001,16.489183981709857
2009-03-20 07:29:39.0000002,7.210039520860164
2014-06-25 15:08:19.0000001,8.145896617006883
2014-06-25 15:08:19.0000002,6.49274924198528
2011-06-09 14:51:15.0000003,8.869938622430936
2011-06-09 14:51:15.0000004,7.650326886096536
2011-06-09 14:51:15.0000001,7.614519453742446
2011-06-09 14:51:15.0000002,8.38112213392776
2015-01-27 13:08:24.0000001,7.598331205818681
2011-07-24 14:52:56.0000001,9.394787251740468
2011-10-08 11:53:44.0000001,15.091123526589172
2012-12-01 21:12:12.0000004,7.135385709214347
2013-11-22 15:43:12.0000001,6.597135630499906
2012-07-15 16:45:04.0000005,6.32081490565497
2012-07-15 16:45:04.0000001,7.0854879636170836
2014-06-14 13:39:00.00000014,11.208870695034761
2014-06-14 13:39:00.000000113,9.160996099903514
2014-06-14 13:39:00.0000006,8.095626757297396
2014-06-14 13:39:00.000000139,9.170570276630883
2014-06-14 13:39:00.0000004,6.882829578552901
2014-06-14 13:39:00.000000171,10.676354089990696
2014-06-14 13:39:00.00000011,11.95381134986394
2014-06-14 13:39:00.00000064,7.0640328130640455
2014-06-14 13:39:00.00000090,7.8778646838766235
2014-06-14 13:39:00.00000041,7.874799405140607
2014-06-14 13:39:00.00000081,7.055142177818993
2014-06-14 13:39:00.000000164,10.493377586091242
2014-06-14 13:39:00.00000080,14.101643881371047
2014-06-14 13:39:00.00000026,27.920626023223008
2014-06-14 13:39:00.00000058,8.744533549839275
2014-06-14 13:39:00.000000150,12.36573503832767
2014-06-14 13:39:00.00000030,7.72114981933737
2014-06-14 13:39:00.00000091,7.302529903178197
2014-06-14 13:39:00.000000175,7.472412902577162
2014-06-14 13:39:00.000000101,16.832635498650347
2014-06-14 13:39:00.00000085,11.299668346102635
2014-06-14 13:39:00.000000105,7.9929316391578595
2014-06-14 13:39:00.00000069,8.694863851055402
2014-06-14 13:39:00.000000149,72.71797560525192
2010-08-22 21:14:08.0000004,4.4003900969381675
2011-06-24 20:34:48.0000003,10.018505221637952
2011-06-24 20:34:48.0000004,6.192243627427388
2011-03-28 20:38:36.0000001,10.150959504099546
2009-10-21 02:11:24.0000001,14.630591880669385
2011-05-21 13:16:20.0000002,9.805109659994969
2015-01-31 20:54:04.0000003,9.23110248012847
2010-05-10 10:37:04.0000001,8.429928284151515
2010-03-20 21:35:20.0000001,10.416710690725495
2010-03-20 21:35:20.0000002,5.097473443049353
2012-08-22 22:39:20.0000004,6.466471112583804
2012-08-22 22:39:20.0000002,11.379487276359441
2012-12-23 02:29:16.0000002,17.23674760447193
2011-10-02 23:36:00.00000031,6.208817800543329
2011-10-02 23:36:00.00000070,8.618489782673464
2011-10-02 23:36:00.00000068,14.575541278136143
2011-10-02 23:36:00.00000034,17.122563924498763
2011-10-02 23:36:00.00000042,8.981898465022141
2011-10-02 23:36:00.00000032,9.93891639214121
2011-10-02 23:36:00.00000028,6.048136884436303
2011-10-02 23:36:00.00000078,5.47201012256437
2011-10-02 23:36:00.00000027,11.383418091878639
2011-10-02 23:36:00.00000018,8.507959390876636
2011-10-02 23:36:00.00000061,10.867310627303937
2011-10-02 23:36:00.00000045,6.0547981351394355
2011-10-02 23:36:00.00000016,6.4840431953754205
2011-10-02 23:36:00.00000052,8.927422388803052
2011-10-02 23:36:00.00000098,9.133983418793377
2011-10-02 23:36:00.00000048,10.437512201909271
2013-03-21 12:47:28.0000004,7.406196253766666
2013-03-21 12:47:28.0000007,5.795581550648194
2010-09-05 22:31:32.0000001,10.25051198003439
2013-07-12 23:33:24.0000003,14.727732123525925
2015-06-08 20:02:56.0000002,15.375938790425494
2011-10-11 22:13:48.0000001,12.250814127943272
2011-10-11 22:13:48.0000004,6.195223649047193
2013-09-14 16:53:20.0000004,9.663700338380181
2013-09-14 16:53:20.0000003,16.88050816841485
2014-02-06 09:09:56.0000002,9.0032132414226
2009-06-10 16:55:00.00000028,6.3268947042187165
2009-06-10 16:55:00.00000020,7.680173540831561
2009-06-10 16:55:00.0000001,4.398189618221636
2009-06-10 16:55:00.000000133,7.17041504150734
2009-06-10 16:55:00.00000026,6.125875941705658
2009-06-10 16:55:00.000000142,15.83488452015672
2009-06-10 16:55:00.00000038,7.598973690667435
2009-06-10 16:55:00.00000042,8.828819033299169
2009-06-10 16:55:00.000000112,4.839618655871732
2009-06-10 16:55:00.00000096,5.549047648324063
2009-06-10 16:55:00.00000050,6.671583670172822
2009-06-10 16:55:00.00000092,10.473145374857495
2009-06-10 16:55:00.000000167,6.819707907779389
2009-06-10 16:55:00.000000110,6.050961698652486
2009-06-10 16:55:00.00000015,10.16292914843359
2009-06-10 16:55:00.000000104,29.016258457072013
2009-06-10 16:55:00.00000019,49.80309145093406
2009-06-10 16:55:00.000000168,4.422851700863589
2009-06-10 16:55:00.00000059,10.424959739758492
2009-06-10 16:55:00.000000136,7.206795685340353
2009-06-10 16:55:00.00000087,27.149485413318303
2009-06-10 16:55:00.000000134,5.880131493766953
2009-06-10 16:55:00.00000032,6.281143428933547
2013-06-26 11:19:36.0000001,8.085832504702466
2009-05-02 20:11:32.0000002,5.221102254184871
2009-05-02 20:11:32.0000003,11.63207717052785
2011-06-24 12:03:00.00000031,8.25788494632809
2011-06-24 12:03:00.00000064,6.187852721542868
2011-06-24 12:03:00.000000153,13.668911834800724
2011-06-24 12:03:00.00000014,6.571174325452034
2011-06-24 12:03:00.000000192,20.089446305348133
2011-06-24 12:03:00.000000121,6.309712041164062
2011-06-24 12:03:00.000000140,4.986576700744081
2011-06-24 12:03:00.000000155,5.250386426623436
2011-06-24 12:03:00.00000016,4.9827305537953634
2011-06-24 12:03:00.00000084,5.821140134625125
2011-06-24 12:03:00.00000080,4.43425639483246
2011-06-24 12:03:00.000000123,5.104372314053535
2011-06-24 12:03:00.000000125,6.10401038354928
2011-06-24 12:03:00.00000032,8.43395490832927
2011-06-24 12:03:00.000000178,14.43105224114322
2011-06-24 12:03:00.00000090,9.401036552110781
2011-06-24 12:03:00.000000166,48.86988285884172
2011-06-24 12:03:00.000000108,5.724185074397383
2011-06-24 12:03:00.00000098,9.846935145171756
2011-06-24 12:03:00.000000104,26.08877603673193
2011-06-24 12:03:00.00000027,12.191524379611337
2011-06-24 12:03:00.000000151,8.620445087094595
2011-06-24 12:03:00.00000099,10.282737982229605
2011-06-24 12:03:00.00000077,25.827343511049207
2011-06-24 12:03:00.00000019,10.739876986870968
2011-06-24 12:03:00.00000091,9.069296410970992
2011-06-24 12:03:00.000000132,11.461868121184466
2011-06-24 12:03:00.000000161,6.921390607728995
2011-06-24 12:03:00.00000024,5.550690910650701
2011-06-24 12:03:00.00000034,3.6346334383484873
2011-06-24 12:03:00.00000050,15.291995578258593
2011-06-24 12:03:00.00000023,43.3812702534201
2011-06-24 12:03:00.00000049,9.332625301977714
2011-06-24 12:03:00.000000115,11.024967308747478
2011-06-24 12:03:00.0000008,6.567089525209667
2014-06-15 07:06:00.00000021,25.494420889161233
2014-06-15 07:06:00.00000032,9.593892232875078
2014-06-15 07:06:00.00000029,8.851705498628462
2014-06-15 07:06:00.00000043,27.286289302443947
2014-06-15 07:06:00.0000007,8.088340122931072
2014-06-15 07:06:00.00000038,14.555394782691565
2014-06-15 07:06:00.00000020,8.662202370853151
2014-06-15 07:06:00.00000027,49.94101365303516
2012-08-09 01:30:36.0000001,13.147980468821402
2015-05-30 21:29:04.0000002,24.934175882455293
2015-05-30 21:29:04.0000005,9.926188592416224
2009-10-26 12:01:36.0000004,27.407323770349763
2013-02-02 15:45:08.0000004,8.724259714280038
2010-12-14 23:27:36.0000003,8.719941438422893
2010-12-14 23:27:36.0000004,6.668348734231699
2010-12-14 23:27:36.0000002,9.248843198739678
2014-04-14 13:48:32.0000001,27.11466971123241
2014-04-14 13:48:32.0000002,9.249568363738149
2014-08-07 16:57:56.0000001,9.191106205411643
2009-09-14 02:19:00.00000022,8.812305985633202
2009-09-14 02:19:00.00000010,11.629753590886935
2009-09-14 02:19:00.0000004,3.9576656645045887
2009-09-14 02:19:00.00000011,4.468248805002531
2009-09-14 02:19:00.00000023,3.4942694588999075
2009-09-14 02:19:00.00000041,4.659290502409931
2009-09-14 02:19:00.00000013,11.532109047547692
2014-03-17 16:07:56.0000001,8.578832655389988
2011-06-12 11:31:48.0000003,5.858257602207459
2011-06-12 11:31:48.0000001,6.957319363434294
2011-06-12 11:31:48.0000002,13.685430181299239
2015-06-24 14:19:52.0000003,11.477066183511283
2010-08-21 22:21:32.0000003,7.985992266215021
2012-01-26 11:17:36.0000001,5.86727909833121
2015-02-27 14:15:52.0000001,11.336657728038631
2015-02-27 14:15:52.0000002,9.920396352463854
2014-09-14 17:22:12.0000004,9.51680511335428
2009-01-02 17:45:40.0000004,39.446315618033736
2009-01-02 17:45:40.0000001,4.745013617402151
2009-01-02 17:45:40.0000002,6.857778321781211
2009-01-02 17:45:40.0000003,5.0611385446036365
2009-01-01 11:04:24.0000003,9.954227118469362
2009-01-01 11:04:24.0000001,5.361375370156338
2014-04-28 19:46:36.0000001,8.312345786886112
2011-06-01 07:37:00.000000192,18.989246088057143
2011-06-01 07:37:00.000000115,12.970914195462683
2011-06-01 07:37:00.00000089,7.688276192237481
2011-06-01 07:37:00.00000087,8.354588620176628
2011-06-01 07:37:00.000000173,5.5123092094945605
2011-06-01 07:37:00.000000166,9.238633975080575
2011-06-01 07:37:00.00000081,6.239412243606239
2011-06-01 07:37:00.00000041,5.392366434259088
2011-06-01 07:37:00.000000102,5.5828100402825385
2011-06-01 07:37:00.000000215,14.378063596306788
2011-06-01 07:37:00.0000006,18.79566183404893
2011-06-01 07:37:00.000000161,6.454015759037247
2011-06-01 07:37:00.000000123,5.532482412981949
2011-06-01 07:37:00.000000117,8.380668806096196
2011-06-01 07:37:00.0000004,21.187012428969865
2011-06-01 07:37:00.000000133,11.74894810604826
2011-06-01 07:37:00.000000160,7.149241670354854
2011-06-01 07:37:00.000000136,17.204178950678056
2011-06-01 07:37:00.000000214,9.780820018319787
2011-06-01 07:37:00.00000047,12.129613440289972
2011-06-01 07:37:00.0000001,6.384780611657106
2011-06-01 07:37:00.00000096,5.603150768200749
2011-06-01 07:37:00.000000150,22.275064543586495
2011-06-01 07:37:00.00000072,15.915689736483387
2011-06-01 07:37:00.00000064,7.278336578867766
2010-08-27 18:45:00.00000048,15.100032197986252
2010-08-27 18:45:00.000000210,13.905122839128353
2010-08-27 18:45:00.000000159,4.333677388842261
2010-08-27 18:45:00.00000083,10.136224765453562
2010-08-27 18:45:00.000000145,4.496198304423274
2010-08-27 18:45:00.00000096,10.640644070014332
2010-08-27 18:45:00.00000036,5.748442620214291
2010-08-27 18:45:00.00000088,9.054099495320543
2010-08-27 18:45:00.000000116,10.743622259149902
2010-08-27 18:45:00.000000193,7.60557414321579
2010-08-27 18:45:00.000000121,5.175011193255614
2010-08-27 18:45:00.00000074,14.547669914738321
2010-08-27 18:45:00.00000075,8.181413457984377
2010-08-27 18:45:00.000000130,13.358276531971796
2010-08-27 18:45:00.000000224,6.076377504221114
2010-08-27 18:45:00.00000072,4.7310054316036485
2010-08-27 18:45:00.000000128,7.6825195021228865
2010-08-27 18:45:00.000000163,10.328976967939752
2010-08-27 18:45:00.000000171,8.851969262676107
2010-08-27 18:45:00.000000157,10.345389810242523
2010-08-27 18:45:00.000000147,6.1067578364989
2010-08-27 18:45:00.000000119,14.887177127418454
2010-08-27 18:45:00.000000111,6.3557797031312475
2010-08-27 18:45:00.00000015,20.178644038109155
2010-08-27 18:45:00.00000062,5.7652443855308775
2010-08-27 18:45:00.000000127,5.902266360103681
2010-08-27 18:45:00.000000223,4.826150681380682
2010-08-27 18:45:00.000000112,8.80935059585363
2010-08-27 18:45:00.000000201,18.445355038138246
2010-08-27 18:45:00.000000135,10.258532389149195
2010-08-27 18:45:00.00000092,7.4394434889926515
2010-08-27 18:45:00.00000056,5.499457935481701
2010-08-27 18:45:00.000000105,9.733603493045052
2010-08-27 18:45:00.000000222,5.794600488706578
2010-08-27 18:45:00.00000023,7.975498040485718
2011-02-12 00:43:24.0000002,6.534477321603731
2014-05-07 06:50:20.0000004,7.934210591959072
2010-08-14 02:13:00.000000131,10.66212743939343
2010-08-14 02:13:00.00000097,7.522420913039582
2010-08-14 02:13:00.00000086,4.704225135378465
2010-08-14 02:13:00.00000051,7.932808252520545
2010-08-14 02:13:00.000000128,8.126873423992265
2010-08-14 02:13:00.00000074,8.943379799971922
2010-08-14 02:13:00.000000169,5.539994365390044
2010-08-14 02:13:00.000000127,9.17251462015895
2010-08-14 02:13:00.00000036,6.673350809740896
2010-08-14 02:13:00.00000068,32.52732687995751
2010-08-14 02:13:00.00000042,27.952916539853277
2010-08-14 02:13:00.000000115,20.210229268732178
2010-08-14 02:13:00.00000029,7.822555171203703
2010-08-14 02:13:00.0000003,7.8833132544947375
2010-08-14 02:13:00.00000037,22.884820150227597
2010-08-14 02:13:00.000000121,4.405953725966242
2010-08-14 02:13:00.00000031,5.541306745904194
2010-08-14 02:13:00.00000094,15.367103377888952
2010-08-14 02:13:00.000000136,9.681720239269225
2010-08-14 02:13:00.00000018,8.687054715710246
2010-08-14 02:13:00.000000125,9.187954192508528
2010-08-14 02:13:00.00000041,19.73204059831835
2010-08-14 02:13:00.000000163,15.727073273080691
2010-08-14 02:13:00.000000126,8.27572957510074
2010-08-14 02:13:00.0000008,10.53137642740171
2010-08-14 02:13:00.00000057,5.273748067077349
2010-08-14 02:13:00.00000050,16.45717026901775
2010-08-14 02:13:00.000000152,6.311057086579353
2014-03-25 23:47:00.00000083,8.878137446055575
2014-03-25 23:47:00.000000139,8.233055253428574
2014-03-25 23:47:00.000000122,19.239214332013034
2014-03-25 23:47:00.00000093,8.114264355196042
2014-03-25 23:47:00.00000039,11.211978109035499
2014-03-25 23:47:00.000000119,9.223431046676751
2014-03-25 23:47:00.00000067,13.578723528471869
2014-03-25 23:47:00.00000034,9.58101423452024
2014-03-25 23:47:00.00000040,13.933224963851899
2014-03-25 23:47:00.000000137,11.769946415126356
2014-03-25 23:47:00.00000076,22.687995720663707
2014-03-25 23:47:00.00000057,10.678126899289964
2014-03-25 23:47:00.000000104,9.634289357243574
2014-03-25 23:47:00.00000069,7.523522558727564
2015-06-05 08:38:56.0000008,19.372922569342904
2010-08-06 20:27:12.0000003,7.7950267635577575
2012-08-03 12:33:08.0000001,7.362259420450755
2010-09-29 16:43:00.00000088,9.748138083910476
2010-09-29 16:43:00.00000034,11.347911590970057
2010-09-29 16:43:00.00000069,12.274007520418422
2010-09-29 16:43:00.000000172,3.8024536614150293
2010-09-29 16:43:00.000000152,6.318042403735944
2010-09-29 16:43:00.00000084,7.7989723314328785
2010-09-29 16:43:00.000000136,6.004354411935992
2010-09-29 16:43:00.000000126,8.471134074185215
2010-09-29 16:43:00.000000171,6.352217552090451
2010-09-29 16:43:00.000000139,5.5869733624933815
2010-09-29 16:43:00.0000002,6.114570994326641
2010-09-29 16:43:00.00000070,8.193139840911044
2010-09-29 16:43:00.00000045,4.814854111011641
2010-09-29 16:43:00.0000009,8.894671519829785
2010-09-29 16:43:00.00000057,9.147643513522894
2010-09-29 16:43:00.000000118,6.89560973959135
2010-09-29 16:43:00.00000042,11.10230576256265
2010-09-29 16:43:00.000000130,7.366764412368639
2010-09-29 16:43:00.00000039,7.215974467898832
2010-09-29 16:43:00.00000032,6.235981408774592
2014-10-27 14:58:00.000000101,10.193145817283835
2014-10-27 14:58:00.00000023,11.08225908300642
2014-10-27 14:58:00.0000006,11.105600117001472
2014-10-27 14:58:00.000000113,8.367613306882618
2014-10-27 14:58:00.000000143,7.164128370471417
2014-10-27 14:58:00.00000090,7.870438120095287
2014-10-27 14:58:00.000000104,17.367622766106706
2014-10-27 14:58:00.000000148,26.847188296485
2014-10-27 14:58:00.00000060,8.500551345163217
2014-10-27 14:58:00.000000129,20.02971066173427
2014-10-27 14:58:00.00000012,15.494494003644377
2014-10-27 14:58:00.00000035,14.00784346538012
2014-10-27 14:58:00.00000036,9.712266348846697
2014-10-27 14:58:00.000000150,9.707327005978527
2014-10-27 14:58:00.00000050,8.194069133444941
2014-10-27 14:58:00.000000103,9.015461865989892
2014-10-27 14:58:00.00000067,7.536862205809257
2014-10-27 14:58:00.00000066,8.209005110751264
2009-10-08 23:44:56.0000003,8.304868290190711
2012-11-03 17:11:00.00000064,13.115038214926813
2012-11-03 17:11:00.00000074,7.043548531488113
2012-11-03 17:11:00.000000132,50.3382304287577
2012-11-03 17:11:00.00000031,8.732224848553187
2012-11-03 17:11:00.00000028,8.215505461671228
2012-11-03 17:11:00.000000102,8.481425495105668
2012-11-03 17:11:00.00000067,8.371625189539145
2012-11-03 17:11:00.000000162,8.284703763026414
2012-11-03 17:11:00.00000054,12.806701885019152
2012-11-03 17:11:00.00000046,7.298398992153125
2012-11-03 17:11:00.000000113,25.500655978453324
2012-11-03 17:11:00.00000093,7.182710277768933
2012-11-03 17:11:00.00000032,17.156782189386604
2012-11-03 17:11:00.00000052,17.048255896615387
2012-11-03 17:11:00.000000147,8.123145252577729
2012-11-03 17:11:00.000000125,8.99449925551994
2012-11-03 17:11:00.00000086,7.509860494292411
2012-11-03 17:11:00.0000009,8.793505013807362
2012-11-03 17:11:00.000000136,8.192286025713315
2012-11-03 17:11:00.00000077,9.101484411918591
2012-11-03 17:11:00.00000099,15.45883292407052
2012-11-03 17:11:00.00000096,10.561345011407298
2012-11-03 17:11:00.000000161,8.306319003490444
2012-11-03 17:11:00.000000124,10.314975864231997
2012-11-03 17:11:00.00000016,29.859684973313392
2012-11-03 17:11:00.00000058,5.919640171101037
2012-11-03 17:11:00.00000083,8.907944438525988
2012-11-03 17:11:00.00000082,8.147665149514637
2012-11-03 17:11:00.00000075,17.02017792658512
2012-11-03 17:11:00.00000061,10.77984403352707
2012-11-03 17:11:00.00000012,8.512682705995644
2012-11-03 17:11:00.00000057,5.915780883966477
2012-11-03 17:11:00.00000037,6.627541485578604
2012-11-03 17:11:00.000000106,7.860598226517254
2009-05-07 13:58:32.0000002,29.89952127454933
2011-05-28 17:29:44.0000001,66.62712524495328
2011-05-28 17:29:44.0000004,29.270208633821767
2011-12-25 21:26:32.0000002,7.395921808294474
2009-05-06 01:49:12.0000002,17.682964775393998
2009-05-06 01:49:12.0000004,5.555993087586785
2011-03-11 01:44:00.00000030,8.40302132190061
2011-03-11 01:44:00.00000027,34.84547706778403
2011-03-11 01:44:00.0000009,8.393891264168815
2011-03-11 01:44:00.00000047,30.444647472819724
2011-03-11 01:44:00.00000092,4.007619576698744
2011-03-11 01:44:00.0000006,13.527220111881434
2011-03-11 01:44:00.00000056,17.162813287753124
2011-03-11 01:44:00.00000081,11.511530049092357
2011-03-11 01:44:00.00000039,7.283989799750884
2011-03-11 01:44:00.00000077,21.54817581860334
2011-03-11 01:44:00.00000059,13.505485367290362
2011-03-11 01:44:00.00000028,8.120647313786321
2011-03-11 01:44:00.00000036,12.449510007331241
2011-03-11 01:44:00.00000038,23.640749775296968
2011-03-11 01:44:00.00000065,19.382257280460976
2011-03-11 01:44:00.0000003,11.61656969329465
2013-01-27 00:09:12.0000003,7.941509212278106
2012-01-07 11:21:56.0000003,5.013441719612729
2012-01-07 11:21:56.0000001,7.5988208034789295
2012-10-31 12:17:24.0000002,11.142066434772573
2012-10-20 02:05:08.0000003,7.755291417213698
2014-10-11 15:11:24.0000003,6.467062823691776
2009-08-17 12:27:08.0000002,7.933126029146933
2014-04-09 09:23:12.0000004,12.808610783846802
2009-11-25 19:32:52.0000004,5.474493203692418
2014-05-30 00:09:16.0000007,7.51090994946253
2014-05-30 00:09:16.0000006,19.198121955141573
2013-01-07 17:08:32.0000002,8.062410825114512
2013-02-18 17:37:28.0000001,7.3928697973163935
2011-10-04 09:37:00.00000038,13.578240854607657
2011-10-04 09:37:00.00000095,9.174713319467969
2011-10-04 09:37:00.00000015,8.49463923566202
2011-10-04 09:37:00.00000022,28.67263224655187
2011-10-04 09:37:00.00000052,10.463280673582062
2011-10-04 09:37:00.000000141,11.321830885135796
2011-10-04 09:37:00.000000179,15.394510239309398
2011-10-04 09:37:00.000000148,6.703650724286717
2011-10-04 09:37:00.00000014,6.545944619743068
2011-10-04 09:37:00.00000085,7.032732541619794
2011-10-04 09:37:00.000000162,11.144881525828623
2011-10-04 09:37:00.00000034,27.506119779190385
2011-10-04 09:37:00.00000037,14.448917718235748
2011-10-04 09:37:00.000000111,12.690896806341357
2011-10-04 09:37:00.00000061,5.041337788651958
2011-10-04 09:37:00.000000199,8.523677418384068
2011-10-04 09:37:00.000000158,27.984987823267943
2011-10-04 09:37:00.000000149,8.259328076381962
2011-10-04 09:37:00.00000069,20.803205642714715
2011-10-04 09:37:00.00000077,5.9667708375885695
2011-10-04 09:37:00.000000165,14.688962521760345
2011-10-04 09:37:00.00000044,11.284959931734761
2011-10-04 09:37:00.000000191,12.200940989697528
2011-10-04 09:37:00.000000164,6.308821698402085
2011-10-04 09:37:00.000000135,6.181962669528843
2011-10-04 09:37:00.000000190,13.609720405642179
2011-10-04 09:37:00.000000163,17.0802874201853
2011-10-04 09:37:00.00000054,24.535851153343287
2011-10-04 09:37:00.000000177,9.522578490517844
2011-10-04 09:37:00.00000064,5.860914189517416
2011-10-04 09:37:00.0000003,11.174278854382806
2011-10-04 09:37:00.000000196,34.65915991606528
2011-10-04 09:37:00.000000155,6.9649929440123515
2012-10-23 14:15:04.0000002,9.770122799179944
2012-10-18 21:06:20.0000009,9.186684062289828
2012-10-18 21:06:20.0000007,10.187574926457614
2014-12-24 03:00:00.00000016,16.36228180952594
2014-12-24 03:00:00.00000025,13.273579415158338
2014-12-24 03:00:00.00000029,11.649801203701372
2014-12-24 03:00:00.00000040,11.308523124174371
2014-12-24 03:00:00.0000007,7.500986169683415
2014-12-24 03:00:00.00000019,8.6926134222972
2014-12-24 03:00:00.00000039,8.5247907876942
2010-10-07 10:54:20.0000003,49.87393327325515
2011-02-21 20:11:08.0000006,8.606289599096272
2009-10-04 22:54:56.0000002,12.82186027975672
2015-04-11 20:31:32.00000011,9.065217014988434
2015-04-11 20:31:32.0000005,13.463434053191122
2011-02-20 12:31:04.0000002,6.85880086221357
2013-01-01 22:04:56.0000002,9.524918991098502
2013-01-01 22:04:56.0000003,9.35458233742645
2013-04-23 17:52:44.0000003,48.677664828299044
2010-01-01 13:19:40.0000004,13.51683558530749
2010-03-06 23:51:08.0000003,14.098025879687157
2014-04-27 02:57:00.000000155,11.677034775176253
2014-04-27 02:57:00.00000072,10.28769792406024
2014-04-27 02:57:00.00000043,9.318849478446964
2014-04-27 02:57:00.00000073,15.232972855896605
2014-04-27 02:57:00.00000013,16.298737791237613
2014-04-27 02:57:00.000000191,8.49412121853004
2014-04-27 02:57:00.000000171,20.49322240564311
2014-04-27 02:57:00.000000162,18.501938500080428
2014-04-27 02:57:00.00000082,14.132837254326091
2014-04-27 02:57:00.00000023,7.879454146959802
2014-04-27 02:57:00.000000137,10.89292652007964
2014-04-27 02:57:00.00000057,16.345203832000493
2014-04-27 02:57:00.000000174,8.296165330881422
2014-04-27 02:57:00.00000012,6.416843363663588
2014-04-27 02:57:00.000000158,7.018882579504975
2014-04-27 02:57:00.000000138,30.165954601043268
2014-04-27 02:57:00.000000172,11.453419101268196
2014-04-27 02:57:00.000000195,11.565545967426146
2014-04-27 02:57:00.000000131,8.40969081096739
2014-04-27 02:57:00.000000140,15.8131438747331
2014-04-27 02:57:00.000000154,6.672856496849818
2014-04-27 02:57:00.00000036,8.255862353449288
2014-04-27 02:57:00.000000153,12.096624715995404
2014-04-27 02:57:00.000000164,8.161844356881716
2014-04-27 02:57:00.00000031,8.430618002465394
2014-04-27 02:57:00.000000116,27.4569327020871
2014-04-27 02:57:00.000000187,9.698783174152027
2011-01-18 10:26:40.0000001,15.072447564632398
2011-12-13 22:00:00.000000185,11.787797315000034
2011-12-13 22:00:00.000000117,25.603584781365043
2011-12-13 22:00:00.00000037,13.562223091773376
2011-12-13 22:00:00.000000171,8.282901600718105
2011-12-13 22:00:00.000000194,12.705698408275794
2011-12-13 22:00:00.000000237,6.593173487713784
2011-12-13 22:00:00.000000160,7.917829362734437
2011-12-13 22:00:00.000000145,5.99792769667738
2011-12-13 22:00:00.00000035,13.129550489076905
2011-12-13 22:00:00.00000081,6.68013296839581
2011-12-13 22:00:00.00000015,9.144304969493987
2011-12-13 22:00:00.000000118,8.983163611882674
2011-12-13 22:00:00.000000140,8.918576700081871
2011-12-13 22:00:00.00000092,26.09364104733652
2011-12-13 22:00:00.00000047,7.594979727379155
2011-12-13 22:00:00.000000119,7.385187941990239
2011-12-13 22:00:00.00000077,6.629360533689464
2011-12-13 22:00:00.00000096,8.530432561305133
2011-12-13 22:00:00.000000152,16.812121998728117
2011-12-13 22:00:00.000000198,9.50067578525136
2011-12-13 22:00:00.00000043,7.379365555236745
2011-12-13 22:00:00.000000115,6.4183649864912695
2011-12-13 22:00:00.000000236,6.6236406617790635
2011-12-13 22:00:00.000000200,6.211595453749965
2011-12-13 22:00:00.0000001,18.42223754437134
2011-12-13 22:00:00.000000251,8.196422234815827
2011-12-13 22:00:00.00000049,7.892037100171137
2011-12-13 22:00:00.00000034,12.312185286407612
2011-12-13 22:00:00.000000262,7.639423721412641
2011-12-13 22:00:00.00000018,22.754555998666092
2011-12-13 22:00:00.000000108,6.984927592743816
2011-12-13 22:00:00.00000084,7.808386494162164
2014-05-13 07:33:52.0000005,7.881385135612277
2011-06-30 09:37:08.0000001,9.151395327205591
2009-01-28 16:36:28.0000004,9.1176289103405
2010-07-21 22:06:12.0000004,14.635150124369488
2013-05-24 13:37:32.0000003,11.043592392191044
2013-05-24 13:37:32.0000002,6.391061535927861
2014-03-05 21:07:12.0000002,7.815856613781079
2014-03-05 21:07:12.0000005,7.323673922874718
2009-11-28 15:07:24.0000002,5.6945509240160845
2010-07-31 15:47:28.0000002,14.68666903602741
2013-11-22 15:36:36.0000001,10.505809092688423
2011-06-26 18:48:08.0000003,7.665744135393993
2011-10-17 18:49:20.0000001,11.35178776646842
2011-10-17 18:49:20.0000004,8.662570573109633
2014-07-21 18:19:00.00000053,9.501360356727218
2014-07-21 18:19:00.00000085,10.27225971575956
2014-07-21 18:19:00.000000175,8.51323774579123
2014-07-21 18:19:00.00000076,11.475627792598402
2014-07-21 18:19:00.000000147,12.195557951867386
2014-07-21 18:19:00.0000001,15.169854446075306
2014-07-21 18:19:00.0000007,9.62380924835918
2014-07-21 18:19:00.000000234,10.681427107886748
2014-07-21 18:19:00.000000188,9.29504943511779
2014-07-21 18:19:00.00000024,9.084583218190573
2014-07-21 18:19:00.000000158,7.587566870364526
2014-07-21 18:19:00.00000093,11.413960081640539
2014-07-21 18:19:00.00000081,8.610035081210299
2014-07-21 18:19:00.000000206,8.533692990188342
2014-07-21 18:19:00.00000095,21.354855233965736
2014-07-21 18:19:00.000000164,7.255309903233979
2014-07-21 18:19:00.00000062,7.566137741001285
2014-07-21 18:19:00.000000140,10.41799961679601
2014-07-21 18:19:00.000000155,12.677399777818778
2014-07-21 18:19:00.000000170,10.244968213575476
2014-07-21 18:19:00.000000238,18.652191903228754
2014-07-21 18:19:00.000000207,10.034513574832886
2014-07-21 18:19:00.00000016,14.460003149674549
2014-07-21 18:19:00.000000237,12.169780437056033
2014-07-21 18:19:00.00000045,7.93223409024813
2014-07-21 18:19:00.000000110,9.186216452852818
2014-07-21 18:19:00.000000157,7.541409979771402
2014-07-21 18:19:00.000000236,10.904323305819048
2014-07-21 18:19:00.000000151,8.622824723659733
2014-07-21 18:19:00.000000192,7.187817112309176
2014-07-21 18:19:00.00000086,7.970387922848204
2014-07-21 18:19:00.00000040,8.751238725702592
2014-07-21 18:19:00.000000209,8.508718667199446
2014-07-21 18:19:00.000000138,13.001805472737715
2014-07-21 18:19:00.000000131,11.906735764087557
2014-07-21 18:19:00.000000243,10.373267926919311
2014-07-21 18:19:00.000000199,16.488330429615644
2014-07-21 18:19:00.00000041,12.620374515558296
2014-07-21 18:19:00.000000180,12.127396559518957
2014-07-21 18:19:00.00000052,8.975904595998259
2014-07-21 18:19:00.00000084,8.2775351078609
2011-06-13 09:55:04.0000006,7.4489625394338645
2011-06-13 09:55:04.0000002,19.026149366206482
2014-12-27 22:31:56.0000001,12.464525497397176
2014-12-27 22:31:56.0000003,31.57886320539933
2010-09-20 16:48:00.00000050,8.349511363452166
2010-09-20 16:48:00.00000055,7.4528177923563135
2010-09-20 16:48:00.000000154,9.71261839777901
2010-09-20 16:48:00.000000106,14.30904350452306
2010-09-20 16:48:00.000000163,23.334400597063336
2010-09-20 16:48:00.000000121,47.47515181151232
2010-09-20 16:48:00.000000111,46.737120335366626
2010-09-20 16:48:00.000000124,8.12444757705714
2010-09-20 16:48:00.000000143,6.978616570112081
2010-09-20 16:48:00.000000131,7.4531746570919495
2010-09-20 16:48:00.000000137,33.221625845039284
2010-09-20 16:48:00.000000142,4.146041189318453
2010-09-20 16:48:00.00000036,5.9872561878130455
2010-09-20 16:48:00.0000007,13.848094609903
2010-09-20 16:48:00.000000112,10.575643993387757
2010-09-20 16:48:00.000000104,8.70328298375739
2010-09-20 16:48:00.00000056,14.955091864953147
2010-09-20 16:48:00.000000114,6.401512108741713
2010-09-20 16:48:00.000000152,5.786619773825237
2010-09-20 16:48:00.00000072,18.9421873748463
2010-09-20 16:48:00.0000004,10.160227936216643
2010-09-20 16:48:00.00000058,16.890856442036693
2010-09-20 16:48:00.00000081,7.782176106990278
2010-09-20 16:48:00.000000116,7.009878521467613
2010-09-20 16:48:00.00000040,12.05578352582404
2010-09-20 16:48:00.00000019,12.719810992784232
2010-09-20 16:48:00.000000134,7.5708358156861095
2010-09-20 16:48:00.00000084,47.612042524043545
2010-09-20 16:48:00.00000016,9.627221847969736
2010-09-20 16:48:00.000000103,5.553107071374029
2012-08-20 14:47:36.0000001,7.673025788193513
2011-12-01 01:36:08.0000001,5.862349493857664
2014-03-29 14:59:28.0000001,12.934742520465193
2014-08-18 01:19:48.0000001,11.603696789335913
2012-04-30 20:04:20.0000001,6.806297740008404
2013-07-13 18:28:20.0000003,47.07723014831345
2014-10-07 19:04:08.0000003,7.817224323763867
2014-10-07 19:04:08.0000001,8.223433602990099
2013-08-21 09:32:24.0000001,6.132224394003629
2015-01-26 07:13:44.0000001,29.06309727593225
2011-03-06 21:01:00.0000003,12.13368178776875
2011-03-06 21:01:00.000000155,5.060349100343274
2011-03-06 21:01:00.000000164,6.945436630827203
2011-03-06 21:01:00.000000131,9.01697089220022
2011-03-06 21:01:00.00000091,8.670981310477828
2011-03-06 21:01:00.000000144,14.321273612991604
2011-03-06 21:01:00.000000132,6.403312933741063
2011-03-06 21:01:00.000000134,5.112260400331479
2011-03-06 21:01:00.000000110,4.730560390627261
2011-03-06 21:01:00.00000058,6.160257866572351
2011-03-06 21:01:00.00000081,16.41368509724566
2011-03-06 21:01:00.00000048,19.713843687726353
2011-03-06 21:01:00.00000079,8.205424258799894
2011-03-06 21:01:00.000000142,14.36058816836885
2011-03-06 21:01:00.00000090,10.98715978195139
2011-03-06 21:01:00.000000125,6.54623933774235
2011-03-06 21:01:00.000000119,4.7779405067999505
2011-03-06 21:01:00.000000117,13.009127099815373
2011-03-06 21:01:00.00000065,9.457554560253698
2011-03-06 21:01:00.000000163,6.523349797271067
2011-03-06 21:01:00.000000159,8.1901054700935
2011-03-06 21:01:00.000000112,6.231626112941967
2011-03-06 21:01:00.00000013,24.030967154528412
2011-03-06 21:01:00.000000121,7.319017300283235
2011-03-06 21:01:00.000000152,5.412539732109849
2011-03-06 21:01:00.00000059,11.583675702710707
2011-03-06 21:01:00.00000041,5.979976373613454
2011-03-06 21:01:00.000000174,8.894713052311431
2011-03-06 21:01:00.000000171,7.025100680882588
2011-03-06 21:01:00.00000069,17.71230046630683
2011-03-06 21:01:00.00000050,5.215514351525371
2011-03-06 21:01:00.00000039,8.313509996194057
2011-03-06 21:01:00.00000082,9.776120498244723
2011-03-06 21:01:00.000000165,7.656054182743446
2011-03-06 21:01:00.000000103,5.184173155536314
2011-03-06 21:01:00.00000063,6.189314449614699
2011-03-06 21:01:00.000000100,13.726515457814003
2011-03-06 21:01:00.000000124,10.410598469330694
2011-03-06 21:01:00.000000126,6.485588663599742
2011-03-06 21:01:00.00000068,7.8893500208594105
2011-03-06 21:01:00.00000030,6.740029768571048
2009-11-24 08:58:48.0000008,5.965544597869666
2009-11-24 08:58:48.0000004,6.438123989020028
2011-05-30 09:32:56.0000002,6.15112544837632
2010-01-02 12:20:32.0000001,7.227250217204414
2010-10-05 02:09:00.00000026,6.879299070077309
2010-10-05 02:09:00.00000016,6.781352211345393
2010-10-05 02:09:00.00000019,19.450010411791823
2010-10-05 02:09:00.00000014,5.670071235961018
2010-10-05 02:09:00.0000004,9.620101810440474
2010-10-05 02:09:00.00000025,15.28135957873235
2010-10-05 02:09:00.0000009,10.557485167850587
2012-01-25 22:43:44.0000005,6.2256395170675205
2010-12-01 22:04:52.0000002,7.910581275948175
2013-06-23 02:54:32.0000001,19.513506360699807
2013-11-18 15:07:28.0000003,10.210053476210419
2013-08-06 23:56:32.0000002,7.649159739491324
2013-08-06 23:56:32.0000001,27.613127598493747
2012-03-10 02:36:04.0000004,9.48159749219053
2014-04-13 17:35:52.0000001,9.227364697300914
2013-09-14 16:03:12.0000001,11.828870666897387
2013-09-14 16:03:12.0000002,7.335142977640203
2013-09-14 16:03:12.0000003,7.648286356422091
2014-04-05 18:27:08.0000001,9.980385917791295
2014-04-05 18:27:08.0000002,7.3172928073313415
2009-12-02 15:59:56.0000003,5.053830478307873
2010-01-03 02:03:40.0000001,3.7131302526647687
2011-01-30 14:38:24.0000001,9.538340515995856
2011-04-16 21:23:16.0000005,8.051880053053537
2009-05-31 21:24:56.0000002,7.53184413416011
2009-07-14 17:59:12.0000002,11.758720703881295
2009-12-18 12:37:04.0000003,7.122727930358792
2012-11-21 15:12:48.0000002,6.325746263561996
2011-10-07 22:08:20.0000002,7.472588326302457
2011-10-07 22:08:20.0000001,11.38557354530576
2011-10-07 22:08:20.0000004,9.772927834617462
2013-09-24 21:16:40.0000008,7.438541243729333
2013-09-24 21:16:40.0000005,6.99059848242257
2014-01-25 12:36:52.0000003,9.71377666065041
2012-01-26 07:33:00.000000101,5.929198892374302
2012-01-26 07:33:00.00000057,12.683797757514185
2012-01-26 07:33:00.000000175,7.199234177207131
2012-01-26 07:33:00.00000024,7.974547695582487
2012-01-26 07:33:00.00000097,4.583891753909143
2012-01-26 07:33:00.000000115,16.955731681997918
2012-01-26 07:33:00.00000039,6.350943433795692
2012-01-26 07:33:00.000000161,8.785159333645993
2012-01-26 07:33:00.000000173,9.171307110505722
2012-01-26 07:33:00.000000183,10.826267469191748
2012-01-26 07:33:00.00000020,13.074688431342793
2012-01-26 07:33:00.00000022,9.462239317461012
2012-01-26 07:33:00.000000136,4.284536427260832
2012-01-26 07:33:00.0000008,15.44735790851496
2012-01-26 07:33:00.000000100,9.929283288350689
2012-01-26 07:33:00.00000023,4.282501752313465
2012-01-26 07:33:00.00000056,7.371280314536875
2012-01-26 07:33:00.00000018,8.738192119117343
2012-01-26 07:33:00.00000076,19.79962287960734
2012-01-26 07:33:00.00000080,7.6838072077340485
2012-01-26 07:33:00.000000104,8.985558764293955
2012-01-26 07:33:00.00000082,6.519948715882379
2012-01-26 07:33:00.00000025,5.666003250074482
2012-01-26 07:33:00.000000181,0.7811661499541742
2012-01-26 07:33:00.000000105,6.674859555185208
2015-03-20 23:34:40.0000001,9.42695690754681
2015-03-20 23:34:40.0000008,9.96381052745528
2015-03-20 23:34:40.0000003,20.38791324582064
2013-12-14 03:20:48.0000003,13.525651555882519
2010-12-09 07:29:00.000000164,11.373846506665132
2010-12-09 07:29:00.000000141,13.028669992567075
2010-12-09 07:29:00.00000073,9.09451637330676
2010-12-09 07:29:00.00000062,6.102692184634748
2010-12-09 07:29:00.000000139,8.639862267679291
2010-12-09 07:29:00.00000079,6.940413460226978
2010-12-09 07:29:00.000000145,8.100617979376011
2010-12-09 07:29:00.0000006,5.534601760463715
2010-12-09 07:29:00.00000066,5.20435603361102
2010-12-09 07:29:00.000000171,9.826608751597405
2010-12-09 07:29:00.000000136,10.603837892884371
2010-12-09 07:29:00.00000026,21.495033517243883
2010-12-09 07:29:00.00000044,5.322809469371919
2010-12-09 07:29:00.00000083,4.051405854758514
2010-12-09 07:29:00.00000028,7.297600633961679
2010-12-09 07:29:00.000000168,12.762091954266793
2010-12-09 07:29:00.000000180,6.147674179238038
2010-12-09 07:29:00.00000094,7.0857449075754175
2010-12-09 07:29:00.00000080,48.21958731445636
2010-12-09 07:29:00.000000181,11.525319730911065
2010-12-09 07:29:00.00000086,10.529769816598446
2011-09-25 13:01:20.0000002,5.604620146427919
2014-02-20 18:49:04.0000001,10.45305283630978
2010-08-21 23:02:28.0000004,5.560056840261836
2010-08-21 23:02:28.0000001,14.108157276817565
2010-08-21 23:02:28.0000002,7.068212018905683
2012-05-08 03:50:00.00000017,25.918668677854612
2012-05-08 03:50:00.00000010,8.283517157342999
2012-05-08 03:50:00.0000005,9.459780580428628
2009-07-31 07:30:56.0000003,17.993454733112685
2012-03-06 07:33:04.0000001,11.506745357643126
2015-03-12 19:43:24.0000006,29.52122963820682
2014-01-18 17:43:28.0000001,9.033918225068874
2011-09-04 01:36:36.0000001,7.375015943854123
2010-08-09 08:53:56.0000001,6.7223585947394895
2015-02-01 00:48:44.0000002,6.8923852467031566
2014-01-26 15:28:52.0000001,10.515088957758508
2014-01-26 15:28:52.0000002,19.847202117691154
2011-12-06 11:07:40.0000004,9.627610589360074
2011-07-12 19:41:48.0000001,11.15712783218487
2010-09-16 14:27:16.0000002,6.752116263425023
2015-02-14 20:20:56.0000003,7.311254043180156
2009-01-22 12:27:20.0000002,10.713874590773344
2011-04-23 21:22:20.0000003,9.110260390952817
2011-04-23 21:22:20.0000004,17.019001394324164
2015-02-21 18:39:16.0000003,7.161652308579278
2015-02-21 18:39:16.0000004,8.612821656942515
2009-04-23 00:05:40.0000002,6.31664723011545
2013-03-09 21:40:52.0000001,9.043059266498972
2010-07-22 09:37:12.0000002,24.878651254438296
2012-07-31 02:46:40.0000001,9.764600681868615
2015-02-21 17:23:28.0000004,13.93827181889867
2012-11-19 22:15:32.0000001,9.159384918992032
2009-01-26 18:26:48.0000005,7.072306509932673
2009-09-22 11:47:24.0000001,10.380304643164664
2012-07-05 18:30:36.0000004,7.142079466235373
2012-11-20 21:54:00.000000225,7.561467799352727
2012-11-20 21:54:00.00000025,13.10921072089684
2012-11-20 21:54:00.00000036,19.262158098965187
2012-11-20 21:54:00.000000102,14.638345029974857
2012-11-20 21:54:00.000000105,29.73265483303976
2012-11-20 21:54:00.000000167,17.785133464369437
2012-11-20 21:54:00.000000186,7.911603738859867
2012-11-20 21:54:00.000000172,7.848563552479845
2012-11-20 21:54:00.000000202,15.326179578635447
2012-11-20 21:54:00.000000179,39.30579952370044
2012-11-20 21:54:00.000000110,9.599265203625919
2012-11-20 21:54:00.00000076,8.35580897049158
2012-11-20 21:54:00.000000195,21.425400303840547
2012-11-20 21:54:00.000000131,39.77871870831052
2012-11-20 21:54:00.0000002,13.742800809842606
2012-11-20 21:54:00.00000068,20.338606311519698
2012-11-20 21:54:00.000000138,8.992229239684775
2012-11-20 21:54:00.00000090,9.273282907529506
2012-11-20 21:54:00.000000169,8.732607620535987
2012-11-20 21:54:00.00000065,9.502264403324716
2012-11-20 21:54:00.000000121,21.512123641668495
2012-11-20 21:54:00.00000024,7.384993860134159
2012-11-20 21:54:00.000000123,11.467006598964645
2012-11-20 21:54:00.000000100,12.720147736975264
2012-11-20 21:54:00.0000004,7.69222320393817
2012-11-20 21:54:00.00000098,6.574691863907219
2012-11-20 21:54:00.000000205,7.488332004758831
2012-11-20 21:54:00.000000103,25.658534907639478
2012-11-20 21:54:00.00000092,15.211287840075101
2012-11-20 21:54:00.00000040,8.54725861419206
2012-11-20 21:54:00.00000069,25.23665465963188
2012-11-20 21:54:00.000000148,14.746225171153696
2012-11-20 21:54:00.000000233,8.94034025662836
2014-06-23 00:16:00.00000054,14.738515807793078
2014-06-23 00:16:00.00000059,35.69258463277572
2014-06-23 00:16:00.00000051,10.568407966898349
2014-06-23 00:16:00.00000012,12.291639242445854
2014-06-23 00:16:00.00000046,43.96139210225158
2014-06-23 00:16:00.00000032,9.654647913100007
2014-06-23 00:16:00.00000017,5.367308585701039
2014-06-23 00:16:00.0000006,9.230673308292012
2014-06-23 00:16:00.00000084,10.041331457847491
2014-06-23 00:16:00.00000021,44.69309981528045
2014-06-23 00:16:00.0000007,5.8925601459213794
2014-06-23 00:16:00.00000045,9.451218946324275
2014-06-23 00:16:00.00000083,31.80053713853124
2014-06-23 00:16:00.00000048,22.8598879214901
2014-06-23 00:16:00.00000058,9.893485838954007
2014-06-23 00:16:00.00000075,10.754938105453675
2014-06-23 00:16:00.00000027,10.006446941122135
2014-06-23 00:16:00.00000031,10.131266451881288
2009-04-25 10:52:56.0000001,3.7871612499397997
2009-04-25 10:52:56.0000003,4.692220955073708
2009-04-20 11:11:40.0000002,7.454832741711925
2009-10-22 21:57:36.0000001,15.65839943232686
2013-11-28 11:00:04.0000001,8.899471052739727
2014-05-25 15:07:04.0000001,6.549077801582143
2011-08-18 13:00:16.0000001,6.464542604035614
2013-09-25 22:00:00.000000167,9.308909685642107
2013-09-25 22:00:00.00000033,7.704530605681839
2013-09-25 22:00:00.000000122,11.453159701727827
2013-09-25 22:00:00.000000236,9.066846458211899
2013-09-25 22:00:00.000000193,14.98687976950555
2013-09-25 22:00:00.000000239,7.516060429001868
2013-09-25 22:00:00.00000086,13.442092038815531
2013-09-25 22:00:00.000000201,12.385231389018713
2013-09-25 22:00:00.000000170,16.187338917618945
2013-09-25 22:00:00.00000080,7.613345248203586
2013-09-25 22:00:00.00000021,7.4043393967929205
2013-09-25 22:00:00.000000240,9.236098407959958
2013-09-25 22:00:00.00000046,15.866426139520172
2013-09-25 22:00:00.000000231,26.40030960058391
2013-09-25 22:00:00.00000027,9.325760930026263
2013-09-25 22:00:00.00000045,7.359461956772407
2013-09-25 22:00:00.000000108,9.652243415767089
2013-09-25 22:00:00.000000125,11.612071361179687
2013-09-25 22:00:00.000000232,8.131399242360544
2013-09-25 22:00:00.000000184,13.378716336277648
2013-09-25 22:00:00.00000096,11.59306814399713
2013-09-25 22:00:00.000000158,11.428354867290182
2013-09-25 22:00:00.000000131,16.647579049113233
2013-09-25 22:00:00.000000207,7.805695369636851
2013-09-25 22:00:00.00000068,9.133649540958686
2013-09-25 22:00:00.000000194,13.359607088158896
2013-09-25 22:00:00.00000011,50.718846985078926
2013-09-25 22:00:00.000000243,17.41112184037138
2013-09-25 22:00:00.000000138,14.335775798128225
2013-09-25 22:00:00.00000069,9.327141770187609
2013-09-25 22:00:00.00000067,7.993872680715185
2013-09-25 22:00:00.000000152,13.087536707599838
2013-07-20 12:06:44.0000002,9.51669848338463
2013-07-20 12:06:44.0000001,9.38785430034784
2014-07-11 12:36:08.0000003,48.23236890043677
2014-01-31 11:11:05.0000002,11.442786339396662
2014-08-31 04:03:29.0000002,10.882997150934102
2014-08-31 04:03:29.0000003,21.97285614762825
2014-08-01 18:38:09.0000004,18.658834461106608
2014-08-01 18:38:09.0000003,20.157565697975883
2009-05-16 14:53:41.0000005,11.673213405521665
2009-05-16 14:53:41.0000001,20.687624517185213
2009-05-16 14:53:41.0000004,21.49006945898543
2013-08-26 11:47:37.0000001,8.999392787906004
2010-10-30 13:31:13.0000001,4.949381663607824
2014-05-09 00:30:41.0000004,11.318181872609102
2012-03-05 13:24:37.0000002,6.757798398533168
2010-07-01 22:11:33.0000005,7.6367320821156
2010-07-01 22:11:33.0000006,31.04139262740955
2012-01-07 21:39:05.0000001,51.34445652481463
2012-05-26 00:31:25.0000001,6.009259814532697
2014-10-07 11:52:13.0000006,9.845876285625081
2015-06-13 19:17:09.0000005,8.65108059712611
2009-11-28 13:50:17.0000004,5.173929983948824
2009-11-28 13:50:17.0000002,5.4185135353676515
2015-01-13 12:07:53.0000005,7.637399321185171
2015-01-13 12:07:53.0000003,8.292736173051594
2012-01-31 09:15:49.0000001,8.381466240549116
2011-03-22 12:59:49.0000002,24.281203881425085
2011-03-22 12:59:49.0000006,7.129257470549874
2013-07-05 00:58:17.0000001,6.047994298731055
2010-01-30 00:57:21.0000002,21.08061633873433
2009-10-16 16:14:41.0000002,5.5974206811613385
2011-03-13 05:34:57.0000002,12.054335835644792
2015-02-26 23:20:13.00000010,10.513656140514627
2013-10-09 15:11:41.0000004,21.24433026244958
2011-09-01 09:53:49.0000004,5.910776425002609
2010-09-28 00:16:53.0000003,8.15810298303029
2010-07-25 04:03:17.0000003,17.818988255836985
2010-07-25 04:03:17.0000002,4.626610915600509
2013-09-19 21:24:21.0000001,11.463564825327808
2011-02-04 09:12:53.0000004,4.655327319683124
2012-03-08 12:33:25.0000003,13.262894882891487
2009-07-31 18:15:57.0000001,9.58777695206686
2009-07-10 20:17:05.0000003,4.097187590132648
2010-08-21 21:56:25.0000002,13.193734556165623
2010-10-09 17:11:17.0000001,7.318203270823801
2009-09-25 15:13:57.0000001,7.667330428779906
2009-09-25 15:13:57.0000003,5.875455964458752
2009-09-25 15:13:57.0000002,10.009606749052523
2010-05-03 08:36:41.0000004,6.741297659758175
2011-01-24 20:18:49.0000003,6.2298296171316
2010-01-23 14:32:17.0000003,4.403720755211339
2012-06-02 01:16:05.0000004,17.441650668848183
2011-10-20 13:46:33.0000003,8.992523327799518
2014-10-28 12:23:09.0000001,17.586257986794294
2011-07-11 20:43:33.0000004,14.98214851979094
2011-07-11 20:43:33.0000005,27.441442508952264
2011-07-11 20:43:33.0000001,6.335266937914525
2013-02-23 14:25:29.0000002,10.859404130929533
2010-01-30 18:58:33.0000008,9.026016601087008
2010-01-30 18:58:33.0000006,7.018967619891328
2010-01-30 18:58:33.0000001,5.524953982692182
2014-06-22 14:49:13.0000001,14.980192802069269
2014-06-22 14:49:13.0000005,15.25150497842651
2015-03-14 02:23:17.0000006,20.02289062957152
2015-03-14 02:23:17.0000002,8.93320838845841
2015-03-14 02:23:17.0000004,20.543517228174665
2012-03-12 01:08:09.0000001,10.105529531561388
2014-09-25 20:52:09.0000002,8.019292254739753
2014-09-25 20:52:09.0000005,21.499549970781914
2012-12-15 06:35:45.0000001,7.144244494100803
2012-01-05 05:51:01.0000001,8.957504642238291
2013-10-15 08:16:21.0000002,20.737194750646154
2014-08-26 23:35:49.0000002,9.416546128715595
2009-08-28 23:01:41.0000001,7.609598241602953
2009-08-28 23:01:41.0000006,4.3899808129092435
2014-12-16 13:40:25.0000003,11.320018357586264
2012-12-09 22:30:13.0000006,7.8013440752646375
2012-12-09 22:30:13.0000002,9.076841202018613
2012-12-09 22:30:13.0000004,14.713315589881859
2011-05-11 19:56:09.0000001,5.4870231612846965
2014-08-08 00:02:41.0000004,12.680424873846505
2014-08-08 00:02:41.0000002,18.487530610606086
2013-09-12 12:50:13.0000007,9.000315453586268
2013-09-12 12:50:13.0000003,8.034488931044848
2013-09-12 12:50:13.0000001,12.721952003796787
2011-06-26 03:33:25.0000002,22.52639944076634
2011-09-18 18:33:13.0000003,7.673439502396377
2014-03-04 16:24:45.0000001,75.83871670717849
2014-11-10 10:52:41.0000001,28.07129209980667
2009-12-22 15:59:53.0000003,11.957969836332722
2014-05-08 21:23:41.0000001,9.749637054468621
2012-07-15 03:53:37.0000001,18.181195030444314
2012-07-15 03:53:37.0000002,10.68638669226948
2012-07-15 03:53:37.0000003,10.674874905113256
2013-06-10 11:29:13.0000001,11.065908031361914
2015-04-25 01:06:17.0000007,15.324124989158918
2015-04-25 01:06:17.0000003,15.937912739312196
2012-10-28 13:55:57.0000001,9.43598715536416
2011-06-12 01:07:57.0000003,6.836709626519223
2014-12-11 15:20:49.0000001,7.058763856426253
2011-06-19 04:08:49.0000002,9.600337851617269
2012-04-14 22:29:37.0000001,6.73042148193008
2015-06-02 09:11:17.0000007,10.27394846258494
2011-10-08 12:54:49.0000002,7.035859354976765
2009-06-02 08:34:33.0000001,4.016503625546989
2011-10-01 15:04:57.0000001,25.28434739963427
2013-06-22 01:59:25.0000002,11.554135428637437
2010-12-15 08:39:33.0000005,5.735795810938043
2012-05-26 11:54:53.0000001,10.861043967491582
2012-05-26 11:54:53.0000002,8.818335782642635
2014-01-11 19:20:17.0000001,6.609176672771582
2015-01-05 21:43:13.0000001,21.037237365197598
2011-07-19 22:20:41.0000002,16.733110948742592
2011-07-19 22:20:41.0000004,10.006809666055574
2011-07-19 22:20:41.0000001,19.40663583453272
2012-03-18 02:27:41.0000001,6.790470252126397
2009-01-19 19:48:17.0000001,5.4296662885426485
2009-01-19 19:48:17.0000002,5.391701974774264
2013-01-13 00:20:53.0000001,9.37213679157469
2013-11-28 13:17:13.0000002,23.0974707152709
2012-06-10 00:46:17.0000006,4.736967592481051
2012-06-10 00:46:17.0000003,9.898531108092016
2012-06-10 00:46:17.0000005,10.09226050686459
2010-02-20 04:04:13.0000004,23.330364635254114
2014-01-01 16:33:01.0000005,13.141214077273617
2010-10-01 13:11:05.0000001,5.527786338004148
2012-04-14 14:20:33.0000001,9.659912408927426
2015-05-17 04:17:33.0000005,7.126840881747398
2014-07-26 23:31:41.0000003,16.716714537177722
2014-07-26 23:31:41.0000002,10.942461925248494
2009-11-07 16:37:49.0000004,6.577791527081672
2011-01-07 09:25:57.0000003,7.558432727727677
2012-07-18 16:28:21.0000001,8.062993064612215
2013-03-08 19:03:09.0000003,9.517923917584199
2009-12-10 22:45:01.0000004,12.695546079362884
2012-07-13 11:00:05.0000004,8.24016848996962
2013-04-28 10:36:37.0000001,7.919773466081438
2009-04-23 02:42:05.0000003,8.852525908198231
2013-06-08 16:55:13.0000003,8.054697291059256
2012-10-25 16:20:37.0000004,8.45121952107047
2012-10-25 16:20:37.0000003,20.444235441693536
2012-07-31 20:04:53.0000006,9.940116147305162
2012-07-31 20:04:53.0000002,8.261791169541311
2009-07-14 22:41:09.0000003,6.655740653894554
2011-09-03 19:22:17.0000001,8.855142993293157
2011-09-03 19:22:17.0000003,8.744611828785992
2011-09-03 19:22:17.0000002,19.498605666465664
2013-11-21 14:19:21.0000001,40.12437973025499
2015-01-02 11:55:57.0000003,16.834599787109596
2013-11-23 22:19:37.0000004,8.185979853188883
2013-11-23 22:19:37.0000003,8.759733594206068
2013-11-23 22:19:37.0000005,9.999886340436774
2011-04-04 19:54:33.0000001,7.396382820211443
2014-07-14 16:18:37.0000002,9.728053890619776
2014-03-18 19:55:17.0000001,9.161127292222204
2010-06-05 23:05:25.0000006,7.341157283338703
2014-09-09 22:48:37.0000001,9.81686647141737
2014-09-09 22:48:37.0000002,7.688627825577555
2014-03-28 21:55:17.0000003,7.151364886329702
2014-03-28 21:55:17.0000001,7.491174003606943
2009-09-24 22:41:17.0000001,8.338312920797762
2012-04-27 18:37:09.0000002,9.31642681875178
2014-04-05 18:11:33.0000002,12.161313458785571
2013-11-07 22:25:25.0000003,8.783299624897381
2013-11-07 22:25:25.0000001,6.973149963267474
2012-06-30 03:53:29.0000002,6.251802320987622
2011-05-19 16:01:41.0000001,8.012630274630851
2010-01-11 12:38:33.0000002,4.515907891165398
2010-10-16 09:26:33.0000001,9.315251633427806
2010-10-16 09:26:33.0000003,7.260279516521223
2014-07-25 18:06:37.0000007,7.957581232697066
2014-05-13 21:07:29.0000004,10.056165940677715
2014-05-13 21:07:29.0000001,31.542215298488486
2013-11-16 18:33:25.0000005,11.285577722166977
2009-08-02 14:01:33.0000004,6.307599768873047
2015-01-12 15:36:37.0000008,10.784016693186231
2013-05-26 15:18:37.0000005,18.67331453017721
2013-05-26 15:18:37.0000001,42.698314414535275
2013-05-26 15:18:37.0000003,13.038744849709587
2009-09-20 23:07:01.0000001,9.257930130275781
2009-09-25 21:43:49.0000004,9.043181335311488
2009-09-25 21:43:49.00000010,11.696884740313408
2009-03-22 20:58:33.0000003,16.847322377204705
2011-12-09 21:19:25.0000001,8.54911931391075
2013-07-05 20:44:49.0000001,11.276532255101301
2013-12-20 15:58:29.0000006,12.072572156231672
2013-12-20 15:58:29.0000001,9.980346987984717
2014-10-06 14:37:25.0000005,49.721972618525456
2015-01-18 23:09:25.0000001,7.0358913873030815
2014-02-06 13:26:49.0000002,6.594115552689573
2013-02-27 19:25:13.0000001,16.909106058828684
2009-09-15 08:28:53.0000003,9.674288471319528
2012-07-18 22:34:53.0000003,8.616792258647592
2011-05-17 22:09:17.0000002,5.956306390961345
2010-09-19 17:13:29.0000008,28.81543634622642
2010-09-19 17:13:29.0000006,15.604241900442275
2013-03-19 18:08:29.0000002,5.139017465467532
2013-03-19 18:08:29.0000001,10.704291212062344
2011-04-23 11:01:49.0000001,9.091319073176237
2013-07-04 05:39:13.0000001,11.603597842755448
2010-11-08 10:01:37.0000003,5.1184663137563575
2009-04-01 19:28:09.0000001,6.118360681072431
2011-11-26 02:04:29.0000004,6.305191636742393
2011-11-26 02:04:29.0000003,5.194611020049592
2009-01-11 07:56:01.0000001,4.0260001146309605
2012-05-30 09:19:13.0000002,5.779706227476254
2014-10-28 22:42:33.0000003,12.525069037109915
2014-07-19 21:05:37.0000002,12.437902378910962
2012-10-02 14:17:13.0000001,6.084567185056471
2012-10-20 00:36:37.0000002,7.253466186565106
2014-06-19 22:37:09.0000006,8.486476400507286
2014-06-19 22:37:09.0000004,10.650185643930968
2011-05-11 13:24:37.0000002,11.044334972145862
2014-10-13 00:42:05.0000002,11.052956653316414
2013-12-08 10:41:05.0000007,9.890305261643789
2009-07-04 13:00:57.0000002,11.064078262424914
2015-06-30 04:09:45.0000001,25.559323398675815
2013-09-08 03:47:57.0000002,10.579205991265553
2009-05-15 21:19:13.0000004,36.775545645699026
2010-01-29 08:32:53.0000002,5.076890546621939
2015-05-15 01:51:49.0000003,7.717514428851473
2012-11-12 10:06:17.0000003,7.801915036320565
2013-12-01 22:23:57.0000003,41.08622949432606
2014-01-03 15:48:49.0000001,9.350822226975538
2013-01-19 20:19:45.0000002,5.1592208476713495
2015-03-17 21:44:26.0000002,8.069150791735069
2009-01-06 07:36:34.0000005,5.469101149540734
2013-01-20 20:41:26.0000002,12.796553484234778
2015-06-07 00:38:14.0000001,11.122462348971226
2009-01-03 00:51:02.0000002,8.649950110508712
2009-01-03 00:51:02.0000001,9.344820053780609
2009-08-02 05:08:42.0000001,29.801220474641696
2013-10-18 09:06:14.0000002,7.443167293722922
2009-04-26 17:29:42.0000001,3.5798134183097545
2015-02-25 22:00:38.0000002,16.426290737029262
2010-10-06 23:31:54.0000001,15.889992823921716
2009-01-21 20:04:30.0000006,8.62909357049125
2013-12-18 14:26:58.0000002,21.107958770882988
2014-04-26 18:02:26.0000003,7.792390409089876
2014-10-05 13:58:18.0000002,8.2660081786629
2014-10-05 13:58:18.0000001,8.469364052278024
2013-05-23 23:54:42.0000004,9.874633008130672
2009-11-23 19:06:14.0000005,11.63445466160033
2010-09-01 08:23:54.0000002,6.577874693491708
2011-12-10 23:39:06.0000001,14.970400260253541
2009-12-17 15:54:46.0000002,7.963480707599956
2010-06-16 18:41:54.0000003,8.940374201319969
2011-11-02 08:21:50.0000003,9.874471422310648
2011-11-02 08:21:50.0000001,8.82135900336948
2009-03-15 03:31:14.0000003,5.387741456616254
2014-09-08 19:07:46.0000001,9.257197298995834
2010-04-24 23:31:50.0000004,7.082233852128638
2010-04-24 23:31:50.0000002,10.222130445059179
2011-03-03 21:31:42.0000004,6.627450284463521
2011-03-03 21:31:42.0000002,14.477346622624168
2011-09-05 10:47:26.0000001,7.598652904866185
2012-09-16 12:48:06.0000002,8.221462961201155
2015-04-10 11:56:54.0000005,10.581217502536106
2013-10-15 23:31:26.0000002,18.727704714571473
2013-06-21 18:06:14.0000002,7.492428913073923
2009-05-19 15:44:30.0000001,7.332664297401948
2014-01-26 08:48:30.0000003,10.39036673200394
2014-12-25 21:32:58.0000002,8.398913683811543
2011-07-30 15:27:58.0000001,8.168717178897623
2010-09-24 22:40:06.0000007,5.93419060062854
2010-02-06 17:37:10.0000005,46.02152176070581
2010-02-06 17:37:10.0000001,11.965640440645416
2012-08-13 15:02:26.0000001,7.904733616427848
2013-01-14 18:42:54.0000004,8.015708429203187
2013-01-14 18:42:54.0000005,8.120621868469016
2009-11-11 21:20:18.0000002,8.412006823620459
2009-04-18 02:44:34.0000004,31.781136721475946
2009-04-18 02:44:34.0000001,7.780970825594636
2014-01-10 12:28:38.0000002,6.419276505843413
2014-10-11 00:26:38.0000004,19.191984700118383
2010-01-30 02:13:06.0000004,4.228692027593979
2009-08-26 23:55:38.0000001,8.486874429161048
2012-09-07 23:20:34.0000002,10.359798534660854
2012-09-07 23:20:34.0000005,9.431175669220465
2015-01-10 14:32:14.0000002,13.36523091476215
2010-05-31 20:43:42.0000001,6.937660519046403
2010-05-31 20:43:42.0000003,6.094375871585271
2014-05-18 14:43:26.0000004,8.284525063394767
2011-10-08 18:18:26.0000002,6.033200820268803
2011-10-08 18:18:26.0000003,14.454499028843884
2010-03-23 13:23:34.0000003,11.441343577205544
2010-12-21 08:46:02.0000001,9.507837441943252
2010-12-21 08:46:02.0000002,5.682125388282316
2010-06-19 22:52:30.0000003,8.544056846954845
2013-01-03 01:43:10.0000002,11.745212581160445
2013-11-24 03:44:46.0000001,11.63440933940592
2011-04-16 12:57:18.0000002,5.10540128123364
2012-10-11 22:24:18.0000002,8.021279358555603
2011-05-17 23:42:46.0000006,8.05970737887958
2011-05-17 23:42:46.0000003,5.636744918503382
2014-01-09 17:27:18.0000003,6.557116691854617
2014-01-09 17:27:18.0000004,8.410318360236715
2010-01-09 13:24:22.0000002,42.94186586583214
2010-01-09 13:24:22.0000001,6.758139296387412
2009-03-11 21:46:54.0000006,8.260071297257355
2012-08-22 20:54:46.0000004,9.687157368841554
2012-08-22 20:54:46.0000005,28.365808867288592
2009-02-21 20:49:34.0000002,10.166126891562044
2012-08-10 14:04:14.0000001,8.488785873188817
2009-10-17 03:52:42.0000005,10.678431802344676
2014-02-27 09:36:26.0000001,11.109420536647121
2014-03-11 20:24:02.0000005,12.748021400186417
2014-03-11 20:24:02.0000001,7.6332593710667425
2015-05-07 15:33:26.0000004,7.538677112475057
2012-09-10 21:07:54.0000008,7.72560156046552
2012-04-20 00:06:10.0000003,5.5457917108323045
2012-04-20 00:06:10.0000004,16.973840766916965
2012-06-12 23:10:42.0000004,12.591415860588995
2013-04-21 19:50:54.0000002,8.29207695201535
2013-02-06 18:21:18.0000005,17.876791336308315
2014-05-01 21:05:34.0000001,25.909025575447004
2011-04-22 19:23:54.0000004,6.740261014043313
2011-09-17 15:41:06.0000002,6.79849943989052
2015-03-05 13:21:58.0000001,48.546880786737006
2015-06-21 17:16:10.0000001,9.057028686208014
2010-06-02 22:04:10.0000002,27.349664925075558
2010-06-02 22:04:10.0000001,8.089229445885167
2015-02-27 19:36:02.0000008,13.4202985577856
2015-02-27 19:36:02.0000005,10.015739587047847
2013-04-06 19:16:10.0000002,11.556401629521588
2014-03-08 16:08:26.0000006,14.76719159039476
2014-03-08 16:08:26.0000005,6.685688459692187
2013-12-06 23:40:42.0000004,7.693617280533431
2013-12-06 23:40:42.0000005,14.455477446958525
2014-09-13 19:05:02.0000001,8.397737349938211
2015-03-12 13:01:54.0000003,7.803937365615752
2015-03-12 13:01:54.0000006,7.712904330011156
2014-10-04 21:48:22.0000001,12.255588610757286
2012-01-22 04:13:34.0000001,26.135014476503784
2012-01-22 04:13:34.0000003,11.760087603087186
2010-12-17 10:33:34.0000003,13.73034609051524
2010-12-17 10:33:34.0000001,26.70383436330701
2012-06-04 11:34:58.0000002,8.391196557084868
2012-12-08 20:08:38.0000001,14.473637200016015
2012-12-08 20:08:38.0000002,9.531571169421795
2013-12-29 01:20:50.0000002,20.242950944863424
2014-03-28 22:34:26.0000002,15.98223128675329
2013-09-07 19:43:18.0000002,16.397564171660747
2013-09-07 19:43:18.0000007,9.334251415783683
2010-03-07 00:47:26.0000002,11.768122399364643
2010-03-07 00:47:26.0000003,9.282907162736137
2010-10-31 18:45:58.0000004,5.729208498537673
2015-02-03 09:00:58.0000003,26.092042073928837
2012-08-08 08:58:50.0000002,6.203553517694672
2011-04-08 15:01:02.0000002,6.2900238015618015
2015-01-10 09:38:54.0000006,7.831811038907176
2015-01-10 09:38:54.0000002,14.252298472094594
2015-01-10 09:38:54.0000005,10.33078528944634
2015-01-10 09:38:54.0000001,10.062397065726145
2014-10-03 00:50:06.0000003,12.275776616048802
2010-06-18 19:19:26.0000004,13.80176695169871
2013-06-21 00:00:34.0000004,8.916174633956985
2012-02-29 12:03:34.0000003,7.537885227827701
2013-09-16 14:16:34.0000002,24.877694140726135
2011-03-10 18:16:14.0000002,7.071211631352526
2011-05-19 02:06:46.0000001,7.927696063762937
2014-08-08 15:26:18.0000001,8.84762300992827
2009-03-11 12:01:30.0000003,4.385330477022649
2012-07-26 12:40:38.0000004,8.824111602256835
2014-05-26 22:57:10.0000001,11.480912145568368
2010-09-04 18:31:42.0000004,11.73859065082047
2011-09-22 20:05:22.0000002,6.901367993608801
2011-09-22 20:05:22.0000004,7.945925860687339
2014-08-09 01:27:30.0000001,12.285408812961691
2014-10-31 12:04:26.0000003,14.352998472987338
2013-04-10 21:03:42.0000006,12.537451736692674
2011-12-29 19:29:50.0000002,8.163198150011112
2013-03-14 21:43:46.0000002,5.926806899167559
2009-02-08 00:04:06.0000003,3.6547532301188994
2012-02-04 22:47:18.0000002,6.460842769277747
2012-05-06 03:01:10.0000001,23.290927087264322
2014-07-08 08:56:58.0000002,7.051032233117439
2014-07-08 08:56:58.0000005,6.826689433321349
2014-07-08 08:56:58.0000004,13.423556436584477
2014-07-08 08:56:58.0000003,10.18926221260108
2011-02-19 10:14:58.0000001,14.05477097152118
2010-08-16 17:14:18.0000002,8.267949086036651
2012-12-27 21:01:54.0000002,14.557984171503108
2015-05-31 20:48:54.0000002,15.153350920114462
2013-01-06 12:39:54.0000006,6.201337831192404
2010-12-24 04:23:06.0000001,32.83735114506999
2010-11-10 23:21:50.0000001,9.056932316109055
2011-10-01 00:42:26.0000002,18.30478966459725
2013-03-31 00:09:58.0000001,24.017252028489793
2011-07-20 08:05:02.0000001,8.825992069903123
2009-05-03 16:02:54.0000004,4.682178774570275
2012-09-06 17:58:06.0000002,7.6481327451976995
2014-04-06 16:47:14.0000001,12.902758798110995
2014-04-06 16:47:14.0000002,34.31905122661328
2014-09-06 03:52:50.0000001,10.786061259741473
2014-01-01 13:06:34.0000002,12.049670550490191
2011-12-25 15:35:54.0000002,6.793551459174296
2011-12-25 15:35:54.0000005,5.964573979619331
2011-12-25 15:35:54.0000001,7.63524893022452
2015-05-14 23:11:58.0000004,20.49289348521131
2015-04-22 09:54:06.0000001,7.9157447735613005
2012-09-01 19:04:18.0000001,11.38224357609954
2013-06-06 02:54:50.0000001,37.03516811585723
2011-09-03 00:03:42.0000007,51.56318413869053
2013-07-02 22:27:14.0000002,6.830802980595195
2011-07-18 00:04:54.0000001,5.312396357231705
2011-04-03 03:46:18.0000001,7.3849026007720795
2010-06-25 14:00:14.0000001,8.487735682857647
2014-09-10 16:40:02.0000001,7.9477940048849405
2011-03-01 07:23:14.0000002,6.110287652393822
2011-06-24 13:23:18.0000005,11.697771088626382
2012-01-01 18:02:46.0000001,16.35492403909018
2015-03-28 19:31:26.0000004,9.787582134144486
2010-07-13 11:53:15.0000006,9.327901030841872
2010-07-13 11:53:15.0000005,6.273648484583532
2010-07-13 11:53:15.0000003,5.116671827299683
2013-02-07 13:47:59.0000002,12.30363161390187
2015-05-19 13:58:11.0000006,26.789400899562565
2015-05-19 13:58:11.0000009,12.591654903519952
2012-07-31 22:21:11.0000003,10.045773501585359
2013-01-03 08:50:31.0000003,8.443325382615285
2010-03-18 00:05:43.0000001,19.74863544764321
2009-04-14 17:43:23.0000001,46.97139590317033
2009-04-14 17:43:23.0000002,6.244691925961774
2015-06-15 14:34:03.0000001,11.235755712183618
2014-11-26 06:46:23.0000002,24.71384284134831
2010-12-19 16:25:15.0000002,8.026322151346449
2015-06-18 20:56:55.0000004,7.353960112658228
2015-06-18 20:56:55.0000008,17.18203781224588
2015-04-28 20:15:27.0000003,8.594555317555546
2013-01-23 13:49:19.0000001,7.540005452735272
2012-01-03 08:49:15.0000005,11.28803726898434
2012-06-09 19:03:11.0000005,8.0857148020242
2012-06-09 19:03:11.0000007,9.66778238143786
2009-05-27 02:00:51.0000001,17.28304642873809
2014-06-07 12:21:11.0000003,11.438652447131972
2011-09-08 22:37:43.0000001,8.135615857864082
2010-06-18 22:52:11.0000001,26.84393226128759
2011-09-13 13:31:51.0000001,10.784429690354045
2011-09-13 13:31:51.0000005,6.7810287167085335
2014-10-06 09:24:11.0000005,21.741921346573918
2012-03-15 18:23:55.0000002,7.543118227341324
2013-12-22 21:24:47.0000002,7.012134238119415
2011-11-23 21:07:43.0000001,8.240771020193847
2010-11-17 19:10:23.0000003,7.0880955723849866
2010-11-17 19:10:23.0000005,9.763944020878853
2015-02-14 13:15:19.0000007,9.101149808960486
2013-01-12 22:40:39.0000008,8.20403756652388
2013-01-12 22:40:39.0000009,18.466276734216876
2013-01-12 22:40:39.0000007,8.019431693378351
2010-02-15 14:20:31.0000002,23.09999983527132
2010-02-15 14:20:31.0000003,5.377531775488137
2013-03-23 15:41:07.0000003,9.682068377722658
2009-05-08 22:14:51.0000002,4.866231789268909
2010-01-31 00:33:03.0000005,7.877703160970896
2009-01-18 18:22:07.0000002,7.441553561346154
2009-01-28 11:27:19.0000001,4.833765847519999
2015-05-20 19:39:11.0000003,15.009214292162142
2014-01-11 17:47:47.0000001,9.020325775090214
2012-07-12 02:46:07.0000001,10.971899672584527
2014-03-05 23:16:07.0000001,11.649963604430923
2014-12-17 20:56:31.0000003,15.812494153025568
2010-10-09 15:48:51.0000003,24.21671327581589
2013-10-10 11:09:23.0000001,12.441302227872256
2014-10-12 09:23:55.0000001,10.898206450077623
2013-01-08 07:03:07.0000001,7.240918731399461
2012-10-28 17:21:19.0000001,7.663569335461375
2012-10-28 17:21:19.0000003,9.781746257336863
2014-12-26 20:46:23.0000001,12.813932110877886
2015-05-10 12:37:51.0000003,11.4797656266486
2010-12-11 13:31:11.0000003,5.872914281772296
2010-03-01 22:21:55.0000003,6.791059618509848
2010-03-01 22:21:55.0000002,16.420772243727015
2015-03-08 14:59:23.0000001,27.56312383578745
2015-03-08 14:59:23.0000003,29.26890209754481
2009-06-08 11:06:23.0000001,64.95582532126627
2014-01-26 13:51:39.0000001,7.806960933954883
2014-11-30 15:46:23.0000003,7.288207921835692
2011-08-20 15:50:39.0000001,12.312210168835918
2010-06-22 14:25:19.0000008,45.56843008522253
2010-06-22 14:25:19.0000001,5.851611306049222
2014-05-25 19:46:59.0000003,33.53772136476289
2014-04-04 05:47:11.0000002,13.09699705920491
2013-01-11 20:08:07.0000003,10.118883157719893
2013-01-11 20:08:07.0000001,5.919000877407939
2013-10-09 17:27:39.0000001,47.699358640986816
2015-01-12 17:05:51.0000004,9.09782940245168
2009-01-12 07:47:39.0000001,25.075159523200114
2011-04-28 19:39:43.0000003,12.653259415791126
2014-11-17 00:03:47.0000003,9.279950460535247
2014-11-17 00:03:47.0000001,12.00934838653859
2013-08-18 00:32:15.0000003,6.908274483836067
2013-05-23 12:09:23.0000005,8.0435746706072
2013-05-23 12:09:23.0000004,10.646132670067459
2014-12-11 08:20:39.0000001,26.815599928867073
2014-12-11 08:20:39.0000004,13.814099696207904
2013-12-10 14:00:35.0000002,7.309717659190369
2011-09-10 20:44:59.0000003,8.562025138060221
2011-04-28 09:50:03.0000001,6.055579259591582
2010-02-26 18:34:51.0000001,9.153174743160548
2013-12-05 23:29:15.0000002,9.278378279304661
2012-12-13 19:05:27.0000004,6.739900190293042
2012-11-09 18:17:35.0000002,12.586815055461443
2010-07-05 19:21:35.0000001,11.010781171079316
2011-11-29 22:19:51.0000003,7.908221873039452
2009-01-30 22:47:07.0000002,14.861837322960355
2009-01-30 22:47:07.0000005,5.922433400190698
2013-09-26 20:54:19.0000001,13.393150955090277
2014-09-16 18:22:23.0000001,8.382979887842566
2011-06-25 23:18:27.0000003,7.885976940169257
2011-06-25 23:18:27.0000002,12.503125605476612
2009-01-17 02:21:55.0000003,4.261094496212081
2014-11-01 15:31:15.0000001,8.474032179511823
2013-07-12 23:17:31.0000003,8.948373095811007
2013-07-12 23:17:31.0000002,12.199221398778832
2013-07-12 23:17:31.0000001,9.97837802439119
2009-09-24 04:23:47.0000001,6.49192127017659
2009-04-20 21:08:35.0000005,6.262455136837161
2009-04-20 21:08:35.0000004,9.21835713548353
2009-04-06 13:47:15.0000001,4.685276981657694
2013-11-29 21:36:07.0000002,18.2970617963731
2013-11-29 21:36:07.0000001,9.568818365725633
2012-04-14 11:59:11.0000003,10.18797686114965
2009-03-06 00:13:03.0000002,12.57685929392369
2010-04-23 00:00:03.0000001,30.898151120312832
2010-05-22 23:46:19.0000004,8.0492915638971
2012-06-09 22:57:15.0000004,9.191211603807687
2010-10-27 02:29:39.0000001,7.403278905924481
2010-10-22 20:56:51.0000003,11.581834025480475
2013-10-07 08:53:39.0000001,7.745782959854296
2011-10-04 11:48:35.0000001,8.644901787687559
2010-12-31 13:32:39.0000002,6.550342668041253
2010-08-21 20:25:07.0000002,7.225262767049344
2009-11-16 21:03:31.0000005,13.501733909988388
2009-11-16 21:03:31.0000006,8.312658275753392
2010-12-01 21:02:35.0000003,13.199731753059268
2010-04-20 11:53:23.0000001,6.491429664975499
2013-09-20 13:38:55.0000005,6.175185793910714
2013-09-20 13:38:55.0000004,49.379215125467795
2012-09-09 23:40:03.0000002,7.791429257610503
2012-09-09 23:40:03.0000004,10.942540595857508
2010-05-23 15:28:55.0000002,3.1688443867963088
2012-10-15 20:10:31.0000005,15.876510384060907
2013-06-07 13:52:55.0000005,8.878292575524256
2009-06-04 19:34:15.0000005,7.701283180219775
2013-09-29 22:12:07.0000001,24.48021349353121
2010-05-02 12:39:55.0000003,6.713427388513082
2010-05-02 12:39:55.0000001,14.865613220722821
2015-05-20 00:59:15.0000001,9.070287092357717
2009-12-03 18:02:47.0000003,6.349829286923409
2009-12-03 18:02:47.0000002,45.97730686101045
2009-09-28 19:21:59.0000007,4.694013328052506
2009-09-28 19:21:59.0000006,8.62947218330612
2015-05-23 12:59:39.0000003,15.218429435454937
2014-01-11 23:10:59.0000006,8.033907803558122
2010-04-24 20:15:07.0000001,5.317654129017228
2013-05-24 07:22:51.0000001,7.634160809576315
2009-08-06 02:50:03.0000001,17.24063095892268
2014-08-08 17:32:47.0000003,9.625164468996218
2010-09-22 09:42:31.0000003,7.084870213010959
2013-08-19 19:39:23.0000002,15.162286205421083
2015-03-11 16:36:39.0000004,25.193732863069272
2015-05-29 18:59:35.0000006,12.76218952469253
2011-10-26 17:48:43.0000005,8.385211849245934
2009-11-03 19:53:27.0000002,9.74380947376585
2009-11-03 19:53:27.0000001,6.125396850911443
2009-12-19 21:56:15.0000004,5.364179768958024
2009-12-21 21:20:43.0000002,5.424758005502667
2009-08-21 15:35:07.0000001,10.928150615738787
2010-04-25 13:28:47.0000001,8.728197988501393
2010-11-02 18:49:59.0000004,8.023773346388225
2010-04-21 06:28:47.0000001,45.13467420456209
2015-02-11 20:51:51.0000001,6.6959519541049985
2013-12-07 01:41:59.0000002,8.080923654887215
2013-05-21 06:52:59.0000003,25.611832299597154
2014-07-12 00:15:59.0000001,11.505030393375364
2010-06-13 19:39:51.0000002,12.060788964023118
2009-03-31 10:27:19.0000003,8.781641307787027
2013-09-14 18:28:03.0000001,8.226679858957823
2015-02-14 09:08:11.0000002,8.298880694507261
2012-01-19 20:26:35.0000002,7.546891550791088
2012-01-19 20:26:35.0000003,7.149190949112835
2012-01-19 20:26:35.0000006,16.65172779263662
2015-02-25 18:00:51.0000001,8.072440681719286
2015-02-25 18:00:51.0000007,6.646274134128362
2009-08-08 11:41:51.0000003,5.47136414993804
2013-06-02 16:26:47.0000001,7.540841879021741
2011-09-14 00:50:15.0000001,9.77034538121211
2013-02-16 14:26:51.0000003,6.025048770814578
2012-11-12 11:57:03.0000001,7.34095732194487
2012-01-04 00:06:39.0000002,7.01047709927002
2013-06-21 02:39:47.0000001,14.30998172492582
2010-12-28 20:17:27.0000005,9.881225197839399
2010-12-28 20:17:27.0000003,11.231977957129516
2009-12-12 22:01:31.0000001,4.695714190210879
2011-05-20 23:42:59.0000001,8.257318490936541
2014-01-04 10:54:59.0000005,8.53990517178579
2014-01-04 10:54:59.0000002,10.650419102399042
2012-02-11 04:52:35.0000001,5.7039383721264585
2014-09-14 23:26:11.0000001,9.689753335378214
2014-04-05 01:52:27.0000002,21.705767210598538
2010-02-23 20:29:51.0000004,6.923659795601225
2013-11-01 13:07:47.0000003,16.086491089307856
2015-03-07 15:25:59.0000003,7.48924401460954
2009-04-16 15:57:31.0000001,7.30238665870138
2010-01-10 12:55:43.0000003,9.39918802718546
2010-01-10 12:55:43.0000004,22.738954719755156
2010-01-10 12:55:43.0000001,4.507125544352675
2015-03-16 21:12:19.0000002,9.553818457204557
2015-03-16 21:12:19.0000006,17.32155360638444
2012-09-29 20:16:51.0000004,7.185749441708936
2009-07-30 15:49:15.0000002,3.716465319338795
2009-07-30 15:49:15.0000004,7.218166912984657
2013-11-18 16:18:39.0000001,48.93997897766508
2015-01-18 14:06:23.0000001,9.431547676783111
2015-01-18 14:06:23.0000004,7.659294738562721
2015-01-18 14:06:23.0000003,8.227314585361341
2009-09-07 19:35:39.0000001,6.135658077046514
2014-06-14 13:39:00.000000155,8.082172750002314
2014-06-14 13:39:00.000000174,9.462269600821742
2014-06-14 13:39:00.000000104,8.94696576951253
2014-06-14 13:39:00.00000083,47.86277091078625
2014-06-14 13:39:00.00000056,7.582337092131866
2014-06-14 13:39:00.000000102,11.900934197766105
2014-06-14 13:39:00.00000065,19.088114393290198
2014-06-14 13:39:00.000000137,12.105811641740388
2014-06-14 13:39:00.0000002,49.361274662307096
2014-06-14 13:39:00.00000028,8.427637967024111
2014-06-14 13:39:00.000000194,8.018126201156292
2013-06-27 00:20:40.0000002,7.232573887151489
2014-12-30 20:29:24.0000001,8.946088062348622
2011-03-24 15:57:04.0000002,5.078665381003248
2012-06-09 16:53:44.0000001,8.793404609236177
2011-10-02 23:36:00.0000001,17.73250144192616
2011-10-02 23:36:00.00000050,24.863095440664893
2011-10-02 23:36:00.00000069,8.079775737573186
2011-10-02 23:36:00.00000093,11.520355487536563
2011-10-02 23:36:00.00000010,14.0959511056559
2011-10-02 23:36:00.00000017,12.471751704379017
2011-10-02 23:36:00.00000072,14.424407068234132
2011-10-02 23:36:00.00000025,11.117570950490403
2011-10-02 23:36:00.00000019,7.152092392680061
2013-03-21 12:47:28.0000001,9.42617272278062
2013-06-07 03:02:56.0000003,12.641903786987427
2009-06-10 16:55:00.000000123,5.168130854544756
2009-06-10 16:55:00.000000150,9.966865892340024
2009-06-10 16:55:00.00000064,5.26415950969465
2009-06-10 16:55:00.00000062,10.02367101142795
2009-06-10 16:55:00.0000005,4.931244492560381
2009-06-10 16:55:00.0000006,18.248281800816585
2009-06-10 16:55:00.000000130,8.062938939759078
2009-06-10 16:55:00.000000175,4.3182765664952285
2009-06-10 16:55:00.00000041,46.57306122769535
2009-06-10 16:55:00.000000152,4.344560924974985
2009-06-10 16:55:00.000000155,3.636315659556999
2009-06-10 16:55:00.00000061,4.906603204293901
2011-06-24 12:03:00.000000131,3.7174202944509034
2011-06-24 12:03:00.000000184,12.000501930168411
2011-06-24 12:03:00.00000081,9.521827841230674
2011-06-24 12:03:00.0000007,8.591791600249621
2011-06-24 12:03:00.00000028,7.197030094889669
2011-06-24 12:03:00.000000198,6.567174403806462
2014-06-15 07:06:00.0000004,14.202969087805172
2014-06-15 07:06:00.00000011,11.549824963997594
2014-06-06 16:22:20.0000001,8.6196544016193
2009-09-14 02:19:00.00000043,5.549265668952785
2009-09-14 02:19:00.00000027,8.758216469517265
2009-09-14 02:19:00.00000042,8.395567837160911
2009-09-14 02:19:00.00000034,20.57439573854913
2009-09-14 02:19:00.00000033,7.094332597375342
2010-08-21 22:21:32.0000001,10.528670951288177
2010-08-21 22:21:32.0000002,8.028472146505806
2012-05-06 23:37:24.0000003,12.603738683744155
2013-12-21 17:20:32.0000002,49.49884653832487
2014-04-28 19:46:36.0000002,8.282084323118625
2011-06-01 07:37:00.00000080,43.3902438126928
2011-06-01 07:37:00.000000164,11.116342134348997
2011-06-01 07:37:00.00000074,19.693201916842895
2011-06-01 07:37:00.00000085,15.71546528073668
2011-06-01 07:37:00.0000003,7.973379045438719
2011-06-01 07:37:00.000000159,19.687408793446593
2011-06-01 07:37:00.00000052,23.581262801574553
2011-06-01 07:37:00.000000218,15.638276991910743
2011-06-01 07:37:00.00000062,5.740594033614343
2011-06-01 07:37:00.00000031,6.7867600613517425
2010-08-27 18:45:00.000000170,11.251888727871801
2010-08-27 18:45:00.00000044,19.82641646321349
2010-08-27 18:45:00.000000146,5.946342159149822
2010-08-27 18:45:00.00000035,8.335767151141113
2010-08-27 18:45:00.000000139,8.064516146432652
2010-08-27 18:45:00.00000051,6.717944454859207
2010-08-27 18:45:00.000000186,5.7711360464248855
2010-08-27 18:45:00.000000102,7.348126672953981
2010-08-27 18:45:00.000000164,11.222510349432469
2010-08-27 18:45:00.000000199,11.935924334302626
2010-08-27 18:45:00.000000174,7.521507061711304
2010-08-27 18:45:00.000000187,5.708511329220755
2010-08-27 18:45:00.000000172,14.164531730760018
2010-08-14 02:13:00.000000105,9.670157519055351
2010-08-14 02:13:00.000000159,4.644747815072151
2010-08-14 02:13:00.00000040,7.860274288356095
2010-08-14 02:13:00.000000147,10.264091535774128
2010-08-14 02:13:00.000000145,6.588861334684793
2010-08-14 02:13:00.00000061,6.395867756618372
2010-08-14 02:13:00.000000150,14.183261945261961
2010-08-14 02:13:00.00000024,6.258774491140457
2010-08-14 02:13:00.000000167,6.998860699823467
2010-08-14 02:13:00.00000099,14.150258319760155
2010-08-14 02:13:00.000000120,11.11825689203863
2010-08-14 02:13:00.00000027,6.486950208579174
2010-08-14 02:13:00.00000063,11.48505915644148
2010-08-14 02:13:00.000000164,5.94411550131781
2010-08-14 02:13:00.000000143,20.571137060118303
2010-08-14 02:13:00.000000156,24.150223051068565
2010-08-14 02:13:00.000000123,17.679926643556314
2014-03-25 23:47:00.00000013,6.85910517691741
2014-03-25 23:47:00.000000116,11.115418246526247
2014-03-25 23:47:00.000000141,7.415085526916073
2014-03-25 23:47:00.000000107,10.15769715319152
2014-03-25 23:47:00.00000068,7.885201292899751
2014-03-25 23:47:00.00000098,20.244391909903925
2014-03-25 23:47:00.000000138,13.343655886688452
2014-03-25 23:47:00.000000120,13.970927221380862
2015-06-05 08:38:56.0000003,9.724666749748508
2010-09-29 16:43:00.000000154,41.01275935316164
2010-09-29 16:43:00.000000157,5.252355810383051
2010-09-29 16:43:00.00000099,8.84018541177636
2010-09-29 16:43:00.00000023,7.759184322764554
2010-09-29 16:43:00.000000148,14.738587857159928
2014-10-27 14:58:00.00000028,8.583612017396149
2014-10-27 14:58:00.00000069,9.901742378161657
2014-10-27 14:58:00.000000106,9.122379681779421
2014-10-27 14:58:00.00000070,7.87633945124287
2014-10-27 14:58:00.000000121,13.39508306982816
2014-10-27 14:58:00.00000022,12.955076493688466
2014-10-27 14:58:00.00000057,18.69921840198333
2009-10-08 23:44:56.0000002,5.101055146805265
2012-11-03 17:11:00.00000080,11.964587740175602
2012-11-03 17:11:00.00000030,8.234256047181248
2012-11-03 17:11:00.000000149,6.847221982077144
2012-11-03 17:11:00.00000078,10.299929407837794
2012-11-03 17:11:00.00000063,9.87662291890274
2012-11-03 17:11:00.000000142,7.437831718911184
2012-11-03 17:11:00.000000101,9.95948035210597
2011-05-28 17:29:44.0000003,6.934005074815559
2011-03-11 01:44:00.00000023,20.862308079479362
2011-03-11 01:44:00.00000014,5.683197141244591
2011-03-11 01:44:00.00000067,3.838551375554289
2011-03-11 01:44:00.00000019,7.733583896267874
2011-03-11 01:44:00.00000082,26.56532068474064
2011-03-11 01:44:00.00000084,4.642550705482677
2011-03-11 01:44:00.00000033,11.366026618631622
2011-03-11 01:44:00.00000051,13.63038651082195
2011-03-11 01:44:00.00000011,22.907990136484386
2013-12-16 19:06:44.0000001,9.054873869067933
2009-05-08 18:00:36.0000001,3.508279119525696
2013-01-27 00:09:12.0000008,11.58560065653785
2013-09-15 02:37:52.0000002,11.12475716436893
2009-04-05 09:48:20.0000001,4.479679115713225
2009-11-25 19:32:52.0000001,185.6210237492253
2011-10-04 09:37:00.00000099,7.446099009833915
2011-10-04 09:37:00.00000019,8.903612247419915
2011-10-04 09:37:00.000000132,16.66710237043037
2011-10-04 09:37:00.00000043,39.14400197743328
2011-10-04 09:37:00.000000122,22.474037541392477
2011-10-04 09:37:00.0000002,10.408206110412493
2011-10-04 09:37:00.000000109,6.227197622862832
2014-04-29 08:15:56.0000003,8.517397595319267
2014-12-24 03:00:00.00000035,7.362144557748479
2009-10-04 22:54:56.0000001,22.242690323334045
2015-04-11 20:31:32.0000008,10.57163917425089
2015-04-11 20:31:32.00000013,14.865265459268699
2011-02-06 17:08:24.0000003,7.07059321044278
2014-04-27 02:57:00.00000010,15.911311097063162
2014-04-27 02:57:00.00000053,9.621028756887313
2014-04-27 02:57:00.000000128,6.932783606786074
2014-04-27 02:57:00.0000008,8.832883151112469
2014-04-27 02:57:00.00000067,11.768493334859954
2014-04-27 02:57:00.0000009,9.585936206800284
2014-04-27 02:57:00.000000159,15.865580346576962
2014-04-27 02:57:00.000000127,11.703320143541987
2014-04-27 02:57:00.000000112,10.021961098567544
2011-12-13 22:00:00.000000147,16.50211426346368
2011-12-13 22:00:00.000000164,7.243148271043992
2011-12-13 22:00:00.00000078,7.966863748420451
2011-12-13 22:00:00.000000103,10.63558798952738
2011-12-13 22:00:00.000000226,8.369100480877705
2011-12-13 22:00:00.000000215,11.50179715733168
2011-12-13 22:00:00.00000013,9.139426271870889
2011-12-13 22:00:00.000000258,7.760534534560406
2011-12-13 22:00:00.00000087,45.85891844420689
2011-12-13 22:00:00.000000270,6.0996897364257165
2011-12-13 22:00:00.00000073,9.33916753622725
2011-12-13 22:00:00.000000203,6.77999782392078
2011-12-13 22:00:00.000000184,5.394357542338071
2011-12-13 22:00:00.00000019,8.538709386479468
2011-12-13 22:00:00.000000101,31.104597453209976
2011-12-13 22:00:00.000000122,21.122221370478314
2011-12-13 22:00:00.000000190,7.8150123568722165
2011-12-13 22:00:00.00000021,5.968079494455083
2011-12-13 22:00:00.00000051,15.542600341840739
2011-12-13 22:00:00.00000036,8.959665386361053
2011-12-13 22:00:00.00000022,7.566106942625879
2009-04-12 16:00:56.0000002,11.87150721811463
2014-03-05 21:07:12.0000001,6.585573313627606
2015-04-11 14:16:12.0000009,8.62873791695472
2014-07-21 18:19:00.000000203,10.070426205826266
2014-07-21 18:19:00.000000229,11.873503729671143
2014-07-21 18:19:00.000000146,8.217519712173612
2014-07-21 18:19:00.000000108,10.44068974464983
2014-07-21 18:19:00.000000171,7.69315217729195
2014-07-21 18:19:00.00000090,14.115832050038307
2014-07-21 18:19:00.00000020,8.74118602402666
2014-07-21 18:19:00.00000059,19.510770586654758
2014-07-21 18:19:00.000000185,7.905755645093336
2014-07-21 18:19:00.000000186,11.315891657155362
2014-07-21 18:19:00.000000201,11.990760208704614
2014-07-21 18:19:00.000000217,6.668479231403012
2014-07-21 18:19:00.00000017,9.989352640819334
2014-07-21 18:19:00.00000079,9.688321353211336
2014-07-21 18:19:00.00000087,9.311252591827838
2011-06-13 09:55:04.0000003,13.962079160878375
2010-09-20 16:48:00.00000025,10.781541517780056
2010-09-20 16:48:00.00000085,45.11533555462006
2010-09-20 16:48:00.00000069,28.15057276871312
2010-09-20 16:48:00.00000086,7.786658097821942
2010-09-20 16:48:00.00000021,4.480234427254572
2010-09-20 16:48:00.00000024,7.211497658530561
2010-09-20 16:48:00.000000100,9.520958242186452
2010-09-20 16:48:00.0000008,17.367496583127036
2010-09-20 16:48:00.00000074,11.363760979610788
2012-08-20 14:47:36.0000002,11.102479783460126
2014-12-01 00:12:44.0000002,26.45219891483862
2009-03-16 09:55:24.0000001,5.827646297329466
2011-03-06 21:01:00.00000017,6.886337813988803
2011-03-06 21:01:00.000000161,10.049898291154705
2011-03-06 21:01:00.000000170,8.219349249966399
2011-03-06 21:01:00.00000078,10.909485564107854
2011-03-06 21:01:00.000000160,10.313573355159747
2013-02-26 01:38:20.0000001,7.502483816555923
2014-09-22 07:14:16.0000001,8.649509535840025
2010-10-05 02:09:00.00000017,7.745822971914777
2010-10-05 02:09:00.00000024,19.2413969469344
2010-10-05 02:09:00.00000020,6.946009706789141
2011-04-16 21:23:16.0000001,7.263618122013213
2013-10-05 19:51:04.0000001,7.833351075294104
2011-10-07 22:08:20.0000005,9.900837024508974
2012-03-14 19:10:48.0000003,5.533323626314655
2009-06-21 04:28:48.0000001,14.226542891290478
2011-06-25 11:42:36.0000001,9.269273864777006
2012-01-26 07:33:00.000000145,7.89889490660164
2012-01-26 07:33:00.00000030,5.120425239443648
2012-01-26 07:33:00.000000121,5.480153087465396
2012-01-26 07:33:00.000000151,9.53435530438378
2012-01-26 07:33:00.00000044,7.001280212901861
2015-03-20 23:34:40.0000009,17.724332809972566
2015-03-20 23:34:40.0000005,8.289102986317175
2015-05-21 07:08:08.0000001,9.475725575535535
2010-12-09 07:29:00.000000156,5.969287069060556
2010-12-09 07:29:00.0000002,9.137924560220654
2010-12-09 07:29:00.00000081,12.004992690547056
2010-08-21 23:02:28.0000003,13.94983898488465
2009-10-29 10:48:40.0000003,3.768850166037396
2015-02-01 00:48:44.0000003,8.360012367739841
2015-02-01 00:48:44.0000005,7.258870329357137
2011-12-06 11:07:40.0000002,6.446235980070242
2011-12-06 11:07:40.0000003,13.338845037340775
2013-05-18 15:28:40.0000001,9.59341495491276
2013-09-01 17:57:04.0000001,8.952363102249478
2015-02-21 18:39:16.0000001,12.618855828091228
2013-07-22 15:05:16.0000005,9.505811409912326
2010-12-25 13:54:12.0000002,6.347180642594708
2013-11-29 20:09:12.0000001,15.590267771020535
2011-10-25 20:34:20.0000002,11.490425895362364
2012-11-20 21:54:00.000000152,6.403675671163342
2012-11-20 21:54:00.00000071,23.39474034620116
2012-11-20 21:54:00.00000078,12.535242860729682
2012-11-20 21:54:00.00000073,8.925348702410133
2012-11-20 21:54:00.00000066,11.815958979728634
2012-11-20 21:54:00.000000189,8.744402238125303
2012-11-20 21:54:00.00000016,14.978415134907777
2012-11-20 21:54:00.0000007,11.397076629182038
2012-11-20 21:54:00.000000161,13.442264003846958
2012-11-20 21:54:00.000000174,9.929054058923725
2012-11-20 21:54:00.00000084,10.842591852086457
2012-11-20 21:54:00.000000173,8.399929298593293
2014-06-23 00:16:00.00000086,8.742673206366703
2014-06-23 00:16:00.00000042,46.91455162800071
2014-06-23 00:16:00.00000010,8.348646699161122
2011-09-30 03:23:32.0000001,12.84190944840293
2011-01-03 21:51:28.0000003,8.288607491851735
2013-09-25 22:00:00.00000018,9.822611872106222
2013-09-25 22:00:00.00000071,10.667969616952291
2013-09-25 22:00:00.000000114,10.450340946679262
2013-09-25 22:00:00.000000191,10.202729777246304
2013-09-25 22:00:00.0000006,7.991655141568913
2013-09-25 22:00:00.000000113,6.407502046818195
2013-09-25 22:00:00.000000212,7.902186395906824
2013-09-25 22:00:00.00000066,7.270468726320587
2011-07-06 18:07:44.0000004,6.329691713659486
2014-07-11 12:36:08.0000001,14.122990854056411
2015-02-20 11:08:29.0000007,10.069929368659132
2009-05-16 14:53:41.0000003,5.5343892454350225
2010-07-01 22:11:33.0000003,6.571947485877672
2014-10-07 11:52:13.0000008,8.263352743137034
2015-02-26 23:20:13.0000008,13.51985559662944
2011-11-28 14:13:37.0000002,8.117821936024939
2013-08-30 11:20:21.0000003,27.937009773269892
2014-10-25 23:23:05.0000001,11.417060074927122
2014-10-25 23:23:05.0000002,11.653327063522397
2011-07-02 00:38:01.0000001,8.936984659035488
2014-02-08 17:24:57.0000002,7.78750248512722
2013-02-16 16:03:17.0000001,12.270278280066577
2011-01-24 20:18:49.0000005,10.021595312494924
2012-04-07 12:14:05.0000001,10.779872308147446
2011-10-20 13:46:33.0000002,8.179315690662406
2013-11-29 15:09:45.0000003,9.158634091385466
2014-06-22 14:49:13.0000002,28.346969061958248
2009-08-28 23:01:41.0000002,7.768066821946377
2010-06-11 13:37:21.0000003,8.359117397140608
2013-06-17 06:37:49.0000002,6.555323943438793
2015-06-02 09:11:17.0000002,35.91559864236581
2014-12-07 19:56:45.0000001,12.214856769094013
2013-04-23 13:19:17.0000001,7.7705130124916195
2013-11-28 13:17:13.0000003,6.89379794978754
2012-06-10 00:46:17.0000001,10.269248590237225
2010-02-27 22:55:09.0000001,5.014523890586247
2012-04-14 14:20:33.0000002,9.572536782194902
2013-03-08 19:03:09.0000002,6.521021260626412
2012-07-13 11:00:05.0000005,5.231692577028753
2014-07-01 11:05:21.0000003,8.61151857838604
2012-10-25 16:20:37.0000005,9.71200688159081
2011-03-24 17:44:01.0000002,9.98867506656211
2014-07-25 18:06:37.0000006,10.971036484465003
2009-08-02 14:01:33.0000005,8.728973419891076
2009-09-25 21:43:49.0000009,9.094954396629078
2011-12-09 21:19:25.0000003,8.086660049828993
2011-12-09 21:19:25.0000004,9.83332912175058
2012-02-08 11:14:49.0000003,13.822349599111476
2012-07-18 22:34:53.0000002,6.945976122033358
2012-07-18 22:34:53.0000004,7.409023528343596
2009-09-04 18:43:33.0000002,4.670037673857223
2011-04-23 11:01:49.0000002,22.117676404591407
2014-10-28 22:42:33.0000004,9.835936461025199
2010-06-20 12:42:37.0000002,5.551662718855255
2015-02-19 11:39:21.0000004,25.885916378523575
2013-12-08 10:41:05.0000002,6.7624119913512
2009-05-15 21:19:13.0000003,5.208219440121297
2011-08-18 08:36:13.0000005,6.072386083578863
2012-12-20 23:43:09.0000004,18.204671952248987
2009-06-13 18:40:13.0000001,12.870461899912812
2009-01-06 07:36:34.0000001,8.191717222179136
2015-04-12 21:56:22.0000003,9.10830287506326
2010-03-21 16:52:58.0000003,7.21165545664735
2013-07-09 21:59:42.0000001,33.501729869275096
2012-06-23 09:43:42.0000002,5.8409543790163525
2012-06-23 09:43:42.0000004,6.11612205140932
2013-10-26 10:46:46.0000003,26.077332498518672
2013-09-14 18:51:46.0000001,8.497316271106683
2009-11-23 19:06:14.0000001,7.1169187681344965
2010-01-24 14:09:58.0000002,7.516617953123728
2011-12-10 23:39:06.0000003,6.315455592494573
2011-01-15 04:13:38.0000001,6.713442408798414
2011-03-03 21:31:42.0000003,7.18507569441374
2012-08-04 23:34:58.0000003,14.498713040951657
2015-04-10 11:56:54.0000006,7.733635164693624
2015-05-05 12:32:14.0000008,14.346923997018848
2013-10-13 19:52:54.0000002,42.74504062366759
2015-06-25 01:01:46.0000004,13.305405740472338
2009-05-19 15:44:30.0000002,24.62386412170315
2010-02-06 17:37:10.0000002,5.5992215897088045
2013-01-14 18:42:54.0000003,8.291800450250662
2014-01-05 17:47:02.0000001,11.832051814956117
2009-07-28 11:13:10.0000002,6.723864512684031
2012-01-12 18:05:10.0000002,17.57650907426944
2010-12-21 08:46:02.0000006,6.6067787636055755
2013-11-24 03:44:46.0000003,14.178943857532772
2013-06-30 03:37:26.0000003,16.014072199334123
2011-05-26 21:36:54.0000004,6.560767077703758
2009-03-11 21:46:54.0000002,9.670905844978165
2012-12-26 17:12:30.0000002,11.522297540822592
2013-04-21 19:50:54.0000001,12.961410647740422
2013-02-06 18:21:18.0000001,10.398751313171829
2013-07-21 11:41:26.0000003,12.575677983025003
2011-09-17 15:41:06.0000004,12.674544487536423
2015-06-21 17:16:10.0000005,11.628568098555434
2015-02-27 19:36:02.00000013,10.407612487062465
2015-06-15 01:00:06.0000001,7.419178405836988
2014-03-08 16:08:26.0000001,6.882285249873917
2014-03-08 16:08:26.0000003,8.114567402223543
2014-09-13 19:05:02.0000002,9.597902363857202
2010-12-04 21:08:38.0000004,19.333755098031816
2010-03-07 00:47:26.0000001,3.8527030989284867
2009-12-30 16:54:50.0000001,19.527773096547094
2009-03-11 16:02:14.0000007,9.083547353425843
2010-03-13 01:23:10.0000001,4.583875168969598
2012-05-30 02:28:50.0000002,9.811342084386865
2010-09-04 18:31:42.0000003,5.323794477042725
2009-11-20 23:19:58.0000003,10.667837166986146
2011-09-22 20:05:22.0000003,12.090274878836567
2009-02-08 00:04:06.0000001,26.243333459251517
2014-05-17 10:51:46.0000003,12.405369143242524
2010-05-06 11:35:26.0000002,9.235826859960753
2011-10-01 00:42:26.0000001,6.715756788133035
2014-12-26 20:19:38.0000001,8.129170434486696
2015-04-22 09:54:06.0000004,11.320943225388078
2009-01-25 21:17:18.0000001,10.942746950312085
2011-08-01 17:44:30.0000003,19.939670311533973
2012-03-25 04:50:39.0000001,25.795606169751863
2012-12-26 18:28:55.0000004,8.707452047841116
2011-07-06 19:56:23.0000005,13.827270798807831
2012-08-19 12:06:39.0000002,11.688572275635465
2015-04-28 20:15:27.0000004,8.777269386092144
2015-04-28 20:15:27.0000007,9.316319266099867
2014-06-07 12:21:11.0000002,24.526947943683922
2013-12-22 21:24:47.0000001,9.428653094294418
2011-11-23 21:07:43.0000004,8.49234265138989
2011-08-08 11:18:15.0000001,6.910628289871283
2015-05-20 19:39:11.0000004,10.882993598869348
2015-03-20 16:33:07.0000003,30.51696646096468
2015-04-26 21:44:23.0000002,7.452252408239701
2010-10-09 15:48:51.0000004,4.357217447102357
2012-04-27 22:32:19.0000002,8.476438178646504
2012-10-12 15:21:55.0000002,10.574616458484797
2009-12-26 09:23:19.0000001,5.662325973681163
2014-11-30 15:46:23.0000002,6.5926877784208955
2010-06-22 14:25:19.0000007,8.178120661134017
2013-01-03 11:41:47.0000002,24.370250708648996
2015-01-12 17:05:51.0000005,38.43231882675991
2013-04-07 00:24:27.0000002,7.426641790725739
2010-01-13 08:28:59.0000002,4.214816263292164
2012-06-16 14:33:19.0000001,7.23344120199306
2009-03-25 01:20:55.0000002,10.138664558802361
2010-07-13 07:38:03.0000003,16.586748829975022
2012-11-09 18:17:35.0000004,7.29204150839405
2009-06-21 00:54:23.0000002,7.470380298770692
2009-12-23 20:14:19.0000004,7.848805092350517
2013-11-29 21:36:07.0000003,7.063371022211186
2012-06-09 22:57:15.0000003,7.326751641329679
2010-10-22 20:56:51.0000002,7.300143031165817
2011-02-21 23:46:07.0000002,16.288094344561387
2012-07-30 18:18:19.0000001,25.94004508436649
2010-06-02 19:45:19.0000003,6.86696836734086
2009-05-21 20:50:31.0000003,5.633295754451183
2014-11-11 12:10:59.0000001,12.526769951815822
2012-09-09 23:40:03.0000003,10.723975025691743
2011-04-28 01:29:51.0000001,7.171299963916681
2009-09-28 19:21:59.0000003,14.05952847212734
2012-10-21 19:47:23.0000002,15.101968500618682
2013-06-04 23:58:11.0000006,10.918663239926673
2014-08-08 17:32:47.0000005,47.774852317440605
2011-01-04 10:12:51.0000002,9.028127107008572
2011-10-26 17:48:43.0000006,12.838330070312054
2009-12-19 21:56:15.0000003,4.759097100039639
2010-06-13 19:39:51.0000001,6.68560999310057
2015-02-14 09:08:11.0000001,51.91376818353535
2015-02-14 09:08:11.0000004,10.555678917235355
2013-01-09 02:05:51.0000001,12.713682936523242
2013-06-21 02:39:47.0000002,7.2441520593994255
2011-10-07 12:38:19.0000001,6.74826917809844
2013-02-02 16:07:55.0000004,13.038442827508334
2014-04-05 01:52:27.0000004,10.71966615038184
2014-04-05 01:52:27.0000003,16.785158541228043
2010-02-23 20:29:51.0000001,5.197892114570777
2014-07-01 15:15:23.0000003,7.594623109577469
2012-12-01 21:12:12.0000001,11.092428659595043
2014-06-14 13:39:00.00000071,7.870099758116339
2013-11-09 18:52:40.0000001,11.734826949630815
2013-11-09 18:52:40.0000003,12.018866580075269
2014-12-30 20:29:24.0000002,11.078244759114682
2010-05-10 10:37:04.0000004,10.057909724094088
2013-07-12 23:33:24.0000002,14.8360835473095
2009-06-10 16:55:00.000000132,8.853923300771726
2009-06-10 16:55:00.000000163,8.98487391663457
2009-06-10 16:55:00.00000084,12.284570930404698
2009-03-22 04:31:40.0000001,14.748300694158615
2011-06-24 12:03:00.0000009,8.597303065341976
2011-06-24 12:03:00.000000174,23.785535547032396
2011-06-24 12:03:00.000000158,9.840627994117881
2014-06-15 07:06:00.00000044,50.035883567035285
2015-05-30 21:29:04.0000006,9.437328095757152
2009-09-14 02:19:00.00000037,13.110687506971772
2011-10-02 22:31:44.0000001,23.40407909537862
2011-07-20 16:34:48.0000002,9.963632575790825
2011-06-01 07:37:00.00000012,15.281067331999338
2011-06-01 07:37:00.000000111,10.864570238371016
2011-06-01 07:37:00.00000014,7.916995970657808
2010-08-27 18:45:00.0000002,14.348744742273084
2010-08-27 18:45:00.000000118,6.63446203272656
2010-08-27 18:45:00.000000143,7.432835726475901
2010-08-27 18:45:00.000000233,17.25314196117006
2010-08-27 18:45:00.000000156,7.017853376151038
2010-08-27 18:45:00.000000167,13.793714497915289
2010-08-27 18:45:00.000000168,6.238653110363657
2010-08-27 18:45:00.000000149,6.374910283182999
2010-08-27 18:45:00.00000091,6.132250861084913
2010-08-27 18:45:00.000000126,6.341647952912581
2010-08-27 18:45:00.00000020,8.748591442592215
2010-08-14 02:13:00.000000154,7.552528125187678
2010-08-14 02:13:00.00000098,5.942937783048933
2015-04-16 22:32:48.0000003,20.678987872539437
2014-03-25 23:47:00.00000021,23.780494054703126
2014-03-25 23:47:00.00000084,13.968828033492741
2010-09-29 16:43:00.000000161,7.7480257011600315
2010-09-29 16:43:00.00000093,26.931410811183127
2014-10-27 14:58:00.00000088,9.957216944552556
2014-10-27 14:58:00.00000092,52.320770652852616
2014-10-27 14:58:00.00000094,9.728774735631191
2012-11-03 17:11:00.00000013,8.896968161059249
2012-11-03 17:11:00.0000001,7.131775673416769
2012-11-03 17:11:00.000000150,9.193926639257597
2011-05-28 17:29:44.0000002,5.732126088846712
2013-09-28 00:06:20.0000005,9.153534192913412
2013-09-28 00:06:20.0000003,18.49643341752858
2011-03-11 01:44:00.00000095,4.545682344128863
2011-03-11 01:44:00.00000029,7.9525947746200245
2011-10-04 09:37:00.00000080,24.107108063446162
2011-10-04 09:37:00.000000113,12.700441293477866
2011-10-04 09:37:00.000000160,7.683261310413059
2011-10-04 09:37:00.0000006,6.732697009146591
2014-12-24 03:00:00.00000020,74.64806634830995
2009-05-16 23:36:24.0000003,3.705018564108741
2014-04-27 02:57:00.00000064,30.131768458270358
2014-04-27 02:57:00.00000083,14.314552086860203
2014-04-27 02:57:00.00000069,18.958688360017845
2014-04-27 02:57:00.0000007,10.660152305788756
2011-12-13 22:00:00.000000102,18.55247288981161
2011-12-13 22:00:00.000000214,19.242925421218388
2011-12-13 22:00:00.000000128,11.099447839671939
2011-12-13 22:00:00.000000249,9.374425140561016
2011-12-13 22:00:00.00000052,16.834008844667324
2011-12-13 22:00:00.000000168,6.812165349433712
2011-12-13 22:00:00.00000079,10.498200270223379
2011-12-13 22:00:00.00000050,8.202192905050651
2015-04-11 14:16:12.0000005,7.675629207564725
2014-07-21 18:19:00.000000205,9.48518613309966
2014-07-21 18:19:00.00000023,18.2172086222738
2014-07-21 18:19:00.00000046,12.937324815544002
2014-07-21 18:19:00.00000096,15.617550532693599
2014-07-21 18:19:00.000000156,26.344852706941765
2010-09-20 16:48:00.0000002,8.211362942361234
2010-09-20 16:48:00.000000156,5.886775196336998
2010-09-20 16:48:00.00000041,8.49975097566778
2010-09-20 16:48:00.00000083,6.376680041877421
2010-09-20 16:48:00.000000122,13.516639097148186
2011-03-06 21:01:00.00000036,8.625800401842525
2011-03-06 21:01:00.00000019,5.5514577651021
2011-03-06 21:01:00.000000123,10.812279817116973
2011-03-06 21:01:00.000000166,9.621492717112346
2011-03-06 21:01:00.000000140,14.583238499375511
2011-03-06 21:01:00.00000060,7.161403338509103
2012-05-23 16:25:16.0000001,48.53565846266895
2011-04-16 21:23:16.0000003,4.693948443850559
2013-10-05 19:51:04.0000004,7.339325839996718
2012-03-14 19:10:48.0000007,7.470989842983613
2012-01-26 07:33:00.00000064,18.631096143840978
2012-01-26 07:33:00.000000131,6.006189897744207
2012-01-26 07:33:00.00000071,5.957289669030956
2012-01-26 07:33:00.00000028,15.807141916581486
2012-01-26 07:33:00.00000072,7.931129248850766
2010-12-09 07:29:00.00000093,10.306158361656003
2010-12-09 07:29:00.000000123,9.58440836780801
2010-12-09 07:29:00.00000056,6.911683994579221
2014-05-17 02:47:12.0000001,8.803358301412231
2009-01-22 12:27:20.0000001,10.548300192116699
2011-04-23 21:22:20.0000002,6.487760219895108
2012-11-20 21:54:00.00000062,8.04214176884011
2012-11-20 21:54:00.000000207,10.389373907819163
2012-11-20 21:54:00.00000014,6.602591119031672
2012-11-20 21:54:00.000000246,20.47250228631458
2012-11-20 21:54:00.000000164,49.91175462898741
2014-06-23 00:16:00.00000011,18.52419057941961
2014-06-23 00:16:00.00000091,9.430491433885777
2013-09-25 22:00:00.000000144,11.777076970642156
2013-09-25 22:00:00.000000100,51.698080746406504
2013-09-25 22:00:00.000000166,11.238758832487633
2013-09-25 22:00:00.000000105,15.426467111090346
2013-09-25 22:00:00.00000015,10.96152702445454
2011-07-06 18:07:44.0000002,42.76015847169833
2009-05-16 14:53:41.0000002,8.326509103690228
2013-10-17 22:21:57.0000003,12.276794692037242
2015-03-04 21:42:57.00000011,9.63358868883006
2011-03-22 12:59:49.0000001,11.535778060466782
2013-07-05 00:58:17.0000004,14.780087687564787
2010-01-30 00:57:21.0000001,6.139087545061329
2012-04-02 08:39:21.0000002,15.993105857985029
2010-07-25 04:03:17.0000001,16.385631990614456
2012-07-01 22:30:29.0000002,18.310120161326836
2014-02-08 17:24:57.0000003,14.647570611795572
2012-06-02 01:16:05.0000003,5.949317913822711
2012-06-02 01:16:05.0000001,4.5094138389343925
2014-01-11 06:18:37.0000001,7.331222820877542
2012-12-09 22:30:13.0000005,6.753060179167278
2011-10-01 15:04:57.0000002,6.623228628187803
2012-01-01 00:37:29.0000004,9.030508322282685
2012-04-14 14:20:33.0000003,12.095877280257241
2010-02-01 20:28:45.0000004,8.671641337442907
2013-08-19 16:21:05.0000001,15.541690915465665
2014-06-05 22:56:05.0000004,8.105319538062759
2013-11-07 22:25:25.0000004,16.178574966885094
2010-06-19 03:06:33.0000001,16.116277085607635
2012-07-18 09:44:53.0000003,7.245702740730394
2009-09-25 21:43:49.0000002,7.364862031575058
2009-09-04 18:43:33.0000001,5.582970342039744
2012-10-20 00:36:37.0000001,8.470394674830345
2014-06-19 22:37:09.0000002,33.068222917196636
2012-12-20 23:43:09.0000001,18.693021312878386
2015-05-23 01:00:22.0000002,10.340187679741575
2012-11-18 14:55:42.0000001,8.276534646297705
2010-01-24 14:09:58.0000003,4.885776369783798
2014-07-27 11:25:18.0000003,18.859492025360623
2009-03-15 03:31:14.0000004,4.013716925847348
2010-09-24 22:40:06.0000004,5.776183935008817
2009-04-18 23:09:34.0000001,40.1804605489649
2014-08-26 16:39:54.0000001,14.546007932657858
2009-05-31 20:56:38.0000004,5.408178821532147
2015-05-29 10:02:42.0000002,9.79254595156226
2011-04-17 14:55:58.0000002,6.287100678377556
2011-05-26 21:36:54.0000003,7.863643313162015
2011-05-26 21:36:54.0000002,10.5263152050087
2013-11-23 16:33:30.0000002,10.49778614402976
2009-06-03 09:11:30.0000001,6.322969672703607
2010-12-04 21:08:38.0000005,7.312420321943478
2013-09-07 19:43:18.0000003,9.578230405011368
2011-03-10 18:16:14.0000005,5.669573239004308
2011-05-19 02:06:46.0000002,7.2061548361660925
2009-08-03 17:06:06.0000002,14.772233955237425
2015-04-14 19:20:46.0000008,8.954041570465733
2011-09-08 13:39:06.0000002,6.806018394788225
2012-03-03 02:30:54.0000003,12.244003671138216
2012-12-27 21:01:54.0000004,8.75989886472712
2012-12-27 21:01:54.0000005,11.28315008928655
2014-06-20 02:16:34.0000002,8.410113714420277
2014-01-14 18:48:06.0000008,10.01423578840388
2011-09-03 00:03:42.0000008,8.149736373542169
2013-07-02 22:27:14.0000004,12.483959130011385
2013-07-02 22:27:14.0000001,15.979591070203924
2015-05-09 11:33:58.0000002,9.893831552688312
2015-03-28 19:31:26.0000003,11.871512176523424
2013-08-08 14:38:43.0000002,8.952865257353892
2009-11-19 22:48:27.0000001,41.73119262394391
2011-07-06 19:56:23.0000001,15.559055157204966
2015-06-18 20:56:55.0000002,7.689420235601574
2015-02-14 13:15:19.0000002,8.251802393880098
2013-01-12 22:40:39.0000002,9.07975353078109
2013-03-23 15:41:07.0000002,23.59726528414774
2010-01-31 00:33:03.0000006,6.788160483029856
2014-06-09 14:51:39.0000001,9.211395239592207
2015-03-20 16:33:07.0000004,13.702840138219358
2015-01-04 00:28:11.0000004,8.546602445921508
2010-10-04 16:17:03.0000001,10.498988211087863
2011-05-17 07:53:55.0000003,5.934819079585054
2012-12-26 20:55:27.0000001,6.178413160400964
2012-12-26 20:55:27.0000003,7.108693237454872
2011-12-17 16:19:47.0000002,12.516056380495229
2010-02-15 10:14:23.0000001,27.20099669681133
2010-12-11 16:12:35.0000003,5.621942679814765
2011-12-11 11:05:51.0000002,11.782576934158783
2014-06-14 12:32:11.0000001,9.774198590047945
2012-06-09 22:57:15.0000001,8.651883299478868
2009-05-21 20:50:31.0000004,5.761311158630633
2010-09-22 09:42:31.0000005,6.380472750147646
2014-07-08 10:21:39.0000007,19.00777357229424
2012-09-16 18:14:55.0000002,14.915985733939806
2013-10-05 13:45:39.0000001,7.641916933519269
2014-07-31 10:39:39.0000001,11.361529782423872
2013-02-16 14:26:51.0000001,10.206831858898227
2014-01-04 10:54:59.0000004,48.13837782214887
2015-03-07 15:25:59.0000005,8.933827567409935
2009-04-16 15:57:31.0000003,4.746978046794311
2011-10-23 17:43:43.0000002,8.160780588022817
2014-06-14 13:39:00.000000189,10.621063882402154
2014-06-14 13:39:00.000000153,9.914608942259974
2014-06-14 13:39:00.00000088,7.832390222467438
2014-06-14 13:39:00.000000157,13.862211791125787
2014-06-14 13:39:00.00000046,9.210741996780598
2014-06-14 13:39:00.000000110,10.620421951842786
2014-06-14 13:39:00.000000106,43.78286452314569
2014-06-14 13:39:00.00000019,15.285766209699887
2014-06-14 13:39:00.000000186,7.417459075043212
2014-06-14 13:39:00.00000037,10.138611654709166
2014-06-14 13:39:00.00000057,10.457682087312492
2014-06-14 13:39:00.000000127,11.713395156453316
2014-06-14 13:39:00.0000009,31.998882538258613
2014-06-14 13:39:00.000000173,14.441188812572591
2014-06-14 13:39:00.00000027,8.28235874980453
2014-06-14 13:39:00.000000100,8.421727167248036
2011-10-02 23:36:00.00000060,24.101018075419915
2011-10-02 23:36:00.00000057,18.956115313099417
2011-10-02 23:36:00.00000044,6.490783074801811
2011-10-02 23:36:00.00000087,27.223593243167443
2011-10-02 23:36:00.00000084,11.027076772619012
2011-10-02 23:36:00.00000046,14.029074572388936
2011-10-02 23:36:00.0000006,8.002003083794989
2011-10-02 23:36:00.00000033,39.15225280483094
2011-10-02 23:36:00.00000064,20.94156387417945
2011-10-02 23:36:00.00000094,5.470030910398464
2011-10-02 23:36:00.00000049,8.80765939734988
2011-10-02 23:36:00.00000066,8.97502357105759
2011-10-02 23:36:00.00000080,9.617313861663433
2011-10-02 23:36:00.00000029,42.20498798377457
2011-10-02 23:36:00.00000055,6.337698095970154
2011-10-02 23:36:00.00000079,17.731040021190893
2011-10-02 23:36:00.00000053,11.73803158413898
2009-06-10 16:55:00.00000014,6.610518438416079
2009-06-10 16:55:00.00000052,6.562186337075445
2009-06-10 16:55:00.00000065,7.37478377472064
2009-06-10 16:55:00.000000169,9.971955279634471
2009-06-10 16:55:00.000000172,6.32547983104007
2009-06-10 16:55:00.000000105,4.962366930051189
2009-06-10 16:55:00.00000073,3.562109437334925
2009-06-10 16:55:00.000000157,9.640663020325405
2009-06-10 16:55:00.000000156,6.361804402054872
2009-06-10 16:55:00.000000116,8.099137180876937
2009-06-10 16:55:00.00000022,4.871928942678096
2009-06-10 16:55:00.00000013,5.543595158343692
2009-06-10 16:55:00.000000126,3.719969119295911
2009-06-10 16:55:00.00000023,6.597847828255681
2009-06-10 16:55:00.00000086,5.9448241900425955
2009-06-10 16:55:00.00000040,8.829364445484316
2009-06-10 16:55:00.00000058,6.615316077607645
2009-06-10 16:55:00.000000170,4.496854027735935
2009-06-10 16:55:00.00000027,9.80009539630339
2009-06-10 16:55:00.00000011,11.075452928573213
2009-06-10 16:55:00.000000129,5.717635592787701
2009-06-10 16:55:00.000000121,4.754018897185006
2009-06-10 16:55:00.00000080,7.2961365672471175
2009-06-10 16:55:00.00000089,7.318066923332481
2009-06-10 16:55:00.000000103,6.682539490521435
2009-06-10 16:55:00.00000051,7.35419768314614
2009-06-10 16:55:00.00000063,24.238282370883326
2009-06-10 16:55:00.000000106,5.111804283730862
2009-06-10 16:55:00.00000091,6.135861909922937
2009-06-10 16:55:00.00000095,12.739048947942251
2009-06-10 16:55:00.000000137,5.791759570218687
2009-06-10 16:55:00.000000113,4.487198516023909
2009-06-10 16:55:00.000000173,5.414504464438778
2009-06-10 16:55:00.00000077,4.9912186174708495
2009-06-10 16:55:00.00000036,5.3713120933525715
2011-06-24 12:03:00.000000148,6.1447712295556585
2011-06-24 12:03:00.00000070,6.651626883202198
2011-06-24 12:03:00.000000129,8.734946584826275
2011-06-24 12:03:00.000000130,5.966578272962806
2011-06-24 12:03:00.000000160,11.29433545673055
2011-06-24 12:03:00.000000167,25.15011416267953
2011-06-24 12:03:00.00000059,6.509974000880675
2011-06-24 12:03:00.000000128,7.884284007818337
2011-06-24 12:03:00.000000112,4.638884913369566
2011-06-24 12:03:00.000000134,6.377988422843032
2011-06-24 12:03:00.00000021,13.046901381588214
2011-06-24 12:03:00.00000039,11.00921459891731
2011-06-24 12:03:00.00000083,13.68066475774765
2011-06-24 12:03:00.00000029,6.80412645756121
2011-06-24 12:03:00.00000037,7.663511805431426
2011-06-24 12:03:00.0000004,12.30568427664366
2011-06-24 12:03:00.000000117,27.182383667364434
2011-06-24 12:03:00.000000147,4.897852255820908
2011-06-24 12:03:00.00000043,7.631368029651867
2011-06-24 12:03:00.000000172,17.30560777683968
2011-06-24 12:03:00.00000011,7.284699832503293
2011-06-24 12:03:00.00000036,4.6670035917310315
2011-06-24 12:03:00.00000015,6.177333484239966
2011-06-24 12:03:00.00000065,7.422787536761916
2011-06-24 12:03:00.000000169,31.88301840429358
2011-06-24 12:03:00.000000164,12.44919769174976
2011-06-24 12:03:00.000000163,5.980907827336637
2011-06-24 12:03:00.00000096,6.762770049110827
2011-06-24 12:03:00.00000030,11.462158606661433
2014-06-15 07:06:00.00000018,10.050348350228091
2014-06-15 07:06:00.00000034,19.75280547012983
2014-06-15 07:06:00.00000022,49.94353457847228
2014-06-15 07:06:00.00000012,9.065616930143733
2014-06-15 07:06:00.0000005,9.732396854319063
2014-06-15 07:06:00.00000023,6.6664899332106415
2014-06-15 07:06:00.0000001,11.509454729893605
2009-09-14 02:19:00.0000005,4.623325842586951
2009-09-14 02:19:00.00000032,5.300053693430527
2009-09-14 02:19:00.00000015,4.567498683183317
2009-09-14 02:19:00.00000029,6.920930200235034
2009-09-14 02:19:00.00000012,5.073969667578353
2009-09-14 02:19:00.00000019,13.680532569053298
2011-06-01 07:37:00.000000193,5.925931756489945
2011-06-01 07:37:00.000000135,5.908284552507553
2011-06-01 07:37:00.000000124,8.16834840830495
2011-06-01 07:37:00.00000071,8.608587637202731
2011-06-01 07:37:00.000000191,16.849689585924125
2011-06-01 07:37:00.00000073,7.666781193724319
2011-06-01 07:37:00.000000134,13.224847609668473
2011-06-01 07:37:00.000000195,11.290972754906647
2011-06-01 07:37:00.000000130,8.978319062271453
2011-06-01 07:37:00.00000039,8.112046050174172
2011-06-01 07:37:00.000000188,12.661819164080043
2011-06-01 07:37:00.00000030,7.8806657378174805
2011-06-01 07:37:00.00000040,12.104240784616422
2011-06-01 07:37:00.00000011,10.070915214587671
2011-06-01 07:37:00.00000093,7.553850753957249
2011-06-01 07:37:00.000000121,48.41535226257565
2011-06-01 07:37:00.000000224,7.80935843655061
2011-06-01 07:37:00.000000153,6.976710455735883
2011-06-01 07:37:00.00000033,5.7574389307236515
2011-06-01 07:37:00.000000213,12.019453351039829
2011-06-01 07:37:00.00000076,5.543799893060168
2011-06-01 07:37:00.00000018,7.999344524525327
2011-06-01 07:37:00.00000021,12.02432481727078
2011-06-01 07:37:00.000000126,13.710085778948155
2011-06-01 07:37:00.000000202,9.378757824299782
2011-06-01 07:37:00.00000035,8.773498873547624
2011-06-01 07:37:00.000000216,11.956013579236014
2011-06-01 07:37:00.00000067,7.852756704700937
2011-06-01 07:37:00.00000013,10.524037871413384
2011-06-01 07:37:00.00000024,8.38818161491804
2011-06-01 07:37:00.000000148,5.647898247856347
2011-06-01 07:37:00.000000200,5.97460942944906
2011-06-01 07:37:00.00000042,11.034827253151889
2011-06-01 07:37:00.00000066,11.142024860327751
2011-06-01 07:37:00.00000056,12.518834428676655
2011-06-01 07:37:00.00000063,15.077384406941519
2011-06-01 07:37:00.0000009,3.8548774275765254
2011-06-01 07:37:00.000000187,7.332281417558875
2011-06-01 07:37:00.000000225,6.419733016318219
2010-08-27 18:45:00.0000009,44.798035137484476
2010-08-27 18:45:00.000000120,7.161564621519233
2010-08-27 18:45:00.00000019,7.314497565659394
2010-08-27 18:45:00.0000001,6.98856833065463
2010-08-27 18:45:00.00000080,4.533414362721487
2010-08-27 18:45:00.00000082,5.485889190080684
2010-08-27 18:45:00.000000180,11.444075944273322
2010-08-27 18:45:00.00000058,16.114359736409483
2010-08-27 18:45:00.000000178,26.01880083589913
2010-08-27 18:45:00.000000117,7.086064004382592
2010-08-27 18:45:00.00000079,9.694179363940407
2010-08-27 18:45:00.000000200,5.088618710893229
2010-08-27 18:45:00.000000108,7.149811185835347
2010-08-27 18:45:00.00000098,6.909811402053947
2010-08-27 18:45:00.00000059,45.25347358377053
2010-08-27 18:45:00.000000138,17.03873026693975
2010-08-27 18:45:00.000000232,7.383411473187834
2010-08-27 18:45:00.00000032,25.446622494651933
2010-08-27 18:45:00.00000047,10.541598543089322
2010-08-27 18:45:00.000000100,9.7904486637633
2010-08-27 18:45:00.000000154,6.781734937361648
2010-08-27 18:45:00.000000211,7.735210281403511
2010-08-27 18:45:00.000000114,7.326021598752391
2010-08-27 18:45:00.00000042,5.93470277823576
2010-08-27 18:45:00.000000104,17.316124729779403
2010-08-27 18:45:00.000000162,8.41631791952193
2010-08-27 18:45:00.00000095,5.241676629787662
2010-08-27 18:45:00.000000150,8.266221308148033
2010-08-27 18:45:00.00000052,14.314783747688125
2010-08-27 18:45:00.000000225,5.9179458104779314
2010-08-27 18:45:00.00000064,8.546761362967004
2010-08-27 18:45:00.000000215,4.089871713465186
2010-08-27 18:45:00.000000206,5.717290560492984
2010-08-27 18:45:00.000000122,6.091059391084741
2010-08-27 18:45:00.000000221,9.261834790264857
2010-08-27 18:45:00.00000027,5.535170204771475
2010-08-27 18:45:00.000000115,6.847529370473808
2010-08-27 18:45:00.000000218,8.558198644932872
2010-08-27 18:45:00.000000212,12.068892200889536
2010-08-27 18:45:00.000000229,6.9257983910204075
2010-08-27 18:45:00.000000213,9.588639562043909
2010-08-27 18:45:00.00000099,41.78393367311514
2010-08-27 18:45:00.000000176,12.208693085898517
2010-08-27 18:45:00.000000132,21.95470982655968
2010-08-27 18:45:00.0000007,6.608899804483144
2010-08-27 18:45:00.000000151,23.176211774053627
2010-08-27 18:45:00.000000137,14.35563798019723
2010-08-27 18:45:00.00000021,31.20712989177673
2010-08-27 18:45:00.000000185,5.296618705189303
2010-08-27 18:45:00.00000041,6.755651079646441
2010-08-14 02:13:00.000000129,9.18089503762667
2010-08-14 02:13:00.0000006,15.899133362426255
2010-08-14 02:13:00.00000045,10.020282082673134
2010-08-14 02:13:00.000000117,19.4663996042716
2010-08-14 02:13:00.00000079,12.135515012946485
2010-08-14 02:13:00.000000112,7.705446743219113
2010-08-14 02:13:00.00000088,24.958503340870493
2010-08-14 02:13:00.0000005,7.552894287826575
2010-08-14 02:13:00.00000016,9.538649723260278
2010-08-14 02:13:00.0000002,7.952031677194782
2010-08-14 02:13:00.00000071,31.826124842466356
2010-08-14 02:13:00.00000019,8.511858128465292
2010-08-14 02:13:00.000000113,5.050152578242319
2010-08-14 02:13:00.000000151,5.989766394934691
2010-08-14 02:13:00.000000104,14.186598459206493
2010-08-14 02:13:00.00000095,14.834735966854737
2010-08-14 02:13:00.00000053,8.035280302663182
2010-08-14 02:13:00.00000046,7.9006929857022214
2010-08-14 02:13:00.00000011,17.550269585834144
2010-08-14 02:13:00.000000124,25.129197894337835
2010-08-14 02:13:00.000000153,22.447027206224448
2010-08-14 02:13:00.00000081,46.224937495338395
2010-08-14 02:13:00.00000062,11.217897032584801
2010-08-14 02:13:00.000000103,16.73812095091739
2010-08-14 02:13:00.000000144,6.135749520366971
2010-08-14 02:13:00.00000082,4.0414960412467735
2010-08-14 02:13:00.00000093,6.290032125510493
2010-08-14 02:13:00.00000058,6.422670417621134
2010-08-14 02:13:00.000000107,5.9606383854759315
2010-08-14 02:13:00.000000157,7.362648840224097
2010-08-14 02:13:00.00000013,6.219159875284959
2010-08-14 02:13:00.000000138,4.4776008206665665
2010-08-14 02:13:00.000000119,13.385913833287532
2010-08-14 02:13:00.00000065,4.708936225078105
2010-08-14 02:13:00.00000039,6.0165552558171385
2010-08-14 02:13:00.000000118,7.792831676693481
2010-08-14 02:13:00.00000048,16.280020511768157
2010-08-14 02:13:00.00000067,13.782907151651557
2010-08-14 02:13:00.00000096,20.422413897412866
2010-08-14 02:13:00.00000091,14.440992716513847
2010-08-14 02:13:00.000000114,6.714268724840167
2010-08-14 02:13:00.00000023,40.24248977571153
2010-08-14 02:13:00.000000106,6.254844578590905
2014-03-25 23:47:00.000000102,8.328795418738537
2014-03-25 23:47:00.00000026,24.964056808349483
2014-03-25 23:47:00.00000042,12.841270606041235
2014-03-25 23:47:00.00000051,7.702723509757902
2014-03-25 23:47:00.00000052,9.848959827179897
2014-03-25 23:47:00.00000031,13.410120451776947
2014-03-25 23:47:00.00000096,11.945368133527381
2014-03-25 23:47:00.000000134,7.771081665286829
2014-03-25 23:47:00.00000019,14.092054631228507
2014-03-25 23:47:00.00000020,9.92628417239439
2014-03-25 23:47:00.000000115,36.23532151292886
2014-03-25 23:47:00.00000035,7.370785842458076
2014-03-25 23:47:00.000000132,22.720496837989344
2014-03-25 23:47:00.00000085,24.41507456429622
2014-03-25 23:47:00.00000064,50.264449308362714
2014-03-25 23:47:00.00000011,10.55033843690012
2014-03-25 23:47:00.000000124,9.987273332907876
2014-03-25 23:47:00.000000112,8.449004642153454
2014-03-25 23:47:00.000000127,21.109876876808585
2014-03-25 23:47:00.00000028,17.416415269604272
2014-03-25 23:47:00.00000055,12.54371126182798
2014-03-25 23:47:00.00000036,8.909583873400152
2014-03-25 23:47:00.000000135,37.51339045747329
2014-03-25 23:47:00.000000108,11.740139629564396
2014-03-25 23:47:00.00000012,13.043894801685838
2010-09-29 16:43:00.000000162,6.706491831536823
2010-09-29 16:43:00.00000078,7.666280218241468
2010-09-29 16:43:00.00000015,8.905593735743082
2010-09-29 16:43:00.0000001,11.36022599986211
2010-09-29 16:43:00.000000119,8.094120087215629
2010-09-29 16:43:00.000000140,7.210183924868488
2010-09-29 16:43:00.00000041,8.790090549043725
2010-09-29 16:43:00.000000135,13.47773801753533
2010-09-29 16:43:00.000000117,6.404915907413397
2010-09-29 16:43:00.00000059,13.144793492813733
2010-09-29 16:43:00.00000014,7.486913866785699
2010-09-29 16:43:00.00000012,11.828546698643777
2010-09-29 16:43:00.000000170,6.475123495576895
2010-09-29 16:43:00.00000013,7.883388695443614
2010-09-29 16:43:00.000000145,6.70569641704742
2010-09-29 16:43:00.000000174,13.218115147571666
2010-09-29 16:43:00.000000164,7.967147065300878
2010-09-29 16:43:00.00000037,12.544610625475116
2010-09-29 16:43:00.000000159,5.657663191554548
2010-09-29 16:43:00.000000113,11.654224132057607
2010-09-29 16:43:00.00000094,5.149051668783386
2010-09-29 16:43:00.00000011,5.630682774545903
2010-09-29 16:43:00.000000168,4.765725751128002
2010-09-29 16:43:00.000000114,45.8732424961338
2010-09-29 16:43:00.00000019,5.360279606551785
2010-09-29 16:43:00.00000022,7.6940469710667685
2010-09-29 16:43:00.00000040,7.184035521384999
2010-09-29 16:43:00.00000016,6.692397086222172
2010-09-29 16:43:00.000000144,6.79940245376406
2010-09-29 16:43:00.00000044,8.71177801731028
2010-09-29 16:43:00.00000062,8.222584589427584
2010-09-29 16:43:00.00000074,22.61881842247385
2010-09-29 16:43:00.00000064,18.181641797644716
2010-09-29 16:43:00.000000110,11.824749247703835
2010-09-29 16:43:00.000000122,7.794386103784177
2010-09-29 16:43:00.000000142,4.208088636868069
2010-09-29 16:43:00.00000080,4.889787157262049
2014-10-27 14:58:00.000000149,50.698829376664776
2014-10-27 14:58:00.000000125,12.40950003517753
2014-10-27 14:58:00.000000130,9.838405026817327
2014-10-27 14:58:00.000000146,8.554704843940158
2014-10-27 14:58:00.00000040,8.263512151957798
2014-10-27 14:58:00.000000136,8.065215579064784
2014-10-27 14:58:00.000000123,11.325973647064984
2014-10-27 14:58:00.000000115,8.147366713185647
2014-10-27 14:58:00.00000046,8.522608029495359
2014-10-27 14:58:00.0000009,51.79419073761267
2014-10-27 14:58:00.00000059,44.126455458971236
2014-10-27 14:58:00.000000111,9.303901712616835
2014-10-27 14:58:00.00000054,51.096336119228
2014-10-27 14:58:00.00000024,8.862187950725684
2014-10-27 14:58:00.00000065,10.830555785233855
2014-10-27 14:58:00.00000087,12.921582512337864
2014-10-27 14:58:00.00000099,8.088917443963624
2014-10-27 14:58:00.000000144,8.148356114115018
2014-10-27 14:58:00.00000081,7.288466075110364
2014-10-27 14:58:00.00000056,9.955506191759582
2012-11-03 17:11:00.000000115,7.581130265975162
2012-11-03 17:11:00.00000079,8.318086957790115
2012-11-03 17:11:00.00000081,5.279135232556428
2012-11-03 17:11:00.00000085,14.416998586060913
2012-11-03 17:11:00.000000128,6.446878027120533
2012-11-03 17:11:00.000000160,10.141440114006855
2012-11-03 17:11:00.000000118,7.5736996644797046
2012-11-03 17:11:00.00000076,11.58210931227245
2012-11-03 17:11:00.000000114,8.410975131498049
2012-11-03 17:11:00.00000091,8.04656525421251
2012-11-03 17:11:00.00000060,10.449937906338391
2012-11-03 17:11:00.000000155,10.347594378570989
2012-11-03 17:11:00.000000117,10.955277562665287
2012-11-03 17:11:00.000000105,6.096983815754811
2012-11-03 17:11:00.0000007,17.941526937916706
2012-11-03 17:11:00.00000055,8.354511508842165
2012-11-03 17:11:00.000000103,6.966619390120059
2012-11-03 17:11:00.00000053,9.234008484860624
2011-03-11 01:44:00.00000064,3.276832065971348
2011-03-11 01:44:00.00000016,5.145817317735236
2011-03-11 01:44:00.00000072,11.831625884282971
2011-03-11 01:44:00.00000057,5.5717824261378155
2011-03-11 01:44:00.00000040,11.049949214721437
2011-03-11 01:44:00.00000021,18.008709756877693
2011-03-11 01:44:00.00000046,9.452014986897439
2011-03-11 01:44:00.00000034,8.61121730487514
2011-03-11 01:44:00.00000083,63.24732600118102
2011-03-11 01:44:00.00000032,10.310289804072681
2011-03-11 01:44:00.00000075,8.84927345807148
2011-03-11 01:44:00.00000085,9.248558603297852
2011-03-11 01:44:00.00000044,6.077133547932476
2011-03-11 01:44:00.0000005,9.22385451843627
2011-03-11 01:44:00.00000074,17.569242918680857
2011-03-11 01:44:00.00000041,8.673577075299363
2011-03-11 01:44:00.00000042,9.395936112311574
2011-03-11 01:44:00.00000035,11.973263606886235
2011-03-11 01:44:00.00000052,5.026452738429043
2011-10-04 09:37:00.000000194,6.538502263000737
2011-10-04 09:37:00.000000183,7.268917164902405
2011-10-04 09:37:00.000000157,27.181167290357052
2011-10-04 09:37:00.000000176,6.940595487653127
2011-10-04 09:37:00.000000170,9.258962567016624
2011-10-04 09:37:00.00000036,9.687837405902542
2011-10-04 09:37:00.00000017,5.86173258701308
2011-10-04 09:37:00.000000114,16.4570371405257
2011-10-04 09:37:00.000000184,11.940155449281747
2011-10-04 09:37:00.00000047,6.917972547103318
2011-10-04 09:37:00.00000055,7.438209666348598
2011-10-04 09:37:00.00000031,7.90067102082935
2011-10-04 09:37:00.00000049,47.801524516447216
2011-10-04 09:37:00.0000005,6.7688795415424465
2011-10-04 09:37:00.00000067,5.79449835486821
2011-10-04 09:37:00.000000134,11.054457850747895
2011-10-04 09:37:00.00000025,7.199352551467086
2011-10-04 09:37:00.000000185,6.418157184599522
2011-10-04 09:37:00.000000180,7.469601201076102
2011-10-04 09:37:00.00000088,4.574272608996921
2011-10-04 09:37:00.000000108,9.556633267231405
2011-10-04 09:37:00.000000107,10.068485280657796
2011-10-04 09:37:00.00000062,21.09322568505479
2011-10-04 09:37:00.00000045,5.945794510829273
2011-10-04 09:37:00.00000028,11.483224341011805
2011-10-04 09:37:00.00000057,7.136992784014296
2011-10-04 09:37:00.00000013,10.312365222232984
2011-10-04 09:37:00.00000056,13.073223467492767
2011-10-04 09:37:00.000000106,6.242073288765823
2011-10-04 09:37:00.000000136,8.152223962638232
2014-12-24 03:00:00.0000005,20.15493799931187
2014-12-24 03:00:00.00000017,21.091897558052892
2014-12-24 03:00:00.00000036,19.095337296617686
2014-12-24 03:00:00.00000033,8.00666480030145
2014-12-24 03:00:00.00000026,19.692183028003
2014-12-24 03:00:00.00000031,19.545455767961926
2014-12-24 03:00:00.00000015,12.24366972356006
2015-02-12 05:37:56.0000001,6.875751332874302
2014-04-27 02:57:00.000000124,14.958851871872753
2014-04-27 02:57:00.00000017,18.900793436430945
2014-04-27 02:57:00.000000151,7.018217510035129
2014-04-27 02:57:00.000000168,6.213080024797932
2014-04-27 02:57:00.00000039,7.190228521326503
2014-04-27 02:57:00.00000097,13.345500951221311
2014-04-27 02:57:00.00000033,8.62351973945897
2014-04-27 02:57:00.000000129,9.060049272062201
2014-04-27 02:57:00.000000141,9.400410303096464
2014-04-27 02:57:00.00000074,14.412797176221488
2014-04-27 02:57:00.00000047,19.365612003275146
2014-04-27 02:57:00.00000076,11.982093924690162
2014-04-27 02:57:00.000000142,7.836609796999028
2014-04-27 02:57:00.000000143,17.61751719512847
2014-04-27 02:57:00.00000090,18.653962796220412
2014-04-27 02:57:00.000000106,19.758879802437036
2014-04-27 02:57:00.000000167,16.242888536252963
2014-04-27 02:57:00.000000145,11.781376748065327
2011-12-13 22:00:00.00000085,14.364576799917359
2011-12-13 22:00:00.000000264,8.946811106186715
2011-12-13 22:00:00.000000138,11.832158987036792
2011-12-13 22:00:00.000000135,7.654941511091124
2011-12-13 22:00:00.000000197,7.590047235264024
2011-12-13 22:00:00.000000143,12.919076376251837
2011-12-13 22:00:00.000000134,7.115089848847447
2011-12-13 22:00:00.00000033,12.308311000515346
2011-12-13 22:00:00.00000058,8.417345451251435
2011-12-13 22:00:00.000000205,9.833134732104213
2011-12-13 22:00:00.000000173,13.658825435003905
2011-12-13 22:00:00.000000248,8.115052728953515
2011-12-13 22:00:00.00000074,8.772757614845204
2011-12-13 22:00:00.00000098,6.485782023151728
2011-12-13 22:00:00.00000095,12.445048756561505
2011-12-13 22:00:00.000000229,24.796147273818633
2011-12-13 22:00:00.000000186,14.159486464016481
2011-12-13 22:00:00.0000005,24.619478655653666
2011-12-13 22:00:00.000000246,17.021011071776798
2011-12-13 22:00:00.000000180,9.522300832769474
2011-12-13 22:00:00.00000044,6.013604853790071
2011-12-13 22:00:00.000000110,10.072967282841205
2011-12-13 22:00:00.000000231,7.436647622964642
2011-12-13 22:00:00.000000144,11.146160728271525
2011-12-13 22:00:00.00000070,39.74805519881829
2011-12-13 22:00:00.000000116,8.952608152529137
2011-12-13 22:00:00.000000156,7.0486412853409774
2011-12-13 22:00:00.000000148,9.46413106070122
2011-12-13 22:00:00.00000072,9.966316255150332
2011-12-13 22:00:00.00000028,12.740331704877008
2011-12-13 22:00:00.00000066,11.48250339324818
2011-12-13 22:00:00.000000121,13.41876286083891
2011-12-13 22:00:00.00000094,47.93725397450271
2011-12-13 22:00:00.000000266,11.654476893063475
2015-04-11 14:16:12.0000004,11.419536268531488
2015-05-10 19:54:00.0000002,14.419432683528044
2014-07-21 18:19:00.00000054,10.384167356127705
2014-07-21 18:19:00.000000230,8.60637208675746
2014-07-21 18:19:00.000000187,16.33801367009312
2014-07-21 18:19:00.000000100,10.351020782177443
2014-07-21 18:19:00.00000071,11.73525557528535
2014-07-21 18:19:00.000000172,10.21887025849901
2014-07-21 18:19:00.00000025,6.15893619204212
2014-07-21 18:19:00.000000191,12.282196735253706
2014-07-21 18:19:00.00000034,11.243024744261788
2014-07-21 18:19:00.000000176,7.720917989913687
2014-07-21 18:19:00.00000037,9.388187714963806
2014-07-21 18:19:00.000000160,7.834542485911697
2014-07-21 18:19:00.00000077,9.934228143161477
2014-07-21 18:19:00.00000013,11.693949187521412
2014-07-21 18:19:00.000000184,9.20565509551102
2014-07-21 18:19:00.000000232,7.920530222648836
2014-07-21 18:19:00.000000116,11.475873591715754
2014-07-21 18:19:00.00000048,9.98755874171934
2014-07-21 18:19:00.00000067,10.631147167989866
2014-07-21 18:19:00.00000099,8.595973778546181
2014-07-21 18:19:00.000000223,9.748862486446228
2014-07-21 18:19:00.000000162,13.917187956665089
2014-07-21 18:19:00.00000068,10.054947129369566
2014-07-21 18:19:00.000000144,10.212809705097243
2014-07-21 18:19:00.00000035,26.02517544150237
2014-07-21 18:19:00.00000029,9.710632034439072
2014-07-21 18:19:00.00000032,6.710959854160592
2014-07-21 18:19:00.00000082,7.899828722191273
2014-07-21 18:19:00.000000132,7.9725377508652855
2014-07-21 18:19:00.000000152,9.417659377159907
2014-07-21 18:19:00.00000039,8.070817979209892
2014-07-21 18:19:00.000000241,6.9409668514182385
2014-07-21 18:19:00.00000088,8.648252759068555
2010-09-20 16:48:00.000000159,31.028893035580495
2010-09-20 16:48:00.0000006,8.649931647474546
2010-09-20 16:48:00.000000166,7.37221595551955
2010-09-20 16:48:00.000000110,7.725626789962689
2010-09-20 16:48:00.000000139,19.63457217540406
2010-09-20 16:48:00.00000015,9.281831763587206
2010-09-20 16:48:00.00000068,13.738477338093617
2010-09-20 16:48:00.000000158,45.1730546792287
2010-09-20 16:48:00.00000035,13.839312706092983
2010-09-20 16:48:00.000000148,5.399932447686297
2010-09-20 16:48:00.00000023,15.11294845776456
2010-09-20 16:48:00.00000027,9.82598212470532
2010-09-20 16:48:00.00000092,30.116826634489257
2010-09-20 16:48:00.000000151,25.034609467437008
2010-09-20 16:48:00.00000071,7.888812001217957
2010-09-20 16:48:00.000000132,7.280675063309673
2010-09-20 16:48:00.00000099,15.611270492161111
2010-09-20 16:48:00.0000001,6.094468657024777
2010-09-20 16:48:00.0000005,23.54201323607697
2011-03-06 21:01:00.00000037,5.3460308893219235
2011-03-06 21:01:00.00000028,14.89258436452485
2011-03-06 21:01:00.00000025,6.8346847590080415
2011-03-06 21:01:00.000000139,6.736078266616346
2011-03-06 21:01:00.00000083,12.451477007499989
2011-03-06 21:01:00.000000173,21.89375869204514
2011-03-06 21:01:00.00000051,20.870678077350817
2011-03-06 21:01:00.000000116,16.940096219864245
2011-03-06 21:01:00.00000057,6.198380337655976
2011-03-06 21:01:00.000000168,9.200606997112573
2011-03-06 21:01:00.000000138,16.846130227263984
2011-03-06 21:01:00.00000043,10.080285437139764
2011-03-06 21:01:00.000000127,5.237980091527561
2011-03-06 21:01:00.00000096,14.584558761903736
2011-03-06 21:01:00.00000074,4.53442827060735
2011-03-06 21:01:00.000000113,8.070915082449687
2011-03-06 21:01:00.000000120,26.067491598869083
2011-03-06 21:01:00.00000018,4.253714218410664
2011-03-06 21:01:00.00000071,6.807270533994938
2011-03-06 21:01:00.000000137,4.21131584672753
2011-03-06 21:01:00.00000011,20.722971500269068
2011-03-06 21:01:00.000000146,9.109052453329696
2011-03-06 21:01:00.000000149,5.746495370588718
2011-03-06 21:01:00.00000056,5.941820523974229
2011-03-06 21:01:00.00000052,12.44555831034154
2011-03-06 21:01:00.000000109,5.993185934034159
2012-01-26 07:33:00.000000167,8.017542569419334
2012-01-26 07:33:00.000000114,15.53791807920993
2012-01-26 07:33:00.00000031,10.325783353207612
2012-01-26 07:33:00.000000133,21.823523668564803
2012-01-26 07:33:00.000000180,6.081383137589228
2012-01-26 07:33:00.000000120,10.31389016013918
2012-01-26 07:33:00.000000168,8.840025174941047
2012-01-26 07:33:00.000000122,8.947281263524701
2012-01-26 07:33:00.000000166,10.96097460274143
2012-01-26 07:33:00.000000186,7.5566776319788005
2012-01-26 07:33:00.00000068,8.666199288871098
2012-01-26 07:33:00.00000085,21.05167553334661
2012-01-26 07:33:00.000000103,5.208413062068303
2012-01-26 07:33:00.00000081,27.804896900716017
2012-01-26 07:33:00.00000099,11.844476502847556
2012-01-26 07:33:00.00000051,10.375412375814221
2012-01-26 07:33:00.000000160,5.85471291662634
2012-01-26 07:33:00.00000091,5.944221677892415
2012-01-26 07:33:00.00000089,9.111064589985062
2012-01-26 07:33:00.000000189,8.597647287517589
2010-12-09 07:29:00.0000003,7.421833532347591
2010-12-09 07:29:00.00000078,10.602018763284605
2010-12-09 07:29:00.000000127,7.238073963871557
2010-12-09 07:29:00.00000050,7.756134759182487
2010-12-09 07:29:00.000000135,5.470956091554285
2010-12-09 07:29:00.000000196,13.065210838121743
2010-12-09 07:29:00.000000183,8.595157809367265
2010-12-09 07:29:00.000000152,12.675597541124489
2010-12-09 07:29:00.00000098,20.785959602709
2010-12-09 07:29:00.00000090,10.33775270561182
2010-12-09 07:29:00.00000025,12.980336806377522
2010-12-09 07:29:00.000000150,7.439600848654891
2010-12-09 07:29:00.00000041,9.585942725336167
2010-12-09 07:29:00.000000143,9.088123233026181
2010-12-09 07:29:00.000000148,5.594060714907073
2010-12-09 07:29:00.000000151,6.609566154837353
2010-12-09 07:29:00.0000007,5.529186841028263
2010-12-09 07:29:00.00000069,9.484841447351755
2010-12-09 07:29:00.00000036,6.017679600196402
2010-12-09 07:29:00.00000046,16.522492305323567
2010-12-09 07:29:00.000000195,7.477402693533804
2010-12-09 07:29:00.000000115,16.821947398134853
2010-12-09 07:29:00.000000134,6.386627150743152
2010-12-09 07:29:00.00000067,9.018319313971006
2010-12-09 07:29:00.000000112,6.725388008088885
2010-12-09 07:29:00.00000015,8.743161218073624
2010-12-09 07:29:00.00000031,8.151091430512452
2010-12-09 07:29:00.000000193,7.701467270065677
2010-12-09 07:29:00.00000012,9.171200510227095
2010-12-09 07:29:00.0000005,47.723370759944714
2010-12-09 07:29:00.00000038,12.606054428252719
2010-12-09 07:29:00.00000097,5.903592219241091
2010-12-09 07:29:00.000000102,6.638809273601169
2010-12-09 07:29:00.00000089,8.4545368338745
2010-12-09 07:29:00.00000068,6.746391685667845
2010-12-09 07:29:00.00000071,10.612690492700608
2010-12-09 07:29:00.000000186,6.602664402873529
2012-05-08 03:50:00.0000009,18.60248012321256
2012-05-08 03:50:00.0000001,7.986734431450259
2012-05-08 03:50:00.00000012,13.410135432190827
2012-05-08 03:50:00.0000006,16.954656349252105
2015-03-12 19:43:24.0000005,8.682882549652845
2015-02-01 00:48:44.0000001,27.027202103820855
2015-02-21 18:39:16.0000005,8.637074829864446
2011-01-24 20:47:04.0000001,10.700351081783879
2010-12-25 13:54:12.0000001,16.439193589161277
2015-04-07 14:31:12.0000001,9.155092671343596
2012-11-20 21:54:00.00000086,17.208295368319796
2012-11-20 21:54:00.000000150,9.355360157880114
2012-11-20 21:54:00.000000184,8.278328545305158
2012-11-20 21:54:00.00000080,20.771125535631427
2012-11-20 21:54:00.00000021,8.187375629431585
2012-11-20 21:54:00.00000019,8.804196307304437
2012-11-20 21:54:00.00000087,6.366617852737136
2012-11-20 21:54:00.00000077,13.376640659530153
2012-11-20 21:54:00.000000216,9.644511029167461
2012-11-20 21:54:00.00000010,7.5970080916081315
2012-11-20 21:54:00.000000104,9.247445183330342
2012-11-20 21:54:00.00000048,7.912060181179868
2012-11-20 21:54:00.000000221,19.35672555303347
2012-11-20 21:54:00.00000030,10.683990226187461
2012-11-20 21:54:00.00000085,7.12436167611304
2012-11-20 21:54:00.000000133,7.7116147550792675
2012-11-20 21:54:00.000000144,9.408414388840583
2012-11-20 21:54:00.00000047,7.182021411221058
2012-11-20 21:54:00.000000229,6.6920150072597835
2012-11-20 21:54:00.00000015,7.571370832493585
2012-11-20 21:54:00.000000101,8.653597266364272
2012-11-20 21:54:00.000000238,9.097945439762611
2012-11-20 21:54:00.00000097,19.0352764072461
2012-11-20 21:54:00.00000049,7.9537119839216075
2012-11-20 21:54:00.000000209,16.10655058771738
2012-11-20 21:54:00.00000012,10.087617828232965
2012-11-20 21:54:00.000000132,11.37673337235583
2012-11-20 21:54:00.000000197,7.256876017037257
2012-11-20 21:54:00.000000211,14.367439631283105
2012-11-20 21:54:00.00000083,8.754179459844636
2012-11-20 21:54:00.000000127,9.125605646822919
2012-11-20 21:54:00.000000223,36.07496741537739
2012-11-20 21:54:00.000000130,12.812924157376301
2012-11-20 21:54:00.000000149,10.19846230896053
2012-11-20 21:54:00.000000196,11.314382614112787
2012-11-20 21:54:00.00000056,7.100621605755123
2012-11-20 21:54:00.00000026,11.545772659257636
2012-11-20 21:54:00.00000055,9.7891068485186
2012-11-20 21:54:00.000000135,26.87278754194699
2014-06-23 00:16:00.00000023,13.425812799357345
2014-06-23 00:16:00.00000014,9.686075577234874
2014-06-23 00:16:00.00000080,9.458146424291272
2014-06-23 00:16:00.0000003,12.430441023019625
2014-06-23 00:16:00.00000029,14.037202608101325
2014-06-23 00:16:00.00000055,35.720323315468136
2014-06-23 00:16:00.00000050,17.34295873395172
2014-06-23 00:16:00.0000002,17.038638316826223
2014-06-23 00:16:00.00000072,8.434892616963339
2014-06-23 00:16:00.00000020,11.692816411849549
2013-09-25 22:00:00.00000052,12.648112719547385
2013-09-25 22:00:00.000000129,7.914969756403821
2013-09-25 22:00:00.000000226,44.906452811298095
2013-09-25 22:00:00.00000029,12.208505209743635
2013-09-25 22:00:00.000000141,7.897569143146711
2013-09-25 22:00:00.000000206,15.070204039320288
2013-09-25 22:00:00.00000051,8.752447453194236
2013-09-25 22:00:00.000000238,9.550480034659358
2013-09-25 22:00:00.000000251,12.455082307614134
2013-09-25 22:00:00.00000031,8.439203590261059
2013-09-25 22:00:00.000000124,10.076728788190849
2013-09-25 22:00:00.000000102,9.706381490029344
2013-09-25 22:00:00.000000198,24.55355937612694
2013-09-25 22:00:00.000000208,7.101447064927015
2013-09-25 22:00:00.00000087,16.378736441253636
2013-09-25 22:00:00.000000116,7.013056813327694
2013-09-25 22:00:00.00000034,12.380794120110295
2013-09-25 22:00:00.000000104,11.586319533672167
2013-09-25 22:00:00.00000088,8.466264387252068
2013-09-25 22:00:00.000000218,21.774629670812146
2013-09-25 22:00:00.00000065,15.233623811838243
2013-09-25 22:00:00.000000115,12.427016349162614
2013-09-25 22:00:00.00000042,11.492899236526569
2013-09-25 22:00:00.000000234,8.162427698354577
2013-09-25 22:00:00.000000247,7.537572674539774
2013-09-25 22:00:00.000000147,13.974705974215453
2013-09-25 22:00:00.000000248,9.99184749504468
2013-09-25 22:00:00.000000162,16.436628551997842
2013-09-25 22:00:00.000000130,12.206449371969256
2013-09-25 22:00:00.000000174,7.338057734731251
2015-03-04 21:42:57.0000006,8.718017231295676
2015-04-25 01:06:17.0000005,16.37437835724336
2015-02-19 11:39:21.0000001,21.224284175385606
2015-01-29 13:15:50.0000001,8.231937456734727
2015-05-07 15:33:26.0000005,7.983307728689169
2015-02-09 07:16:26.0000005,15.52037885695438
2015-04-16 18:45:22.0000004,15.832940549012847
2015-05-31 20:48:54.0000006,42.16760180798974
2015-05-31 20:48:54.0000003,8.77627825793445
2015-06-18 20:56:55.0000001,21.198505575989543
2015-02-14 13:15:19.0000005,9.227152890742445
2015-05-10 12:37:51.0000007,8.900227908221268
2015-05-10 12:37:51.0000005,11.747652491148415
2015-05-20 00:59:15.0000002,13.729444507258563
2015-05-29 18:59:35.0000003,10.601826263873704
2015-02-25 18:00:51.0000008,8.668358313633462
2015-02-08 08:44:03.0000002,10.226482903288911
2015-05-12 08:31:07.0000003,9.188373801330386
2015-03-16 21:12:19.0000007,9.855277382856457
2014-06-14 13:39:00.000000117,7.249661256690388
2014-06-14 13:39:00.000000187,8.789507837909241
2014-06-14 13:39:00.00000099,8.917168905186259
2014-06-14 13:39:00.000000112,19.980354219603214
2014-06-14 13:39:00.00000039,11.558358385411225
2014-06-14 13:39:00.00000078,47.70801726055333
2014-06-14 13:39:00.00000084,9.166184953518837
2014-06-14 13:39:00.000000166,7.822203421765721
2014-06-14 13:39:00.00000089,6.463130219853269
2014-06-14 13:39:00.00000047,9.300566762870972
2014-06-14 13:39:00.0000001,15.578974225109391
2015-01-31 20:54:04.0000002,12.028365991746455
2011-10-02 23:36:00.0000002,8.995362091528136
2011-10-02 23:36:00.00000051,11.004355771091127
2011-06-24 12:03:00.000000182,6.950933807616593
2011-06-24 12:03:00.000000103,7.0484933362189395
2011-06-24 12:03:00.0000003,7.311881302820893
2011-06-01 07:37:00.00000050,7.920895921370061
2010-08-27 18:45:00.000000216,5.055627756781973
2010-08-14 02:13:00.000000135,13.106048801783118
2014-03-25 23:47:00.00000022,8.005772726406462
2014-03-25 23:47:00.000000128,20.068614709405324
2014-03-25 23:47:00.000000105,8.369586093829298
2014-03-25 23:47:00.00000091,7.888518955259542
2014-03-25 23:47:00.00000054,10.292537642136153
2014-03-25 23:47:00.000000129,9.571149321402686
2014-03-25 23:47:00.00000063,26.632931528907648
2014-03-25 23:47:00.00000060,8.642603309490596
2014-03-25 23:47:00.00000075,19.6155823024518
2010-09-29 16:43:00.00000083,6.748155006131583
2014-10-27 14:58:00.000000145,26.918614894500934
2014-10-27 14:58:00.0000007,11.891804657062494
2014-10-27 14:58:00.00000031,10.553380145767278
2014-10-27 14:58:00.000000128,20.770595651453164
2014-10-27 14:58:00.00000097,6.936860972810564
2014-10-27 14:58:00.00000078,27.048488217512045
2014-10-27 14:58:00.000000135,9.144173673681735
2012-11-03 17:11:00.00000044,7.589517188789614
2012-11-03 17:11:00.00000050,10.220077192584085
2012-11-03 17:11:00.00000024,8.319482587517541
2012-11-03 17:11:00.00000072,10.956267228822298
2012-11-03 17:11:00.000000159,9.218088130169463
2012-11-03 17:11:00.000000126,6.7487795263999715
2012-11-03 17:11:00.00000090,10.155018767177808
2011-03-11 01:44:00.00000062,34.92090038365541
2015-02-22 09:48:32.0000004,19.335879816962006
2011-10-04 09:37:00.000000102,9.877536130255749
2011-10-04 09:37:00.00000023,8.22782276415137
2014-12-24 03:00:00.0000003,8.645908942818778
2014-12-24 03:00:00.00000014,8.790353585024263
2014-12-24 03:00:00.0000002,14.344064966834253
2014-12-24 03:00:00.00000027,21.329168263774932
2015-04-11 20:31:32.0000004,9.786526534626091
2014-04-27 02:57:00.000000123,9.036749418501586
2014-04-27 02:57:00.00000078,6.662090106410233
2014-04-27 02:57:00.00000075,11.09952446935415
2014-04-27 02:57:00.000000178,7.908701061641523
2014-04-27 02:57:00.0000004,10.751279555489191
2014-04-27 02:57:00.000000166,12.78609946044105
2014-04-27 02:57:00.00000091,14.50748115517672
2014-04-27 02:57:00.000000173,9.34592218477917
2014-04-27 02:57:00.00000066,20.96929562862772
2014-04-27 02:57:00.000000183,6.818882515146015
2014-04-27 02:57:00.000000179,11.134797938934526
2014-04-27 02:57:00.000000144,8.88935751768122
2014-04-27 02:57:00.00000025,18.30440796842629
2014-04-27 02:57:00.00000052,7.918308303090498
2014-04-27 02:57:00.00000094,7.650626020445088
2014-04-27 02:57:00.000000189,20.105293895437285
2011-12-13 22:00:00.00000040,11.428216321256059
2011-12-13 22:00:00.000000228,8.589154138174763
2011-12-13 22:00:00.000000130,25.49293175347418
2011-12-13 22:00:00.000000141,8.086607540627142
2011-12-13 22:00:00.000000149,8.175688486557078
2011-12-13 22:00:00.000000224,7.335380174268835
2011-12-13 22:00:00.000000154,8.304650077995802
2011-12-13 22:00:00.000000131,8.980325264054045
2011-12-13 22:00:00.0000002,8.918104467476041
2011-12-13 22:00:00.000000221,10.850011214768415
2011-12-13 22:00:00.00000056,8.117176676264307
2011-12-13 22:00:00.000000195,8.030092519759592
2011-12-13 22:00:00.000000191,7.822174107174874
2011-12-13 22:00:00.00000059,6.812325681300422
2015-02-26 15:55:48.0000001,15.622254451300137
2014-07-21 18:19:00.000000197,9.107728876753185
2014-07-21 18:19:00.000000153,7.061286544371114
2014-07-21 18:19:00.000000159,8.638631374004035
2014-07-21 18:19:00.000000212,35.93064496306863
2014-07-21 18:19:00.00000091,8.675558928638225
2014-07-21 18:19:00.0000002,7.918672900698425
2014-07-21 18:19:00.000000142,6.005370807762915
2014-07-21 18:19:00.000000141,13.851702003273203
2014-07-21 18:19:00.000000149,9.04941347190561
2014-07-21 18:19:00.00000065,5.932069904772902
2014-07-21 18:19:00.00000033,9.412879364146761
2010-09-20 16:48:00.000000146,8.505476337300252
2010-09-20 16:48:00.00000047,13.975669638319346
2010-09-20 16:48:00.000000129,9.206994231268254
2015-01-26 07:13:44.0000005,47.18940639545099
2011-03-06 21:01:00.00000033,7.5583188362347755
2012-01-26 07:33:00.00000090,6.720496551550923
2012-01-26 07:33:00.00000087,10.760802830736338
2012-01-26 07:33:00.00000012,10.316340835130518
2012-01-26 07:33:00.000000171,8.346361595629787
2012-01-26 07:33:00.00000065,43.11143921171606
2012-01-26 07:33:00.00000088,9.310423855247564
2012-01-26 07:33:00.000000119,20.517285130044343
2015-03-20 23:34:40.0000004,21.77135295111941
2010-12-09 07:29:00.0000001,8.599366280397476
2012-05-08 03:50:00.00000013,8.021067322823683
2015-03-12 19:43:24.0000003,21.124408743991467
2012-11-20 21:54:00.00000034,10.365160981964664
2012-11-20 21:54:00.000000170,8.917861177074428
2012-11-20 21:54:00.000000108,10.717781650388702
2012-11-20 21:54:00.00000031,11.827760030075183
2012-11-20 21:54:00.000000171,13.681295611963606
2012-11-20 21:54:00.00000023,9.383855311413072
2012-11-20 21:54:00.00000074,8.154934166683574
2012-11-20 21:54:00.000000122,11.85354662011946
2012-11-20 21:54:00.0000006,7.82162768491537
2012-11-20 21:54:00.000000160,11.1212672727155
2012-11-20 21:54:00.00000042,31.14322069381933
2012-11-20 21:54:00.00000039,11.09355021500096
2012-11-20 21:54:00.00000043,10.742820406699025
2012-11-20 21:54:00.000000219,7.552652769713518
2012-11-20 21:54:00.00000020,7.584757521399638
2012-11-20 21:54:00.000000222,7.160979804845397
2012-11-20 21:54:00.0000005,9.019293361380733
2012-11-20 21:54:00.000000154,9.104933190363795
2014-06-23 00:16:00.00000060,19.056839426738634
2014-06-23 00:16:00.0000008,10.105224495032644
2014-06-23 00:16:00.00000035,27.813549942965892
2014-06-23 00:16:00.00000052,10.825705397110028
2014-06-23 00:16:00.00000053,9.899031915623027
2013-09-25 22:00:00.00000056,25.896727391827085
2013-09-25 22:00:00.00000083,8.19754971517068
2013-09-25 22:00:00.000000128,8.192814197098528
2013-09-25 22:00:00.00000037,14.399499966826738
2013-09-25 22:00:00.00000013,8.111813572933215
2013-09-25 22:00:00.000000168,9.37955821828632
2013-09-25 22:00:00.000000181,7.9644557855360745
2013-09-25 22:00:00.00000016,12.495678601360282
2013-09-25 22:00:00.00000063,15.787015870786604
2013-09-25 22:00:00.00000047,8.91703442974972
2013-09-25 22:00:00.000000220,16.01174742687124
2013-09-25 22:00:00.000000163,10.675804894931957
2013-09-25 22:00:00.00000077,13.88771747711246
2013-09-25 22:00:00.00000060,43.76639330961393
2013-09-25 22:00:00.000000213,14.631194001194103
2013-09-25 22:00:00.000000150,21.30472000550185
2013-09-25 22:00:00.00000010,9.124528266727793
2013-09-25 22:00:00.000000146,5.6499891309696295
2013-09-25 22:00:00.00000041,12.852330122216472
2013-09-25 22:00:00.000000109,11.196026485031211
2013-09-25 22:00:00.000000210,17.73590137396502
2013-09-25 22:00:00.000000151,11.089323722871313
2013-09-25 22:00:00.000000190,17.509179996269722
2013-09-25 22:00:00.000000153,11.825104103590888
2013-09-25 22:00:00.000000241,27.17066840990742
2013-09-25 22:00:00.000000127,10.28577992627163
2015-02-20 11:08:29.0000001,14.539830155727032
2015-01-12 15:36:37.0000002,7.303342207899618
2015-06-07 00:38:14.0000002,17.260160354087702
2015-04-12 21:56:22.0000005,9.986369008068323
2015-04-10 11:56:54.0000004,8.680497593769132
2015-06-25 01:01:46.0000002,18.87231325436278
2015-05-29 10:02:42.0000001,11.095447774602007
2015-06-30 20:03:50.0000002,45.02512735179084
2015-02-27 19:36:02.0000006,26.807842490904022
2015-06-15 01:00:06.0000002,7.383726555992553
2015-02-03 09:00:58.0000001,26.07746326445522
2015-05-19 13:58:11.0000001,9.810838301084459
2015-05-10 12:37:51.0000002,9.024145173019747
2015-01-12 17:05:51.0000001,11.21769115974621
2015-04-19 20:44:15.0000001,47.92767349616213
2015-01-31 01:05:19.0000005,22.60026354249544
2015-01-18 14:06:23.0000006,8.981938545133517
