key,fare_amount
2015-01-27 13:08:24.0000002,10.896321
2015-01-27 13:08:24.0000003,11.062506
2011-10-08 11:53:44.0000002,4.6246114
2012-12-01 21:12:12.0000002,9.019329
2012-12-01 21:12:12.0000003,16.334923
2012-12-01 21:12:12.0000005,10.392713
2011-10-06 12:10:20.0000001,5.5455832
2011-10-06 12:10:20.0000003,49.57906
2011-10-06 12:10:20.0000002,11.624593
2014-02-18 15:22:20.0000002,6.798843
2014-02-18 15:22:20.0000003,10.056042
2014-02-18 15:22:20.0000001,18.329447
2010-03-29 20:20:32.0000002,4.128353
2010-03-29 20:20:32.0000001,6.34275
2011-10-06 03:59:12.0000002,6.9231315
2011-10-06 03:59:12.0000001,10.260771
2012-07-15 16:45:04.0000006,6.1091914
2012-07-15 16:45:04.0000002,8.143261
2012-07-15 16:45:04.0000003,4.647618
2012-07-15 16:45:04.0000004,4.639256
2014-10-29 02:09:56.0000001,6.2158484
2014-06-14 13:39:00.00000010,8.541229
2014-06-14 13:39:00.00000060,7.980666
2014-06-14 13:39:00.00000087,8.498918
2014-06-14 13:39:00.00000050,18.962435
2014-06-14 13:39:00.0000003,6.900114
2014-06-14 13:39:00.000000158,36.671005
2014-06-14 13:39:00.00000015,24.6073
2014-06-14 13:39:00.00000073,6.0087447
2014-06-14 13:39:00.00000077,15.8925905
2014-06-14 13:39:00.000000145,9.388562
2014-06-14 13:39:00.00000079,6.2728415
2014-06-14 13:39:00.000000121,5.2819443
2014-06-14 13:39:00.00000021,11.699559
2014-06-14 13:39:00.0000005,8.607788
2014-06-14 13:39:00.000000165,7.4016485
2014-06-14 13:39:00.000000184,6.3495526
2014-06-14 13:39:00.00000059,6.2800593
2014-06-14 13:39:00.00000070,8.516141
2014-06-14 13:39:00.00000068,4.664946
2014-06-14 13:39:00.000000133,19.501507
2014-06-14 13:39:00.000000128,10.49121
2014-06-14 13:39:00.000000136,18.617548
2014-06-14 13:39:00.00000017,11.665692
2014-06-14 13:39:00.000000111,5.8054757
2014-06-14 13:39:00.000000115,12.251759
2014-06-14 13:39:00.000000168,5.670621
2014-06-14 13:39:00.00000031,7.078282
2014-06-14 13:39:00.000000116,6.448979
2014-06-14 13:39:00.00000051,4.8943973
2014-06-14 13:39:00.000000193,13.281199
2014-06-14 13:39:00.000000132,14.343441
2014-06-14 13:39:00.000000167,22.300407
2014-06-14 13:39:00.00000044,6.2774987
2014-06-14 13:39:00.000000138,8.048791
2014-06-14 13:39:00.00000066,15.663396
2014-06-14 13:39:00.00000063,10.643596
2014-06-14 13:39:00.000000154,12.191439
2014-06-14 13:39:00.00000097,14.419742
2014-06-14 13:39:00.00000067,14.237514
2014-06-14 13:39:00.000000179,7.518735
2014-06-14 13:39:00.00000092,11.175346
2014-06-14 13:39:00.00000029,5.720054
2014-06-14 13:39:00.000000177,5.9585433
2014-06-14 13:39:00.000000192,7.3278604
2014-06-14 13:39:00.000000181,6.8673897
2014-06-14 13:39:00.000000120,11.527654
2014-06-14 13:39:00.0000008,5.320418
2014-06-14 13:39:00.000000103,4.755157
2014-06-14 13:39:00.00000049,18.61193
2014-06-14 13:39:00.000000108,8.155152
2014-06-14 13:39:00.00000072,5.5950594
2014-06-14 13:39:00.000000182,13.17876
2014-06-14 13:39:00.00000061,7.188055
2014-06-14 13:39:00.00000093,9.198758
2014-06-14 13:39:00.000000170,13.032393
2014-06-14 13:39:00.000000147,52.48063
2014-06-14 13:39:00.000000140,5.4335093
2014-06-14 13:39:00.000000159,4.6634517
2014-06-14 13:39:00.00000012,4.982629
2014-06-14 13:39:00.00000025,7.2076764
2014-06-14 13:39:00.000000156,5.781144
2014-06-14 13:39:00.000000152,8.526171
2014-06-14 13:39:00.000000129,10.359826
2014-06-14 13:39:00.000000119,19.766102
2014-06-14 13:39:00.000000118,5.7043815
2014-06-14 13:39:00.00000076,5.1751723
2014-06-14 13:39:00.000000135,7.7576866
2014-06-14 13:39:00.00000023,22.67676
2014-06-14 13:39:00.00000082,10.107042
2014-06-14 13:39:00.000000125,12.160228
2014-06-14 13:39:00.00000075,11.2259
2014-06-14 13:39:00.000000124,7.170933
2014-06-14 13:39:00.000000172,7.072648
2014-06-14 13:39:00.00000024,15.965531
2014-06-14 13:39:00.000000169,14.854628
2014-06-14 13:39:00.00000052,12.761976
2014-06-14 13:39:00.000000161,14.585895
2014-06-14 13:39:00.00000038,8.859404
2014-06-14 13:39:00.00000035,11.466786
2014-06-14 13:39:00.00000053,13.085137
2014-06-14 13:39:00.000000183,6.744476
2014-06-14 13:39:00.000000131,58.339573
2014-06-14 13:39:00.000000180,8.120695
2014-06-14 13:39:00.000000130,9.680329
2014-06-14 13:39:00.00000032,4.4785547
2014-06-14 13:39:00.000000148,12.077365
2014-06-14 13:39:00.0000007,10.525671
2014-06-14 13:39:00.00000095,11.973663
2014-06-14 13:39:00.000000144,38.203423
2014-06-14 13:39:00.000000141,33.64013
2014-06-14 13:39:00.000000162,21.1912
2014-06-14 13:39:00.00000018,12.827854
2014-06-14 13:39:00.00000054,9.506875
2014-06-14 13:39:00.00000040,6.6302304
2014-06-14 13:39:00.00000096,6.699476
2014-06-14 13:39:00.00000055,28.136692
2014-06-14 13:39:00.000000109,8.926293
2014-06-14 13:39:00.000000151,7.7166777
2014-06-14 13:39:00.00000016,11.121563
2014-06-14 13:39:00.00000062,11.337765
2014-06-14 13:39:00.000000191,10.782776
2014-06-14 13:39:00.00000034,9.033772
2014-06-14 13:39:00.000000160,7.1974297
2014-06-14 13:39:00.00000013,6.5618353
2014-06-14 13:39:00.000000188,5.82841
2014-06-14 13:39:00.00000086,9.030669
2014-06-14 13:39:00.000000185,12.003017
2014-06-14 13:39:00.00000074,9.674319
2014-06-14 13:39:00.00000022,19.869982
2014-06-14 13:39:00.00000036,5.1385403
2014-06-14 13:39:00.000000126,5.011397
2014-06-14 13:39:00.000000190,6.1939907
2014-06-14 13:39:00.00000042,7.014177
2014-06-14 13:39:00.000000178,7.927928
2014-06-14 13:39:00.000000163,5.2818413
2014-06-14 13:39:00.00000020,13.680907
2014-06-14 13:39:00.00000098,6.6505427
2014-06-14 13:39:00.000000114,22.569803
2014-06-14 13:39:00.00000045,9.787936
2014-06-14 13:39:00.00000094,4.8504653
2014-06-14 13:39:00.000000146,11.157049
2014-06-14 13:39:00.00000033,8.930795
2014-06-14 13:39:00.000000143,5.5741167
2014-06-14 13:39:00.000000107,7.1805215
2014-06-14 13:39:00.00000048,9.07679
2014-06-14 13:39:00.00000043,12.267138
2014-06-14 13:39:00.000000123,9.841824
2014-06-14 13:39:00.000000134,8.708978
2014-06-14 13:39:00.000000142,7.360761
2014-06-14 13:39:00.000000122,11.043482
2014-06-14 13:39:00.000000176,10.363358
2011-12-12 09:42:12.0000004,6.3046556
2011-12-12 09:42:12.0000002,4.1359215
2011-12-12 09:42:12.0000001,11.093557
2011-12-12 09:42:12.0000003,6.862782
2011-12-12 09:42:12.0000005,8.111845
2013-06-27 00:20:40.0000001,17.884935
2013-06-27 00:20:40.0000003,11.147807
2009-02-20 13:34:16.0000001,8.00949
2009-02-20 13:34:16.0000002,10.945579
2009-02-20 13:34:16.0000003,7.190365
2010-08-22 21:14:08.0000001,29.304708
2010-08-22 21:14:08.0000005,14.403962
2010-08-22 21:14:08.0000003,4.883943
2010-08-22 21:14:08.0000002,6.533206
2012-08-06 08:58:08.0000002,6.375876
2012-08-06 08:58:08.0000001,16.97699
2013-11-04 08:34:12.0000003,5.888124
2013-11-04 08:34:12.0000001,10.434772
2013-11-04 08:34:12.0000002,11.09097
2011-06-24 20:34:48.0000002,7.5056386
2011-06-24 20:34:48.0000001,18.089859
2011-03-28 20:38:36.0000003,5.2189903
2011-03-28 20:38:36.0000004,7.1238503
2011-03-28 20:38:36.0000002,7.717405
2011-08-14 20:36:28.0000004,6.089231
2011-08-14 20:36:28.0000001,6.3820524
2011-08-14 20:36:28.0000003,19.259495
2011-08-14 20:36:28.0000002,6.7291913
2015-02-21 15:52:44.0000004,19.900358
2015-02-21 15:52:44.0000003,9.760204
2015-02-21 15:52:44.0000002,18.523027
2015-02-21 15:52:44.0000001,10.088555
2013-01-29 11:29:52.0000001,10.006731
2014-09-12 19:03:48.0000001,10.464682
2013-11-09 18:52:40.0000004,9.552454
2013-11-09 18:52:40.0000002,13.342556
2013-04-25 16:10:04.0000001,56.967136
2013-04-25 16:10:04.0000002,8.840708
2013-09-07 14:37:52.0000001,7.8431516
2013-09-07 14:37:52.0000002,11.144804
2013-09-07 14:37:52.0000003,5.8009415
2011-05-21 13:16:20.0000004,4.6295133
2011-05-21 13:16:20.0000001,6.1476307
2011-05-21 13:16:20.0000003,9.718801
2011-11-25 16:36:24.0000002,6.2295218
2011-11-25 16:36:24.0000001,11.216326
2015-01-31 20:54:04.0000001,6.251329
2010-11-01 23:31:28.0000002,6.1586246
2010-11-01 23:31:28.0000001,7.4810114
2010-11-01 23:31:28.0000003,9.073319
2011-03-24 15:57:04.0000003,4.1369243
2011-03-24 15:57:04.0000001,7.7113914
2010-05-10 10:37:04.0000005,5.887236
2010-05-10 10:37:04.0000002,5.657945
2010-05-10 10:37:04.0000003,9.672251
2010-05-10 10:37:04.0000006,7.8236604
2012-06-09 16:53:44.0000002,8.41719
2012-08-22 22:39:20.0000003,17.354921
2012-08-22 22:39:20.0000001,4.6886272
2012-12-23 02:29:16.0000001,13.923831
2012-06-30 15:55:12.0000004,14.581103
2012-06-30 15:55:12.0000002,6.404824
2012-06-30 15:55:12.0000003,11.26059
2012-06-30 15:55:12.0000001,6.0976686
2011-10-02 23:36:00.00000056,9.489252
2011-10-02 23:36:00.00000086,15.525688
2011-10-02 23:36:00.00000081,12.918726
2011-10-02 23:36:00.0000009,4.9710026
2011-10-02 23:36:00.00000041,12.443758
2011-10-02 23:36:00.00000091,4.7416244
2011-10-02 23:36:00.0000008,10.65419
2011-10-02 23:36:00.00000015,25.391817
2011-10-02 23:36:00.00000014,8.131457
2011-10-02 23:36:00.00000047,6.6976953
2011-10-02 23:36:00.00000076,7.015016
2011-10-02 23:36:00.00000011,6.2462115
2011-10-02 23:36:00.00000075,4.9868555
2011-10-02 23:36:00.00000035,6.8025017
2011-10-02 23:36:00.00000099,4.5732603
2011-10-02 23:36:00.00000062,7.6917443
2011-10-02 23:36:00.00000085,8.898255
2011-10-02 23:36:00.00000043,15.709135
2011-10-02 23:36:00.00000071,10.489094
2011-10-02 23:36:00.00000023,5.826212
2011-10-02 23:36:00.00000092,5.4062696
2011-10-02 23:36:00.00000037,8.55895
2011-10-02 23:36:00.00000083,9.278801
2011-10-02 23:36:00.00000054,12.0603
2011-10-02 23:36:00.00000073,7.890208
2011-10-02 23:36:00.0000005,6.897251
2011-10-02 23:36:00.00000095,4.9287677
2011-10-02 23:36:00.00000088,7.2503943
2011-10-02 23:36:00.00000030,7.147601
2011-10-02 23:36:00.0000007,11.005972
2011-10-02 23:36:00.00000013,9.050705
2011-10-02 23:36:00.00000065,24.312923
2011-10-02 23:36:00.00000089,48.910397
2011-10-02 23:36:00.00000096,6.5002093
2011-10-02 23:36:00.00000039,8.690397
2011-10-02 23:36:00.00000038,23.99654
2011-10-02 23:36:00.00000067,17.883144
2011-10-02 23:36:00.00000077,10.46871
2011-10-02 23:36:00.00000020,17.312088
2011-10-02 23:36:00.00000063,15.268094
2011-10-02 23:36:00.00000012,7.7395935
2011-10-02 23:36:00.00000058,15.641384
2011-10-02 23:36:00.00000026,9.403417
2011-10-02 23:36:00.00000074,17.689947
2011-10-02 23:36:00.00000059,18.010475
2011-10-02 23:36:00.00000090,14.116924
2011-10-02 23:36:00.0000004,33.122463
2011-10-02 23:36:00.0000003,14.871836
2011-10-02 23:36:00.00000021,15.465726
2011-10-02 23:36:00.00000097,7.481259
2011-10-02 23:36:00.00000036,17.375156
2011-10-02 23:36:00.00000024,19.47897
2011-10-02 23:36:00.00000082,49.934994
2011-10-02 23:36:00.000000100,6.9985156
2011-10-02 23:36:00.00000040,4.8340373
2011-10-02 23:36:00.00000022,4.340813
2013-03-21 12:47:28.0000006,11.52964
2013-03-21 12:47:28.0000008,11.49396
2013-03-21 12:47:28.0000003,12.620035
2013-03-21 12:47:28.0000005,6.825404
2013-03-21 12:47:28.0000002,8.611053
2013-06-07 03:02:56.0000002,15.978512
2013-06-07 03:02:56.0000001,6.821457
2010-09-05 22:31:32.0000002,37.1462
2013-07-12 23:33:24.0000001,10.078565
2009-12-03 02:32:08.0000001,18.022768
2009-10-15 03:50:36.0000001,5.0040193
2011-09-25 22:36:32.0000002,21.655756
2011-09-25 22:36:32.0000001,11.018433
2015-06-08 20:02:56.0000001,10.97801
2014-07-16 08:03:32.0000002,11.582442
2014-07-16 08:03:32.0000001,12.014221
2011-12-15 13:14:32.0000002,8.167203
2011-12-15 13:14:32.0000001,5.3634853
2011-10-11 22:13:48.0000002,12.6657915
2011-10-11 22:13:48.0000005,8.96356
2011-10-11 22:13:48.0000003,6.9358807
2013-09-14 16:53:20.0000001,8.241594
2013-09-14 16:53:20.0000002,11.069817
2014-02-06 09:09:56.0000004,5.655122
2014-02-06 09:09:56.0000003,6.1024475
2014-02-06 09:09:56.0000001,5.2938695
2009-06-10 16:55:00.00000081,28.785454
2009-06-10 16:55:00.00000029,5.619425
2009-06-10 16:55:00.000000109,8.43431
2009-06-10 16:55:00.00000098,48.708984
2009-06-10 16:55:00.00000054,9.276185
2009-06-10 16:55:00.00000021,29.93611
2009-06-10 16:55:00.00000012,9.6461315
2009-06-10 16:55:00.00000033,5.4767275
2009-06-10 16:55:00.00000024,8.594609
2009-06-10 16:55:00.00000099,10.425665
2009-06-10 16:55:00.0000009,7.4886985
2009-06-10 16:55:00.000000158,6.7976513
2009-06-10 16:55:00.000000141,4.6500854
2009-06-10 16:55:00.00000093,7.531853
2009-06-10 16:55:00.000000161,9.877992
2009-06-10 16:55:00.00000088,5.566065
2009-06-10 16:55:00.0000003,8.337831
2009-06-10 16:55:00.00000018,5.504516
2009-06-10 16:55:00.00000047,7.039707
2009-06-10 16:55:00.000000154,10.607506
2009-06-10 16:55:00.000000131,7.6849847
2009-06-10 16:55:00.00000046,13.100422
2009-06-10 16:55:00.0000004,5.253619
2009-06-10 16:55:00.000000107,4.2611184
2009-06-10 16:55:00.000000114,6.075368
2009-06-10 16:55:00.000000117,7.924879
2009-06-10 16:55:00.000000162,9.933734
2009-06-10 16:55:00.00000049,10.105648
2009-06-10 16:55:00.00000069,6.530416
2009-06-10 16:55:00.000000111,8.478434
2009-06-10 16:55:00.00000083,4.571597
2009-06-10 16:55:00.000000166,57.5658
2009-06-10 16:55:00.000000135,9.799807
2009-06-10 16:55:00.00000044,32.59273
2009-06-10 16:55:00.00000085,8.565351
2009-06-10 16:55:00.000000115,6.3434706
2009-06-10 16:55:00.000000108,6.4081826
2009-06-10 16:55:00.00000034,5.6402984
2009-06-10 16:55:00.00000060,16.12657
2009-06-10 16:55:00.000000120,4.9687796
2009-06-10 16:55:00.000000174,31.906494
2009-06-10 16:55:00.0000007,6.5904326
2009-06-10 16:55:00.000000159,7.4660416
2009-06-10 16:55:00.000000171,25.872011
2009-06-10 16:55:00.000000145,12.138045
2009-06-10 16:55:00.00000074,8.011276
2009-06-10 16:55:00.000000138,11.185257
2009-06-10 16:55:00.00000048,4.974338
2009-06-10 16:55:00.000000101,5.280519
2009-06-10 16:55:00.000000153,5.511076
2009-06-10 16:55:00.0000002,8.7338915
2009-06-10 16:55:00.00000037,9.627566
2009-06-10 16:55:00.000000151,10.429337
2009-06-10 16:55:00.000000127,29.797474
2009-06-10 16:55:00.000000144,47.406734
2009-06-10 16:55:00.000000165,12.31632
2009-06-10 16:55:00.0000008,4.9373236
2009-06-10 16:55:00.000000122,7.2566595
2009-06-10 16:55:00.00000055,28.101994
2009-06-10 16:55:00.00000079,4.7115006
2009-06-10 16:55:00.00000016,16.275312
2009-06-10 16:55:00.000000160,16.98578
2009-06-10 16:55:00.000000139,6.7976155
2009-06-10 16:55:00.00000075,5.0012746
2009-06-10 16:55:00.00000017,6.0383596
2009-06-10 16:55:00.00000070,5.4183283
2009-06-10 16:55:00.000000118,11.028034
2009-06-10 16:55:00.00000066,12.158502
2009-06-10 16:55:00.000000164,5.58619
2009-06-10 16:55:00.000000100,10.12081
2009-06-10 16:55:00.00000082,8.3206005
2009-06-10 16:55:00.00000090,13.046158
2009-06-10 16:55:00.000000125,12.315472
2009-06-10 16:55:00.000000149,6.5722795
2009-06-10 16:55:00.00000068,11.954259
2009-06-10 16:55:00.00000039,6.336414
2009-06-10 16:55:00.000000124,4.5138707
2009-06-10 16:55:00.00000053,7.0237994
2009-06-10 16:55:00.00000045,5.4090014
2009-06-10 16:55:00.000000102,5.516836
2009-06-10 16:55:00.000000140,6.5745354
2009-06-10 16:55:00.000000148,7.5756745
2009-06-10 16:55:00.000000147,6.4840302
2009-06-10 16:55:00.00000097,8.046357
2009-06-10 16:55:00.00000094,6.381187
2009-06-10 16:55:00.00000078,7.9127603
2009-06-10 16:55:00.00000035,6.1041284
2009-06-10 16:55:00.00000072,7.889192
2009-06-10 16:55:00.00000031,5.1443787
2009-06-10 16:55:00.00000056,7.973592
2009-06-10 16:55:00.000000128,16.617294
2009-06-10 16:55:00.00000057,6.838535
2009-06-10 16:55:00.00000030,7.134335
2009-06-10 16:55:00.00000043,11.129684
2009-06-10 16:55:00.000000146,7.2496176
2009-06-10 16:55:00.00000010,8.049049
2009-06-10 16:55:00.00000067,11.135586
2009-06-10 16:55:00.000000119,5.282928
2009-06-10 16:55:00.00000076,17.582756
2009-06-10 16:55:00.00000025,6.386773
2009-06-10 16:55:00.00000071,16.295847
2009-06-10 16:55:00.000000143,9.176128
2013-06-26 11:19:36.0000002,4.4251666
2014-09-05 10:02:48.0000004,4.97405
2014-09-05 10:02:48.0000002,9.49517
2014-09-05 10:02:48.0000001,39.366676
2014-09-05 10:02:48.0000003,9.505178
2012-09-19 12:31:40.0000001,10.325974
2012-09-19 12:31:40.0000002,6.4036417
2009-03-22 04:31:40.0000002,18.48804
2009-08-27 02:31:44.0000001,17.753664
2009-05-02 20:11:32.0000001,8.81713
2009-05-02 20:11:32.0000004,8.868009
2011-02-20 02:31:16.0000002,8.131204
2011-02-20 02:31:16.0000001,19.048054
2011-06-24 12:03:00.00000010,6.6102576
2011-06-24 12:03:00.00000067,11.819743
2011-06-24 12:03:00.00000071,11.062384
2011-06-24 12:03:00.000000100,6.9763937
2011-06-24 12:03:00.000000145,7.3540072
2011-06-24 12:03:00.000000152,10.955393
2011-06-24 12:03:00.00000026,13.374322
2011-06-24 12:03:00.000000199,6.0551677
2011-06-24 12:03:00.000000195,5.3438606
2011-06-24 12:03:00.000000119,6.2059093
2011-06-24 12:03:00.00000086,11.701583
2011-06-24 12:03:00.00000012,7.332005
2011-06-24 12:03:00.00000097,17.44681
2011-06-24 12:03:00.00000058,5.047711
2011-06-24 12:03:00.000000176,4.5509644
2011-06-24 12:03:00.000000139,3.8988912
2011-06-24 12:03:00.00000048,6.8276963
2011-06-24 12:03:00.000000159,6.7524624
2011-06-24 12:03:00.00000079,5.785357
2011-06-24 12:03:00.000000138,6.971652
2011-06-24 12:03:00.000000135,11.516173
2011-06-24 12:03:00.000000173,5.5067124
2011-06-24 12:03:00.000000162,12.579074
2011-06-24 12:03:00.00000018,10.34019
2011-06-24 12:03:00.000000136,6.5674953
2011-06-24 12:03:00.000000185,8.185262
2011-06-24 12:03:00.00000069,6.6374087
2011-06-24 12:03:00.000000105,6.9152136
2011-06-24 12:03:00.000000180,7.2109146
2011-06-24 12:03:00.00000053,10.068062
2011-06-24 12:03:00.000000142,7.274232
2011-06-24 12:03:00.000000188,9.297273
2011-06-24 12:03:00.00000089,4.2608776
2011-06-24 12:03:00.000000109,7.5763206
2011-06-24 12:03:00.00000074,6.7203383
2011-06-24 12:03:00.000000113,9.8813
2011-06-24 12:03:00.00000044,5.896957
2011-06-24 12:03:00.000000183,6.063524
2011-06-24 12:03:00.00000047,8.146969
2011-06-24 12:03:00.0000006,10.41694
2011-06-24 12:03:00.0000005,8.602202
2011-06-24 12:03:00.000000200,10.623368
2011-06-24 12:03:00.000000127,8.467493
2011-06-24 12:03:00.000000120,12.060734
2011-06-24 12:03:00.000000133,5.818618
2011-06-24 12:03:00.00000073,6.2911367
2011-06-24 12:03:00.000000101,4.4445868
2011-06-24 12:03:00.000000187,10.487177
2011-06-24 12:03:00.000000122,9.177791
2011-06-24 12:03:00.000000175,6.0418305
2011-06-24 12:03:00.000000154,10.012227
2011-06-24 12:03:00.000000197,7.6962605
2011-06-24 12:03:00.00000017,8.183539
2011-06-24 12:03:00.000000186,10.37421
2011-06-24 12:03:00.00000020,9.692807
2011-06-24 12:03:00.00000035,9.568543
2011-06-24 12:03:00.000000193,7.891258
2011-06-24 12:03:00.000000201,8.790391
2011-06-24 12:03:00.00000054,26.551199
2011-06-24 12:03:00.00000075,8.244139
2011-06-24 12:03:00.000000114,7.4952216
2011-06-24 12:03:00.00000062,27.988743
2011-06-24 12:03:00.00000055,27.418402
2011-06-24 12:03:00.00000025,5.8467374
2011-06-24 12:03:00.00000022,5.3623753
2011-06-24 12:03:00.000000144,13.461723
2011-06-24 12:03:00.000000177,6.201413
2011-06-24 12:03:00.000000124,5.4959235
2011-06-24 12:03:00.00000094,4.4030766
2011-06-24 12:03:00.00000041,6.782337
2011-06-24 12:03:00.000000141,7.258493
2011-06-24 12:03:00.00000092,8.722378
2011-06-24 12:03:00.000000189,17.621426
2011-06-24 12:03:00.000000171,10.87535
2011-06-24 12:03:00.000000157,7.021547
2011-06-24 12:03:00.000000179,7.6452155
2011-06-24 12:03:00.000000107,12.129322
2011-06-24 12:03:00.00000095,15.7306795
2011-06-24 12:03:00.00000076,11.13401
2011-06-24 12:03:00.000000156,7.236151
2011-06-24 12:03:00.000000111,31.194761
2011-06-24 12:03:00.000000116,8.505345
2011-06-24 12:03:00.00000033,13.27642
2011-06-24 12:03:00.00000082,4.4070787
2011-06-24 12:03:00.00000078,5.0861964
2011-06-24 12:03:00.00000051,8.32422
2011-06-24 12:03:00.000000143,11.693786
2011-06-24 12:03:00.000000126,14.236739
2011-06-24 12:03:00.00000088,10.120444
2011-06-24 12:03:00.000000191,18.77968
2011-06-24 12:03:00.00000063,11.741537
2011-06-24 12:03:00.00000045,14.792205
2011-06-24 12:03:00.00000060,7.6191583
2011-06-24 12:03:00.00000040,33.063313
2011-06-24 12:03:00.00000057,9.397614
2011-06-24 12:03:00.00000013,6.286281
2011-06-24 12:03:00.00000068,30.03099
2011-06-24 12:03:00.000000165,4.4532866
2011-06-24 12:03:00.00000056,6.155278
2011-06-24 12:03:00.000000150,7.8082795
2011-06-24 12:03:00.00000052,5.7693243
2011-06-24 12:03:00.00000085,50.692364
2011-06-24 12:03:00.000000190,8.439077
2011-06-24 12:03:00.00000072,6.575802
2011-06-24 12:03:00.000000137,5.5937157
2011-06-24 12:03:00.000000102,5.7549815
2011-06-24 12:03:00.000000106,8.630812
2011-06-24 12:03:00.000000118,5.131608
2011-06-24 12:03:00.00000046,14.736473
2011-06-24 12:03:00.000000110,11.634249
2011-06-24 12:03:00.000000181,6.393506
2011-06-24 12:03:00.000000194,5.34501
2011-06-24 12:03:00.00000061,7.0596194
2011-06-24 12:03:00.0000001,11.756856
2011-06-24 12:03:00.00000087,8.420248
2011-06-24 12:03:00.00000066,5.318248
2011-06-24 12:03:00.000000146,6.6514435
2011-06-24 12:03:00.000000149,49.94633
2011-06-24 12:03:00.00000038,11.581903
2011-06-24 12:03:00.000000196,9.09602
2011-06-24 12:03:00.00000093,8.940048
2011-06-24 12:03:00.000000170,5.4946275
2011-06-24 12:03:00.000000168,9.610407
2011-06-24 12:03:00.0000002,12.791205
2011-06-24 12:03:00.00000042,12.941186
2014-06-15 07:06:00.0000006,4.2062235
2014-06-15 07:06:00.00000037,8.775569
2014-06-15 07:06:00.00000025,5.9915967
2014-06-15 07:06:00.0000008,9.544532
2014-06-15 07:06:00.00000036,48.72027
2014-06-15 07:06:00.00000042,24.091446
2014-06-15 07:06:00.00000033,4.4388857
2014-06-15 07:06:00.00000013,5.657734
2014-06-15 07:06:00.00000035,56.219547
2014-06-15 07:06:00.00000030,8.019396
2014-06-15 07:06:00.00000024,6.7615623
2014-06-15 07:06:00.00000031,8.873095
2014-06-15 07:06:00.0000009,14.665259
2014-06-15 07:06:00.00000039,55.12532
2014-06-15 07:06:00.00000010,4.815289
2014-06-15 07:06:00.00000019,13.955792
2014-06-15 07:06:00.00000041,7.178799
2014-06-15 07:06:00.00000028,17.04366
2014-06-15 07:06:00.00000014,53.024437
2014-06-15 07:06:00.0000003,12.981653
2014-06-15 07:06:00.00000017,55.91896
2014-06-15 07:06:00.00000015,16.079607
2014-06-15 07:06:00.00000026,6.119589
2014-06-15 07:06:00.0000002,12.909321
2014-06-15 07:06:00.00000040,4.8061686
2014-06-15 07:06:00.00000016,5.330055
2014-06-06 16:22:20.0000003,5.7108107
2014-06-06 16:22:20.0000002,9.241432
2015-05-30 21:29:04.0000004,14.51749
2015-05-30 21:29:04.0000007,18.559607
2015-05-30 21:29:04.0000003,11.79008
2015-05-30 21:29:04.0000001,7.8286595
2009-10-26 12:01:36.0000001,9.986901
2009-10-26 12:01:36.0000002,8.32848
2009-10-26 12:01:36.0000005,6.628238
2009-10-26 12:01:36.0000003,7.744274
2013-02-02 15:45:08.0000003,8.799002
2013-02-02 15:45:08.0000001,8.472028
2013-02-02 15:45:08.0000002,12.837381
2015-04-15 06:47:04.0000001,7.3050346
2015-04-15 06:47:04.0000002,10.421727
2010-12-14 23:27:36.0000001,5.0207815
2009-03-05 11:03:04.0000002,4.6683674
2009-03-05 11:03:04.0000001,12.262726
2013-07-18 12:23:40.0000003,5.2211766
2013-07-18 12:23:40.0000002,6.30266
2013-07-18 12:23:40.0000001,8.093652
2014-04-14 13:48:32.0000004,9.371589
2014-04-14 13:48:32.0000003,5.4187818
2014-08-18 05:33:08.0000001,8.898419
2012-01-28 03:14:28.0000001,28.12496
2009-09-14 02:19:00.00000014,9.861341
2009-09-14 02:19:00.00000035,10.314974
2009-09-14 02:19:00.00000040,6.511673
2009-09-14 02:19:00.00000031,4.870706
2009-09-14 02:19:00.0000003,4.489323
2009-09-14 02:19:00.00000025,8.356003
2009-09-14 02:19:00.0000008,7.367549
2009-09-14 02:19:00.00000024,10.011815
2009-09-14 02:19:00.00000021,5.8983173
2009-09-14 02:19:00.00000036,9.505412
2009-09-14 02:19:00.0000009,40.03267
2009-09-14 02:19:00.0000001,8.954162
2009-09-14 02:19:00.00000018,4.8245
2009-09-14 02:19:00.00000039,11.230317
2009-09-14 02:19:00.0000002,14.715503
2009-09-14 02:19:00.00000038,7.9657536
2009-09-14 02:19:00.00000020,18.378735
2009-09-14 02:19:00.00000028,7.0338016
2009-09-14 02:19:00.00000026,18.647203
2009-09-14 02:19:00.00000017,8.002942
2009-09-14 02:19:00.00000030,7.9356656
2009-09-14 02:19:00.00000016,6.007739
2009-09-14 02:19:00.0000006,6.8604445
2009-09-14 02:19:00.0000007,8.90993
2011-08-14 14:17:28.0000003,7.706412
2011-08-14 14:17:28.0000001,5.4310074
2011-08-14 14:17:28.0000004,6.745681
2011-08-14 14:17:28.0000002,5.0730257
2011-08-14 14:17:28.0000005,13.653083
2014-03-17 16:07:56.0000002,55.928654
2010-11-03 21:09:56.0000002,5.143405
2010-11-03 21:09:56.0000001,11.831225
2012-12-11 23:37:08.0000002,9.728703
2012-12-11 23:37:08.0000005,9.426278
2012-12-11 23:37:08.0000004,7.2296166
2012-12-11 23:37:08.0000006,10.406776
2012-12-11 23:37:08.0000003,6.17247
2012-12-11 23:37:08.0000001,16.144323
2015-06-24 14:19:52.0000001,13.610449
2015-06-24 14:19:52.0000002,61.41433
2015-06-24 14:19:52.0000004,9.301848
2010-08-21 22:21:32.0000004,13.794136
2011-02-19 10:20:28.0000003,4.110162
2011-02-19 10:20:28.0000002,9.68666
2011-02-19 10:20:28.0000001,5.7107563
2011-02-19 10:20:28.0000004,7.4738812
2011-10-02 22:31:44.0000004,10.045283
2011-10-02 22:31:44.0000002,21.411886
2011-10-02 22:31:44.0000003,16.805979
2012-01-26 11:17:36.0000002,5.1088343
2012-05-06 23:37:24.0000002,20.432913
2012-05-06 23:37:24.0000001,22.466991
2013-06-12 20:03:36.0000001,7.996803
2013-06-12 20:03:36.0000002,55.148174
2015-02-27 14:15:52.0000003,84.29703
2013-12-21 17:20:32.0000001,10.696141
2009-06-29 08:09:40.0000002,10.5465555
2009-06-29 08:09:40.0000001,12.167782
2014-09-14 17:22:12.0000002,7.451099
2014-09-14 17:22:12.0000001,11.051579
2014-09-14 17:22:12.0000003,15.701603
2014-09-14 17:22:12.0000005,7.1223516
2014-08-20 14:37:56.0000001,16.249863
2011-07-20 16:34:48.0000001,4.652738
2011-07-20 16:34:48.0000003,6.3410983
2009-10-05 10:11:32.0000001,7.465877
2009-10-05 10:11:32.0000002,13.978142
2011-02-16 08:44:04.0000001,14.245253
2011-02-16 08:44:04.0000007,8.918037
2011-02-16 08:44:04.0000004,9.75093
2011-02-16 08:44:04.0000003,5.217221
2011-02-16 08:44:04.0000002,4.8675537
2011-02-16 08:44:04.0000006,17.643328
2011-02-16 08:44:04.0000005,6.283718
2009-01-01 11:04:24.0000002,4.9463406
2014-04-28 19:46:36.0000003,8.22625
2012-11-11 20:35:40.0000001,40.920197
2012-11-11 20:35:40.0000002,11.325782
2011-06-01 07:37:00.000000171,8.683949
2011-06-01 07:37:00.000000199,6.736827
2011-06-01 07:37:00.00000032,5.342402
2011-06-01 07:37:00.000000175,9.1805315
2011-06-01 07:37:00.00000095,5.4359174
2011-06-01 07:37:00.000000106,5.30302
2011-06-01 07:37:00.00000090,9.998335
2011-06-01 07:37:00.000000169,15.764667
2011-06-01 07:37:00.0000007,5.0851545
2011-06-01 07:37:00.000000151,13.102421
2011-06-01 07:37:00.000000101,4.827835
2011-06-01 07:37:00.00000099,27.931908
2011-06-01 07:37:00.00000084,4.4375954
2011-06-01 07:37:00.00000083,4.907556
2011-06-01 07:37:00.00000043,6.2856636
2011-06-01 07:37:00.00000029,5.523174
2011-06-01 07:37:00.000000132,17.581718
2011-06-01 07:37:00.000000208,6.6104813
2011-06-01 07:37:00.000000221,5.5788426
2011-06-01 07:37:00.000000131,5.081993
2011-06-01 07:37:00.000000220,7.156116
2011-06-01 07:37:00.000000207,8.05219
2011-06-01 07:37:00.000000205,4.358401
2011-06-01 07:37:00.000000180,6.3352084
2011-06-01 07:37:00.000000103,9.453891
2011-06-01 07:37:00.00000098,26.495989
2011-06-01 07:37:00.000000189,6.718688
2011-06-01 07:37:00.000000165,4.8239837
2011-06-01 07:37:00.000000184,35.63245
2011-06-01 07:37:00.00000092,5.8257613
2011-06-01 07:37:00.00000020,9.704425
2011-06-01 07:37:00.000000105,6.5797534
2011-06-01 07:37:00.00000088,8.877982
2011-06-01 07:37:00.000000122,6.735987
2011-06-01 07:37:00.000000219,12.86702
2011-06-01 07:37:00.000000222,7.513671
2011-06-01 07:37:00.00000049,7.510455
2011-06-01 07:37:00.000000114,4.526816
2011-06-01 07:37:00.000000181,5.8740783
2011-06-01 07:37:00.000000144,51.140076
2011-06-01 07:37:00.000000155,7.276744
2011-06-01 07:37:00.000000118,6.0682263
2011-06-01 07:37:00.000000142,5.4124618
2011-06-01 07:37:00.000000223,6.929527
2011-06-01 07:37:00.00000057,6.26415
2011-06-01 07:37:00.000000168,4.482943
2011-06-01 07:37:00.000000226,6.4033875
2011-06-01 07:37:00.000000177,11.184236
2011-06-01 07:37:00.000000185,29.899372
2011-06-01 07:37:00.000000178,12.49809
2011-06-01 07:37:00.000000140,8.10127
2011-06-01 07:37:00.000000141,10.11008
2011-06-01 07:37:00.00000045,8.295815
2011-06-01 07:37:00.00000086,7.051833
2011-06-01 07:37:00.000000145,6.7517376
2011-06-01 07:37:00.00000037,7.548114
2011-06-01 07:37:00.00000094,6.851472
2011-06-01 07:37:00.00000082,5.6579447
2011-06-01 07:37:00.000000179,8.130717
2011-06-01 07:37:00.000000197,5.92146
2011-06-01 07:37:00.000000154,11.812118
2011-06-01 07:37:00.00000019,9.022814
2011-06-01 07:37:00.00000075,5.8186584
2011-06-01 07:37:00.000000110,13.232093
2011-06-01 07:37:00.00000078,5.795495
2011-06-01 07:37:00.000000146,7.25018
2011-06-01 07:37:00.000000143,8.505632
2011-06-01 07:37:00.000000227,11.703722
2011-06-01 07:37:00.00000070,4.6648602
2011-06-01 07:37:00.000000176,7.8663673
2011-06-01 07:37:00.000000217,8.303215
2011-06-01 07:37:00.00000026,6.139007
2011-06-01 07:37:00.000000209,8.199791
2011-06-01 07:37:00.000000183,7.7624373
2011-06-01 07:37:00.000000210,5.3834214
2011-06-01 07:37:00.00000060,8.915053
2011-06-01 07:37:00.000000174,6.528454
2011-06-01 07:37:00.000000203,9.200968
2011-06-01 07:37:00.000000139,6.0008106
2011-06-01 07:37:00.000000162,8.447673
2011-06-01 07:37:00.000000125,7.2346478
2011-06-01 07:37:00.000000198,9.911926
2011-06-01 07:37:00.00000055,11.457758
2011-06-01 07:37:00.00000016,6.428858
2011-06-01 07:37:00.00000027,7.4117146
2011-06-01 07:37:00.00000053,17.982492
2011-06-01 07:37:00.000000201,32.884678
2011-06-01 07:37:00.000000138,5.020021
2011-06-01 07:37:00.00000077,4.2223377
2011-06-01 07:37:00.00000022,8.394511
2011-06-01 07:37:00.000000182,10.331667
2011-06-01 07:37:00.000000163,7.3856454
2011-06-01 07:37:00.000000204,9.274928
2011-06-01 07:37:00.000000137,7.9754105
2011-06-01 07:37:00.000000152,7.0769334
2011-06-01 07:37:00.00000048,7.0634327
2011-06-01 07:37:00.00000025,8.5731945
2011-06-01 07:37:00.000000100,14.269451
2011-06-01 07:37:00.00000015,4.450944
2011-06-01 07:37:00.00000097,16.922232
2011-06-01 07:37:00.000000127,8.186148
2011-06-01 07:37:00.000000170,5.550769
2011-06-01 07:37:00.00000091,13.418625
2011-06-01 07:37:00.000000109,9.025434
2011-06-01 07:37:00.00000028,9.326394
2011-06-01 07:37:00.000000129,18.637556
2011-06-01 07:37:00.000000158,4.4229383
2011-06-01 07:37:00.0000005,5.1037803
2011-06-01 07:37:00.00000034,8.448894
2011-06-01 07:37:00.000000107,7.289938
2011-06-01 07:37:00.00000036,5.6930356
2011-06-01 07:37:00.00000046,7.236544
2011-06-01 07:37:00.000000108,4.206082
2011-06-01 07:37:00.0000008,8.243023
2011-06-01 07:37:00.000000212,6.8234453
2011-06-01 07:37:00.00000068,7.1600213
2011-06-01 07:37:00.00000065,5.2136602
2011-06-01 07:37:00.000000116,4.369508
2011-06-01 07:37:00.000000196,6.9056463
2011-06-01 07:37:00.000000172,8.3271265
2011-06-01 07:37:00.00000059,12.885424
2011-06-01 07:37:00.000000167,4.369102
2011-06-01 07:37:00.00000058,6.148445
2011-06-01 07:37:00.00000061,4.289218
2011-06-01 07:37:00.000000156,15.812393
2011-06-01 07:37:00.000000128,7.8452992
2011-06-01 07:37:00.00000079,5.264262
2011-06-01 07:37:00.000000206,9.1588955
2011-06-01 07:37:00.00000069,6.582749
2011-06-01 07:37:00.000000190,5.9534526
2011-06-01 07:37:00.000000112,5.3547096
2011-06-01 07:37:00.000000104,4.921659
2011-06-01 07:37:00.000000194,5.4903374
2011-06-01 07:37:00.0000002,4.9861035
2011-06-01 07:37:00.00000044,5.577703
2011-06-01 07:37:00.00000010,8.171435
2011-06-01 07:37:00.000000157,16.21224
2011-06-01 07:37:00.000000147,6.3349504
2011-06-01 07:37:00.000000120,4.8560658
2011-06-01 07:37:00.000000149,9.984485
2011-06-01 07:37:00.000000119,8.75901
2011-06-01 07:37:00.00000023,5.326846
2011-06-01 07:37:00.00000017,9.737483
2011-06-01 07:37:00.00000038,17.233265
2011-06-01 07:37:00.000000113,9.415594
2011-06-01 07:37:00.000000211,7.7703614
2011-06-01 07:37:00.00000051,7.868277
2011-06-01 07:37:00.00000054,7.688115
2011-06-01 07:37:00.000000186,9.820766
2009-02-16 03:13:40.0000001,6.726384
2010-08-27 18:45:00.000000234,5.8716755
2010-08-27 18:45:00.00000057,6.7241488
2010-08-27 18:45:00.00000039,10.2665
2010-08-27 18:45:00.000000161,6.9953423
2010-08-27 18:45:00.000000220,11.361053
2010-08-27 18:45:00.00000028,8.359745
2010-08-27 18:45:00.00000014,15.219384
2010-08-27 18:45:00.000000226,14.529873
2010-08-27 18:45:00.000000175,5.504099
2010-08-27 18:45:00.00000040,19.622473
2010-08-27 18:45:00.000000144,14.226595
2010-08-27 18:45:00.00000085,10.615866
2010-08-27 18:45:00.000000194,20.2878
2010-08-27 18:45:00.00000094,8.323753
2010-08-27 18:45:00.000000141,16.21561
2010-08-27 18:45:00.00000067,4.686284
2010-08-27 18:45:00.000000231,5.2965865
2010-08-27 18:45:00.000000214,13.547496
2010-08-27 18:45:00.00000037,16.608227
2010-08-27 18:45:00.000000165,5.6941495
2010-08-27 18:45:00.000000158,10.19649
2010-08-27 18:45:00.000000217,7.2345576
2010-08-27 18:45:00.00000090,13.599058
2010-08-27 18:45:00.000000142,9.651851
2010-08-27 18:45:00.0000004,7.7677264
2010-08-27 18:45:00.00000070,5.0490375
2010-08-27 18:45:00.000000202,8.353947
2010-08-27 18:45:00.000000177,7.2511578
2010-08-27 18:45:00.00000084,11.487169
2010-08-27 18:45:00.000000209,10.218572
2010-08-27 18:45:00.000000184,32.836807
2010-08-27 18:45:00.000000173,9.248191
2010-08-27 18:45:00.00000029,5.919061
2010-08-27 18:45:00.00000025,6.2040167
2010-08-27 18:45:00.00000012,5.3426886
2010-08-27 18:45:00.00000010,5.011807
2010-08-27 18:45:00.000000136,8.348579
2010-08-27 18:45:00.00000073,9.932922
2010-08-27 18:45:00.000000124,6.14768
2010-08-27 18:45:00.000000125,6.03751
2010-08-27 18:45:00.000000169,5.7543073
2010-08-27 18:45:00.000000208,4.5797033
2010-08-27 18:45:00.000000152,5.3975806
2010-08-27 18:45:00.000000196,7.6918607
2010-08-27 18:45:00.0000005,11.65994
2010-08-27 18:45:00.00000077,7.047957
2010-08-27 18:45:00.000000123,7.313964
2010-08-27 18:45:00.00000046,10.273334
2010-08-27 18:45:00.00000033,7.0083594
2010-08-27 18:45:00.000000166,13.743261
2010-08-27 18:45:00.000000190,5.8031325
2010-08-27 18:45:00.00000043,7.028773
2010-08-27 18:45:00.00000081,5.6357207
2010-08-27 18:45:00.00000034,9.372391
2010-08-27 18:45:00.00000089,17.56668
2010-08-27 18:45:00.000000189,5.5644836
2010-08-27 18:45:00.00000078,7.9781466
2010-08-27 18:45:00.00000053,13.260318
2010-08-27 18:45:00.000000188,7.903848
2010-08-27 18:45:00.00000071,6.9456124
2010-08-27 18:45:00.00000097,18.125751
2010-08-27 18:45:00.00000031,6.400091
2010-08-27 18:45:00.000000101,12.957181
2010-08-27 18:45:00.000000140,6.009089
2010-08-27 18:45:00.00000054,25.162899
2010-08-27 18:45:00.0000006,8.841203
2010-08-27 18:45:00.00000011,8.342627
2010-08-27 18:45:00.00000055,6.9728184
2010-08-27 18:45:00.000000160,9.75041
2010-08-27 18:45:00.00000024,11.3955345
2010-08-27 18:45:00.000000106,6.739048
2010-08-27 18:45:00.000000131,5.5527844
2010-08-27 18:45:00.00000087,12.070657
2010-08-27 18:45:00.000000110,10.974029
2010-08-27 18:45:00.000000197,13.853335
2010-08-27 18:45:00.00000066,8.703405
2010-08-27 18:45:00.000000205,10.287755
2010-08-27 18:45:00.00000086,4.7827883
2010-08-27 18:45:00.000000207,8.089699
2010-08-27 18:45:00.00000068,14.02503
2010-08-27 18:45:00.00000050,6.260731
2010-08-27 18:45:00.00000045,5.0973244
2010-08-27 18:45:00.00000093,4.0252414
2010-08-27 18:45:00.00000061,12.659854
2010-08-27 18:45:00.00000022,6.5017557
2010-08-27 18:45:00.00000018,6.5659537
2010-08-27 18:45:00.000000192,8.614823
2010-08-27 18:45:00.000000148,5.32264
2010-08-27 18:45:00.000000195,4.7467375
2010-08-27 18:45:00.000000155,4.115879
2010-08-27 18:45:00.000000129,8.306687
2010-08-27 18:45:00.000000133,6.129371
2010-08-27 18:45:00.00000063,10.584858
2010-08-27 18:45:00.00000076,7.0908012
2010-08-27 18:45:00.000000204,12.031948
2010-08-27 18:45:00.000000179,4.5757008
2010-08-27 18:45:00.000000219,23.497372
2010-08-27 18:45:00.000000107,6.8425927
2010-08-27 18:45:00.000000153,9.49418
2010-08-27 18:45:00.00000026,11.879023
2010-08-27 18:45:00.000000198,7.084969
2010-08-27 18:45:00.00000016,9.565207
2010-08-27 18:45:00.00000060,7.918338
2010-08-27 18:45:00.00000017,26.381924
2010-08-27 18:45:00.000000109,13.763559
2010-08-27 18:45:00.000000227,12.228477
2010-08-27 18:45:00.000000181,5.2001963
2010-08-27 18:45:00.000000191,7.3382607
2010-08-27 18:45:00.000000228,5.446901
2010-08-27 18:45:00.00000069,12.010605
2010-08-27 18:45:00.000000113,10.706074
2010-08-27 18:45:00.00000049,7.5387273
2010-08-27 18:45:00.000000103,6.456223
2010-08-27 18:45:00.0000003,5.723955
2010-08-27 18:45:00.0000008,8.99242
2010-08-27 18:45:00.000000134,4.822898
2010-08-27 18:45:00.000000183,21.873806
2010-08-27 18:45:00.00000013,15.702559
2010-08-27 18:45:00.000000235,6.4838657
2010-08-27 18:45:00.00000038,9.728013
2010-08-27 18:45:00.00000030,17.556396
2010-08-27 18:45:00.000000203,6.3943033
2010-08-27 18:45:00.000000182,10.082477
2010-08-27 18:45:00.000000230,8.247506
2010-08-27 18:45:00.00000065,7.0567756
2011-02-12 00:43:24.0000003,11.382914
2011-02-12 00:43:24.0000001,14.258902
2014-05-07 06:50:20.0000002,5.4808917
2014-05-07 06:50:20.0000001,7.0844226
2014-05-07 06:50:20.0000003,9.677244
2011-04-27 20:59:24.0000002,9.366687
2011-04-27 20:59:24.0000003,13.170103
2011-04-27 20:59:24.0000004,4.9460373
2011-04-27 20:59:24.0000001,6.5740952
2011-04-27 20:59:24.0000005,6.0498633
2010-08-14 02:13:00.00000069,7.6554866
2010-08-14 02:13:00.00000049,7.4711995
2010-08-14 02:13:00.00000059,5.5742116
2010-08-14 02:13:00.00000075,16.934599
2010-08-14 02:13:00.00000020,7.8034863
2010-08-14 02:13:00.000000102,14.251877
2010-08-14 02:13:00.00000060,5.319223
2010-08-14 02:13:00.00000033,15.971179
2010-08-14 02:13:00.000000166,12.542115
2010-08-14 02:13:00.000000111,8.735862
2010-08-14 02:13:00.00000056,9.851432
2010-08-14 02:13:00.00000044,7.946375
2010-08-14 02:13:00.000000132,5.641113
2010-08-14 02:13:00.00000073,5.005865
2010-08-14 02:13:00.00000043,8.84712
2010-08-14 02:13:00.00000085,9.423444
2010-08-14 02:13:00.000000108,14.648071
2010-08-14 02:13:00.00000028,12.661562
2010-08-14 02:13:00.00000076,5.4680767
2010-08-14 02:13:00.00000066,26.116064
2010-08-14 02:13:00.00000080,21.148338
2010-08-14 02:13:00.000000149,8.852112
2010-08-14 02:13:00.00000054,7.6012573
2010-08-14 02:13:00.000000130,9.569246
2010-08-14 02:13:00.00000032,8.187092
2010-08-14 02:13:00.000000158,6.94513
2010-08-14 02:13:00.000000171,11.913542
2010-08-14 02:13:00.00000092,6.173291
2010-08-14 02:13:00.000000155,6.3508744
2010-08-14 02:13:00.000000116,9.405133
2010-08-14 02:13:00.000000109,14.561901
2010-08-14 02:13:00.00000030,9.0204525
2010-08-14 02:13:00.00000015,12.684928
2010-08-14 02:13:00.000000133,5.7630386
2010-08-14 02:13:00.00000072,7.4419904
2010-08-14 02:13:00.00000052,11.598329
2010-08-14 02:13:00.000000170,15.242131
2010-08-14 02:13:00.0000007,6.158077
2010-08-14 02:13:00.000000165,9.155685
2010-08-14 02:13:00.00000026,12.452978
2010-08-14 02:13:00.000000148,5.601013
2010-08-14 02:13:00.00000034,12.443108
2010-08-14 02:13:00.00000022,18.291973
2010-08-14 02:13:00.000000100,4.9987755
2010-08-14 02:13:00.000000160,5.941047
2010-08-14 02:13:00.0000009,17.924307
2010-08-14 02:13:00.00000038,10.143677
2010-08-14 02:13:00.0000001,9.1160965
2010-08-14 02:13:00.00000078,6.148463
2010-08-14 02:13:00.000000134,9.152851
2010-08-14 02:13:00.00000077,19.798815
2010-08-14 02:13:00.000000168,7.332325
2010-08-14 02:13:00.000000161,7.278519
2010-08-14 02:13:00.000000122,7.15295
2010-08-14 02:13:00.00000035,6.7427506
2010-08-14 02:13:00.000000110,7.1381655
2010-08-14 02:13:00.000000146,11.023538
2010-08-14 02:13:00.00000010,10.855235
2010-08-14 02:13:00.000000141,4.55612
2010-08-14 02:13:00.00000087,17.672724
2010-08-14 02:13:00.000000137,6.961311
2010-08-14 02:13:00.00000064,7.34416
2010-08-14 02:13:00.00000084,7.6778092
2010-08-14 02:13:00.000000139,11.435805
2010-08-14 02:13:00.00000089,32.535004
2010-08-14 02:13:00.000000140,40.112736
2010-08-14 02:13:00.00000012,8.533529
2010-08-14 02:13:00.00000025,5.5963807
2010-08-14 02:13:00.00000070,4.7216945
2010-08-14 02:13:00.0000004,12.408141
2010-08-14 02:13:00.00000090,15.580169
2010-08-14 02:13:00.000000101,15.596555
2010-08-14 02:13:00.00000017,5.992251
2010-08-14 02:13:00.00000055,6.453997
2010-08-14 02:13:00.00000014,11.278684
2010-08-14 02:13:00.000000142,13.547498
2010-08-14 02:13:00.00000021,11.648524
2010-08-14 02:13:00.00000047,14.600632
2010-08-14 02:13:00.00000083,5.5197616
2010-08-14 02:13:00.000000162,8.972311
2015-04-16 22:32:48.0000006,11.370882
2015-04-16 22:32:48.0000001,4.7097063
2015-04-16 22:32:48.0000004,6.357038
2015-04-16 22:32:48.0000002,16.313189
2015-04-16 22:32:48.0000005,8.010286
2013-03-15 11:57:04.0000002,7.4515586
2013-03-15 11:57:04.0000001,7.9891734
2014-11-16 08:47:12.0000002,14.442586
2014-11-16 08:47:12.0000001,6.166451
2013-02-20 16:10:28.0000001,6.9640884
2011-07-03 00:36:04.0000001,5.3698573
2014-03-25 23:47:00.00000074,6.880376
2014-03-25 23:47:00.00000088,8.674078
2014-03-25 23:47:00.000000100,6.2219987
2014-03-25 23:47:00.00000094,4.250359
2014-03-25 23:47:00.00000059,9.883993
2014-03-25 23:47:00.00000066,9.119997
2014-03-25 23:47:00.00000016,4.156495
2014-03-25 23:47:00.0000003,13.832
2014-03-25 23:47:00.00000080,4.2613764
2014-03-25 23:47:00.00000048,50.435852
2014-03-25 23:47:00.00000058,9.594344
2014-03-25 23:47:00.00000070,33.235104
2014-03-25 23:47:00.00000046,11.69336
2014-03-25 23:47:00.00000053,5.34412
2014-03-25 23:47:00.00000029,5.658865
2014-03-25 23:47:00.00000087,10.129458
2014-03-25 23:47:00.000000126,8.576399
2014-03-25 23:47:00.00000024,9.569974
2014-03-25 23:47:00.0000007,13.755684
2014-03-25 23:47:00.00000071,16.926416
2014-03-25 23:47:00.0000008,7.768646
2014-03-25 23:47:00.00000049,61.45433
2014-03-25 23:47:00.00000090,24.324297
2014-03-25 23:47:00.00000089,22.946337
2014-03-25 23:47:00.000000117,4.6677465
2014-03-25 23:47:00.00000043,8.437381
2014-03-25 23:47:00.00000032,7.3027
2014-03-25 23:47:00.00000081,6.6991596
2014-03-25 23:47:00.00000023,6.278943
2014-03-25 23:47:00.00000099,36.093983
2014-03-25 23:47:00.00000077,5.6520796
2014-03-25 23:47:00.00000065,5.7721577
2014-03-25 23:47:00.000000111,20.254435
2014-03-25 23:47:00.000000118,25.136848
2014-03-25 23:47:00.00000038,10.521175
2014-03-25 23:47:00.000000110,5.8153086
2014-03-25 23:47:00.00000014,12.799673
2014-03-25 23:47:00.00000086,27.111277
2014-03-25 23:47:00.00000097,7.189077
2014-03-25 23:47:00.00000092,18.325527
2014-03-25 23:47:00.000000140,12.0426445
2014-03-25 23:47:00.000000123,20.34647
2014-03-25 23:47:00.000000131,4.8762145
2014-03-25 23:47:00.00000033,13.68372
2014-03-25 23:47:00.00000015,5.966238
2014-03-25 23:47:00.000000125,23.922527
2014-03-25 23:47:00.00000061,20.987926
2014-03-25 23:47:00.00000027,12.972248
2014-03-25 23:47:00.000000101,29.058035
2014-03-25 23:47:00.000000136,9.093475
2014-03-25 23:47:00.000000133,4.2698107
2014-03-25 23:47:00.0000006,25.305138
2014-03-25 23:47:00.00000047,10.236141
2014-03-25 23:47:00.00000056,9.770659
2014-03-25 23:47:00.0000001,4.060564
2014-03-25 23:47:00.00000045,4.3570094
2014-03-25 23:47:00.00000073,7.1071568
2014-03-25 23:47:00.00000030,16.381393
2014-03-25 23:47:00.00000010,24.793892
2014-03-25 23:47:00.00000072,10.867922
2014-03-25 23:47:00.0000009,18.13228
2014-03-25 23:47:00.00000082,10.222787
2014-03-25 23:47:00.00000017,6.389616
2014-03-25 23:47:00.00000050,9.803633
2014-03-25 23:47:00.000000121,8.000825
2014-03-25 23:47:00.000000109,19.273676
2014-03-25 23:47:00.00000018,4.542457
2014-03-25 23:47:00.00000078,6.590081
2014-03-25 23:47:00.00000025,4.5013814
2014-03-25 23:47:00.00000044,4.259596
2014-03-25 23:47:00.0000005,4.6881433
2014-03-25 23:47:00.00000062,6.7892623
2014-03-25 23:47:00.000000130,40.647335
2014-03-25 23:47:00.00000037,10.296928
2014-03-25 23:47:00.000000114,16.157364
2014-03-25 23:47:00.0000002,28.053873
2014-03-25 23:47:00.000000103,31.869534
2014-03-25 23:47:00.000000106,13.094196
2014-03-25 23:47:00.00000095,10.242545
2014-03-25 23:47:00.000000113,24.347084
2014-03-25 23:47:00.0000004,17.40697
2014-03-25 23:47:00.00000041,15.490692
2014-03-25 23:47:00.00000079,16.546217
2011-06-21 13:19:20.0000001,8.768947
2011-06-21 13:19:20.0000003,6.927137
2011-06-21 13:19:20.0000002,11.48814
2013-01-02 20:53:44.0000001,5.3848047
2013-01-02 20:53:44.0000002,5.315807
2009-10-07 08:16:24.0000001,11.507193
2012-08-25 22:18:36.0000003,10.837096
2012-08-25 22:18:36.0000004,9.646925
2012-08-25 22:18:36.0000001,7.651811
2012-08-25 22:18:36.0000002,8.460146
2015-06-05 08:38:56.0000005,8.42694
2015-06-05 08:38:56.0000007,10.428615
2015-06-05 08:38:56.0000006,5.978366
2015-06-05 08:38:56.0000004,28.496504
2015-06-05 08:38:56.0000001,40.119026
2015-06-05 08:38:56.0000002,18.097961
2013-02-26 11:10:24.0000002,9.0387535
2013-02-26 11:10:24.0000001,38.56294
2014-04-29 00:02:40.0000001,9.244554
2014-04-29 00:02:40.0000002,14.371373
2014-04-29 00:02:40.0000003,13.826338
2010-08-06 20:27:12.0000002,11.986671
2010-08-06 20:27:12.0000005,9.11303
2010-08-06 20:27:12.0000004,4.9884305
2010-08-06 20:27:12.0000001,10.832886
2012-06-07 00:25:40.0000001,7.716263
2012-06-07 00:25:40.0000002,17.814766
2011-09-24 07:42:32.0000001,5.911669
2011-09-28 10:58:48.0000002,7.5662193
2011-09-28 10:58:48.0000001,5.881879
2011-09-28 10:58:48.0000005,6.5626025
2011-09-28 10:58:48.0000004,12.78592
2011-09-28 10:58:48.0000003,27.594746
2011-09-28 10:58:48.0000006,12.548999
2009-11-01 05:04:12.0000001,6.4214196
2009-11-01 05:04:12.0000002,14.112593
2014-04-23 22:54:12.0000002,5.588774
2014-04-23 22:54:12.0000001,24.130186
2014-04-23 22:54:12.0000004,29.806263
2014-04-23 22:54:12.0000003,13.014528
2014-04-23 22:54:12.0000005,5.415999
2014-04-23 22:54:12.0000006,8.97413
2012-02-28 19:18:44.0000001,5.2003117
2012-02-28 19:18:44.0000002,8.896328
2010-09-29 16:43:00.0000003,45.110516
2010-09-29 16:43:00.000000143,6.3054695
2010-09-29 16:43:00.000000150,5.275564
2010-09-29 16:43:00.00000077,7.0131464
2010-09-29 16:43:00.000000153,16.750942
2010-09-29 16:43:00.00000048,5.940373
2010-09-29 16:43:00.00000086,6.7064447
2010-09-29 16:43:00.000000108,11.933267
2010-09-29 16:43:00.000000101,7.010184
2010-09-29 16:43:00.000000132,8.241562
2010-09-29 16:43:00.00000033,7.042978
2010-09-29 16:43:00.00000055,5.8569922
2010-09-29 16:43:00.000000107,13.559025
2010-09-29 16:43:00.000000147,5.533975
2010-09-29 16:43:00.00000098,7.5523276
2010-09-29 16:43:00.00000053,6.142227
2010-09-29 16:43:00.00000052,10.970962
2010-09-29 16:43:00.00000085,7.4840693
2010-09-29 16:43:00.000000115,6.490463
2010-09-29 16:43:00.000000133,6.0970464
2010-09-29 16:43:00.000000131,11.428985
2010-09-29 16:43:00.00000031,14.34484
2010-09-29 16:43:00.00000096,5.2027416
2010-09-29 16:43:00.000000120,7.884371
2010-09-29 16:43:00.000000175,10.061123
2010-09-29 16:43:00.00000072,10.227739
2010-09-29 16:43:00.00000038,9.779325
2010-09-29 16:43:00.00000043,9.757087
2010-09-29 16:43:00.0000007,46.15032
2010-09-29 16:43:00.000000111,9.9213705
2010-09-29 16:43:00.00000067,8.005717
2010-09-29 16:43:00.00000065,9.038284
2010-09-29 16:43:00.00000046,5.6371183
2010-09-29 16:43:00.00000075,11.761806
2010-09-29 16:43:00.000000155,6.742735
2010-09-29 16:43:00.00000087,47.377426
2010-09-29 16:43:00.000000160,10.9793215
2010-09-29 16:43:00.00000060,8.01234
2010-09-29 16:43:00.00000020,8.80311
2010-09-29 16:43:00.00000091,8.999226
2010-09-29 16:43:00.00000068,15.235398
2010-09-29 16:43:00.000000165,9.607061
2010-09-29 16:43:00.000000146,8.3514595
2010-09-29 16:43:00.000000169,8.462445
2010-09-29 16:43:00.000000141,7.5884223
2010-09-29 16:43:00.00000018,8.303361
2010-09-29 16:43:00.000000100,9.72822
2010-09-29 16:43:00.000000163,18.57119
2010-09-29 16:43:00.00000076,11.943257
2010-09-29 16:43:00.00000027,32.84927
2010-09-29 16:43:00.000000137,10.490946
2010-09-29 16:43:00.00000021,7.9325237
2010-09-29 16:43:00.00000063,8.059096
2010-09-29 16:43:00.00000058,9.210529
2010-09-29 16:43:00.00000090,17.799696
2010-09-29 16:43:00.00000066,10.723172
2010-09-29 16:43:00.000000156,6.478469
2010-09-29 16:43:00.000000104,6.935385
2010-09-29 16:43:00.00000089,30.861864
2010-09-29 16:43:00.00000029,6.4880505
2010-09-29 16:43:00.0000004,7.8393574
2010-09-29 16:43:00.00000051,10.235565
2010-09-29 16:43:00.00000036,8.97323
2010-09-29 16:43:00.000000158,8.218532
2010-09-29 16:43:00.000000106,9.069704
2010-09-29 16:43:00.00000047,7.465231
2010-09-29 16:43:00.00000073,9.305154
2010-09-29 16:43:00.00000024,8.671334
2010-09-29 16:43:00.000000151,7.2890124
2010-09-29 16:43:00.000000134,5.0080476
2010-09-29 16:43:00.000000138,7.166864
2010-09-29 16:43:00.000000125,9.313885
2010-09-29 16:43:00.000000112,9.321467
2010-09-29 16:43:00.0000006,7.0514326
2010-09-29 16:43:00.00000025,14.931987
2010-09-29 16:43:00.0000008,8.894545
2010-09-29 16:43:00.00000049,28.765131
2010-09-29 16:43:00.000000173,8.352311
2010-09-29 16:43:00.00000050,7.6168776
2010-09-29 16:43:00.00000035,6.1451654
2010-09-29 16:43:00.00000097,30.293262
2010-09-29 16:43:00.00000054,8.366768
2010-09-29 16:43:00.000000166,5.7477427
2010-09-29 16:43:00.0000005,7.6155314
2010-09-29 16:43:00.00000030,28.371014
2010-09-29 16:43:00.000000102,7.295636
2010-09-29 16:43:00.00000056,9.018487
2010-09-29 16:43:00.000000103,7.7638626
2010-09-29 16:43:00.00000092,32.426735
2010-09-29 16:43:00.00000079,7.4142904
2010-09-29 16:43:00.000000149,6.3272305
2010-09-29 16:43:00.000000123,5.1132097
2010-09-29 16:43:00.000000128,6.102347
2010-09-29 16:43:00.000000121,7.424711
2010-09-29 16:43:00.000000105,30.610064
2010-09-29 16:43:00.00000026,8.540876
2010-09-29 16:43:00.000000109,12.277328
2010-09-29 16:43:00.000000124,5.5135794
2010-09-29 16:43:00.00000071,6.1199903
2010-09-29 16:43:00.00000061,18.823256
2010-09-29 16:43:00.000000129,10.225358
2010-09-29 16:43:00.00000095,7.138901
2010-09-29 16:43:00.00000010,11.820647
2010-09-29 16:43:00.00000081,9.67317
2010-09-29 16:43:00.00000017,10.732068
2010-09-29 16:43:00.00000028,10.680069
2010-09-29 16:43:00.000000167,4.112025
2010-09-29 16:43:00.00000082,14.208558
2010-09-29 16:43:00.000000116,9.495376
2010-09-29 16:43:00.000000127,37.6353
2014-10-27 14:58:00.00000095,8.196339
2014-10-27 14:58:00.000000118,13.014923
2014-10-27 14:58:00.00000098,10.242486
2014-10-27 14:58:00.000000108,13.860532
2014-10-27 14:58:00.00000074,5.2409472
2014-10-27 14:58:00.00000079,16.37905
2014-10-27 14:58:00.000000137,8.2628355
2014-10-27 14:58:00.0000001,13.58409
2014-10-27 14:58:00.00000018,6.669136
2014-10-27 14:58:00.000000142,6.656818
2014-10-27 14:58:00.00000082,7.9489436
2014-10-27 14:58:00.0000008,21.077515
2014-10-27 14:58:00.00000016,6.493639
2014-10-27 14:58:00.000000117,9.0367155
2014-10-27 14:58:00.00000048,8.731635
2014-10-27 14:58:00.00000075,6.342392
2014-10-27 14:58:00.000000112,22.66494
2014-10-27 14:58:00.00000029,5.1482015
2014-10-27 14:58:00.00000058,8.633406
2014-10-27 14:58:00.00000053,13.847823
2014-10-27 14:58:00.00000052,5.1627827
2014-10-27 14:58:00.00000071,12.80296
2014-10-27 14:58:00.00000044,10.512309
2014-10-27 14:58:00.000000120,8.023591
2014-10-27 14:58:00.00000034,12.053311
2014-10-27 14:58:00.000000105,6.6444464
2014-10-27 14:58:00.000000147,8.979199
2014-10-27 14:58:00.00000030,7.300192
2014-10-27 14:58:00.000000100,7.422157
2014-10-27 14:58:00.00000086,7.551186
2014-10-27 14:58:00.00000047,41.55718
2014-10-27 14:58:00.000000107,33.94613
2014-10-27 14:58:00.000000127,30.884064
2014-10-27 14:58:00.000000119,4.564812
2014-10-27 14:58:00.00000013,34.77516
2014-10-27 14:58:00.00000076,37.27966
2014-10-27 14:58:00.00000085,7.147028
2014-10-27 14:58:00.00000038,11.015633
2014-10-27 14:58:00.0000004,7.89301
2014-10-27 14:58:00.00000037,32.566845
2014-10-27 14:58:00.00000041,5.860291
2014-10-27 14:58:00.000000141,5.5867023
2014-10-27 14:58:00.000000140,9.933676
2014-10-27 14:58:00.00000042,8.384439
2014-10-27 14:58:00.000000109,8.254053
2014-10-27 14:58:00.00000077,12.570707
2014-10-27 14:58:00.00000026,19.866974
2014-10-27 14:58:00.000000151,4.8037195
2014-10-27 14:58:00.00000061,10.009012
2014-10-27 14:58:00.000000114,17.150284
2014-10-27 14:58:00.00000021,17.586811
2014-10-27 14:58:00.00000063,6.070064
2014-10-27 14:58:00.00000072,58.448868
2014-10-27 14:58:00.000000131,8.866888
2014-10-27 14:58:00.0000005,41.108032
2014-10-27 14:58:00.000000110,6.604583
2014-10-27 14:58:00.00000011,7.9360623
2014-10-27 14:58:00.00000064,6.624478
2014-10-27 14:58:00.00000033,6.0141644
2014-10-27 14:58:00.00000091,6.5852885
2014-10-27 14:58:00.0000003,16.225418
2014-10-27 14:58:00.00000096,4.314897
2014-10-27 14:58:00.00000051,9.6466465
2014-10-27 14:58:00.00000020,8.249763
2014-10-27 14:58:00.000000138,57.070793
2014-10-27 14:58:00.0000002,21.00538
2014-10-27 14:58:00.00000039,10.950127
2014-10-27 14:58:00.00000073,9.860036
2014-10-27 14:58:00.000000116,8.355503
2014-10-27 14:58:00.00000049,8.752588
2014-10-27 14:58:00.00000025,16.814333
2014-10-27 14:58:00.000000133,4.4577804
2014-10-27 14:58:00.00000043,9.073255
2014-10-27 14:58:00.00000055,7.0383053
2014-10-27 14:58:00.000000124,36.67953
2014-10-27 14:58:00.00000083,10.564202
2014-10-27 14:58:00.00000010,7.6590886
2014-10-27 14:58:00.000000126,5.8519425
2014-10-27 14:58:00.00000017,11.098612
2014-10-27 14:58:00.000000139,11.810004
2014-10-27 14:58:00.00000014,6.272213
2014-10-27 14:58:00.00000045,7.1092973
2014-10-27 14:58:00.000000132,6.3968577
2014-10-27 14:58:00.00000080,40.12646
2014-10-27 14:58:00.00000019,7.0239277
2014-10-27 14:58:00.000000102,14.504413
2014-10-27 14:58:00.00000062,13.512091
2014-10-27 14:58:00.000000122,41.88209
2014-10-27 14:58:00.00000032,15.595022
2014-10-27 14:58:00.00000015,9.755924
2014-10-27 14:58:00.00000084,58.730778
2014-10-27 14:58:00.000000134,6.7441125
2014-10-27 14:58:00.00000093,11.4099
2014-10-27 14:58:00.00000068,6.8543296
2014-10-27 14:58:00.00000089,58.22599
2014-10-27 14:58:00.00000027,57.653065
2009-10-08 23:44:56.0000004,16.955568
2009-10-08 23:44:56.0000001,11.401345
2012-11-03 17:11:00.00000035,5.2282515
2012-11-03 17:11:00.000000107,9.000901
2012-11-03 17:11:00.00000069,11.515086
2012-11-03 17:11:00.000000116,13.731013
2012-11-03 17:11:00.000000145,6.4806814
2012-11-03 17:11:00.00000097,5.667948
2012-11-03 17:11:00.000000119,5.330412
2012-11-03 17:11:00.000000134,4.8772855
2012-11-03 17:11:00.000000137,8.4548235
2012-11-03 17:11:00.00000010,17.851202
2012-11-03 17:11:00.000000157,4.98084
2012-11-03 17:11:00.000000121,20.400568
2012-11-03 17:11:00.00000073,54.904636
2012-11-03 17:11:00.00000062,9.605274
2012-11-03 17:11:00.000000130,7.202295
2012-11-03 17:11:00.000000141,9.797683
2012-11-03 17:11:00.00000098,10.991873
2012-11-03 17:11:00.00000066,8.490324
2012-11-03 17:11:00.00000036,10.280737
2012-11-03 17:11:00.00000026,4.7498264
2012-11-03 17:11:00.000000110,7.1348643
2012-11-03 17:11:00.00000021,6.872684
2012-11-03 17:11:00.00000040,5.989013
2012-11-03 17:11:00.00000087,12.790825
2012-11-03 17:11:00.00000039,9.808193
2012-11-03 17:11:00.00000033,11.909748
2012-11-03 17:11:00.0000006,6.5492387
2012-11-03 17:11:00.00000025,16.237034
2012-11-03 17:11:00.000000129,11.089904
2012-11-03 17:11:00.000000153,12.557564
2012-11-03 17:11:00.000000138,14.688453
2012-11-03 17:11:00.000000143,7.699247
2012-11-03 17:11:00.000000109,7.446958
2012-11-03 17:11:00.00000042,14.349445
2012-11-03 17:11:00.000000104,24.642756
2012-11-03 17:11:00.0000005,7.7790565
2012-11-03 17:11:00.00000056,57.092373
2012-11-03 17:11:00.00000045,5.270656
2012-11-03 17:11:00.00000034,12.346143
2012-11-03 17:11:00.000000120,10.347089
2012-11-03 17:11:00.000000127,10.861944
2012-11-03 17:11:00.00000022,4.6128225
2012-11-03 17:11:00.0000003,16.854511
2012-11-03 17:11:00.00000084,8.837697
2012-11-03 17:11:00.00000089,11.329426
2012-11-03 17:11:00.00000041,13.289649
2012-11-03 17:11:00.000000108,12.813917
2012-11-03 17:11:00.000000158,7.8222423
2012-11-03 17:11:00.000000122,4.3675637
2012-11-03 17:11:00.000000111,23.744541
2012-11-03 17:11:00.00000027,5.935117
2012-11-03 17:11:00.0000008,4.357304
2012-11-03 17:11:00.000000148,21.540308
2012-11-03 17:11:00.000000144,35.04356
2012-11-03 17:11:00.00000029,9.7116585
2012-11-03 17:11:00.00000049,7.184995
2012-11-03 17:11:00.00000011,5.3616676
2012-11-03 17:11:00.00000094,18.698923
2012-11-03 17:11:00.000000152,17.836748
2012-11-03 17:11:00.00000051,9.477116
2012-11-03 17:11:00.00000048,7.9450865
2012-11-03 17:11:00.00000043,9.38363
2012-11-03 17:11:00.00000059,9.164273
2012-11-03 17:11:00.00000019,7.524622
2012-11-03 17:11:00.000000135,9.655496
2012-11-03 17:11:00.00000017,12.001879
2012-11-03 17:11:00.000000146,6.8929276
2012-11-03 17:11:00.00000068,11.812871
2012-11-03 17:11:00.00000092,14.051979
2012-11-03 17:11:00.0000002,21.766363
2012-11-03 17:11:00.000000133,5.8806925
2012-11-03 17:11:00.00000038,14.509325
2012-11-03 17:11:00.000000123,7.62711
2012-11-03 17:11:00.00000015,5.1666307
2012-11-03 17:11:00.000000131,5.4011827
2012-11-03 17:11:00.000000112,5.3176265
2012-11-03 17:11:00.000000100,7.147908
2012-11-03 17:11:00.00000095,17.123404
2012-11-03 17:11:00.0000004,7.3842854
2012-11-03 17:11:00.00000047,17.00975
2012-11-03 17:11:00.00000020,38.687965
2012-11-03 17:11:00.000000156,18.359745
2012-11-03 17:11:00.00000014,5.10087
2012-11-03 17:11:00.000000139,9.763874
2012-11-03 17:11:00.000000154,6.9767504
2012-11-03 17:11:00.000000151,7.0210967
2012-11-03 17:11:00.00000070,9.335585
2012-11-03 17:11:00.00000023,10.900816
2012-11-03 17:11:00.00000065,9.78289
2012-11-03 17:11:00.00000018,8.6708765
2012-11-03 17:11:00.00000088,5.733009
2012-11-03 17:11:00.000000140,14.557459
2012-11-03 17:11:00.00000071,8.671196
2009-05-07 13:58:32.0000003,7.696948
2009-05-07 13:58:32.0000001,7.823537
2011-12-25 21:26:32.0000001,4.280805
2015-01-12 19:01:00.0000001,12.919448
2015-01-12 19:01:00.0000003,4.229355
2015-01-12 19:01:00.0000004,8.703423
2015-01-12 19:01:00.0000002,6.270239
2009-10-06 16:09:24.0000001,7.7035418
2009-10-06 16:09:24.0000003,7.394325
2009-10-06 16:09:24.0000002,6.4563546
2009-05-06 01:49:12.0000003,24.915468
2009-05-06 01:49:12.0000005,6.046393
2009-05-06 01:49:12.0000001,11.560582
2009-05-06 01:49:12.0000006,6.328793
2014-10-07 11:20:56.0000002,38.69963
2014-10-07 11:20:56.0000001,13.681115
2014-10-07 11:20:56.0000003,7.7608323
2009-02-10 15:30:04.0000002,9.060521
2009-02-10 15:30:04.0000001,10.838365
2013-09-28 00:06:20.0000004,17.36948
2013-09-28 00:06:20.0000001,17.997797
2013-09-28 00:06:20.0000009,17.221582
2013-09-28 00:06:20.0000008,12.054659
2013-09-28 00:06:20.0000007,6.286019
2013-09-28 00:06:20.0000006,11.729348
2013-09-28 00:06:20.0000002,13.039683
2013-07-18 08:25:04.0000001,8.943625
2013-07-18 08:25:04.0000002,5.7257996
2013-07-18 08:25:04.0000003,9.252725
2011-03-11 01:44:00.00000010,7.627776
2011-03-11 01:44:00.00000070,6.88509
2011-03-11 01:44:00.00000088,26.35723
2011-03-11 01:44:00.00000063,13.014519
2011-03-11 01:44:00.00000058,15.783743
2011-03-11 01:44:00.00000086,17.528599
2011-03-11 01:44:00.00000053,5.7927375
2011-03-11 01:44:00.00000094,11.055221
2011-03-11 01:44:00.00000069,4.6046815
2011-03-11 01:44:00.00000061,13.14898
2011-03-11 01:44:00.0000008,4.639227
2011-03-11 01:44:00.0000002,14.560931
2011-03-11 01:44:00.00000050,4.1375933
2011-03-11 01:44:00.00000068,9.186194
2011-03-11 01:44:00.00000018,8.463805
2011-03-11 01:44:00.00000079,13.35385
2011-03-11 01:44:00.00000037,4.8789215
2011-03-11 01:44:00.00000015,7.15653
2011-03-11 01:44:00.00000071,4.308192
2011-03-11 01:44:00.00000054,13.530981
2011-03-11 01:44:00.00000080,4.2758565
2011-03-11 01:44:00.00000078,7.7550635
2011-03-11 01:44:00.00000055,6.4213343
2011-03-11 01:44:00.00000026,17.748919
2011-03-11 01:44:00.00000045,11.246636
2011-03-11 01:44:00.00000013,5.874164
2011-03-11 01:44:00.0000007,25.45812
2011-03-11 01:44:00.00000024,4.3751435
2011-03-11 01:44:00.00000093,4.471092
2011-03-11 01:44:00.00000089,7.6058993
2011-03-11 01:44:00.00000022,9.516123
2011-03-11 01:44:00.00000020,4.3180223
2011-03-11 01:44:00.00000025,3.8976436
2011-03-11 01:44:00.00000090,22.732277
2011-03-11 01:44:00.00000087,15.214677
2011-03-11 01:44:00.00000017,11.905966
2011-03-11 01:44:00.00000031,26.035494
2011-03-11 01:44:00.00000048,12.284226
2011-03-11 01:44:00.00000076,18.386683
2011-03-11 01:44:00.00000012,13.086608
2011-03-11 01:44:00.00000066,9.037487
2011-03-11 01:44:00.0000001,5.7397146
2011-03-11 01:44:00.00000091,12.726188
2011-03-11 01:44:00.00000043,8.875841
2011-03-11 01:44:00.00000060,6.4472113
2011-03-11 01:44:00.00000049,10.260363
2011-03-11 01:44:00.00000073,6.690077
2011-03-11 01:44:00.0000004,12.28468
2013-12-16 19:06:44.0000002,6.4733586
2013-12-18 03:49:24.0000001,7.902507
2013-08-05 19:04:36.0000002,9.346364
2013-08-05 19:04:36.0000001,7.583761
2009-05-08 18:00:36.0000002,5.140955
2013-01-27 00:09:12.0000002,13.141198
2013-01-27 00:09:12.0000006,7.4613295
2013-01-27 00:09:12.0000009,8.456341
2013-01-27 00:09:12.0000001,5.8064036
2013-01-27 00:09:12.0000004,8.718104
2013-01-27 00:09:12.0000007,13.430937
2013-01-27 00:09:12.0000005,7.4920397
2012-06-18 22:51:56.0000002,5.52974
2012-06-18 22:51:56.0000001,4.107413
2011-06-20 09:55:24.0000004,9.709303
2011-06-20 09:55:24.0000003,5.5715733
2011-06-20 09:55:24.0000001,7.540625
2011-06-20 09:55:24.0000002,4.6675696
2011-06-20 09:55:24.0000005,7.920562
2015-02-22 09:48:32.0000002,7.8751216
2015-02-22 09:48:32.0000001,16.564455
2015-02-22 09:48:32.0000003,19.027735
2010-08-25 23:40:32.0000001,12.204165
2012-01-07 11:21:56.0000002,12.499648
2012-10-31 12:17:24.0000003,10.454279
2012-10-31 12:17:24.0000001,7.735695
2012-10-20 02:05:08.0000001,14.24387
2012-10-20 02:05:08.0000002,5.717635
2012-05-06 08:52:08.0000001,10.350648
2014-10-11 15:11:24.0000002,6.5153112
2014-10-11 15:11:24.0000004,43.906925
2014-10-11 15:11:24.0000005,15.109522
2014-10-11 15:11:24.0000006,34.97512
2014-10-11 15:11:24.0000001,7.45008
2009-08-17 12:27:08.0000004,6.400967
2009-08-17 12:27:08.0000001,19.85378
2009-08-17 12:27:08.0000003,6.9149475
2011-10-28 07:45:04.0000001,15.284233
2011-10-28 07:45:04.0000003,7.1035466
2011-10-28 07:45:04.0000002,5.022319
2014-04-09 09:23:12.0000003,8.4680605
2014-04-09 09:23:12.0000005,8.290439
2014-04-09 09:23:12.0000002,8.941073
2014-04-09 09:23:12.0000001,11.484274
2013-09-15 02:37:52.0000001,11.20165
2013-09-15 02:37:52.0000003,10.333863
2009-11-25 19:32:52.0000005,12.787726
2009-11-25 19:32:52.0000002,10.35506
2009-11-25 19:32:52.0000003,15.470396
2014-05-30 00:09:16.0000002,12.941551
2014-05-30 00:09:16.0000005,10.499851
2014-05-30 00:09:16.0000003,5.5327525
2014-05-30 00:09:16.0000004,5.8970075
2014-05-30 00:09:16.0000001,11.420074
2013-10-24 14:18:20.0000001,5.432315
2013-10-24 14:18:20.0000002,6.7444553
2013-10-24 14:18:20.0000003,13.587053
2014-06-07 22:07:12.0000002,16.196548
2014-06-07 22:07:12.0000001,13.3900795
2013-01-07 17:08:32.0000003,7.8040934
2013-01-07 17:08:32.0000001,6.0349383
2010-08-11 00:12:08.0000001,5.865782
2011-10-04 09:37:00.0000007,7.71709
2011-10-04 09:37:00.00000092,6.898614
2011-10-04 09:37:00.000000150,6.647947
2011-10-04 09:37:00.00000010,5.2112546
2011-10-04 09:37:00.00000065,31.743963
2011-10-04 09:37:00.000000151,6.4948344
2011-10-04 09:37:00.00000089,5.4751673
2011-10-04 09:37:00.000000120,7.9929223
2011-10-04 09:37:00.0000009,5.3444066
2011-10-04 09:37:00.000000110,5.8394914
2011-10-04 09:37:00.00000098,15.284399
2011-10-04 09:37:00.00000011,4.120284
2011-10-04 09:37:00.00000042,6.561458
2011-10-04 09:37:00.00000024,8.014808
2011-10-04 09:37:00.000000188,16.231968
2011-10-04 09:37:00.00000071,11.078193
2011-10-04 09:37:00.000000168,10.974025
2011-10-04 09:37:00.000000159,9.291069
2011-10-04 09:37:00.000000171,10.552782
2011-10-04 09:37:00.000000129,7.438555
2011-10-04 09:37:00.000000186,5.7248597
2011-10-04 09:37:00.000000123,13.070646
2011-10-04 09:37:00.00000020,4.9124775
2011-10-04 09:37:00.00000033,4.1109
2011-10-04 09:37:00.00000058,12.439506
2011-10-04 09:37:00.00000068,9.783314
2011-10-04 09:37:00.000000131,5.2004786
2011-10-04 09:37:00.000000178,35.58212
2011-10-04 09:37:00.000000103,32.55062
2011-10-04 09:37:00.00000026,9.559486
2011-10-04 09:37:00.000000115,5.2130113
2011-10-04 09:37:00.00000059,35.09897
2011-10-04 09:37:00.00000090,14.114892
2011-10-04 09:37:00.00000063,6.72302
2011-10-04 09:37:00.000000169,3.8880975
2011-10-04 09:37:00.00000066,9.606594
2011-10-04 09:37:00.000000181,4.360177
2011-10-04 09:37:00.00000018,4.627656
2011-10-04 09:37:00.000000112,5.9359775
2011-10-04 09:37:00.00000094,10.243431
2011-10-04 09:37:00.0000001,5.9689193
2011-10-04 09:37:00.000000139,11.478197
2011-10-04 09:37:00.000000152,10.638336
2011-10-04 09:37:00.000000187,5.204731
2011-10-04 09:37:00.00000070,6.2799535
2011-10-04 09:37:00.00000050,5.4856606
2011-10-04 09:37:00.0000004,7.5868983
2011-10-04 09:37:00.000000153,12.998497
2011-10-04 09:37:00.00000076,28.895985
2011-10-04 09:37:00.00000079,32.916615
2011-10-04 09:37:00.000000146,6.7906337
2011-10-04 09:37:00.000000192,8.744575
2011-10-04 09:37:00.000000172,10.661454
2011-10-04 09:37:00.000000154,7.27042
2011-10-04 09:37:00.000000124,8.896264
2011-10-04 09:37:00.000000142,6.0300455
2011-10-04 09:37:00.000000167,9.289053
2011-10-04 09:37:00.00000048,10.746329
2011-10-04 09:37:00.00000074,13.401364
2011-10-04 09:37:00.000000193,8.617304
2011-10-04 09:37:00.000000166,6.599532
2011-10-04 09:37:00.000000147,5.895827
2011-10-04 09:37:00.000000189,6.7368193
2011-10-04 09:37:00.0000008,6.568682
2011-10-04 09:37:00.000000125,6.920518
2011-10-04 09:37:00.00000051,5.0204916
2011-10-04 09:37:00.000000173,8.158802
2011-10-04 09:37:00.00000096,11.994286
2011-10-04 09:37:00.000000174,5.977533
2011-10-04 09:37:00.000000130,8.308971
2011-10-04 09:37:00.00000016,6.209275
2011-10-04 09:37:00.000000145,6.554722
2011-10-04 09:37:00.000000140,7.9961348
2011-10-04 09:37:00.00000040,31.376947
2011-10-04 09:37:00.000000118,10.355864
2011-10-04 09:37:00.00000081,7.1832256
2011-10-04 09:37:00.000000175,7.023786
2011-10-04 09:37:00.00000072,10.699998
2011-10-04 09:37:00.000000143,5.894669
2011-10-04 09:37:00.000000104,5.3909774
2011-10-04 09:37:00.00000053,7.1674004
2011-10-04 09:37:00.00000084,4.4268723
2011-10-04 09:37:00.00000030,9.405099
2011-10-04 09:37:00.000000100,6.0157743
2011-10-04 09:37:00.000000105,8.538948
2011-10-04 09:37:00.00000041,5.1640053
2011-10-04 09:37:00.00000091,12.820899
2011-10-04 09:37:00.00000078,6.901787
2011-10-04 09:37:00.000000197,6.69255
2011-10-04 09:37:00.000000119,8.246581
2011-10-04 09:37:00.000000161,8.5805
2011-10-04 09:37:00.00000039,6.2374463
2011-10-04 09:37:00.00000086,6.386571
2011-10-04 09:37:00.000000195,9.792392
2011-10-04 09:37:00.000000182,7.050515
2011-10-04 09:37:00.000000133,6.646536
2011-10-04 09:37:00.00000029,7.250706
2011-10-04 09:37:00.000000144,6.0409107
2011-10-04 09:37:00.000000128,6.3782105
2011-10-04 09:37:00.00000027,8.802964
2011-10-04 09:37:00.00000032,6.1325235
2011-10-04 09:37:00.00000073,9.743739
2011-10-04 09:37:00.00000083,9.891514
2011-10-04 09:37:00.00000021,6.4345627
2011-10-04 09:37:00.000000137,5.0809755
2011-10-04 09:37:00.00000087,49.684956
2011-10-04 09:37:00.00000060,33.095425
2011-10-04 09:37:00.000000138,8.495953
2011-10-04 09:37:00.00000046,10.47691
2011-10-04 09:37:00.00000075,12.664522
2011-10-04 09:37:00.000000198,5.6505904
2011-10-04 09:37:00.000000121,10.614958
2011-10-04 09:37:00.000000116,5.0228596
2011-10-04 09:37:00.000000117,6.7136645
2011-10-04 09:37:00.00000097,13.571664
2011-10-04 09:37:00.00000012,4.532849
2011-10-04 09:37:00.00000093,31.384771
2011-10-04 09:37:00.000000101,6.1607823
2011-10-04 09:37:00.00000082,19.399893
2011-10-04 09:37:00.000000126,4.8709836
2011-10-04 09:37:00.00000035,10.349604
2011-10-04 09:37:00.000000127,13.715904
2011-10-04 09:37:00.000000156,4.7128825
2014-04-29 08:15:56.0000002,6.389673
2014-04-29 08:15:56.0000001,7.7105565
2012-10-23 14:15:04.0000003,15.301878
2012-10-23 14:15:04.0000004,17.136412
2012-10-23 14:15:04.0000001,7.2861867
2012-08-31 08:01:16.0000001,7.097769
2012-10-18 21:06:20.0000003,11.986451
2012-10-18 21:06:20.0000006,57.48196
2012-10-18 21:06:20.0000002,8.671777
2012-10-18 21:06:20.0000005,8.397076
2012-10-18 21:06:20.0000004,9.593465
2012-10-18 21:06:20.0000008,10.410678
2012-10-18 21:06:20.00000010,8.043915
2012-10-18 21:06:20.0000001,35.625675
2014-02-26 04:36:28.0000001,16.975033
2010-02-20 00:43:28.0000002,8.089859
2010-02-20 00:43:28.0000004,20.714481
2010-02-20 00:43:28.0000003,8.691171
2010-02-20 00:43:28.0000001,11.971593
2009-08-21 08:00:48.0000002,7.7494893
2009-08-21 08:00:48.0000001,7.363291
2009-08-21 08:00:48.0000003,7.7944994
2014-12-24 03:00:00.00000034,6.680436
2014-12-24 03:00:00.00000013,27.046349
2014-12-24 03:00:00.0000001,15.137409
2014-12-24 03:00:00.00000032,6.6364617
2014-12-24 03:00:00.0000006,4.329185
2014-12-24 03:00:00.00000037,6.091722
2014-12-24 03:00:00.00000012,10.122009
2014-12-24 03:00:00.00000023,22.439732
2014-12-24 03:00:00.00000041,4.719351
2014-12-24 03:00:00.0000008,7.574182
2014-12-24 03:00:00.00000024,13.290532
2014-12-24 03:00:00.00000038,6.089392
2014-12-24 03:00:00.0000009,6.201902
2014-12-24 03:00:00.00000018,14.74049
2014-12-24 03:00:00.00000011,24.154016
2014-12-24 03:00:00.00000021,11.157327
2014-12-24 03:00:00.00000030,7.0660005
2014-12-24 03:00:00.00000010,5.58928
2014-12-24 03:00:00.0000004,7.771313
2014-12-24 03:00:00.00000022,12.8685055
2014-12-24 03:00:00.00000028,5.967542
2012-08-19 12:46:40.0000003,13.052663
2012-08-19 12:46:40.0000002,4.6373796
2012-08-19 12:46:40.0000001,7.796172
2013-12-02 17:53:24.0000003,13.040558
2013-12-02 17:53:24.0000001,10.678773
2013-12-02 17:53:24.0000002,11.344918
2011-11-07 18:53:08.0000002,9.565846
2011-11-07 18:53:08.0000001,12.950812
2009-05-16 23:36:24.0000001,9.005744
2009-05-16 23:36:24.0000002,5.6754246
2011-01-10 10:56:56.0000003,7.0010242
2011-01-10 10:56:56.0000002,30.568645
2011-01-10 10:56:56.0000001,5.633763
2010-10-07 10:54:20.0000002,6.816871
2010-10-07 10:54:20.0000005,14.318048
2010-10-07 10:54:20.0000001,5.8728514
2010-10-07 10:54:20.0000004,7.275846
2011-02-21 20:11:08.0000001,7.6593204
2011-02-21 20:11:08.0000005,7.124642
2011-02-21 20:11:08.0000002,9.898395
2011-02-21 20:11:08.0000003,7.3028274
2011-02-21 20:11:08.0000004,35.430714
2009-10-04 22:54:56.0000003,7.800139
2015-04-11 20:31:32.0000007,5.551314
2015-04-11 20:31:32.00000012,5.739717
2015-04-11 20:31:32.0000003,35.860344
2015-04-11 20:31:32.0000006,12.19009
2015-04-11 20:31:32.0000002,22.885359
2015-04-11 20:31:32.0000009,11.067079
2015-04-11 20:31:32.00000010,4.9592943
2015-04-11 20:31:32.0000001,7.770942
2012-04-02 02:53:24.0000001,11.6226425
2014-04-21 16:00:36.0000001,5.3938656
2014-04-21 16:00:36.0000003,14.844825
2014-04-21 16:00:36.0000002,5.031128
2012-03-22 21:11:36.0000006,11.399846
2012-03-22 21:11:36.0000008,7.1515107
2012-03-22 21:11:36.0000005,11.518312
2012-03-22 21:11:36.0000001,10.1171665
2012-03-22 21:11:36.0000004,4.96342
2012-03-22 21:11:36.0000007,4.63714
2012-03-22 21:11:36.0000002,7.8950586
2012-03-22 21:11:36.0000003,21.110662
2011-04-08 00:57:44.0000001,4.9139004
2011-02-20 12:31:04.0000001,9.746905
2011-02-20 12:31:04.0000003,4.033016
2011-02-06 17:08:24.0000004,16.710135
2011-02-06 17:08:24.0000002,7.045639
2011-02-06 17:08:24.0000001,9.262977
2013-01-01 22:04:56.0000001,8.076863
2013-04-23 17:52:44.0000001,15.982019
2013-04-23 17:52:44.0000002,6.0487947
2013-07-02 21:47:24.0000003,4.9819555
2013-07-02 21:47:24.0000002,16.616783
2013-07-02 21:47:24.0000001,18.564365
2010-01-01 13:19:40.0000002,17.873158
2010-01-01 13:19:40.0000005,8.870312
2010-01-01 13:19:40.0000001,8.758198
2010-01-01 13:19:40.0000003,59.309174
2013-04-26 20:41:16.0000001,7.9911876
2010-03-06 23:51:08.0000002,13.329644
2010-03-06 23:51:08.0000001,8.126468
2014-04-17 16:58:28.0000001,9.550161
2014-04-17 16:58:28.0000002,12.515692
2014-01-06 16:39:16.0000001,27.390194
2015-02-12 05:37:56.0000002,6.277137
2011-12-22 01:00:08.0000001,14.76155
2011-12-22 01:00:08.0000002,6.980232
2011-08-20 17:04:24.0000001,5.1236706
2011-06-30 13:07:36.0000001,6.283654
2011-06-30 13:07:36.0000005,10.037016
2011-06-30 13:07:36.0000002,7.3180814
2011-06-30 13:07:36.0000004,7.5446863
2011-06-30 13:07:36.0000003,9.365026
2014-04-27 02:57:00.000000100,4.1358266
2014-04-27 02:57:00.000000130,6.0216966
2014-04-27 02:57:00.000000109,33.976524
2014-04-27 02:57:00.00000096,19.182194
2014-04-27 02:57:00.00000063,11.533891
2014-04-27 02:57:00.000000177,10.348834
2014-04-27 02:57:00.000000132,20.51185
2014-04-27 02:57:00.000000170,20.486252
2014-04-27 02:57:00.00000021,16.393541
2014-04-27 02:57:00.000000136,12.3759575
2014-04-27 02:57:00.00000032,10.901507
2014-04-27 02:57:00.000000107,6.00128
2014-04-27 02:57:00.00000028,41.2796
2014-04-27 02:57:00.00000026,17.384075
2014-04-27 02:57:00.000000139,7.817259
2014-04-27 02:57:00.00000015,20.604332
2014-04-27 02:57:00.00000095,4.163098
2014-04-27 02:57:00.000000105,23.513433
2014-04-27 02:57:00.000000196,10.621657
2014-04-27 02:57:00.0000001,5.0659018
2014-04-27 02:57:00.000000175,13.251856
2014-04-27 02:57:00.000000188,16.880613
2014-04-27 02:57:00.00000051,13.945857
2014-04-27 02:57:00.00000055,7.190204
2014-04-27 02:57:00.00000016,14.924934
2014-04-27 02:57:00.000000169,7.5571976
2014-04-27 02:57:00.00000086,13.860404
2014-04-27 02:57:00.000000148,16.651688
2014-04-27 02:57:00.00000087,18.088053
2014-04-27 02:57:00.00000027,16.242023
2014-04-27 02:57:00.000000120,21.117762
2014-04-27 02:57:00.00000068,4.4655957
2014-04-27 02:57:00.00000099,7.8663726
2014-04-27 02:57:00.000000193,9.262454
2014-04-27 02:57:00.00000081,22.599834
2014-04-27 02:57:00.000000135,21.451742
2014-04-27 02:57:00.000000181,6.048743
2014-04-27 02:57:00.00000020,5.749889
2014-04-27 02:57:00.000000157,23.056746
2014-04-27 02:57:00.00000079,20.465168
2014-04-27 02:57:00.00000019,7.573084
2014-04-27 02:57:00.000000126,14.170013
2014-04-27 02:57:00.0000002,5.096654
2014-04-27 02:57:00.00000062,9.6812
2014-04-27 02:57:00.00000085,13.252464
2014-04-27 02:57:00.00000014,15.044847
2014-04-27 02:57:00.000000161,11.857864
2014-04-27 02:57:00.00000084,15.089188
2014-04-27 02:57:00.000000122,18.733732
2014-04-27 02:57:00.000000111,7.6086974
2014-04-27 02:57:00.000000113,9.861377
2014-04-27 02:57:00.00000071,9.261142
2014-04-27 02:57:00.00000077,12.093052
2014-04-27 02:57:00.000000134,46.563583
2014-04-27 02:57:00.000000103,11.483098
2014-04-27 02:57:00.000000102,13.901482
2014-04-27 02:57:00.000000160,22.856909
2014-04-27 02:57:00.00000042,5.465154
2014-04-27 02:57:00.00000054,11.571637
2014-04-27 02:57:00.00000049,13.924493
2014-04-27 02:57:00.000000147,11.012682
2014-04-27 02:57:00.00000045,9.379992
2014-04-27 02:57:00.0000003,23.416872
2014-04-27 02:57:00.000000182,9.011463
2014-04-27 02:57:00.000000180,9.184654
2014-04-27 02:57:00.00000038,23.836334
2014-04-27 02:57:00.0000005,8.800835
2014-04-27 02:57:00.000000108,4.5459785
2014-04-27 02:57:00.00000092,6.472653
2014-04-27 02:57:00.000000192,5.9421835
2014-04-27 02:57:00.000000165,6.53217
2014-04-27 02:57:00.000000115,10.927527
2014-04-27 02:57:00.00000029,9.591927
2014-04-27 02:57:00.00000050,5.382966
2014-04-27 02:57:00.000000119,7.5086484
2014-04-27 02:57:00.00000011,15.479462
2014-04-27 02:57:00.000000114,7.1370206
2014-04-27 02:57:00.000000190,14.567944
2014-04-27 02:57:00.00000061,10.129683
2014-04-27 02:57:00.00000098,10.657087
2014-04-27 02:57:00.00000040,7.2857623
2014-04-27 02:57:00.000000117,19.04936
2014-04-27 02:57:00.000000150,7.1363893
2014-04-27 02:57:00.00000035,7.7800756
2014-04-27 02:57:00.00000022,18.630705
2014-04-27 02:57:00.000000146,7.566774
2014-04-27 02:57:00.00000018,9.891885
2014-04-27 02:57:00.00000041,12.641436
2014-04-27 02:57:00.00000089,18.677105
2014-04-27 02:57:00.00000088,8.490079
2014-04-27 02:57:00.000000101,10.674281
2014-04-27 02:57:00.00000058,25.013027
2014-04-27 02:57:00.00000030,8.251517
2014-04-27 02:57:00.000000156,13.670293
2014-04-27 02:57:00.00000024,8.22857
2014-04-27 02:57:00.000000163,7.7322993
2014-04-27 02:57:00.000000152,12.819301
2014-04-27 02:57:00.00000037,6.200885
2014-04-27 02:57:00.00000065,5.3488135
2014-04-27 02:57:00.0000006,26.304508
2014-04-27 02:57:00.00000060,9.132041
2014-04-27 02:57:00.000000110,7.4078226
2014-04-27 02:57:00.00000034,5.7746444
2014-04-27 02:57:00.000000149,27.627773
2014-04-27 02:57:00.000000176,4.3177896
2014-04-27 02:57:00.000000184,6.4755135
2014-04-27 02:57:00.000000118,6.8926535
2014-04-27 02:57:00.000000186,13.892011
2014-04-27 02:57:00.000000104,10.798646
2014-04-27 02:57:00.00000080,25.400808
2014-04-27 02:57:00.000000121,8.516785
2014-04-27 02:57:00.00000093,7.024054
2014-04-27 02:57:00.00000056,12.894606
2014-04-27 02:57:00.00000044,14.81702
2014-04-27 02:57:00.00000048,8.110158
2014-04-27 02:57:00.00000059,15.219168
2014-04-27 02:57:00.000000194,20.209002
2014-04-27 02:57:00.000000185,22.912733
2014-04-27 02:57:00.000000125,17.7315
2014-04-27 02:57:00.00000046,11.34457
2014-04-27 02:57:00.00000070,17.73971
2014-04-27 02:57:00.000000133,12.919942
2011-01-18 10:26:40.0000003,5.0831056
2011-01-18 10:26:40.0000002,8.451285
2012-04-20 07:57:20.0000001,9.733417
2012-04-20 07:57:20.0000004,5.067509
2012-04-20 07:57:20.0000003,5.995459
2012-04-20 07:57:20.0000002,4.576921
2011-12-13 22:00:00.00000071,12.688493
2011-12-13 22:00:00.000000178,4.538245
2011-12-13 22:00:00.00000016,6.9905276
2011-12-13 22:00:00.000000127,6.5185122
2011-12-13 22:00:00.00000065,4.1011033
2011-12-13 22:00:00.000000227,3.9218469
2011-12-13 22:00:00.000000257,5.820418
2011-12-13 22:00:00.000000238,7.694733
2011-12-13 22:00:00.0000008,8.123882
2011-12-13 22:00:00.000000252,4.875523
2011-12-13 22:00:00.000000204,13.381337
2011-12-13 22:00:00.000000120,9.134971
2011-12-13 22:00:00.000000175,3.9276462
2011-12-13 22:00:00.00000010,12.750147
2011-12-13 22:00:00.00000048,6.123798
2011-12-13 22:00:00.000000189,4.2148056
2011-12-13 22:00:00.00000011,5.02607
2011-12-13 22:00:00.000000247,7.1484394
2011-12-13 22:00:00.000000261,4.1723475
2011-12-13 22:00:00.0000004,12.009831
2011-12-13 22:00:00.00000014,11.350388
2011-12-13 22:00:00.000000151,36.57603
2011-12-13 22:00:00.00000025,6.2807374
2011-12-13 22:00:00.00000039,10.056775
2011-12-13 22:00:00.000000179,7.1341977
2011-12-13 22:00:00.000000137,11.411456
2011-12-13 22:00:00.00000091,15.9163
2011-12-13 22:00:00.000000109,5.3476815
2011-12-13 22:00:00.000000174,7.9768906
2011-12-13 22:00:00.000000225,16.125004
2011-12-13 22:00:00.000000207,6.1790743
2011-12-13 22:00:00.000000269,23.211254
2011-12-13 22:00:00.000000234,6.8872523
2011-12-13 22:00:00.00000017,6.472892
2011-12-13 22:00:00.00000046,6.170579
2011-12-13 22:00:00.00000057,12.686431
2011-12-13 22:00:00.000000105,7.9349375
2011-12-13 22:00:00.000000114,13.568361
2011-12-13 22:00:00.00000030,4.9748034
2011-12-13 22:00:00.000000100,6.189617
2011-12-13 22:00:00.00000088,14.472572
2011-12-13 22:00:00.000000242,7.693542
2011-12-13 22:00:00.000000113,6.6323724
2011-12-13 22:00:00.000000157,10.572326
2011-12-13 22:00:00.000000177,12.409885
2011-12-13 22:00:00.000000169,8.024766
2011-12-13 22:00:00.000000123,4.1000524
2011-12-13 22:00:00.000000182,29.75658
2011-12-13 22:00:00.000000129,6.8111
2011-12-13 22:00:00.000000136,27.918846
2011-12-13 22:00:00.000000187,5.559973
2011-12-13 22:00:00.000000218,8.268538
2011-12-13 22:00:00.000000167,28.688437
2011-12-13 22:00:00.000000192,9.217931
2011-12-13 22:00:00.00000024,5.630649
2011-12-13 22:00:00.00000093,10.646467
2011-12-13 22:00:00.000000260,4.3182616
2011-12-13 22:00:00.00000038,4.271513
2011-12-13 22:00:00.000000208,6.700766
2011-12-13 22:00:00.000000210,5.881476
2011-12-13 22:00:00.000000181,6.1152487
2011-12-13 22:00:00.000000111,10.250331
2011-12-13 22:00:00.000000161,16.110348
2011-12-13 22:00:00.000000209,4.651128
2011-12-13 22:00:00.00000029,7.0453825
2011-12-13 22:00:00.00000067,4.865128
2011-12-13 22:00:00.000000202,5.333727
2011-12-13 22:00:00.000000245,9.293317
2011-12-13 22:00:00.000000206,8.787227
2011-12-13 22:00:00.0000003,6.4277864
2011-12-13 22:00:00.00000060,14.301548
2011-12-13 22:00:00.00000053,4.9369354
2011-12-13 22:00:00.000000201,10.400462
2011-12-13 22:00:00.000000212,9.839549
2011-12-13 22:00:00.000000235,14.943904
2011-12-13 22:00:00.000000170,24.316984
2011-12-13 22:00:00.000000253,4.189437
2011-12-13 22:00:00.000000172,17.050451
2011-12-13 22:00:00.00000086,4.1533136
2011-12-13 22:00:00.000000223,38.507355
2011-12-13 22:00:00.0000009,10.576633
2011-12-13 22:00:00.00000031,11.495128
2011-12-13 22:00:00.000000243,9.904803
2011-12-13 22:00:00.000000133,9.576379
2011-12-13 22:00:00.000000199,8.237875
2011-12-13 22:00:00.000000104,25.240074
2011-12-13 22:00:00.00000023,49.387833
2011-12-13 22:00:00.00000075,34.669956
2011-12-13 22:00:00.000000217,4.881553
2011-12-13 22:00:00.000000220,8.023534
2011-12-13 22:00:00.000000211,4.4246893
2011-12-13 22:00:00.000000150,8.231531
2011-12-13 22:00:00.00000020,8.207562
2011-12-13 22:00:00.000000254,6.800028
2011-12-13 22:00:00.000000183,7.4825706
2011-12-13 22:00:00.000000166,12.743859
2011-12-13 22:00:00.00000063,6.621255
2011-12-13 22:00:00.000000124,4.739213
2011-12-13 22:00:00.000000219,8.518313
2011-12-13 22:00:00.00000099,13.640868
2011-12-13 22:00:00.00000041,6.3788853
2011-12-13 22:00:00.00000080,10.316758
2011-12-13 22:00:00.000000216,23.312952
2011-12-13 22:00:00.000000240,4.6762795
2011-12-13 22:00:00.000000153,6.8304257
2011-12-13 22:00:00.00000068,4.0677204
2011-12-13 22:00:00.000000263,10.271614
2011-12-13 22:00:00.00000061,12.381746
2011-12-13 22:00:00.000000162,5.8899107
2011-12-13 22:00:00.00000045,5.638734
2011-12-13 22:00:00.000000193,9.50101
2011-12-13 22:00:00.000000112,28.27974
2011-12-13 22:00:00.000000165,5.5544195
2011-12-13 22:00:00.000000255,11.611821
2011-12-13 22:00:00.000000106,29.223452
2011-12-13 22:00:00.000000125,12.920282
2011-12-13 22:00:00.000000250,8.206798
2011-12-13 22:00:00.0000006,5.7012277
2011-12-13 22:00:00.00000090,4.7189555
2011-12-13 22:00:00.00000055,5.225888
2011-12-13 22:00:00.000000188,9.613274
2011-12-13 22:00:00.000000259,13.713073
2011-12-13 22:00:00.000000142,14.350869
2011-12-13 22:00:00.000000155,6.1574745
2011-12-13 22:00:00.00000082,4.774369
2011-12-13 22:00:00.00000069,6.328942
2011-12-13 22:00:00.00000097,11.493907
2011-12-13 22:00:00.000000107,28.651691
2011-12-13 22:00:00.000000126,5.86131
2011-12-13 22:00:00.00000012,10.042217
2011-12-13 22:00:00.000000158,6.69922
2011-12-13 22:00:00.000000196,7.0939546
2011-12-13 22:00:00.000000132,24.636364
2011-12-13 22:00:00.000000244,5.4456778
2011-12-13 22:00:00.000000268,8.403125
2011-12-13 22:00:00.00000064,5.856994
2011-12-13 22:00:00.000000159,11.556225
2011-12-13 22:00:00.000000163,23.405746
2011-12-13 22:00:00.000000232,16.292515
2011-12-13 22:00:00.0000007,12.234737
2011-12-13 22:00:00.00000054,4.3632236
2011-12-13 22:00:00.000000230,14.441009
2011-12-13 22:00:00.000000256,6.5525994
2011-12-13 22:00:00.000000146,6.682917
2011-12-13 22:00:00.000000265,8.534906
2011-12-13 22:00:00.00000076,5.938104
2011-12-13 22:00:00.00000062,19.124609
2011-12-13 22:00:00.00000032,6.0796013
2011-12-13 22:00:00.000000213,4.7412047
2011-12-13 22:00:00.00000083,14.686188
2011-12-13 22:00:00.00000026,9.890392
2011-12-13 22:00:00.000000239,12.379893
2011-12-13 22:00:00.000000233,10.158379
2011-12-13 22:00:00.00000089,7.2556663
2011-12-13 22:00:00.000000267,6.377418
2011-12-13 22:00:00.000000176,7.9848847
2011-12-13 22:00:00.000000139,4.8816414
2011-12-13 22:00:00.00000027,4.6634254
2011-12-13 22:00:00.00000042,9.229822
2011-12-13 22:00:00.000000241,12.890104
2011-12-13 22:00:00.000000222,7.771893
2012-03-12 09:50:24.0000001,7.16699
2012-03-12 09:50:24.0000003,5.899182
2012-03-12 09:50:24.0000002,5.9761577
2014-05-13 07:33:52.0000006,5.3921475
2014-05-13 07:33:52.0000004,5.9017234
2014-05-13 07:33:52.0000001,10.155769
2014-05-13 07:33:52.0000002,5.1514344
2014-05-13 07:33:52.0000003,13.823313
2011-06-30 09:37:08.0000002,9.765459
2011-06-30 09:37:08.0000003,3.9844282
2012-09-18 17:13:40.0000002,7.1187634
2012-09-18 17:13:40.0000001,6.746219
2011-06-07 12:11:56.0000004,18.10823
2011-06-07 12:11:56.0000001,13.609811
2011-06-07 12:11:56.0000003,29.540174
2011-06-07 12:11:56.0000002,5.2341022
2011-06-07 12:11:56.0000005,6.9012814
2010-05-21 23:04:44.0000002,19.259007
2010-05-21 23:04:44.0000001,15.434701
2009-01-28 16:36:28.0000002,6.8071957
2009-01-28 16:36:28.0000003,43.91127
2009-01-28 16:36:28.0000005,6.221392
2009-01-28 16:36:28.0000006,9.764723
2009-01-28 16:36:28.0000001,5.4221964
2012-03-12 02:58:56.0000001,16.881607
2010-07-21 22:06:12.0000005,7.56338
2010-07-21 22:06:12.0000003,5.7329316
2010-07-21 22:06:12.0000001,21.982584
2010-07-21 22:06:12.0000002,11.042508
2009-04-12 16:00:56.0000001,11.219541
2013-05-24 13:37:32.0000001,7.391105
2011-07-29 20:50:36.0000001,12.125191
2011-07-29 20:50:36.0000003,24.522808
2011-07-29 20:50:36.0000002,4.7059464
2014-03-05 21:07:12.0000003,12.50735
2014-03-05 21:07:12.0000004,7.714852
2009-11-28 15:07:24.0000004,47.972206
2009-11-28 15:07:24.0000001,7.2980003
2009-11-28 15:07:24.0000003,5.3516846
2015-04-11 14:16:12.0000003,7.6657343
2015-04-11 14:16:12.00000010,5.261234
2015-04-11 14:16:12.00000011,6.315723
2015-04-11 14:16:12.0000001,7.68604
2015-04-11 14:16:12.0000002,6.7797337
2015-04-11 14:16:12.0000006,57.7094
2015-04-11 14:16:12.0000007,5.944469
2015-04-11 14:16:12.0000008,9.347986
2014-11-15 10:57:20.0000002,4.3233795
2014-11-15 10:57:20.0000001,7.71615
2010-07-31 15:47:28.0000001,4.7646317
2014-05-12 20:56:48.0000005,5.159615
2014-05-12 20:56:48.0000001,7.465139
2014-05-12 20:56:48.0000004,7.0338755
2014-05-12 20:56:48.0000003,7.9272847
2014-05-12 20:56:48.0000002,10.554853
2014-01-16 06:00:48.0000001,10.6543255
2014-04-23 11:18:40.0000003,11.278709
2014-04-23 11:18:40.0000002,7.639285
2014-04-23 11:18:40.0000001,10.43015
2011-09-22 04:49:56.0000001,36.572372
2011-10-28 07:35:52.0000003,5.91995
2011-10-28 07:35:52.0000002,10.650455
2011-10-28 07:35:52.0000001,6.132618
2015-05-10 19:54:00.0000001,8.269033
2015-05-10 19:54:00.0000003,6.7855268
2015-05-10 19:54:00.0000005,10.117563
2015-05-10 19:54:00.0000004,11.261619
2011-03-28 23:18:48.0000001,9.479736
2014-08-26 01:31:04.0000001,26.821095
2015-02-26 15:55:48.0000004,13.867967
2015-02-26 15:55:48.0000003,9.036256
2015-02-26 15:55:48.0000002,6.958275
2013-11-22 15:36:36.0000002,4.3673234
2010-02-13 11:03:04.0000002,4.8088818
2010-02-13 11:03:04.0000001,4.687168
2010-02-13 11:03:04.0000004,4.9768834
2010-02-13 11:03:04.0000003,5.97256
2011-06-26 18:48:08.0000004,7.64522
2011-06-26 18:48:08.0000005,15.936346
2011-06-26 18:48:08.0000002,5.0563574
2011-06-26 18:48:08.0000001,7.2745776
2010-10-14 23:48:56.0000001,5.4029045
2010-10-14 23:48:56.0000002,41.690136
2010-10-14 23:48:56.0000003,11.911743
2010-10-14 23:48:56.0000004,6.4041004
2011-01-22 07:48:28.0000001,8.065589
2011-10-17 18:49:20.0000003,14.838769
2011-10-17 18:49:20.0000002,7.4884562
2011-10-17 18:49:20.0000005,8.977398
2009-03-24 16:39:12.0000002,8.552414
2009-03-24 16:39:12.0000004,7.4035406
2009-03-24 16:39:12.0000003,10.187571
2009-03-24 16:39:12.0000001,6.01441
2014-07-21 18:19:00.000000102,8.6905365
2014-07-21 18:19:00.000000106,10.440216
2014-07-21 18:19:00.000000107,5.5192184
2014-07-21 18:19:00.00000094,34.823116
2014-07-21 18:19:00.000000161,7.825685
2014-07-21 18:19:00.000000129,16.28881
2014-07-21 18:19:00.00000083,5.157963
2014-07-21 18:19:00.000000163,15.404998
2014-07-21 18:19:00.000000117,11.423055
2014-07-21 18:19:00.00000028,4.6118817
2014-07-21 18:19:00.00000089,13.479375
2014-07-21 18:19:00.000000130,6.1246967
2014-07-21 18:19:00.000000105,7.58089
2014-07-21 18:19:00.000000123,16.30191
2014-07-21 18:19:00.000000103,56.656055
2014-07-21 18:19:00.000000227,5.0032454
2014-07-21 18:19:00.000000189,9.551662
2014-07-21 18:19:00.000000168,8.579425
2014-07-21 18:19:00.000000173,11.838941
2014-07-21 18:19:00.000000128,15.150178
2014-07-21 18:19:00.000000143,27.598923
2014-07-21 18:19:00.00000018,21.237389
2014-07-21 18:19:00.00000049,10.900397
2014-07-21 18:19:00.00000022,7.0723424
2014-07-21 18:19:00.000000200,6.0418057
2014-07-21 18:19:00.000000193,9.527848
2014-07-21 18:19:00.000000231,7.1638746
2014-07-21 18:19:00.000000202,11.354851
2014-07-21 18:19:00.00000092,30.932396
2014-07-21 18:19:00.000000148,6.3433385
2014-07-21 18:19:00.00000057,4.5339775
2014-07-21 18:19:00.00000074,7.2883964
2014-07-21 18:19:00.000000183,13.96545
2014-07-21 18:19:00.000000221,4.0737624
2014-07-21 18:19:00.00000078,8.059535
2014-07-21 18:19:00.00000058,6.4315352
2014-07-21 18:19:00.000000214,6.82784
2014-07-21 18:19:00.000000122,9.944647
2014-07-21 18:19:00.000000137,3.9185119
2014-07-21 18:19:00.00000027,7.5642695
2014-07-21 18:19:00.00000047,20.721497
2014-07-21 18:19:00.00000061,9.823859
2014-07-21 18:19:00.000000196,9.579133
2014-07-21 18:19:00.000000125,15.5518
2014-07-21 18:19:00.000000126,17.722317
2014-07-21 18:19:00.000000145,4.4150453
2014-07-21 18:19:00.00000080,13.938453
2014-07-21 18:19:00.00000055,9.080325
2014-07-21 18:19:00.00000066,10.954147
2014-07-21 18:19:00.000000111,5.2740064
2014-07-21 18:19:00.00000042,7.345634
2014-07-21 18:19:00.000000215,4.703376
2014-07-21 18:19:00.00000043,27.424458
2014-07-21 18:19:00.000000119,19.546713
2014-07-21 18:19:00.000000115,14.572797
2014-07-21 18:19:00.0000009,10.024235
2014-07-21 18:19:00.00000075,10.059372
2014-07-21 18:19:00.000000118,4.1777997
2014-07-21 18:19:00.00000038,18.177845
2014-07-21 18:19:00.000000124,10.089267
2014-07-21 18:19:00.000000242,8.339876
2014-07-21 18:19:00.00000019,7.4866605
2014-07-21 18:19:00.00000056,11.460079
2014-07-21 18:19:00.000000239,7.2508287
2014-07-21 18:19:00.000000101,9.812818
2014-07-21 18:19:00.000000216,43.769257
2014-07-21 18:19:00.000000198,5.587882
2014-07-21 18:19:00.000000174,38.632473
2014-07-21 18:19:00.00000070,7.1855226
2014-07-21 18:19:00.0000004,11.835415
2014-07-21 18:19:00.000000135,7.3662696
2014-07-21 18:19:00.000000165,8.249171
2014-07-21 18:19:00.00000010,12.71519
2014-07-21 18:19:00.000000211,7.8173456
2014-07-21 18:19:00.000000190,9.489754
2014-07-21 18:19:00.00000021,6.3936634
2014-07-21 18:19:00.000000204,5.9904203
2014-07-21 18:19:00.000000112,7.209632
2014-07-21 18:19:00.000000169,21.122814
2014-07-21 18:19:00.000000226,8.54648
2014-07-21 18:19:00.000000109,6.115085
2014-07-21 18:19:00.000000113,19.282955
2014-07-21 18:19:00.000000127,17.399693
2014-07-21 18:19:00.000000182,12.620706
2014-07-21 18:19:00.00000036,9.014063
2014-07-21 18:19:00.000000220,4.077147
2014-07-21 18:19:00.000000121,7.0733094
2014-07-21 18:19:00.00000050,10.482641
2014-07-21 18:19:00.000000178,5.7870483
2014-07-21 18:19:00.000000166,8.009958
2014-07-21 18:19:00.000000224,6.76635
2014-07-21 18:19:00.000000134,6.966353
2014-07-21 18:19:00.000000195,13.446742
2014-07-21 18:19:00.00000015,40.570843
2014-07-21 18:19:00.0000005,54.420143
2014-07-21 18:19:00.000000120,14.771292
2014-07-21 18:19:00.000000133,6.4109454
2014-07-21 18:19:00.00000044,8.131637
2014-07-21 18:19:00.000000233,7.1373405
2014-07-21 18:19:00.00000063,11.770477
2014-07-21 18:19:00.000000167,9.113751
2014-07-21 18:19:00.000000208,8.181911
2014-07-21 18:19:00.00000030,10.402527
2014-07-21 18:19:00.00000098,6.2398653
2014-07-21 18:19:00.000000179,7.944795
2014-07-21 18:19:00.000000219,4.332461
2014-07-21 18:19:00.0000006,4.756554
2014-07-21 18:19:00.0000008,13.851811
2014-07-21 18:19:00.00000031,23.693699
2014-07-21 18:19:00.000000225,5.510058
2014-07-21 18:19:00.000000235,9.335709
2014-07-21 18:19:00.000000104,10.493817
2014-07-21 18:19:00.00000011,4.2883806
2014-07-21 18:19:00.00000026,4.7217846
2014-07-21 18:19:00.000000228,6.879932
2014-07-21 18:19:00.000000154,8.298686
2014-07-21 18:19:00.000000240,5.569032
2014-07-21 18:19:00.00000069,8.617303
2014-07-21 18:19:00.000000210,9.480532
2014-07-21 18:19:00.00000097,25.398207
2014-07-21 18:19:00.000000136,7.8970532
2014-07-21 18:19:00.000000150,9.203797
2014-07-21 18:19:00.00000060,4.150212
2014-07-21 18:19:00.00000073,4.8375454
2014-07-21 18:19:00.000000177,22.018578
2014-07-21 18:19:00.000000222,8.7253895
2014-07-21 18:19:00.0000003,18.9148
2014-07-21 18:19:00.00000012,4.762847
2014-07-21 18:19:00.000000139,6.2356057
2014-07-21 18:19:00.000000194,10.394153
2014-07-21 18:19:00.00000014,9.931623
2014-07-21 18:19:00.00000051,6.2669253
2014-07-21 18:19:00.000000218,6.34185
2014-07-21 18:19:00.000000181,6.380851
2014-07-21 18:19:00.000000114,14.959021
2014-07-21 18:19:00.00000072,7.767247
2014-07-21 18:19:00.000000213,6.4906764
2014-07-21 18:19:00.00000064,4.9216766
2012-12-07 16:13:08.0000001,16.380146
2011-06-13 09:55:04.0000005,9.383914
2011-06-13 09:55:04.0000004,5.7460732
2011-06-13 09:55:04.0000001,9.706998
2014-12-27 22:31:56.0000002,12.46937
2014-11-24 09:50:20.0000001,5.487828
2014-11-24 09:50:20.0000002,20.609367
2015-02-17 12:29:52.0000003,7.5555415
2015-02-17 12:29:52.0000002,10.086767
2015-02-17 12:29:52.0000004,16.375216
2015-02-17 12:29:52.0000001,5.0568104
2010-02-21 21:57:20.0000001,16.862564
2010-02-21 21:57:20.0000002,4.467004
2010-09-20 16:48:00.000000101,11.72644
2010-09-20 16:48:00.000000140,6.71343
2010-09-20 16:48:00.00000052,8.026712
2010-09-20 16:48:00.00000038,11.751714
2010-09-20 16:48:00.000000135,8.558909
2010-09-20 16:48:00.000000145,9.257524
2010-09-20 16:48:00.00000090,10.726165
2010-09-20 16:48:00.00000088,26.99514
2010-09-20 16:48:00.000000161,16.784513
2010-09-20 16:48:00.000000160,9.013748
2010-09-20 16:48:00.00000012,7.693981
2010-09-20 16:48:00.00000028,42.29809
2010-09-20 16:48:00.000000117,19.983494
2010-09-20 16:48:00.00000018,6.855416
2010-09-20 16:48:00.00000059,7.8426595
2010-09-20 16:48:00.00000061,6.2503214
2010-09-20 16:48:00.00000037,7.750132
2010-09-20 16:48:00.000000133,12.67702
2010-09-20 16:48:00.000000141,12.590012
2010-09-20 16:48:00.000000113,24.982147
2010-09-20 16:48:00.00000067,16.927784
2010-09-20 16:48:00.00000066,22.175493
2010-09-20 16:48:00.000000128,11.181223
2010-09-20 16:48:00.000000109,10.261404
2010-09-20 16:48:00.000000167,26.455416
2010-09-20 16:48:00.00000065,6.6417384
2010-09-20 16:48:00.000000157,33.12553
2010-09-20 16:48:00.00000045,12.896057
2010-09-20 16:48:00.00000054,9.360215
2010-09-20 16:48:00.00000076,7.557182
2010-09-20 16:48:00.000000125,14.706446
2010-09-20 16:48:00.00000031,15.98547
2010-09-20 16:48:00.000000105,9.581806
2010-09-20 16:48:00.00000017,9.021209
2010-09-20 16:48:00.000000127,6.8899016
2010-09-20 16:48:00.000000149,40.480526
2010-09-20 16:48:00.00000039,27.355185
2010-09-20 16:48:00.00000095,40.565346
2010-09-20 16:48:00.00000062,9.033633
2010-09-20 16:48:00.00000029,9.595617
2010-09-20 16:48:00.000000155,26.75609
2010-09-20 16:48:00.000000123,7.7250957
2010-09-20 16:48:00.00000020,10.081275
2010-09-20 16:48:00.0000003,10.005502
2010-09-20 16:48:00.000000102,7.28246
2010-09-20 16:48:00.00000096,9.579843
2010-09-20 16:48:00.00000087,9.055087
2010-09-20 16:48:00.00000063,24.78988
2010-09-20 16:48:00.00000078,10.649514
2010-09-20 16:48:00.00000049,6.7844644
2010-09-20 16:48:00.000000115,13.577038
2010-09-20 16:48:00.00000080,10.242305
2010-09-20 16:48:00.00000046,16.96751
2010-09-20 16:48:00.00000048,9.521868
2010-09-20 16:48:00.00000033,24.226482
2010-09-20 16:48:00.000000136,7.6652675
2010-09-20 16:48:00.00000032,15.935236
2010-09-20 16:48:00.00000082,16.096977
2010-09-20 16:48:00.00000091,12.075998
2010-09-20 16:48:00.00000051,30.955091
2010-09-20 16:48:00.000000107,9.576641
2010-09-20 16:48:00.000000150,7.4789944
2010-09-20 16:48:00.00000070,8.112973
2010-09-20 16:48:00.000000165,28.459888
2010-09-20 16:48:00.00000097,26.319983
2010-09-20 16:48:00.00000075,8.528203
2010-09-20 16:48:00.000000164,12.494977
2010-09-20 16:48:00.000000162,5.9357777
2010-09-20 16:48:00.00000026,7.4726586
2010-09-20 16:48:00.000000126,10.08654
2010-09-20 16:48:00.00000077,13.585769
2010-09-20 16:48:00.000000138,6.918958
2010-09-20 16:48:00.000000118,17.822386
2010-09-20 16:48:00.00000011,12.022271
2010-09-20 16:48:00.00000073,17.60217
2010-09-20 16:48:00.000000120,10.002197
2010-09-20 16:48:00.00000034,24.711605
2010-09-20 16:48:00.00000057,9.437407
2010-09-20 16:48:00.00000044,14.389166
2010-09-20 16:48:00.00000079,10.623105
2010-09-20 16:48:00.00000013,13.440836
2010-09-20 16:48:00.00000060,7.478403
2010-09-20 16:48:00.00000098,16.138866
2010-09-20 16:48:00.00000022,8.247806
2010-09-20 16:48:00.00000043,12.751254
2010-09-20 16:48:00.000000130,6.8670526
2010-09-20 16:48:00.00000094,13.36347
2010-09-20 16:48:00.000000153,10.713268
2010-09-20 16:48:00.0000009,15.627184
2010-09-20 16:48:00.000000119,8.760422
2010-09-20 16:48:00.00000089,10.165335
2010-09-20 16:48:00.00000053,12.451456
2010-09-20 16:48:00.00000014,11.266482
2010-09-20 16:48:00.00000093,14.367273
2010-09-20 16:48:00.000000144,8.060494
2010-09-20 16:48:00.00000030,16.838314
2010-09-20 16:48:00.000000147,26.958332
2010-09-20 16:48:00.000000108,17.184471
2010-09-20 16:48:00.00000064,9.621261
2010-09-20 16:48:00.00000010,11.547956
2010-09-20 16:48:00.00000042,11.374827
2012-04-01 22:22:28.0000001,3.9737089
2012-03-05 09:19:32.0000001,6.688926
2012-03-05 09:19:32.0000002,5.903304
2012-03-05 09:19:32.0000005,15.277107
2012-03-05 09:19:32.0000003,11.064213
2012-03-05 09:19:32.0000004,5.3556004
2012-08-20 14:47:36.0000003,6.622153
2012-08-20 14:47:36.0000004,46.969563
2011-12-01 01:36:08.0000002,4.9585314
2013-06-21 11:33:28.0000002,7.59793
2013-06-21 11:33:28.0000004,8.769472
2013-06-21 11:33:28.0000001,5.7644706
2013-06-21 11:33:28.0000003,15.997136
2013-04-10 11:33:28.0000001,17.759909
2013-04-10 11:33:28.0000002,11.670691
2014-03-29 14:59:28.0000003,5.502377
2014-03-29 14:59:28.0000002,8.095653
2010-04-05 06:01:24.0000001,5.762491
2014-12-01 00:12:44.0000001,27.753042
2012-08-01 18:54:24.0000001,9.494966
2012-08-01 18:54:24.0000002,6.8865137
2012-08-01 18:54:24.0000003,6.0299935
2013-07-13 18:28:20.0000005,8.339365
2013-07-13 18:28:20.0000001,5.787159
2013-07-13 18:28:20.0000002,9.231733
2013-07-13 18:28:20.0000004,8.28089
2014-03-06 04:23:32.0000001,9.4228735
2014-10-07 19:04:08.0000002,14.019922
2014-10-07 19:04:08.0000005,10.174359
2014-10-07 19:04:08.0000006,12.824033
2014-10-07 19:04:08.0000004,5.837445
2013-08-21 09:32:24.0000002,12.922689
2013-08-21 09:32:24.0000004,12.885011
2013-08-21 09:32:24.0000003,8.020338
2015-01-26 07:13:44.0000006,8.148542
2015-01-26 07:13:44.0000002,8.704504
2015-01-26 07:13:44.0000004,8.180013
2015-01-26 07:13:44.0000003,11.738336
2009-03-16 09:55:24.0000003,6.9761105
2009-03-16 09:55:24.0000005,5.2830515
2009-03-16 09:55:24.0000004,9.386671
2009-03-16 09:55:24.0000006,6.7367463
2009-03-16 09:55:24.0000002,4.5170317
2011-03-06 21:01:00.000000150,5.33706
2011-03-06 21:01:00.00000026,4.092753
2011-03-06 21:01:00.000000148,5.9757123
2011-03-06 21:01:00.00000088,5.0811996
2011-03-06 21:01:00.00000098,4.750244
2011-03-06 21:01:00.00000054,11.689381
2011-03-06 21:01:00.000000101,10.462389
2011-03-06 21:01:00.000000175,7.106927
2011-03-06 21:01:00.00000029,8.511909
2011-03-06 21:01:00.000000106,4.371708
2011-03-06 21:01:00.00000099,5.3995137
2011-03-06 21:01:00.000000158,8.857359
2011-03-06 21:01:00.000000130,6.168817
2011-03-06 21:01:00.00000027,4.7213163
2011-03-06 21:01:00.00000032,18.514372
2011-03-06 21:01:00.000000111,13.552575
2011-03-06 21:01:00.00000024,12.196201
2011-03-06 21:01:00.000000118,9.065718
2011-03-06 21:01:00.00000016,7.551882
2011-03-06 21:01:00.00000066,10.323274
2011-03-06 21:01:00.000000133,12.020776
2011-03-06 21:01:00.00000070,4.8756003
2011-03-06 21:01:00.000000104,4.9320545
2011-03-06 21:01:00.00000076,7.3600254
2011-03-06 21:01:00.000000141,6.543544
2011-03-06 21:01:00.000000145,5.5801525
2011-03-06 21:01:00.000000143,6.2490835
2011-03-06 21:01:00.00000092,5.632416
2011-03-06 21:01:00.00000080,5.252394
2011-03-06 21:01:00.00000015,24.810463
2011-03-06 21:01:00.000000153,15.763835
2011-03-06 21:01:00.00000093,11.377677
2011-03-06 21:01:00.000000162,26.628963
2011-03-06 21:01:00.00000062,7.4487658
2011-03-06 21:01:00.000000129,14.538367
2011-03-06 21:01:00.000000107,17.247684
2011-03-06 21:01:00.00000045,4.797095
2011-03-06 21:01:00.000000115,11.218168
2011-03-06 21:01:00.0000002,4.2769504
2011-03-06 21:01:00.00000044,8.39418
2011-03-06 21:01:00.000000167,6.4639974
2011-03-06 21:01:00.000000169,4.3845263
2011-03-06 21:01:00.00000067,48.202343
2011-03-06 21:01:00.0000007,6.3040166
2011-03-06 21:01:00.000000135,45.23463
2011-03-06 21:01:00.000000128,11.327735
2011-03-06 21:01:00.0000004,6.9020514
2011-03-06 21:01:00.00000010,7.549018
2011-03-06 21:01:00.000000151,11.50449
2011-03-06 21:01:00.00000055,9.308818
2011-03-06 21:01:00.00000095,7.876226
2011-03-06 21:01:00.000000102,8.462892
2011-03-06 21:01:00.00000034,7.5685053
2011-03-06 21:01:00.000000108,4.0944934
2011-03-06 21:01:00.00000012,4.1969543
2011-03-06 21:01:00.00000085,3.896858
2011-03-06 21:01:00.0000001,11.431985
2011-03-06 21:01:00.00000035,4.7350273
2011-03-06 21:01:00.00000097,12.769575
2011-03-06 21:01:00.000000105,6.063558
2011-03-06 21:01:00.00000020,9.750164
2011-03-06 21:01:00.000000114,4.6313105
2011-03-06 21:01:00.00000038,4.129184
2011-03-06 21:01:00.0000006,8.511581
2011-03-06 21:01:00.00000086,6.675162
2011-03-06 21:01:00.00000049,6.043861
2011-03-06 21:01:00.000000147,6.3120975
2011-03-06 21:01:00.00000040,4.2790165
2011-03-06 21:01:00.00000064,5.7501383
2011-03-06 21:01:00.00000061,12.123912
2011-03-06 21:01:00.0000005,4.356079
2011-03-06 21:01:00.0000009,5.515908
2011-03-06 21:01:00.00000042,4.4655313
2011-03-06 21:01:00.00000022,26.318739
2011-03-06 21:01:00.00000021,15.765485
2011-03-06 21:01:00.00000094,5.1565194
2011-03-06 21:01:00.000000156,8.192985
2011-03-06 21:01:00.00000072,5.464599
2011-03-06 21:01:00.00000031,12.076983
2011-03-06 21:01:00.00000089,5.728363
2011-03-06 21:01:00.00000023,9.6864
2011-03-06 21:01:00.00000046,4.2937956
2011-03-06 21:01:00.00000087,5.9697013
2011-03-06 21:01:00.00000053,12.055395
2011-03-06 21:01:00.0000008,4.1380105
2011-03-06 21:01:00.000000157,4.561256
2011-03-06 21:01:00.00000077,12.445403
2011-03-06 21:01:00.00000073,10.316363
2011-03-06 21:01:00.00000047,3.6114712
2011-03-06 21:01:00.000000172,5.996731
2011-03-06 21:01:00.00000084,8.615385
2011-03-06 21:01:00.000000122,20.353676
2011-03-06 21:01:00.000000154,15.903462
2011-03-06 21:01:00.000000136,10.344952
2011-03-06 21:01:00.00000075,4.1263556
2011-03-06 21:01:00.00000014,5.292777
2009-09-04 20:52:28.0000002,5.544523
2009-09-04 20:52:28.0000003,4.9195952
2009-09-04 20:52:28.0000004,5.5544953
2009-09-04 20:52:28.0000001,4.7264094
2013-09-25 05:52:12.0000002,10.579353
2013-09-25 05:52:12.0000001,33.38866
2010-04-16 10:32:24.0000002,7.1890936
2010-04-16 10:32:24.0000001,32.087677
2011-10-12 07:24:40.0000001,8.53277
2011-10-12 07:24:40.0000003,7.331982
2011-10-12 07:24:40.0000002,26.507414
2010-06-13 13:34:56.0000001,7.2709217
2011-11-20 02:39:04.0000002,17.043364
2011-11-20 02:39:04.0000001,4.629274
2010-12-13 06:42:16.0000002,3.9894726
2010-12-13 06:42:16.0000001,10.140848
2009-11-24 08:58:48.0000003,7.8972116
2009-11-24 08:58:48.0000001,3.8212895
2009-11-24 08:58:48.0000006,3.383292
2009-11-24 08:58:48.0000002,8.927886
2009-11-24 08:58:48.0000005,8.119526
2009-11-24 08:58:48.0000007,8.98877
2014-09-22 07:14:16.0000002,14.64983
2011-05-30 09:32:56.0000001,7.207344
2012-09-21 05:41:36.0000001,13.400922
2010-11-22 19:30:04.0000002,8.453004
2010-11-22 19:30:04.0000001,10.313885
2010-10-05 02:09:00.0000005,5.7317224
2010-10-05 02:09:00.0000006,20.539867
2010-10-05 02:09:00.0000007,9.906747
2010-10-05 02:09:00.00000018,20.894806
2010-10-05 02:09:00.00000011,20.049755
2010-10-05 02:09:00.00000023,9.917169
2010-10-05 02:09:00.00000012,9.005297
2010-10-05 02:09:00.00000022,4.3628783
2010-10-05 02:09:00.00000013,18.506552
2010-10-05 02:09:00.0000003,20.882776
2010-10-05 02:09:00.00000010,4.172071
2010-10-05 02:09:00.0000001,7.7594185
2010-10-05 02:09:00.00000021,5.3630347
2010-10-05 02:09:00.0000008,12.249867
2010-10-05 02:09:00.00000027,6.285382
2010-10-05 02:09:00.0000002,17.805017
2010-10-05 02:09:00.00000015,5.6666684
2014-08-23 16:30:24.0000002,8.24615
2014-08-23 16:30:24.0000001,6.460325
2012-03-15 08:17:36.0000001,8.961187
2012-03-15 08:17:36.0000002,5.2355614
2012-03-15 08:17:36.0000005,19.476711
2012-03-15 08:17:36.0000004,18.85109
2012-03-15 08:17:36.0000003,5.298855
2013-10-04 02:53:20.0000001,5.565451
2013-10-04 02:53:20.0000002,9.26056
2009-03-28 15:09:20.0000001,9.036744
2009-03-28 15:09:20.0000003,15.844913
2009-03-28 15:09:20.0000002,15.089072
2012-01-25 22:43:44.0000003,10.199416
2012-01-25 22:43:44.0000004,8.368758
2012-01-25 22:43:44.0000002,4.663266
2012-01-25 22:43:44.0000001,15.835212
2011-07-21 07:51:32.0000002,5.693154
2011-07-21 07:51:32.0000003,9.620433
2011-07-21 07:51:32.0000001,5.7122283
2010-12-01 22:04:52.0000001,7.916321
2013-06-23 02:54:32.0000003,7.688751
2013-06-23 02:54:32.0000002,6.331532
2014-03-24 22:36:24.0000004,8.923364
2014-03-24 22:36:24.0000002,8.592419
2014-03-24 22:36:24.0000001,5.1119633
2014-03-24 22:36:24.0000003,7.4141383
2013-09-13 01:54:20.0000001,6.733258
2013-10-14 18:30:36.0000003,14.67316
2013-10-14 18:30:36.0000002,8.136893
2013-10-14 18:30:36.0000004,13.85164
2013-10-14 18:30:36.0000001,4.581178
2013-11-18 15:07:28.0000006,10.08352
2013-11-18 15:07:28.0000004,55.24622
2013-11-18 15:07:28.0000001,5.776714
2013-11-18 15:07:28.0000005,7.091239
2013-11-18 15:07:28.0000002,7.0793114
2011-02-20 23:35:12.0000001,7.0538335
2011-02-20 23:35:12.0000004,10.259802
2011-02-20 23:35:12.0000005,20.993082
2011-02-20 23:35:12.0000003,12.084665
2011-02-20 23:35:12.0000002,13.806224
2010-02-06 19:59:16.0000001,10.95136
2012-03-10 02:36:04.0000003,8.126607
2012-03-10 02:36:04.0000002,11.124179
2012-03-10 02:36:04.0000001,6.607791
2014-04-13 17:35:52.0000002,6.7353263
2010-04-04 21:59:56.0000002,6.8093514
2010-04-04 21:59:56.0000001,12.235386
2010-04-04 21:59:56.0000003,9.057051
2010-04-04 21:59:56.0000004,5.480745
2013-03-23 04:51:12.0000001,15.232941
2010-06-29 00:22:24.0000002,45.811794
2010-06-29 00:22:24.0000001,4.552791
2011-10-17 12:37:56.0000002,5.3972573
2011-10-17 12:37:56.0000001,6.450996
2012-01-30 19:07:52.0000003,10.28317
2012-01-30 19:07:52.0000002,7.1668077
2012-01-30 19:07:52.0000004,9.984976
2012-01-30 19:07:52.0000001,5.4925623
2012-01-30 19:07:52.0000005,9.4924135
2011-05-30 01:44:40.0000001,8.718607
2011-05-30 01:44:40.0000002,6.0866876
2011-02-08 01:04:08.0000001,8.240844
2012-05-23 16:25:16.0000002,6.911708
2011-09-20 18:02:28.0000001,6.758839
2009-10-08 10:04:36.0000001,29.519783
2009-10-08 10:04:36.0000003,10.383493
2009-10-08 10:04:36.0000002,26.708355
2010-07-02 22:03:04.0000002,13.007443
2010-07-02 22:03:04.0000001,19.351652
2012-05-03 14:11:36.0000002,6.483048
2012-05-03 14:11:36.0000005,10.2731495
2012-05-03 14:11:36.0000004,30.116251
2012-05-03 14:11:36.0000003,14.831636
2012-05-03 14:11:36.0000001,6.244169
2013-04-04 16:31:56.0000001,15.982599
2013-04-04 16:31:56.0000002,8.093023
2009-12-02 15:59:56.0000001,33.419945
2009-12-02 15:59:56.0000002,6.453115
2010-01-03 02:03:40.0000002,7.101095
2010-01-03 02:03:40.0000003,5.6161146
2011-08-21 10:54:24.0000003,7.170791
2011-08-21 10:54:24.0000002,65.697876
2011-08-21 10:54:24.0000001,13.137478
2011-01-30 14:38:24.0000003,6.222133
2011-01-30 14:38:24.0000002,14.683059
2011-04-16 21:23:16.0000004,19.892757
2011-04-16 21:23:16.0000002,10.784823
2011-04-16 21:23:16.0000006,4.521486
2013-10-05 19:51:04.0000006,7.6282463
2013-10-05 19:51:04.0000005,14.322552
2013-10-05 19:51:04.0000003,17.320953
2013-10-05 19:51:04.0000002,14.894269
2014-10-31 08:17:44.0000002,8.819737
2014-10-31 08:17:44.0000004,9.207064
2014-10-31 08:17:44.0000005,8.850384
2014-10-31 08:17:44.0000001,8.860549
2014-10-31 08:17:44.0000003,21.271421
2009-05-31 21:24:56.0000001,12.931506
2014-06-04 01:50:40.0000001,16.303125
2009-07-14 17:59:12.0000001,5.97733
2009-07-14 17:59:12.0000003,5.0769334
2012-12-05 16:33:52.0000002,17.57254
2012-12-05 16:33:52.0000001,37.773525
2009-12-18 12:37:04.0000005,7.5506344
2009-12-18 12:37:04.0000001,9.570585
2009-12-18 12:37:04.0000006,11.461264
2009-12-18 12:37:04.0000004,9.445358
2009-12-18 12:37:04.0000007,10.899013
2009-12-18 12:37:04.0000002,10.398774
2012-11-21 15:12:48.0000001,6.31323
2011-05-03 07:01:40.0000001,12.363919
2011-05-03 07:01:40.0000002,5.120383
2011-05-03 07:01:40.0000003,5.729675
2010-09-21 06:27:32.0000002,16.815874
2010-09-21 06:27:32.0000001,9.00386
2011-10-07 22:08:20.0000003,4.3410153
2011-10-07 22:08:20.0000006,9.726816
2009-02-08 08:48:20.0000001,4.370042
2013-09-24 21:16:40.0000006,9.173864
2013-09-24 21:16:40.0000003,9.599327
2013-09-24 21:16:40.0000001,11.33062
2013-09-24 21:16:40.0000007,13.482015
2013-09-24 21:16:40.0000002,13.145692
2013-09-24 21:16:40.0000004,11.168928
2012-03-14 19:10:48.0000005,12.670622
2012-03-14 19:10:48.0000008,5.035741
2012-03-14 19:10:48.0000002,10.158024
2012-03-14 19:10:48.0000004,6.0019016
2012-03-14 19:10:48.0000001,6.1539745
2012-03-14 19:10:48.0000009,7.740631
2012-03-14 19:10:48.0000006,12.53449
2009-11-12 11:01:20.0000001,6.69018
2009-11-12 11:01:20.0000002,4.361114
2009-06-21 04:28:48.0000002,12.683505
2009-06-21 04:28:48.0000003,12.69026
2014-01-25 12:36:52.0000002,9.623044
2014-01-25 12:36:52.0000001,8.925756
2012-12-27 13:23:48.0000001,11.702437
2011-06-28 16:09:44.0000001,6.0102143
2010-12-01 08:35:20.0000001,10.2238455
2012-11-19 12:40:40.0000005,6.489404
2012-11-19 12:40:40.0000001,6.004055
2012-11-19 12:40:40.0000002,8.480007
2012-11-19 12:40:40.0000003,12.353065
2012-11-19 12:40:40.0000004,48.12118
2009-07-13 17:58:04.0000001,10.193227
2009-07-13 17:58:04.0000003,5.7137566
2009-07-13 17:58:04.0000002,7.8059406
2011-06-25 11:42:36.0000003,4.4562116
2011-06-25 11:42:36.0000002,25.085506
2012-01-26 07:33:00.000000128,11.343269
2012-01-26 07:33:00.00000032,8.645319
2012-01-26 07:33:00.000000163,6.140877
2012-01-26 07:33:00.000000155,7.2141805
2012-01-26 07:33:00.000000153,8.530692
2012-01-26 07:33:00.00000049,5.6203103
2012-01-26 07:33:00.00000095,4.592335
2012-01-26 07:33:00.000000158,16.15532
2012-01-26 07:33:00.00000050,6.869178
2012-01-26 07:33:00.00000015,6.4840536
2012-01-26 07:33:00.00000062,9.182892
2012-01-26 07:33:00.00000037,15.640109
2012-01-26 07:33:00.00000069,11.452454
2012-01-26 07:33:00.000000142,4.409929
2012-01-26 07:33:00.000000150,5.1041455
2012-01-26 07:33:00.000000147,8.793628
2012-01-26 07:33:00.000000125,7.2089667
2012-01-26 07:33:00.000000124,28.737638
2012-01-26 07:33:00.000000129,6.083745
2012-01-26 07:33:00.00000033,10.95958
2012-01-26 07:33:00.0000004,32.385452
2012-01-26 07:33:00.00000029,9.523341
2012-01-26 07:33:00.000000113,5.759272
2012-01-26 07:33:00.00000017,13.419033
2012-01-26 07:33:00.00000067,9.342695
2012-01-26 07:33:00.000000141,27.266846
2012-01-26 07:33:00.00000036,11.259297
2012-01-26 07:33:00.000000162,20.44446
2012-01-26 07:33:00.000000118,10.343965
2012-01-26 07:33:00.000000154,25.221125
2012-01-26 07:33:00.000000143,9.303959
2012-01-26 07:33:00.00000083,7.8730702
2012-01-26 07:33:00.000000191,7.4730153
2012-01-26 07:33:00.000000140,9.738904
2012-01-26 07:33:00.00000086,4.6395593
2012-01-26 07:33:00.0000002,9.065036
2012-01-26 07:33:00.000000170,6.4759173
2012-01-26 07:33:00.00000010,6.5708976
2012-01-26 07:33:00.00000053,7.287645
2012-01-26 07:33:00.000000102,10.741587
2012-01-26 07:33:00.00000055,5.8492765
2012-01-26 07:33:00.0000007,9.1980295
2012-01-26 07:33:00.00000013,6.1819305
2012-01-26 07:33:00.000000165,30.256075
2012-01-26 07:33:00.00000026,4.2236247
2012-01-26 07:33:00.000000137,5.562644
2012-01-26 07:33:00.00000048,9.941728
2012-01-26 07:33:00.00000059,9.900438
2012-01-26 07:33:00.000000132,8.342245
2012-01-26 07:33:00.00000096,11.961371
2012-01-26 07:33:00.000000190,4.3036556
2012-01-26 07:33:00.000000156,8.295407
2012-01-26 07:33:00.00000075,8.722707
2012-01-26 07:33:00.00000084,6.118021
2012-01-26 07:33:00.0000006,4.664202
2012-01-26 07:33:00.00000021,7.430234
2012-01-26 07:33:00.0000001,12.272646
2012-01-26 07:33:00.0000005,4.915526
2012-01-26 07:33:00.00000034,5.2709312
2012-01-26 07:33:00.000000117,4.723943
2012-01-26 07:33:00.000000106,10.6388445
2012-01-26 07:33:00.00000077,8.424005
2012-01-26 07:33:00.00000045,5.4589663
2012-01-26 07:33:00.000000116,10.682333
2012-01-26 07:33:00.0000009,17.269966
2012-01-26 07:33:00.000000146,4.9375105
2012-01-26 07:33:00.00000027,21.787754
2012-01-26 07:33:00.000000127,7.3099337
2012-01-26 07:33:00.000000172,5.0638933
2012-01-26 07:33:00.00000074,4.3497505
2012-01-26 07:33:00.00000014,18.593607
2012-01-26 07:33:00.000000108,7.93832
2012-01-26 07:33:00.000000109,14.618684
2012-01-26 07:33:00.000000152,6.165123
2012-01-26 07:33:00.00000047,6.1746078
2012-01-26 07:33:00.000000192,9.595689
2012-01-26 07:33:00.00000054,5.734213
2012-01-26 07:33:00.000000185,5.1844244
2012-01-26 07:33:00.000000187,8.325687
2012-01-26 07:33:00.00000060,9.535569
2012-01-26 07:33:00.000000130,7.4611235
2012-01-26 07:33:00.00000046,10.60979
2012-01-26 07:33:00.000000182,6.935896
2012-01-26 07:33:00.000000177,11.523751
2012-01-26 07:33:00.000000135,26.672974
2012-01-26 07:33:00.00000063,4.7942643
2012-01-26 07:33:00.00000079,6.610309
2012-01-26 07:33:00.000000169,8.750588
2012-01-26 07:33:00.00000094,9.031213
2012-01-26 07:33:00.000000176,10.369426
2012-01-26 07:33:00.00000061,4.4966197
2012-01-26 07:33:00.000000188,4.9173503
2012-01-26 07:33:00.000000174,12.439851
2012-01-26 07:33:00.000000126,6.695547
2012-01-26 07:33:00.000000139,28.904224
2012-01-26 07:33:00.000000184,5.191262
2012-01-26 07:33:00.000000107,4.405063
2012-01-26 07:33:00.00000038,5.3295746
2012-01-26 07:33:00.000000134,5.094814
2012-01-26 07:33:00.00000058,19.813324
2012-01-26 07:33:00.00000078,4.8788414
2012-01-26 07:33:00.00000019,4.69819
2012-01-26 07:33:00.000000111,8.645647
2012-01-26 07:33:00.000000178,19.682035
2012-01-26 07:33:00.0000003,9.07851
2012-01-26 07:33:00.00000052,13.722102
2012-01-26 07:33:00.00000040,11.168103
2012-01-26 07:33:00.000000148,11.1503525
2012-01-26 07:33:00.00000066,12.107393
2012-01-26 07:33:00.00000041,5.273261
2012-01-26 07:33:00.00000070,8.943495
2012-01-26 07:33:00.000000157,28.019299
2012-01-26 07:33:00.000000179,8.37927
2012-01-26 07:33:00.000000112,17.034418
2012-01-26 07:33:00.00000073,6.5411696
2012-01-26 07:33:00.000000138,17.404198
2012-01-26 07:33:00.00000092,11.120857
2012-01-26 07:33:00.000000164,18.473345
2012-01-26 07:33:00.000000123,9.380349
2012-01-26 07:33:00.00000043,5.1367207
2012-01-26 07:33:00.00000093,5.3244963
2012-01-26 07:33:00.00000016,19.299503
2012-01-26 07:33:00.000000144,7.9306993
2012-01-26 07:33:00.00000042,6.536399
2012-01-26 07:33:00.00000011,9.127482
2012-01-26 07:33:00.00000035,10.313388
2012-01-26 07:33:00.00000098,8.543559
2012-01-26 07:33:00.000000149,20.79723
2012-01-26 07:33:00.000000110,4.7501683
2012-01-26 07:33:00.000000159,10.845322
2015-03-20 23:34:40.0000007,6.6517825
2015-03-20 23:34:40.0000002,26.352852
2015-03-20 23:34:40.0000006,4.669864
2013-12-14 03:20:48.0000001,33.57426
2013-12-14 03:20:48.0000002,3.978866
2014-04-14 07:03:52.0000001,8.214038
2014-04-14 07:03:52.0000002,11.975113
2015-05-21 07:08:08.0000002,7.778583
2011-08-30 16:48:24.0000003,7.4455724
2011-08-30 16:48:24.0000002,10.956663
2011-08-30 16:48:24.0000001,7.070184
2010-12-09 07:29:00.000000189,4.3497076
2010-12-09 07:29:00.00000027,17.265009
2010-12-09 07:29:00.000000184,11.10177
2010-12-09 07:29:00.00000030,4.6301894
2010-12-09 07:29:00.00000011,4.4720664
2010-12-09 07:29:00.00000065,7.7134256
2010-12-09 07:29:00.00000063,7.393122
2010-12-09 07:29:00.000000133,15.564002
2010-12-09 07:29:00.00000054,6.9803753
2010-12-09 07:29:00.00000021,11.929668
2010-12-09 07:29:00.000000162,5.499497
2010-12-09 07:29:00.000000144,9.041602
2010-12-09 07:29:00.000000116,9.354927
2010-12-09 07:29:00.000000142,4.642245
2010-12-09 07:29:00.000000113,11.118517
2010-12-09 07:29:00.000000105,8.999678
2010-12-09 07:29:00.00000047,4.9373956
2010-12-09 07:29:00.0000008,6.448203
2010-12-09 07:29:00.00000099,4.053696
2010-12-09 07:29:00.00000048,5.459405
2010-12-09 07:29:00.00000076,11.716136
2010-12-09 07:29:00.000000174,15.974046
2010-12-09 07:29:00.000000130,22.190483
2010-12-09 07:29:00.000000177,7.8719635
2010-12-09 07:29:00.00000088,6.847137
2010-12-09 07:29:00.00000091,6.6130667
2010-12-09 07:29:00.00000072,4.131967
2010-12-09 07:29:00.00000014,8.322084
2010-12-09 07:29:00.000000157,6.4073977
2010-12-09 07:29:00.000000109,11.925816
2010-12-09 07:29:00.00000016,7.245932
2010-12-09 07:29:00.00000023,6.0157094
2010-12-09 07:29:00.000000118,7.3585443
2010-12-09 07:29:00.00000017,6.2086973
2010-12-09 07:29:00.00000032,9.800018
2010-12-09 07:29:00.000000188,9.417072
2010-12-09 07:29:00.00000040,5.8451033
2010-12-09 07:29:00.00000037,9.070378
2010-12-09 07:29:00.000000128,7.480504
2010-12-09 07:29:00.00000057,6.160649
2010-12-09 07:29:00.000000125,9.098356
2010-12-09 07:29:00.000000159,6.4972844
2010-12-09 07:29:00.00000018,5.5873795
2010-12-09 07:29:00.000000107,5.534557
2010-12-09 07:29:00.00000051,17.392168
2010-12-09 07:29:00.00000042,7.908819
2010-12-09 07:29:00.00000059,6.704328
2010-12-09 07:29:00.00000075,5.2943068
2010-12-09 07:29:00.00000035,7.6146502
2010-12-09 07:29:00.00000029,6.518125
2010-12-09 07:29:00.00000045,7.9518485
2010-12-09 07:29:00.00000055,5.4912043
2010-12-09 07:29:00.000000140,8.651242
2010-12-09 07:29:00.00000060,9.605624
2010-12-09 07:29:00.000000185,12.198007
2010-12-09 07:29:00.000000120,4.814814
2010-12-09 07:29:00.000000104,6.1703444
2010-12-09 07:29:00.000000191,5.529733
2010-12-09 07:29:00.000000106,4.897291
2010-12-09 07:29:00.00000039,5.4777746
2010-12-09 07:29:00.000000132,4.2232494
2010-12-09 07:29:00.00000019,7.1250844
2010-12-09 07:29:00.000000166,4.0720997
2010-12-09 07:29:00.000000111,6.431624
2010-12-09 07:29:00.00000013,5.3025837
2010-12-09 07:29:00.000000138,5.468389
2010-12-09 07:29:00.00000085,33.170975
2010-12-09 07:29:00.000000169,5.3873134
2010-12-09 07:29:00.000000153,11.521642
2010-12-09 07:29:00.00000033,48.29856
2010-12-09 07:29:00.000000173,9.803669
2010-12-09 07:29:00.00000077,5.298538
2010-12-09 07:29:00.000000190,4.146183
2010-12-09 07:29:00.000000137,4.8341417
2010-12-09 07:29:00.0000009,7.7968073
2010-12-09 07:29:00.000000155,8.488959
2010-12-09 07:29:00.0000004,15.839835
2010-12-09 07:29:00.000000119,5.2920303
2010-12-09 07:29:00.000000100,7.0246344
2010-12-09 07:29:00.00000024,5.186064
2010-12-09 07:29:00.00000096,12.954838
2010-12-09 07:29:00.000000170,7.7926664
2010-12-09 07:29:00.000000131,6.343267
2010-12-09 07:29:00.00000022,11.888171
2010-12-09 07:29:00.00000053,6.5939536
2010-12-09 07:29:00.000000165,62.594276
2010-12-09 07:29:00.000000114,8.280551
2010-12-09 07:29:00.00000074,8.868459
2010-12-09 07:29:00.00000070,6.735714
2010-12-09 07:29:00.000000167,4.2519317
2010-12-09 07:29:00.000000110,5.4806824
2010-12-09 07:29:00.00000020,12.041769
2010-12-09 07:29:00.000000147,7.1742997
2010-12-09 07:29:00.000000178,30.037912
2010-12-09 07:29:00.000000146,6.8977075
2010-12-09 07:29:00.000000103,7.8025885
2010-12-09 07:29:00.000000149,9.996352
2010-12-09 07:29:00.000000182,10.835409
2010-12-09 07:29:00.000000124,7.834385
2010-12-09 07:29:00.000000154,10.54932
2010-12-09 07:29:00.000000117,6.723843
2010-12-09 07:29:00.00000034,10.043227
2010-12-09 07:29:00.00000084,9.932576
2010-12-09 07:29:00.00000064,6.204115
2010-12-09 07:29:00.000000126,14.107049
2010-12-09 07:29:00.00000082,7.504375
2010-12-09 07:29:00.00000092,10.321149
2010-12-09 07:29:00.00000087,5.4410653
2010-12-09 07:29:00.00000095,20.557878
2010-12-09 07:29:00.000000101,8.763078
2010-12-09 07:29:00.000000122,6.7104726
2010-12-09 07:29:00.000000160,6.414218
2010-12-09 07:29:00.000000175,7.831337
2010-12-09 07:29:00.00000043,7.6951466
2010-12-09 07:29:00.00000061,11.403596
2010-12-09 07:29:00.000000179,4.465969
2010-12-09 07:29:00.00000049,7.721463
2010-12-09 07:29:00.000000172,46.606846
2010-12-09 07:29:00.000000192,7.7629676
2010-12-09 07:29:00.000000194,5.518706
2010-12-09 07:29:00.00000052,9.210025
2010-12-09 07:29:00.00000058,5.74302
2010-12-09 07:29:00.00000010,6.6807113
2010-12-09 07:29:00.000000108,5.499656
2010-12-09 07:29:00.000000129,9.251415
2010-12-09 07:29:00.000000163,7.591648
2010-12-09 07:29:00.000000161,9.045616
2010-12-09 07:29:00.000000187,5.8979807
2010-12-09 07:29:00.000000158,6.456954
2010-12-09 07:29:00.000000121,10.18647
2010-12-09 07:29:00.000000176,4.992417
2011-09-25 13:01:20.0000005,7.9195957
2011-09-25 13:01:20.0000001,7.4491706
2011-09-25 13:01:20.0000004,8.955725
2011-09-25 13:01:20.0000006,12.509201
2011-09-25 13:01:20.0000003,5.332988
2012-09-08 04:35:16.0000001,25.69626
2012-05-08 03:50:00.00000011,21.259058
2012-05-08 03:50:00.0000002,4.8987036
2012-05-08 03:50:00.0000008,16.961058
2012-05-08 03:50:00.0000007,7.16019
2012-05-08 03:50:00.00000015,15.557491
2012-05-08 03:50:00.00000016,6.9952855
2012-05-08 03:50:00.0000003,6.257101
2012-05-08 03:50:00.00000014,4.678009
2012-05-08 03:50:00.0000004,14.907108
2010-10-06 21:23:24.0000003,5.3194127
2010-10-06 21:23:24.0000001,6.5602684
2010-10-06 21:23:24.0000005,12.130848
2010-10-06 21:23:24.0000002,5.180453
2010-10-06 21:23:24.0000004,6.57065
2014-05-17 02:47:12.0000002,12.462738
2009-07-31 07:30:56.0000002,4.360736
2009-07-31 07:30:56.0000001,3.8802767
2012-03-06 07:33:04.0000002,8.159055
2009-01-29 22:15:48.0000001,10.400531
2013-03-17 12:44:04.0000001,6.6761785
2014-06-18 09:23:32.0000001,18.386316
2011-09-21 13:15:36.0000004,7.9243984
2011-09-21 13:15:36.0000003,7.1698875
2011-09-21 13:15:36.0000001,8.240272
2011-09-21 13:15:36.0000002,49.041855
2015-03-12 19:43:24.0000001,21.718367
2015-03-12 19:43:24.0000002,40.51614
2015-03-12 19:43:24.0000007,9.151253
2015-03-12 19:43:24.0000004,15.500943
2014-01-18 17:43:28.0000005,7.899887
2014-01-18 17:43:28.0000003,5.6099696
2014-01-18 17:43:28.0000002,15.806367
2014-01-18 17:43:28.0000004,13.090782
2011-04-05 01:15:44.0000001,9.342353
2011-04-05 01:15:44.0000002,9.933709
2011-09-04 01:36:36.0000002,16.038233
2010-08-09 08:53:56.0000004,9.498775
2010-08-09 08:53:56.0000006,8.447209
2010-08-09 08:53:56.0000002,10.983867
2010-08-09 08:53:56.0000003,16.641802
2010-08-09 08:53:56.0000005,9.516316
2010-03-27 07:05:08.0000001,4.4721236
2011-11-16 12:52:52.0000002,7.7592545
2011-11-16 12:52:52.0000003,5.9871907
2011-11-16 12:52:52.0000001,46.85805
2009-10-29 10:48:40.0000002,7.9908648
2009-10-29 10:48:40.0000001,11.394402
2015-02-01 00:48:44.0000009,19.437477
2015-02-01 00:48:44.0000004,10.83823
2015-02-01 00:48:44.0000008,8.721186
2015-02-01 00:48:44.0000006,9.1692705
2015-02-01 00:48:44.0000007,13.70073
2014-04-03 02:31:08.0000001,6.805462
2010-07-04 03:28:44.0000001,17.207418
2009-03-31 23:01:36.0000002,7.4082427
2009-03-31 23:01:36.0000001,23.817295
2009-03-31 23:01:36.0000003,12.483588
2012-02-02 00:49:56.0000002,5.78917
2012-02-02 00:49:56.0000001,18.704197
2012-02-02 00:49:56.0000003,16.194298
2012-02-02 00:49:56.0000004,13.522498
2014-01-26 15:28:52.0000003,8.160707
2012-02-14 15:32:40.0000002,5.140781
2012-02-14 15:32:40.0000004,6.141613
2012-02-14 15:32:40.0000001,8.28181
2012-02-14 15:32:40.0000003,9.058435
2011-12-06 11:07:40.0000001,17.786556
2011-12-06 11:07:40.0000005,6.6275105
2011-07-12 19:41:48.0000002,14.490627
2011-07-12 19:41:48.0000003,11.232555
2011-07-12 19:41:48.0000004,7.5687866
2010-09-16 14:27:16.0000001,9.115328
2010-09-16 14:27:16.0000003,10.624884
2010-09-16 14:27:16.0000004,10.687379
2010-09-16 14:27:16.0000005,11.391765
2014-06-11 01:13:40.0000001,11.878539
2013-05-18 15:28:40.0000003,8.712013
2013-05-18 15:28:40.0000002,9.047248
2015-02-14 20:20:56.0000001,8.683773
2015-02-14 20:20:56.0000002,7.4790125
2015-02-14 20:20:56.0000004,5.8964434
2009-01-22 12:27:20.0000003,6.6432347
2011-04-23 21:22:20.0000001,4.78174
2013-09-01 17:57:04.0000002,4.633136
2013-09-01 17:57:04.0000003,7.054214
2013-04-22 13:19:16.0000001,20.61549
2013-04-22 13:19:16.0000002,11.571427
2013-04-22 13:19:16.0000003,6.957511
2015-02-21 18:39:16.0000002,5.6557183
2009-04-23 00:05:40.0000001,25.398155
2009-04-23 00:05:40.0000003,7.2010207
2012-05-28 05:48:40.0000001,30.266275
2010-01-03 20:04:52.0000001,17.12626
2013-03-09 21:40:52.0000003,12.806057
2013-03-09 21:40:52.0000002,7.626047
2011-04-21 08:22:32.0000001,4.3478947
2011-02-20 09:22:16.0000002,29.713232
2011-02-20 09:22:16.0000001,5.931265
2010-07-22 09:37:12.0000003,8.077905
2010-07-22 09:37:12.0000004,6.562167
2010-07-22 09:37:12.0000001,9.688115
2011-01-24 20:47:04.0000002,8.9262085
2013-07-22 15:05:16.0000004,12.012332
2013-07-22 15:05:16.0000001,5.210097
2013-07-22 15:05:16.0000002,23.40787
2013-07-22 15:05:16.0000003,5.6074915
2013-01-23 16:22:04.0000003,13.04776
2013-01-23 16:22:04.0000002,9.843859
2013-01-23 16:22:04.0000001,8.629313
2013-01-06 12:46:36.0000001,5.626132
2013-01-06 12:46:36.0000002,6.348387
2012-02-13 04:52:32.0000001,49.424942
2013-02-07 08:34:24.0000001,10.617464
2013-02-07 08:34:24.0000003,10.483681
2013-02-07 08:34:24.0000004,8.146684
2013-02-07 08:34:24.0000002,14.62437
2015-02-21 17:23:28.0000005,14.976877
2015-02-21 17:23:28.0000003,8.882935
2015-02-21 17:23:28.0000002,8.967131
2015-02-21 17:23:28.0000001,8.380682
2015-02-21 17:23:28.0000006,4.6327868
2013-06-19 13:36:52.0000004,8.301107
2013-06-19 13:36:52.0000001,9.4855
2013-06-19 13:36:52.0000002,10.468545
2013-06-19 13:36:52.0000005,42.247723
2013-06-19 13:36:52.0000003,21.20028
2015-06-26 16:04:04.0000002,5.5088573
2015-06-26 16:04:04.0000001,4.109658
2010-06-05 07:08:36.0000001,6.805792
2011-10-28 13:48:16.0000002,10.271255
2011-10-28 13:48:16.0000001,7.227193
2011-10-28 13:48:16.0000003,6.1471515
2012-09-29 02:53:20.0000001,10.791921
2011-08-06 12:59:12.0000001,14.535071
2012-11-19 22:15:32.0000002,28.057217
2013-11-29 20:09:12.0000002,9.163336
2012-05-31 17:54:48.0000003,11.399586
2012-05-31 17:54:48.0000002,7.461306
2012-05-31 17:54:48.0000001,4.6183543
2012-05-31 17:54:48.0000004,6.8410935
2012-04-20 08:03:52.0000001,11.881331
2012-04-20 08:03:52.0000002,8.73604
2012-04-20 08:03:52.0000003,8.15485
2009-01-26 18:26:48.0000001,7.977146
2009-01-26 18:26:48.0000003,5.9478526
2009-01-26 18:26:48.0000004,10.419634
2009-01-26 18:26:48.0000002,8.296022
2011-10-20 00:50:48.0000003,14.629185
2011-10-20 00:50:48.0000002,4.7881017
2011-10-20 00:50:48.0000001,4.7537627
2011-06-03 11:45:16.0000002,10.41189
2011-06-03 11:45:16.0000004,8.96615
2011-06-03 11:45:16.0000005,5.6609774
2011-06-03 11:45:16.0000001,3.9705124
2011-06-03 11:45:16.0000003,5.5025597
2011-10-25 20:34:20.0000001,7.296971
2012-07-05 18:30:36.0000005,10.244958
2012-07-05 18:30:36.0000006,7.657253
2012-07-05 18:30:36.0000003,4.8923078
2012-07-05 18:30:36.0000001,9.583093
2012-07-05 18:30:36.0000007,7.7744145
2012-07-05 18:30:36.0000002,6.72977
2015-04-07 14:31:12.0000002,8.809687
2015-04-07 14:31:12.0000003,6.1310086
2013-08-28 00:27:36.0000002,10.860652
2013-08-28 00:27:36.0000001,7.10459
2012-11-20 21:54:00.00000037,6.8600345
2012-11-20 21:54:00.00000081,12.664519
2012-11-20 21:54:00.000000210,10.026453
2012-11-20 21:54:00.00000050,4.8699174
2012-11-20 21:54:00.000000175,53.10927
2012-11-20 21:54:00.000000208,5.994188
2012-11-20 21:54:00.000000198,6.167269
2012-11-20 21:54:00.000000185,8.257887
2012-11-20 21:54:00.00000028,11.360284
2012-11-20 21:54:00.000000134,7.527627
2012-11-20 21:54:00.00000091,5.11467
2012-11-20 21:54:00.00000033,4.5723524
2012-11-20 21:54:00.00000082,6.925255
2012-11-20 21:54:00.000000142,29.90771
2012-11-20 21:54:00.000000180,26.860184
2012-11-20 21:54:00.00000093,15.676217
2012-11-20 21:54:00.000000159,4.976151
2012-11-20 21:54:00.000000165,7.7647367
2012-11-20 21:54:00.000000235,6.468237
2012-11-20 21:54:00.00000089,4.6937428
2012-11-20 21:54:00.000000168,17.338842
2012-11-20 21:54:00.000000224,6.1121044
2012-11-20 21:54:00.000000158,6.614199
2012-11-20 21:54:00.000000212,55.69453
2012-11-20 21:54:00.000000147,35.174828
2012-11-20 21:54:00.000000140,13.291681
2012-11-20 21:54:00.00000018,17.022736
2012-11-20 21:54:00.000000124,5.629402
2012-11-20 21:54:00.000000181,11.815655
2012-11-20 21:54:00.000000187,12.009351
2012-11-20 21:54:00.00000058,19.97254
2012-11-20 21:54:00.000000151,20.475212
2012-11-20 21:54:00.000000126,7.3527484
2012-11-20 21:54:00.00000099,12.472874
2012-11-20 21:54:00.000000120,8.933258
2012-11-20 21:54:00.0000009,4.959189
2012-11-20 21:54:00.000000206,7.208606
2012-11-20 21:54:00.00000079,6.059484
2012-11-20 21:54:00.000000237,14.542692
2012-11-20 21:54:00.000000143,14.000253
2012-11-20 21:54:00.000000111,6.674425
2012-11-20 21:54:00.000000106,10.658199
2012-11-20 21:54:00.000000245,5.4098854
2012-11-20 21:54:00.00000032,12.535887
2012-11-20 21:54:00.00000075,7.968949
2012-11-20 21:54:00.000000244,26.641994
2012-11-20 21:54:00.00000094,4.0442944
2012-11-20 21:54:00.000000118,30.76806
2012-11-20 21:54:00.000000188,9.499259
2012-11-20 21:54:00.00000051,18.318783
2012-11-20 21:54:00.000000109,12.067919
2012-11-20 21:54:00.0000003,7.2359176
2012-11-20 21:54:00.000000114,25.468142
2012-11-20 21:54:00.00000013,5.437373
2012-11-20 21:54:00.000000192,6.602413
2012-11-20 21:54:00.000000228,4.5676165
2012-11-20 21:54:00.000000236,10.380904
2012-11-20 21:54:00.000000178,14.115065
2012-11-20 21:54:00.00000027,11.596643
2012-11-20 21:54:00.000000176,5.2465277
2012-11-20 21:54:00.0000008,7.286515
2012-11-20 21:54:00.00000061,19.077026
2012-11-20 21:54:00.00000011,14.33772
2012-11-20 21:54:00.00000096,7.558912
2012-11-20 21:54:00.000000231,7.8696465
2012-11-20 21:54:00.000000190,13.082272
2012-11-20 21:54:00.000000166,36.306366
2012-11-20 21:54:00.00000022,5.4423227
2012-11-20 21:54:00.000000234,15.417448
2012-11-20 21:54:00.00000035,7.9050617
2012-11-20 21:54:00.00000041,15.111173
2012-11-20 21:54:00.000000113,7.707129
2012-11-20 21:54:00.00000045,12.507589
2012-11-20 21:54:00.000000157,13.174178
2012-11-20 21:54:00.000000163,16.148912
2012-11-20 21:54:00.000000193,13.229311
2012-11-20 21:54:00.00000063,6.9214354
2012-11-20 21:54:00.000000183,6.4177227
2012-11-20 21:54:00.000000182,16.085617
2012-11-20 21:54:00.000000117,10.033493
2012-11-20 21:54:00.000000156,17.014874
2012-11-20 21:54:00.000000220,8.103218
2012-11-20 21:54:00.000000227,7.282945
2012-11-20 21:54:00.000000194,13.339569
2012-11-20 21:54:00.000000201,8.832401
2012-11-20 21:54:00.000000115,45.11103
2012-11-20 21:54:00.000000217,10.008812
2012-11-20 21:54:00.00000017,14.322205
2012-11-20 21:54:00.000000139,6.155022
2012-11-20 21:54:00.00000038,10.921902
2012-11-20 21:54:00.000000107,5.2790504
2012-11-20 21:54:00.000000218,17.138956
2012-11-20 21:54:00.000000214,21.028906
2012-11-20 21:54:00.000000213,12.635434
2012-11-20 21:54:00.000000215,31.883944
2012-11-20 21:54:00.000000112,9.068707
2012-11-20 21:54:00.00000067,17.147425
2012-11-20 21:54:00.00000044,14.253681
2012-11-20 21:54:00.00000029,8.435372
2012-11-20 21:54:00.000000119,14.580259
2012-11-20 21:54:00.000000203,6.7927327
2012-11-20 21:54:00.000000239,5.5866246
2012-11-20 21:54:00.000000125,14.927522
2012-11-20 21:54:00.00000064,8.874612
2012-11-20 21:54:00.000000153,7.61581
2012-11-20 21:54:00.00000054,8.325229
2012-11-20 21:54:00.000000177,12.4078
2012-11-20 21:54:00.000000243,11.973167
2012-11-20 21:54:00.000000128,5.3775325
2012-11-20 21:54:00.00000095,8.897151
2012-11-20 21:54:00.00000088,10.363027
2012-11-20 21:54:00.000000200,6.1334224
2012-11-20 21:54:00.00000053,6.194791
2012-11-20 21:54:00.000000199,5.30133
2012-11-20 21:54:00.000000191,13.410722
2012-11-20 21:54:00.00000057,7.786506
2012-11-20 21:54:00.000000145,9.550288
2012-11-20 21:54:00.00000072,9.286181
2012-11-20 21:54:00.0000001,6.800874
2012-11-20 21:54:00.000000241,5.852247
2012-11-20 21:54:00.000000230,9.691128
2012-11-20 21:54:00.000000146,28.40684
2012-11-20 21:54:00.000000155,9.290801
2012-11-20 21:54:00.00000046,8.507679
2012-11-20 21:54:00.000000242,24.791729
2012-11-20 21:54:00.00000060,8.643128
2012-11-20 21:54:00.000000116,8.277309
2012-11-20 21:54:00.00000059,12.431718
2012-11-20 21:54:00.000000232,6.493681
2012-11-20 21:54:00.000000162,9.43839
2012-11-20 21:54:00.00000070,10.176132
2012-11-20 21:54:00.00000052,27.49367
2012-11-20 21:54:00.000000129,27.054186
2012-11-20 21:54:00.000000136,14.44922
2012-11-20 21:54:00.000000226,10.90467
2012-11-20 21:54:00.000000240,12.950715
2012-11-20 21:54:00.000000141,8.614095
2012-11-20 21:54:00.000000204,15.096882
2012-11-20 21:54:00.000000137,4.922284
2011-02-22 14:18:40.0000001,9.393743
2014-06-23 00:16:00.00000066,34.117493
2014-06-23 00:16:00.00000039,7.692344
2014-06-23 00:16:00.00000076,8.310742
2014-06-23 00:16:00.00000030,38.218685
2014-06-23 00:16:00.00000070,14.871399
2014-06-23 00:16:00.00000065,8.796343
2014-06-23 00:16:00.00000056,24.38244
2014-06-23 00:16:00.00000038,6.2423205
2014-06-23 00:16:00.00000071,23.69144
2014-06-23 00:16:00.00000013,9.842585
2014-06-23 00:16:00.00000073,8.929903
2014-06-23 00:16:00.0000001,13.341151
2014-06-23 00:16:00.00000026,12.543644
2014-06-23 00:16:00.00000090,10.231806
2014-06-23 00:16:00.00000092,22.22776
2014-06-23 00:16:00.00000044,9.826462
2014-06-23 00:16:00.00000064,10.120547
2014-06-23 00:16:00.00000068,27.231733
2014-06-23 00:16:00.00000033,8.653655
2014-06-23 00:16:00.00000089,35.824467
2014-06-23 00:16:00.0000004,7.1230345
2014-06-23 00:16:00.00000062,17.720547
2014-06-23 00:16:00.00000019,8.408051
2014-06-23 00:16:00.00000041,9.775043
2014-06-23 00:16:00.00000024,18.382212
2014-06-23 00:16:00.00000074,18.50673
2014-06-23 00:16:00.00000018,13.504611
2014-06-23 00:16:00.00000043,4.557434
2014-06-23 00:16:00.00000022,6.1594305
2014-06-23 00:16:00.00000088,9.8028755
2014-06-23 00:16:00.00000057,4.468549
2014-06-23 00:16:00.00000087,7.4915657
2014-06-23 00:16:00.00000016,25.147898
2014-06-23 00:16:00.00000078,11.63782
2014-06-23 00:16:00.00000040,8.65874
2014-06-23 00:16:00.00000077,7.1482325
2014-06-23 00:16:00.00000015,12.087585
2014-06-23 00:16:00.00000047,6.7599525
2014-06-23 00:16:00.0000005,4.347282
2014-06-23 00:16:00.00000034,54.881943
2014-06-23 00:16:00.00000028,8.745391
2014-06-23 00:16:00.00000081,18.983952
2014-06-23 00:16:00.00000067,10.765359
2014-06-23 00:16:00.00000085,6.4628425
2014-06-23 00:16:00.00000082,7.4353943
2014-06-23 00:16:00.00000063,18.764988
2014-06-23 00:16:00.00000079,7.087334
2014-06-23 00:16:00.00000061,6.7562156
2014-06-23 00:16:00.00000037,17.386826
2014-06-23 00:16:00.00000036,5.212184
2014-06-23 00:16:00.00000049,17.605278
2014-06-23 00:16:00.00000025,41.54534
2014-06-23 00:16:00.0000009,8.056576
2014-06-23 00:16:00.00000069,14.795542
2011-11-24 02:36:48.0000003,10.272088
2011-11-24 02:36:48.0000002,4.6633635
2011-11-24 02:36:48.0000001,11.896396
2013-06-05 01:34:56.0000001,10.616996
2013-03-18 12:51:12.0000001,11.458143
2013-03-18 12:51:12.0000003,4.578712
2013-03-18 12:51:12.0000002,17.343397
2014-12-14 09:04:36.0000001,9.024397
2014-12-14 09:04:36.0000003,6.921965
2014-12-14 09:04:36.0000002,7.660901
2012-05-31 13:14:12.0000004,8.831706
2012-05-31 13:14:12.0000001,15.219433
2012-05-31 13:14:12.0000002,9.188924
2012-05-31 13:14:12.0000003,5.5117817
2011-01-16 18:57:12.0000001,6.2536507
2011-01-16 18:57:12.0000002,4.9173436
2009-04-25 10:52:56.0000004,9.415067
2009-04-25 10:52:56.0000002,12.094545
2009-04-25 10:52:56.0000005,7.657372
2009-04-20 11:11:40.0000001,5.500419
2012-07-20 06:53:32.0000001,3.642419
2009-10-22 21:57:36.0000005,13.315368
2009-10-22 21:57:36.0000002,16.47432
2009-10-22 21:57:36.0000004,6.002476
2009-10-22 21:57:36.0000003,4.497711
2009-03-16 10:30:12.0000001,13.482657
2009-07-14 12:12:36.0000004,6.902049
2009-07-14 12:12:36.0000001,8.519189
2009-07-14 12:12:36.0000003,10.0843725
2009-07-14 12:12:36.0000007,10.367776
2009-07-14 12:12:36.0000002,14.026038
2009-07-14 12:12:36.0000005,9.67217
2009-07-14 12:12:36.0000008,8.817184
2009-07-14 12:12:36.0000006,6.6587024
2014-11-12 09:06:32.0000004,7.499819
2014-11-12 09:06:32.0000001,6.9833455
2014-11-12 09:06:32.0000003,6.6643224
2014-11-12 09:06:32.0000005,24.69555
2014-11-12 09:06:32.0000002,7.8814607
2011-04-10 11:57:12.0000002,8.430339
2011-04-10 11:57:12.0000003,9.937381
2011-04-10 11:57:12.0000004,5.298068
2011-04-10 11:57:12.0000001,6.656363
2011-09-20 11:58:52.0000003,5.5192394
2011-09-20 11:58:52.0000001,12.749764
2011-09-20 11:58:52.0000002,15.353964
2010-09-24 17:16:16.0000001,8.822111
2010-02-12 13:51:28.0000004,6.4641685
2010-02-12 13:51:28.0000005,8.643037
2010-02-12 13:51:28.0000001,6.872775
2010-02-12 13:51:28.0000003,6.2781177
2010-02-12 13:51:28.0000002,11.659352
2011-01-03 21:51:28.0000002,7.8795214
2011-01-03 21:51:28.0000001,5.4511943
2011-07-26 13:10:56.0000003,4.5746937
2011-07-26 13:10:56.0000002,8.056563
2011-07-26 13:10:56.0000001,7.222031
2011-08-18 13:00:16.0000003,10.595592
2011-08-18 13:00:16.0000002,7.3567524
2013-06-20 19:49:52.0000004,7.83467
2013-06-20 19:49:52.0000001,6.9389167
2013-06-20 19:49:52.0000005,4.9466987
2013-06-20 19:49:52.0000002,26.883446
2013-06-20 19:49:52.0000003,10.712624
2013-09-25 22:00:00.00000079,11.559433
2013-09-25 22:00:00.00000025,12.021028
2013-09-25 22:00:00.000000225,8.75187
2013-09-25 22:00:00.000000204,11.583433
2013-09-25 22:00:00.00000053,29.505838
2013-09-25 22:00:00.000000111,13.129097
2013-09-25 22:00:00.00000014,7.70194
2013-09-25 22:00:00.000000172,55.79519
2013-09-25 22:00:00.000000154,4.678349
2013-09-25 22:00:00.000000133,4.4104977
2013-09-25 22:00:00.000000160,9.7376995
2013-09-25 22:00:00.000000119,5.90115
2013-09-25 22:00:00.000000223,5.0526824
2013-09-25 22:00:00.0000008,7.693241
2013-09-25 22:00:00.000000103,9.37165
2013-09-25 22:00:00.000000178,6.106427
2013-09-25 22:00:00.00000023,5.918257
2013-09-25 22:00:00.00000022,6.461118
2013-09-25 22:00:00.00000076,5.8624945
2013-09-25 22:00:00.00000020,7.589882
2013-09-25 22:00:00.000000142,12.888194
2013-09-25 22:00:00.00000059,7.804596
2013-09-25 22:00:00.000000110,6.3190165
2013-09-25 22:00:00.000000205,10.587223
2013-09-25 22:00:00.000000182,10.322055
2013-09-25 22:00:00.00000081,8.87275
2013-09-25 22:00:00.000000230,21.544605
2013-09-25 22:00:00.000000164,12.555192
2013-09-25 22:00:00.00000090,10.828096
2013-09-25 22:00:00.000000106,9.131514
2013-09-25 22:00:00.00000078,7.558306
2013-09-25 22:00:00.0000001,48.808506
2013-09-25 22:00:00.000000126,11.881127
2013-09-25 22:00:00.000000156,7.8077602
2013-09-25 22:00:00.000000137,11.795618
2013-09-25 22:00:00.00000039,7.533137
2013-09-25 22:00:00.00000017,17.677698
2013-09-25 22:00:00.00000054,11.564114
2013-09-25 22:00:00.000000135,18.752758
2013-09-25 22:00:00.000000112,21.264727
2013-09-25 22:00:00.000000148,7.449587
2013-09-25 22:00:00.000000143,33.12746
2013-09-25 22:00:00.00000043,6.400295
2013-09-25 22:00:00.000000203,6.8165097
2013-09-25 22:00:00.00000040,8.265654
2013-09-25 22:00:00.00000035,10.419966
2013-09-25 22:00:00.000000117,16.187855
2013-09-25 22:00:00.000000244,6.802487
2013-09-25 22:00:00.0000002,17.17353
2013-09-25 22:00:00.000000246,59.883923
2013-09-25 22:00:00.00000091,20.351974
2013-09-25 22:00:00.000000235,6.7622547
2013-09-25 22:00:00.000000237,31.955523
2013-09-25 22:00:00.000000185,6.4505115
2013-09-25 22:00:00.000000233,8.186078
2013-09-25 22:00:00.00000075,7.9044657
2013-09-25 22:00:00.00000026,11.407405
2013-09-25 22:00:00.00000061,8.847951
2013-09-25 22:00:00.000000179,14.569611
2013-09-25 22:00:00.000000120,8.623561
2013-09-25 22:00:00.000000165,20.697094
2013-09-25 22:00:00.000000224,15.753371
2013-09-25 22:00:00.000000192,24.10573
2013-09-25 22:00:00.00000084,12.121529
2013-09-25 22:00:00.000000169,6.014295
2013-09-25 22:00:00.000000175,28.463552
2013-09-25 22:00:00.000000132,6.8471274
2013-09-25 22:00:00.00000048,18.96859
2013-09-25 22:00:00.000000229,7.52873
2013-09-25 22:00:00.00000036,17.172216
2013-09-25 22:00:00.000000177,8.447539
2013-09-25 22:00:00.000000217,7.751992
2013-09-25 22:00:00.000000183,12.179165
2013-09-25 22:00:00.000000107,14.428813
2013-09-25 22:00:00.00000058,13.139838
2013-09-25 22:00:00.00000073,6.442488
2013-09-25 22:00:00.000000245,6.4438233
2013-09-25 22:00:00.000000157,14.533999
2013-09-25 22:00:00.000000227,25.345758
2013-09-25 22:00:00.00000064,14.743512
2013-09-25 22:00:00.00000024,50.324356
2013-09-25 22:00:00.000000221,7.8580256
2013-09-25 22:00:00.000000139,32.050888
2013-09-25 22:00:00.00000028,6.7722297
2013-09-25 22:00:00.00000057,7.358784
2013-09-25 22:00:00.000000222,11.203811
2013-09-25 22:00:00.000000215,22.083147
2013-09-25 22:00:00.00000094,18.379204
2013-09-25 22:00:00.000000214,9.590704
2013-09-25 22:00:00.000000101,6.9921255
2013-09-25 22:00:00.00000055,7.307712
2013-09-25 22:00:00.00000049,22.605186
2013-09-25 22:00:00.000000216,15.217675
2013-09-25 22:00:00.000000123,9.129974
2013-09-25 22:00:00.000000136,5.9881067
2013-09-25 22:00:00.000000211,16.532227
2013-09-25 22:00:00.000000145,6.319701
2013-09-25 22:00:00.000000250,39.19426
2013-09-25 22:00:00.000000188,9.788011
2013-09-25 22:00:00.000000202,5.3637853
2013-09-25 22:00:00.000000242,12.062948
2013-09-25 22:00:00.000000140,9.0383415
2013-09-25 22:00:00.000000171,9.380409
2013-09-25 22:00:00.00000099,5.104893
2013-09-25 22:00:00.000000187,9.054479
2013-09-25 22:00:00.000000161,9.596583
2013-09-25 22:00:00.000000189,8.38321
2013-09-25 22:00:00.0000003,10.017571
2013-09-25 22:00:00.000000249,6.627096
2013-09-25 22:00:00.000000195,5.7088895
2013-09-25 22:00:00.00000072,10.814019
2013-09-25 22:00:00.00000012,9.879416
2013-09-25 22:00:00.000000149,8.499338
2013-09-25 22:00:00.000000197,10.648795
2013-09-25 22:00:00.00000038,55.38343
2013-09-25 22:00:00.0000009,18.957212
2013-09-25 22:00:00.00000089,15.781149
2013-09-25 22:00:00.000000199,25.586044
2013-09-25 22:00:00.000000219,5.9027014
2013-09-25 22:00:00.000000159,12.289916
2013-09-25 22:00:00.000000173,11.528683
2013-09-25 22:00:00.000000209,17.955175
2013-09-25 22:00:00.000000196,8.486296
2013-09-25 22:00:00.00000093,6.184725
2013-09-25 22:00:00.000000155,18.70378
2013-09-25 22:00:00.000000121,8.595595
2013-09-25 22:00:00.000000134,12.41472
2013-09-25 22:00:00.000000228,7.955186
2013-09-25 22:00:00.00000092,13.303249
2013-09-25 22:00:00.00000030,5.3993864
2013-09-25 22:00:00.00000062,11.762133
2013-09-25 22:00:00.0000005,9.47336
2013-09-25 22:00:00.00000097,37.75103
2013-09-25 22:00:00.00000019,15.51554
2013-09-25 22:00:00.000000180,8.229365
2013-09-25 22:00:00.000000200,14.902138
2013-09-25 22:00:00.000000186,7.669709
2013-09-25 22:00:00.000000176,6.936665
2013-09-25 22:00:00.00000082,8.031469
2013-09-25 22:00:00.00000098,8.148261
2013-09-25 22:00:00.00000085,9.000742
2013-09-25 22:00:00.0000004,6.0304923
2013-09-25 22:00:00.00000032,18.877848
2013-09-25 22:00:00.00000070,7.6944833
2013-09-25 22:00:00.00000074,10.984111
2013-09-25 22:00:00.000000118,10.748555
2013-09-25 22:00:00.0000007,7.5451493
2013-09-25 22:00:00.00000050,14.319878
2013-09-25 22:00:00.00000044,5.681877
2013-09-25 22:00:00.00000095,6.9148245
2009-01-15 02:42:48.0000001,2.6062713
2011-07-06 18:07:44.0000001,8.654777
2011-07-06 18:07:44.0000003,5.2875886
2011-07-06 18:07:44.0000005,6.2271104
2011-09-08 01:28:24.0000001,28.61162
2014-07-11 12:36:08.0000002,6.7493362
2010-11-04 05:01:44.0000001,3.8901014
2009-10-04 10:04:12.0000001,6.423233
2009-10-04 10:04:12.0000003,4.95834
2009-10-04 10:04:12.0000002,4.0091667
2009-10-04 10:04:12.0000004,3.912543
2013-02-28 12:52:44.0000001,7.92728
2013-02-28 12:52:44.0000003,8.500786
2013-02-28 12:52:44.0000004,10.288324
2013-02-28 12:52:44.0000002,4.47749
2013-08-03 07:11:53.0000001,33.47785
2015-01-26 23:13:33.0000001,11.168816
2012-10-31 11:09:53.0000001,12.940455
2012-10-31 11:09:53.0000002,21.394941
2011-12-23 23:30:09.0000001,15.276087
2015-01-29 11:01:21.0000001,6.016993
2015-01-29 11:01:21.0000002,8.958625
2014-01-31 11:11:05.0000001,21.953533
2014-01-31 11:11:05.0000003,9.930578
2014-01-31 11:11:05.0000004,10.950208
2014-01-31 11:11:05.0000006,8.907369
2014-01-31 11:11:05.0000005,7.86176
2015-02-20 11:08:29.0000006,5.6184335
2015-02-20 11:08:29.0000002,16.01909
2015-02-20 11:08:29.0000004,11.478187
2015-02-20 11:08:29.0000003,10.220638
2015-02-20 11:08:29.0000005,5.6909733
2014-08-31 04:03:29.0000001,6.847986
2014-08-01 18:38:09.0000001,9.016421
2014-08-01 18:38:09.0000002,8.100176
2009-05-16 14:53:41.0000007,5.6866474
2009-05-16 14:53:41.0000006,6.2294602
2009-12-17 06:28:05.0000001,8.012972
2009-12-17 06:28:05.0000002,4.311993
2009-12-17 06:28:05.0000003,7.1664324
2010-02-23 17:25:09.0000001,5.7025194
2010-02-23 17:25:09.0000002,4.567676
2012-07-30 16:54:49.0000003,6.3483295
2012-07-30 16:54:49.0000001,12.440164
2012-07-30 16:54:49.0000005,6.847977
2012-07-30 16:54:49.0000004,5.805091
2012-07-30 16:54:49.0000002,9.79664
2013-08-26 11:47:37.0000003,20.662333
2013-08-26 11:47:37.0000002,6.5741205
2013-08-26 11:47:37.0000004,37.89174
2013-03-06 23:49:53.0000006,6.5893683
2013-03-06 23:49:53.0000005,7.2039123
2013-03-06 23:49:53.0000003,6.9683933
2013-03-06 23:49:53.0000002,5.192024
2013-03-06 23:49:53.0000001,14.10579
2013-03-06 23:49:53.0000004,9.499587
2010-10-30 13:31:13.0000005,6.9648743
2010-10-30 13:31:13.0000003,4.598973
2010-10-30 13:31:13.0000004,3.8672135
2010-10-30 13:31:13.0000002,6.42419
2012-03-25 16:56:01.0000001,5.0945816
2012-03-25 16:56:01.0000002,7.666929
2013-10-17 22:21:57.0000002,12.413771
2013-10-17 22:21:57.0000004,12.8882885
2013-10-17 22:21:57.0000005,17.03786
2013-10-17 22:21:57.0000001,7.6205626
2010-09-15 16:44:25.0000001,13.212035
2010-09-15 16:44:25.0000002,13.760343
2010-09-15 16:44:25.0000003,8.744724
2014-05-09 00:30:41.0000003,11.4590225
2014-05-09 00:30:41.0000001,47.337585
2014-05-09 00:30:41.0000002,16.345612
2010-12-11 17:32:33.0000001,5.8340254
2010-06-14 05:10:09.0000001,8.799839
2012-03-05 13:24:37.0000003,8.49346
2012-03-05 13:24:37.0000001,6.143628
2011-03-03 07:09:09.0000002,8.33438
2011-03-03 07:09:09.0000001,8.474084
2010-07-01 22:11:33.0000001,8.099288
2010-07-01 22:11:33.0000002,7.5845137
2010-07-01 22:11:33.0000004,5.5483193
2012-01-07 21:39:05.0000002,8.319641
2010-08-22 12:30:21.0000002,5.957806
2010-08-22 12:30:21.0000001,4.5795884
2012-05-26 00:31:25.0000002,23.250036
2011-12-16 09:20:01.0000001,13.851761
2012-01-26 20:09:45.0000003,16.641626
2012-01-26 20:09:45.0000004,10.783575
2012-01-26 20:09:45.0000002,7.259199
2012-01-26 20:09:45.0000001,7.5979633
2010-02-03 11:33:29.0000002,4.841259
2010-02-03 11:33:29.0000001,7.8847795
2014-10-07 11:52:13.0000005,40.640663
2014-10-07 11:52:13.0000001,6.16234
2014-10-07 11:52:13.0000004,17.204105
2014-10-07 11:52:13.0000002,7.3857474
2014-10-07 11:52:13.0000007,7.954533
2014-10-07 11:52:13.0000003,9.359943
2013-05-06 23:46:25.0000001,9.3136
2015-06-13 19:17:09.0000006,8.764592
2015-06-13 19:17:09.0000004,9.612189
2015-06-13 19:17:09.0000002,18.861202
2015-06-13 19:17:09.0000003,14.933835
2015-06-13 19:17:09.0000001,5.8054104
2011-06-29 00:15:21.0000001,5.5801897
2011-06-29 00:15:21.0000002,4.778195
2011-06-29 00:15:21.0000003,10.004782
2009-11-28 13:50:17.0000003,7.7791834
2009-11-28 13:50:17.0000001,3.8799992
2010-05-02 12:05:45.0000001,7.6862593
2009-10-12 14:18:01.0000001,5.959098
2015-01-13 12:07:53.0000002,6.6798573
2015-01-13 12:07:53.0000007,12.123474
2015-01-13 12:07:53.0000001,15.262883
2015-01-13 12:07:53.0000004,4.344633
2015-01-13 12:07:53.0000006,8.566073
2015-03-04 21:42:57.0000002,6.784599
2015-03-04 21:42:57.0000009,5.4119563
2015-03-04 21:42:57.0000005,6.80568
2015-03-04 21:42:57.0000003,12.344239
2015-03-04 21:42:57.00000010,8.067664
2015-03-04 21:42:57.0000004,18.51163
2015-03-04 21:42:57.0000008,5.904273
2015-03-04 21:42:57.0000001,11.914271
2015-03-04 21:42:57.0000007,5.331393
2012-01-31 09:15:49.0000005,7.407932
2012-01-31 09:15:49.0000002,8.794846
2012-01-31 09:15:49.0000006,11.829595
2012-01-31 09:15:49.0000003,5.585793
2012-01-31 09:15:49.0000004,6.620248
2011-03-22 12:59:49.0000003,13.973479
2011-03-22 12:59:49.0000005,5.0967755
2011-03-22 12:59:49.0000004,6.415404
2014-10-05 17:21:45.0000001,5.6640162
2013-07-05 00:58:17.0000003,7.3874416
2013-07-05 00:58:17.0000002,16.897324
2010-09-28 21:50:05.0000001,5.7046113
2010-09-28 21:50:05.0000003,20.211658
2010-09-28 21:50:05.0000002,7.1276402
2010-09-28 21:50:05.0000004,11.562915
2010-09-28 21:50:05.0000005,5.6650586
2012-05-25 09:21:17.0000001,5.014243
2012-05-25 09:21:17.0000002,5.566038
2012-05-25 09:21:17.0000003,5.85046
2010-01-30 00:57:21.0000003,7.860166
2010-01-30 00:57:21.0000004,5.833629
2009-10-16 16:14:41.0000004,5.282563
2009-10-16 16:14:41.0000001,5.342906
2009-10-16 16:14:41.0000003,4.84769
2012-04-02 08:39:21.0000003,5.0453033
2012-04-02 08:39:21.0000001,5.7178164
2009-09-04 06:54:49.0000001,5.0393972
2012-08-29 09:53:33.0000002,9.537783
2012-08-29 09:53:33.0000001,9.136948
2011-03-13 05:34:57.0000001,10.664904
2010-10-22 00:49:05.0000001,5.350388
2010-09-12 22:12:53.0000001,9.942952
2014-09-13 04:51:21.0000001,28.500519
2014-09-13 04:51:21.0000002,16.070557
2010-08-17 07:59:05.0000003,7.693903
2010-08-17 07:59:05.0000001,4.308481
2010-08-17 07:59:05.0000002,9.631281
2011-03-06 23:14:17.0000001,10.371729
2014-06-19 08:41:17.0000001,6.386724
2014-06-19 08:41:17.0000002,6.171435
2014-06-19 08:41:17.0000006,16.733774
2014-06-19 08:41:17.0000004,11.974266
2014-06-19 08:41:17.0000003,7.1848807
2014-06-19 08:41:17.0000005,6.0324235
2015-02-26 23:20:13.0000004,5.6960597
2015-02-26 23:20:13.0000002,8.222625
2015-02-26 23:20:13.0000009,20.524187
2015-02-26 23:20:13.0000007,5.506923
2015-02-26 23:20:13.0000005,10.264143
2015-02-26 23:20:13.0000001,19.913927
2015-02-26 23:20:13.0000006,22.656286
2015-02-26 23:20:13.0000003,4.3686514
2013-10-09 15:11:41.0000001,7.181206
2013-10-09 15:11:41.0000003,4.8054338
2013-10-09 15:11:41.0000002,24.46167
2011-09-01 09:53:49.0000002,6.6610265
2011-09-01 09:53:49.0000003,11.859744
2011-09-01 09:53:49.0000005,5.7264385
2011-09-01 09:53:49.0000001,11.854063
2011-11-28 14:13:37.0000001,9.0132475
2011-11-28 14:13:37.0000003,6.590673
2010-09-28 00:16:53.0000002,16.066862
2010-09-28 00:16:53.0000004,9.765334
2010-09-28 00:16:53.0000001,5.785515
2013-08-30 11:20:21.0000002,15.6743965
2013-08-30 11:20:21.0000001,16.147799
2013-09-19 21:24:21.0000002,4.9789653
2013-09-19 21:24:21.0000003,6.148446
2012-07-01 22:30:29.0000001,4.734144
2013-01-19 08:04:21.0000001,7.908038
2011-07-02 00:38:01.0000003,5.596003
2011-07-02 00:38:01.0000002,9.415737
2014-02-08 17:24:57.0000001,14.487025
2010-01-13 01:56:57.0000001,5.2063065
2014-01-05 12:00:13.0000005,8.289826
2014-01-05 12:00:13.0000003,12.008046
2014-01-05 12:00:13.0000002,7.7973557
2014-01-05 12:00:13.0000004,7.9503455
2014-01-05 12:00:13.0000006,5.1909223
2014-01-05 12:00:13.0000001,29.114386
2011-02-04 09:12:53.0000003,10.261975
2011-02-04 09:12:53.0000001,9.972522
2011-02-04 09:12:53.0000005,6.0194993
2011-02-04 09:12:53.0000002,5.8834414
2012-03-08 12:33:25.0000005,6.168579
2012-03-08 12:33:25.0000002,15.638529
2012-03-08 12:33:25.0000001,6.6384015
2012-03-08 12:33:25.0000004,14.828635
2009-07-31 18:15:57.0000002,4.8169374
2009-07-10 20:17:05.0000001,4.856075
2009-07-10 20:17:05.0000002,7.7258625
2010-11-05 14:33:37.0000002,16.42625
2010-11-05 14:33:37.0000003,4.9316797
2010-11-05 14:33:37.0000001,12.155573
2010-11-05 14:33:37.0000004,26.766626
2010-03-09 08:49:13.0000002,8.138647
2010-03-09 08:49:13.0000001,6.5039883
2010-03-09 08:49:13.0000003,4.634043
2010-08-21 21:56:25.0000001,6.2932863
2011-07-27 09:24:33.0000004,5.9524446
2011-07-27 09:24:33.0000002,4.4139314
2011-07-27 09:24:33.0000005,11.763422
2011-07-27 09:24:33.0000001,8.437597
2011-07-27 09:24:33.0000003,18.638636
2010-10-09 17:11:17.0000002,7.348677
2014-01-16 23:24:37.0000001,13.968345
2009-09-25 15:13:57.0000005,33.326855
2009-09-25 15:13:57.0000007,5.3533516
2009-09-25 15:13:57.0000006,5.4765697
2009-09-25 15:13:57.0000004,8.893998
2009-12-13 20:44:37.0000001,8.153743
2009-12-13 20:44:37.0000004,9.519828
2009-12-13 20:44:37.0000002,7.083292
2009-12-13 20:44:37.0000003,7.037784
2010-05-26 21:31:05.0000004,8.020437
2010-05-26 21:31:05.0000003,12.323569
2010-05-26 21:31:05.0000005,4.1360965
2010-05-26 21:31:05.0000001,8.319149
2010-05-26 21:31:05.0000002,6.3437095
2010-05-03 08:36:41.0000003,6.3184834
2010-05-03 08:36:41.0000005,5.292921
2010-05-03 08:36:41.0000001,7.9276958
2010-05-03 08:36:41.0000002,8.348671
2009-06-22 08:08:29.0000001,17.600033
2009-06-22 08:08:29.0000002,8.024988
2009-01-20 17:38:05.0000003,6.4154844
2009-01-20 17:38:05.0000005,3.8065948
2009-01-20 17:38:05.0000004,7.3140697
2009-01-20 17:38:05.0000001,4.5383587
2009-01-20 17:38:05.0000002,32.584892
2013-02-04 16:08:01.0000002,12.933667
2013-02-04 16:08:01.0000001,8.744068
2009-07-22 09:50:25.0000001,5.246795
2009-07-22 09:50:25.0000002,6.6448655
2009-07-22 09:50:25.0000003,6.219982
2013-07-17 06:50:17.0000001,15.382566
2011-01-24 20:18:49.0000002,6.810972
2011-01-24 20:18:49.0000004,7.4593616
2011-01-24 20:18:49.0000001,4.0831385
2012-04-25 17:29:21.0000002,17.658897
2012-04-25 17:29:21.0000004,4.443452
2012-04-25 17:29:21.0000001,10.740642
2012-04-25 17:29:21.0000003,12.901866
2010-01-23 14:32:17.0000001,8.0674305
2010-01-23 14:32:17.0000002,5.76729
2012-03-07 01:22:57.0000001,6.7770877
2012-03-07 01:22:57.0000002,10.39194
2012-06-02 01:16:05.0000002,4.2741356
2012-06-02 01:16:05.0000005,31.564909
2011-02-18 20:57:57.0000003,5.818622
2011-02-18 20:57:57.0000001,12.667875
2011-02-18 20:57:57.0000002,4.7285123
2010-11-03 17:52:21.0000001,4.5638437
2011-10-20 13:46:33.0000004,11.003294
2011-10-20 13:46:33.0000001,45.99134
2013-11-29 15:09:45.0000002,7.6450176
2013-11-29 15:09:45.0000001,11.313652
2015-06-24 07:28:01.0000001,9.122275
2015-06-24 07:28:01.0000003,77.10466
2015-06-24 07:28:01.0000004,5.699114
2015-06-24 07:28:01.0000002,15.346569
2015-06-24 07:28:01.0000005,5.343297
2010-03-27 11:29:05.0000001,5.399689
2010-03-27 11:29:05.0000003,5.470316
2010-03-27 11:29:05.0000002,4.191242
2014-06-09 11:18:25.0000005,5.7703156
2014-06-09 11:18:25.0000003,13.25515
2014-06-09 11:18:25.0000001,9.155914
2014-06-09 11:18:25.0000004,5.74259
2014-06-09 11:18:25.0000002,8.696435
2012-08-08 09:47:53.0000002,5.220546
2012-08-08 09:47:53.0000003,4.8591976
2012-08-08 09:47:53.0000001,8.437509
2014-10-28 12:23:09.0000003,20.136972
2014-10-28 12:23:09.0000006,8.311166
2014-10-28 12:23:09.0000004,13.09645
2014-10-28 12:23:09.0000005,8.162054
2014-10-28 12:23:09.0000002,7.103383
2013-04-04 02:55:13.0000001,16.862854
2011-07-11 20:43:33.0000003,12.966455
2011-07-11 20:43:33.0000002,6.219298
2013-02-23 14:25:29.0000001,14.32145
2010-01-30 18:58:33.0000007,6.946991
2010-01-30 18:58:33.0000002,12.164569
2010-01-30 18:58:33.0000003,4.92186
2010-01-30 18:58:33.0000004,13.761151
2010-01-30 18:58:33.0000005,6.5501685
2013-10-07 11:12:33.0000003,8.811125
2013-10-07 11:12:33.0000002,7.108794
2013-10-07 11:12:33.0000001,7.7213497
2012-10-08 12:29:21.0000001,7.704113
2014-08-22 06:49:41.0000002,6.4675584
2014-08-22 06:49:41.0000001,4.3744016
2014-04-26 22:02:17.0000001,15.202873
2010-05-13 08:48:41.0000004,29.88904
2010-05-13 08:48:41.0000002,6.091735
2010-05-13 08:48:41.0000001,15.903218
2010-05-13 08:48:41.0000003,8.724217
2014-06-22 14:49:13.0000004,5.431366
2014-06-22 14:49:13.0000003,5.141269
2013-01-22 14:06:33.0000002,5.200359
2013-01-22 14:06:33.0000004,10.886703
2013-01-22 14:06:33.0000001,10.827786
2013-01-22 14:06:33.0000003,54.409298
2010-10-08 11:25:09.0000001,8.001978
2010-10-08 11:25:09.0000002,5.4815636
2015-03-14 02:23:17.0000001,6.6615934
2015-03-14 02:23:17.0000005,26.862114
2015-03-14 02:23:17.0000007,17.607353
2015-03-14 02:23:17.0000003,19.51091
2014-09-20 00:55:21.0000001,12.345655
2014-09-25 20:52:09.0000003,17.405655
2014-09-25 20:52:09.0000007,18.70849
2014-09-25 20:52:09.0000008,7.4236445
2014-09-25 20:52:09.0000006,7.7480426
2014-09-25 20:52:09.0000001,5.9586396
2014-09-25 20:52:09.0000004,12.91799
2013-08-20 09:05:33.0000001,9.254347
2012-01-19 00:39:29.0000001,13.136222
2009-12-23 09:09:21.0000002,16.249279
2009-12-23 09:09:21.0000003,11.011552
2009-12-23 09:09:21.0000001,13.533498
2012-12-15 06:35:45.0000002,17.300045
2012-12-15 06:35:45.0000003,56.372982
2012-12-15 06:35:45.0000004,5.737389
2013-09-30 07:03:29.0000001,9.85735
2014-06-10 11:21:37.0000001,7.2726283
2014-06-10 11:21:37.0000002,12.341947
2015-05-30 05:00:57.0000001,60.355156
2015-05-30 05:00:57.0000002,16.439959
2014-04-15 08:04:25.0000001,7.7906923
2014-04-15 08:04:25.0000002,13.592331
2012-09-04 21:59:45.0000001,6.8191113
2012-06-23 19:15:29.0000001,6.6181927
2014-09-23 18:20:01.0000002,9.098268
2014-09-23 18:20:01.0000001,9.136679
2011-06-30 21:50:17.0000002,9.454037
2011-06-30 21:50:17.0000006,6.523621
2011-06-30 21:50:17.0000005,7.8476825
2011-06-30 21:50:17.0000004,10.252133
2011-06-30 21:50:17.0000001,4.5455985
2011-06-30 21:50:17.0000003,6.4267282
2013-04-09 08:59:41.0000001,5.651323
2013-02-14 03:56:45.0000001,6.6087112
2009-02-23 21:09:17.0000002,7.6153755
2009-02-23 21:09:17.0000003,4.531307
2009-02-23 21:09:17.0000001,5.6634235
2013-04-05 20:47:57.0000001,14.0886965
2013-04-05 20:47:57.0000003,10.02874
2013-04-05 20:47:57.0000002,17.701256
2013-03-11 06:58:05.0000001,8.93153
2012-01-05 05:51:01.0000002,6.165661
2009-05-11 10:47:33.0000001,14.520366
2014-02-22 02:07:01.0000001,17.053694
2014-02-22 02:07:01.0000004,7.233071
2014-02-22 02:07:01.0000005,7.775054
2014-02-22 02:07:01.0000002,15.378762
2014-02-22 02:07:01.0000003,11.404703
2013-07-25 01:56:37.0000002,14.274918
2013-07-25 01:56:37.0000001,13.911292
2013-10-15 08:16:21.0000001,6.6757393
2014-08-26 23:35:49.0000003,10.593975
2014-08-26 23:35:49.0000004,19.290125
2014-08-26 23:35:49.0000001,8.472598
2009-08-28 23:01:41.0000007,9.437419
2009-08-28 23:01:41.0000004,6.2463946
2009-08-28 23:01:41.0000003,4.148174
2009-08-28 23:01:41.0000005,46.409676
2009-08-07 07:07:37.0000003,9.354105
2009-08-07 07:07:37.0000002,12.226913
2009-08-07 07:07:37.0000001,9.871622
2013-11-11 13:49:53.0000004,56.540688
2013-11-11 13:49:53.0000003,11.6096525
2013-11-11 13:49:53.0000006,18.505909
2013-11-11 13:49:53.0000005,6.1618385
2013-11-11 13:49:53.0000001,7.0341597
2013-11-11 13:49:53.0000002,9.87753
2012-08-11 19:58:29.0000002,8.047551
2012-08-11 19:58:29.0000003,5.653426
2012-08-11 19:58:29.0000004,7.891168
2012-08-11 19:58:29.0000001,10.626933
2011-06-29 06:25:41.0000001,27.876404
2014-10-19 15:14:45.0000001,24.017712
2014-12-16 13:40:25.0000001,10.442245
2014-12-16 13:40:25.0000002,9.260289
2010-06-11 13:37:21.0000004,7.976717
2010-06-11 13:37:21.0000001,5.9234276
2010-06-11 13:37:21.0000002,8.178853
2012-12-09 22:30:13.0000003,14.149487
2012-12-09 22:30:13.0000001,10.70977
2010-06-21 20:21:45.0000001,16.699017
2011-05-11 19:56:09.0000002,12.648705
2013-06-17 06:37:49.0000001,5.051769
2009-07-29 07:52:01.0000004,5.619163
2009-07-29 07:52:01.0000002,14.767423
2009-07-29 07:52:01.0000003,4.9674215
2009-07-29 07:52:01.0000001,4.4348135
2014-08-08 00:02:41.0000001,9.716777
2014-08-08 00:02:41.0000003,11.474922
2014-08-08 00:02:41.0000005,14.674139
2009-02-19 09:17:21.0000001,9.923519
2013-09-12 12:50:13.0000004,5.3049445
2013-09-12 12:50:13.0000002,14.230786
2013-09-12 12:50:13.0000006,34.84589
2013-09-12 12:50:13.0000005,8.573192
2011-06-26 03:33:25.0000001,15.002421
2013-09-28 09:59:33.0000002,8.267507
2013-09-28 09:59:33.0000001,6.3324213
2010-04-20 07:32:21.0000001,10.294429
2010-04-20 07:32:21.0000002,5.3349137
2011-04-16 06:38:33.0000001,5.3900685
2011-09-18 18:33:13.0000001,7.0561237
2011-09-18 18:33:13.0000002,24.023624
2014-03-04 16:24:45.0000003,18.372454
2014-03-04 16:24:45.0000002,8.510351
2013-08-03 15:48:29.0000001,6.2659445
2012-06-21 19:47:25.0000003,5.9494333
2012-06-21 19:47:25.0000001,7.390541
2012-06-21 19:47:25.0000002,7.182941
2014-03-10 12:25:21.0000003,5.4342976
2014-03-10 12:25:21.0000002,8.856694
2014-03-10 12:25:21.0000001,15.347644
2014-11-10 10:52:41.0000002,22.121971
2014-11-10 10:52:41.0000003,15.822292
2010-10-17 23:04:25.0000001,8.805706
2009-12-22 15:59:53.0000001,4.0860023
2009-12-22 15:59:53.0000002,4.2938247
2009-12-22 15:59:53.0000004,11.501482
2014-05-08 21:23:41.0000002,4.907187
2014-05-08 21:23:41.0000003,11.984775
2014-05-08 21:23:41.0000004,9.166911
2014-05-08 21:23:41.0000005,9.260304
2009-10-28 17:56:45.0000002,5.8153644
2009-10-28 17:56:45.0000001,4.2143764
2014-07-10 07:03:29.0000002,11.427551
2014-07-10 07:03:29.0000001,6.2619004
2012-07-15 03:53:37.0000004,12.018537
2010-03-31 05:33:53.0000001,5.4759164
2010-03-31 05:33:53.0000002,4.811768
2010-07-06 20:52:53.0000003,7.5354104
2010-07-06 20:52:53.0000001,6.484522
2010-07-06 20:52:53.0000002,5.636384
2013-06-10 11:29:13.0000002,4.7755613
2013-06-10 11:29:13.0000006,6.9818544
2013-06-10 11:29:13.0000004,6.601001
2013-06-10 11:29:13.0000005,5.5009446
2013-06-10 11:29:13.0000003,11.377052
2015-04-25 01:06:17.0000008,8.487001
2015-04-25 01:06:17.0000004,5.9228816
2015-04-25 01:06:17.0000001,5.057042
2015-04-25 01:06:17.0000006,8.367578
2015-04-25 01:06:17.0000002,10.688365
2011-05-27 14:47:09.0000001,7.3820295
2011-05-27 14:47:09.0000004,10.035411
2011-05-27 14:47:09.0000002,10.336847
2011-05-27 14:47:09.0000003,8.524191
2012-10-28 13:55:57.0000002,9.268686
2011-06-12 01:07:57.0000002,19.957872
2011-06-12 01:07:57.0000001,12.8733015
2014-12-11 15:20:49.0000002,54.43513
2014-12-11 15:20:49.0000003,8.403875
2011-06-19 04:08:49.0000001,5.9286327
2015-06-02 09:11:17.0000003,7.432529
2015-06-02 09:11:17.0000006,5.6266646
2015-06-02 09:11:17.0000001,10.336636
2015-06-02 09:11:17.0000004,6.2392244
2015-06-02 09:11:17.0000005,12.994187
2014-05-09 02:23:21.0000001,11.893172
2011-10-08 12:54:49.0000003,8.340632
2011-10-08 12:54:49.0000001,12.00603
2009-06-02 08:34:33.0000003,7.991021
2009-06-02 08:34:33.0000002,6.259366
2010-12-09 17:21:29.0000001,5.4930673
2013-06-22 01:59:25.0000001,8.513963
2014-12-07 19:56:45.0000002,6.116096
2014-12-07 19:56:45.0000003,9.362013
2013-12-04 17:40:13.0000006,8.829453
2013-12-04 17:40:13.0000004,12.584458
2013-12-04 17:40:13.0000002,11.920576
2013-12-04 17:40:13.0000005,4.211549
2013-12-04 17:40:13.0000001,5.2144933
2013-12-04 17:40:13.0000007,10.813547
2013-12-04 17:40:13.0000003,37.48965
2014-07-20 17:05:09.0000001,17.700298
2010-12-15 08:39:33.0000003,5.0770288
2010-12-15 08:39:33.0000002,5.36622
2010-12-15 08:39:33.0000004,47.23089
2010-12-15 08:39:33.0000001,5.030654
2011-02-07 08:56:09.0000001,8.374112
2012-05-26 11:54:53.0000003,6.9472733
2012-04-24 17:57:05.0000002,4.7549844
2012-04-24 17:57:05.0000003,31.791847
2012-04-24 17:57:05.0000001,12.837124
2014-01-11 19:20:17.0000002,7.335595
2015-01-05 21:43:13.0000003,7.993781
2015-01-05 21:43:13.0000002,8.584237
2013-04-23 13:19:17.0000002,12.224482
2013-04-23 13:19:17.0000003,7.692934
2011-07-19 22:20:41.0000003,20.284967
2012-03-18 02:27:41.0000002,33.44796
2012-03-18 02:27:41.0000003,11.944041
2009-01-19 19:48:17.0000003,10.045997
2011-06-21 22:19:45.0000002,4.9268303
2011-06-21 22:19:45.0000003,11.450331
2011-06-21 22:19:45.0000001,14.942431
2012-02-10 06:28:17.0000001,7.9264083
2013-01-13 00:20:53.0000002,10.18536
2013-01-13 00:20:53.0000003,10.496885
2015-03-28 09:52:37.0000002,3.8410444
2015-03-28 09:52:37.0000001,7.351114
2015-05-02 15:18:33.0000001,10.048833
2015-05-02 15:18:33.0000005,4.976713
2015-05-02 15:18:33.0000002,7.6676784
2015-05-02 15:18:33.0000006,7.0196834
2015-05-02 15:18:33.0000004,13.828686
2015-05-02 15:18:33.0000007,5.821953
2015-05-02 15:18:33.0000003,12.966036
2012-01-01 00:37:29.0000005,14.529497
2012-01-01 00:37:29.0000001,7.5405025
2012-01-01 00:37:29.0000003,8.597583
2012-01-01 00:37:29.0000002,9.700745
2010-06-24 19:32:25.0000001,8.670431
2010-06-24 19:32:25.0000002,4.279205
2010-04-25 09:00:01.0000001,11.587324
2010-04-25 09:00:01.0000002,9.673778
2009-08-11 21:41:09.0000001,14.394908
2012-06-12 07:19:17.0000002,8.234346
2012-06-12 07:19:17.0000001,5.716329
2011-12-30 11:16:05.0000002,10.737648
2011-12-30 11:16:05.0000001,7.426375
2011-12-30 11:16:05.0000003,8.453405
2011-12-30 11:16:05.0000004,8.043034
2013-11-28 13:17:13.0000001,9.50522
2010-06-14 20:51:37.0000001,19.013685
2010-06-14 20:51:37.0000002,9.132549
2012-06-10 00:46:17.0000004,14.633671
2012-06-10 00:46:17.0000002,11.480692
2013-02-10 19:51:53.0000001,9.274382
2013-02-10 19:51:53.0000002,14.3267765
2010-02-20 04:04:13.0000001,8.357766
2010-02-20 04:04:13.0000002,7.363163
2010-02-20 04:04:13.0000003,5.38588
2014-01-01 16:33:01.0000004,5.14842
2014-01-01 16:33:01.0000001,8.122537
2014-01-01 16:33:01.0000002,10.561113
2014-01-01 16:33:01.0000003,11.847067
2013-06-04 08:06:57.0000002,7.6085486
2013-06-04 08:06:57.0000005,6.3552146
2013-06-04 08:06:57.0000003,13.521213
2013-06-04 08:06:57.0000004,5.974796
2013-06-04 08:06:57.0000001,4.4045043
2012-07-13 08:45:21.0000001,28.668207
2012-07-13 08:45:21.0000003,6.780359
2012-07-13 08:45:21.0000004,5.7394843
2012-07-13 08:45:21.0000002,10.885065
2014-06-09 13:01:21.0000002,8.971302
2014-06-09 13:01:21.0000001,7.735792
2010-10-01 13:11:05.0000002,7.310082
2010-10-01 13:11:05.0000004,7.008243
2010-10-01 13:11:05.0000003,28.064049
2010-02-27 22:55:09.0000002,6.279335
2010-02-27 22:55:09.0000003,5.697832
2012-11-23 05:37:53.0000001,14.815317
2009-10-05 15:41:37.0000001,5.6427984
2009-12-01 02:33:57.0000001,9.228051
2013-04-30 14:43:33.0000003,20.821424
2013-04-30 14:43:33.0000002,19.091042
2013-04-30 14:43:33.0000001,13.431014
2015-05-17 04:17:33.0000001,10.591083
2015-05-17 04:17:33.0000002,9.863095
2015-05-17 04:17:33.0000003,9.533551
2015-05-17 04:17:33.0000004,8.472573
2014-07-26 23:31:41.0000001,7.404177
2009-11-07 16:37:49.0000001,4.4914055
2009-11-07 16:37:49.0000003,7.291021
2009-11-07 16:37:49.0000002,49.45129
2009-11-07 16:37:49.0000005,4.601762
2012-11-07 12:46:29.0000003,7.8784437
2012-11-07 12:46:29.0000001,12.631374
2012-11-07 12:46:29.0000002,5.227339
2011-01-07 09:25:57.0000002,4.4893727
2011-01-07 09:25:57.0000001,5.2393513
2012-07-18 16:28:21.0000002,5.377703
2009-12-17 10:33:45.0000001,10.977886
2009-12-17 10:33:45.0000002,9.543186
2009-12-17 10:33:45.0000003,5.1974845
2009-12-17 10:33:45.0000004,5.2467866
2013-03-08 19:03:09.0000001,13.7988
2013-03-08 19:03:09.0000004,7.869854
2011-03-11 23:36:13.0000001,7.253191
2011-03-11 23:36:13.0000002,7.4206753
2011-03-11 23:36:13.0000004,5.3647914
2011-03-11 23:36:13.0000003,5.4845395
2009-12-10 22:45:01.0000002,4.934978
2009-12-10 22:45:01.0000001,13.283314
2009-12-10 22:45:01.0000003,4.355501
2009-12-10 22:45:01.0000005,15.58025
2012-07-13 11:00:05.0000003,31.832172
2012-07-13 11:00:05.0000002,15.620966
2012-07-13 11:00:05.0000006,48.642246
2012-07-13 11:00:05.0000001,8.685736
2012-07-21 17:57:17.0000001,7.851943
2009-04-23 02:42:05.0000002,6.966666
2009-04-23 02:42:05.0000001,9.274349
2012-11-03 23:49:17.0000003,11.658868
2012-11-03 23:49:17.0000002,4.699145
2012-11-03 23:49:17.0000004,5.1483035
2012-11-03 23:49:17.0000001,12.7041445
2012-02-21 20:07:25.0000002,4.6562376
2012-02-21 20:07:25.0000001,4.125619
2012-03-26 05:24:13.0000001,18.31569
2010-02-01 20:28:45.0000001,5.0370197
2010-02-01 20:28:45.0000002,7.120475
2010-02-01 20:28:45.0000003,3.838422
2009-09-26 04:36:49.0000001,4.59533
2009-01-29 15:29:09.0000002,28.898891
2009-01-29 15:29:09.0000001,4.1249604
2009-12-29 02:06:33.0000002,13.0863285
2009-12-29 02:06:33.0000001,7.9089236
2010-09-06 00:39:05.0000001,8.380925
2012-09-08 21:13:49.0000004,7.5680847
2012-09-08 21:13:49.0000001,8.485382
2012-09-08 21:13:49.0000002,8.009484
2012-09-08 21:13:49.0000003,7.2845163
2010-11-04 16:19:25.0000001,9.757153
2009-12-08 07:36:17.0000001,12.342017
2009-12-08 07:36:17.0000002,12.236824
2012-08-30 20:32:49.0000001,9.2514715
2013-06-08 16:55:13.0000002,6.8718
2013-06-08 16:55:13.0000001,9.735953
2014-07-01 11:05:21.0000002,5.7106485
2014-07-01 11:05:21.0000001,8.841574
2013-08-19 16:21:05.0000002,16.996885
2014-12-26 21:10:45.0000001,7.333431
2012-10-25 16:20:37.0000001,11.828205
2012-10-25 16:20:37.0000002,39.14155
2013-08-14 11:02:17.0000001,6.009895
2013-08-14 11:02:17.0000002,21.693577
2010-10-01 01:22:01.0000001,10.476041
2012-12-07 19:33:49.0000002,62.043953
2012-12-07 19:33:49.0000001,6.016272
2011-07-11 01:40:45.0000001,8.52877
2013-07-18 01:45:01.0000001,6.4467993
2013-07-18 01:45:01.0000002,5.3089232
2009-06-25 10:29:21.0000002,4.1098175
2009-06-25 10:29:21.0000001,3.8371732
2012-07-31 20:04:53.0000005,5.455199
2012-07-31 20:04:53.0000003,5.539203
2012-07-31 20:04:53.0000004,4.0161786
2012-07-31 20:04:53.0000001,7.4604883
2010-11-15 22:25:13.0000001,6.372422
2015-06-08 05:02:45.0000002,12.133195
2015-06-08 05:02:45.0000001,25.274712
2013-12-08 20:26:29.0000001,6.0906563
2013-12-08 20:26:29.0000002,10.786015
2013-12-08 20:26:29.0000003,10.797341
2009-05-10 00:24:57.0000002,11.246636
2009-05-10 00:24:57.0000004,4.9056993
2009-05-10 00:24:57.0000003,8.498384
2009-05-10 00:24:57.0000005,5.3973985
2009-05-10 00:24:57.0000001,4.2294006
2009-02-28 10:19:41.0000002,3.64847
2009-02-28 10:19:41.0000001,6.973741
2011-08-19 17:42:57.0000001,4.3523293
2011-08-19 17:42:57.0000002,8.065456
2014-06-05 22:56:05.0000007,11.523089
2014-06-05 22:56:05.0000002,24.102427
2014-06-05 22:56:05.0000001,52.474255
2014-06-05 22:56:05.0000006,5.2010264
2014-06-05 22:56:05.0000005,5.5061965
2014-06-05 22:56:05.0000003,24.95212
2014-07-16 18:33:41.0000001,7.967006
2014-07-16 18:33:41.0000002,8.965286
2014-07-16 18:33:41.0000003,14.885365
2009-07-14 22:41:09.0000002,4.977449
2009-07-14 22:41:09.0000004,4.5314245
2009-07-14 22:41:09.0000001,32.71075
2013-11-21 14:19:21.0000002,8.038416
2015-01-02 11:55:57.0000005,6.7369833
2015-01-02 11:55:57.0000002,10.630237
2015-01-02 11:55:57.0000004,24.608
2015-01-02 11:55:57.0000001,7.4064794
2011-09-26 22:26:57.0000001,5.486485
2015-04-14 01:41:05.0000001,12.416145
2013-05-14 16:23:49.0000002,13.863451
2013-05-14 16:23:49.0000001,12.048763
2013-11-23 22:19:37.0000002,14.010392
2013-11-23 22:19:37.0000001,9.781166
2014-07-14 16:18:37.0000001,4.808556
2010-07-30 12:04:17.0000001,4.0529737
2010-07-30 12:04:17.0000002,7.9838743
2011-07-27 21:48:49.0000002,7.5338893
2011-07-27 21:48:49.0000001,6.3250523
2014-03-18 19:55:17.0000003,6.000138
2014-03-18 19:55:17.0000002,13.747838
2014-03-18 19:55:17.0000004,8.221041
2014-07-28 21:44:21.0000001,11.946951
2009-05-23 07:56:37.0000001,6.606358
2010-06-05 23:05:25.0000004,10.904987
2010-06-05 23:05:25.0000005,4.8922787
2010-06-05 23:05:25.0000003,10.388935
2010-06-05 23:05:25.0000001,7.8122363
2010-06-05 23:05:25.0000002,10.862291
2012-07-01 19:59:49.0000001,5.7987432
2015-06-07 17:23:09.0000004,8.5623
2015-06-07 17:23:09.0000003,7.372248
2015-06-07 17:23:09.0000002,6.5755
2015-06-07 17:23:09.0000001,10.765869
2013-03-10 07:31:45.0000001,5.6727276
2011-03-24 17:44:01.0000001,9.423948
2011-03-24 17:44:01.0000003,7.7460604
2014-03-28 21:55:17.0000002,20.113834
2014-03-28 21:55:17.0000004,6.261666
2014-03-28 21:55:17.0000005,7.8396373
2014-03-28 21:55:17.0000006,6.6748295
2013-04-28 20:00:05.0000002,55.532635
2013-04-28 20:00:05.0000001,7.325652
2013-04-28 20:00:05.0000004,12.899166
2013-04-28 20:00:05.0000003,4.7333546
2012-04-27 18:37:09.0000003,9.955972
2012-04-27 18:37:09.0000001,9.578743
2012-04-27 18:37:09.0000004,10.899184
2014-04-05 18:11:33.0000001,10.880375
2013-11-07 22:25:25.0000002,14.648109
2010-06-19 03:06:33.0000002,5.6582346
2012-06-30 03:53:29.0000003,8.951338
2012-06-30 03:53:29.0000001,14.802632
2011-09-15 02:11:49.0000002,16.59229
2011-09-15 02:11:49.0000001,22.07142
2012-08-08 04:45:25.0000001,49.1875
2011-05-19 16:01:41.0000004,5.5916157
2011-05-19 16:01:41.0000002,5.650566
2011-05-19 16:01:41.0000005,4.869749
2011-05-19 16:01:41.0000003,24.645529
2009-12-27 04:00:09.0000001,14.094501
2010-01-11 12:38:33.0000006,28.266321
2010-01-11 12:38:33.0000003,7.508513
2010-01-11 12:38:33.0000005,5.6684337
2010-01-11 12:38:33.0000001,6.4154034
2010-01-11 12:38:33.0000004,6.3865337
2010-10-16 09:26:33.0000004,23.288212
2010-10-16 09:26:33.0000002,6.3514414
2014-07-25 18:06:37.0000002,8.953553
2014-07-25 18:06:37.0000004,9.015087
2014-07-25 18:06:37.0000005,13.676223
2014-07-25 18:06:37.0000003,7.5346785
2014-07-25 18:06:37.0000001,10.283579
2013-03-18 15:54:21.0000001,11.642225
2013-03-18 15:54:21.0000002,5.23738
2010-05-13 06:34:57.0000002,7.159545
2010-05-13 06:34:57.0000001,6.8556433
2009-05-16 08:13:05.0000001,23.42056
2014-05-13 21:07:29.0000003,7.8585362
2014-05-13 21:07:29.0000002,9.03124
2010-04-23 16:10:29.0000001,5.486821
2010-04-23 16:10:29.0000003,7.560588
2010-04-23 16:10:29.0000002,5.7572107
2015-05-25 22:13:09.0000002,86.097946
2015-05-25 22:13:09.0000001,15.782348
2013-11-16 18:33:25.0000003,6.776583
2013-11-16 18:33:25.0000004,17.349869
2013-11-16 18:33:25.0000002,13.936484
2013-11-16 18:33:25.0000001,11.28304
2012-04-16 17:48:09.0000001,6.461376
2012-04-16 17:48:09.0000002,6.079668
2012-04-16 17:48:09.0000003,8.969555
2014-12-29 12:55:53.0000002,10.016016
2014-12-29 12:55:53.0000001,27.206833
2014-12-29 12:55:53.0000003,12.990567
2009-08-02 14:01:33.0000002,5.386012
2009-08-02 14:01:33.0000003,31.414516
2009-08-02 14:01:33.0000001,4.8255973
2015-01-12 15:36:37.0000003,21.56259
2015-01-12 15:36:37.0000004,43.69354
2015-01-12 15:36:37.0000005,13.206131
2015-01-12 15:36:37.0000009,18.553755
2015-01-12 15:36:37.0000006,7.6496434
2015-01-12 15:36:37.0000001,17.256176
2015-01-12 15:36:37.0000007,13.146448
2014-09-04 19:52:09.0000002,6.7337294
2014-09-04 19:52:09.0000001,6.262966
2014-09-04 19:52:09.0000003,4.6490755
2014-09-04 19:52:09.0000004,20.894535
2009-06-01 17:42:01.0000001,10.923059
2009-06-01 17:42:01.0000002,9.171039
2009-06-01 17:42:01.0000003,4.940734
2010-09-21 01:35:09.0000001,10.637193
2010-09-21 01:35:09.0000002,6.71451
2013-05-26 15:18:37.0000004,23.927422
2013-05-26 15:18:37.0000002,8.956012
2009-09-20 23:07:01.0000002,19.88705
2009-08-12 23:00:37.0000001,17.4625
2012-07-18 09:44:53.0000005,8.735758
2012-07-18 09:44:53.0000001,6.213038
2012-07-18 09:44:53.0000004,4.822701
2012-07-18 09:44:53.0000002,5.9296966
2009-09-25 21:43:49.0000005,8.583256
2009-09-25 21:43:49.0000007,13.579443
2009-09-25 21:43:49.0000003,7.0592794
2009-09-25 21:43:49.0000006,4.253097
2009-09-25 21:43:49.0000008,11.91808
2009-09-25 21:43:49.0000001,7.416833
2009-03-22 20:58:33.0000002,11.392162
2009-03-22 20:58:33.0000001,9.699236
2011-12-09 21:19:25.0000002,9.66271
2011-12-09 21:19:25.0000005,11.289143
2011-12-09 21:19:25.0000006,5.0073943
2013-07-05 20:44:49.0000002,4.553429
2013-12-20 15:58:29.0000005,15.152585
2013-12-20 15:58:29.0000002,11.43449
2013-12-20 15:58:29.0000003,41.294582
2013-12-20 15:58:29.0000004,12.919953
2014-10-06 14:37:25.0000004,12.230501
2014-10-06 14:37:25.0000003,20.641973
2014-10-06 14:37:25.0000002,10.604057
2014-10-06 14:37:25.0000001,7.792275
2015-01-18 23:09:25.0000003,26.894728
2015-01-18 23:09:25.0000002,8.317599
2014-05-01 14:11:21.0000002,14.796778
2014-05-01 14:11:21.0000004,8.364787
2014-05-01 14:11:21.0000005,8.968753
2014-05-01 14:11:21.0000006,7.0141454
2014-05-01 14:11:21.0000001,11.238709
2014-05-01 14:11:21.0000003,21.64238
2012-05-22 14:54:45.0000002,7.1378913
2012-05-22 14:54:45.0000001,6.797143
2009-06-17 14:41:57.0000001,11.60768
2009-09-16 10:27:37.0000001,8.156664
2009-09-16 10:27:37.0000002,6.9650187
2014-02-06 13:26:49.0000001,12.173518
2015-04-16 02:42:33.0000001,10.363732
2011-06-06 07:28:25.0000002,27.066187
2011-06-06 07:28:25.0000003,5.5021014
2011-06-06 07:28:25.0000001,4.9356813
2011-06-06 07:28:25.0000005,14.851669
2011-06-06 07:28:25.0000004,5.0618043
2013-02-27 19:25:13.0000003,19.436304
2013-02-27 19:25:13.0000007,11.930464
2013-02-27 19:25:13.0000006,13.501976
2013-02-27 19:25:13.0000004,5.780997
2013-02-27 19:25:13.0000002,5.7774014
2013-02-27 19:25:13.0000005,8.605177
2014-10-03 01:06:05.0000001,7.0234785
2014-10-03 01:06:05.0000002,5.009898
2010-06-26 00:14:53.0000001,7.4980874
2009-09-15 08:28:53.0000001,7.9884186
2009-09-15 08:28:53.0000002,13.252334
2009-09-15 08:28:53.0000004,7.211711
2009-09-15 08:28:53.0000005,5.661718
2011-08-09 05:27:05.0000001,8.890319
2010-10-20 08:49:45.0000001,6.861442
2010-10-20 08:49:45.0000002,5.308319
2012-02-08 11:14:49.0000002,6.44672
2012-02-08 11:14:49.0000001,7.1198144
2012-02-08 11:14:49.0000004,9.063589
2013-08-07 02:16:45.0000001,30.82615
2012-10-26 00:32:13.0000001,17.119576
2012-07-18 22:34:53.0000001,5.4434786
2011-05-17 22:09:17.0000001,12.839009
2009-04-04 00:20:37.0000001,18.206682
2009-04-04 00:20:37.0000003,7.710665
2009-04-04 00:20:37.0000002,12.614467
2009-09-04 18:43:33.0000003,8.755449
2009-09-04 18:43:33.0000004,10.928734
2010-09-19 17:13:29.0000001,13.601094
2010-09-19 17:13:29.0000007,10.946354
2010-09-19 17:13:29.0000005,10.062079
2010-09-19 17:13:29.0000004,6.814513
2010-09-19 17:13:29.0000003,13.332403
2010-09-19 17:13:29.0000002,9.698243
2013-03-19 18:08:29.0000003,11.106532
2013-03-19 18:08:29.0000004,11.3832245
2011-11-22 00:15:25.0000002,5.778465
2011-11-22 00:15:25.0000001,9.228119
2011-04-23 11:01:49.0000005,4.39544
2011-04-23 11:01:49.0000004,5.994882
2011-04-23 11:01:49.0000003,3.790146
2012-10-19 06:56:29.0000001,6.3726225
2012-10-19 06:56:29.0000002,4.173737
2009-12-16 14:45:21.0000002,5.7275367
2009-12-16 14:45:21.0000003,7.5299263
2009-12-16 14:45:21.0000001,8.4845085
2012-08-13 21:49:53.0000002,5.8987703
2012-08-13 21:49:53.0000003,3.7126672
2012-08-13 21:49:53.0000001,4.5056734
2010-11-08 10:01:37.0000001,5.8563933
2010-11-08 10:01:37.0000002,7.9999065
2010-11-08 10:01:37.0000006,5.15669
2010-11-08 10:01:37.0000007,10.485051
2010-11-08 10:01:37.0000005,30.80539
2010-11-08 10:01:37.0000004,4.530924
2010-12-05 16:35:49.0000001,5.5702257
2010-12-05 16:35:49.0000002,9.431144
2014-10-15 12:10:49.0000001,11.382486
2009-04-01 19:28:09.0000004,14.720507
2009-04-01 19:28:09.0000002,8.047903
2009-04-01 19:28:09.0000003,5.6628156
2009-04-01 19:28:09.0000007,19.030891
2009-04-01 19:28:09.0000005,6.2117667
2009-04-01 19:28:09.0000006,9.960076
2011-11-26 02:04:29.0000002,9.380555
2011-11-26 02:04:29.0000001,11.43206
2009-01-11 07:56:01.0000003,5.5684175
2009-01-11 07:56:01.0000002,4.0386405
2012-05-30 09:19:13.0000001,6.0930014
2014-06-10 01:06:25.0000001,18.044186
2014-06-10 01:06:25.0000003,18.199238
2014-06-10 01:06:25.0000002,48.590527
2014-10-28 22:42:33.0000002,16.4112
2014-10-28 22:42:33.0000001,23.267149
2009-03-20 12:14:53.0000004,9.013235
2009-03-20 12:14:53.0000007,5.49272
2009-03-20 12:14:53.0000002,9.4872055
2009-03-20 12:14:53.0000005,15.593208
2009-03-20 12:14:53.0000001,5.1197257
2009-03-20 12:14:53.0000006,6.429898
2009-03-20 12:14:53.0000003,16.232187
2010-06-20 12:42:37.0000003,6.988544
2010-06-20 12:42:37.0000001,13.798194
2014-08-05 16:09:05.0000001,6.4133797
2014-11-06 01:40:49.0000003,4.9405146
2014-11-06 01:40:49.0000002,13.483628
2014-11-06 01:40:49.0000001,8.013227
2014-07-19 21:05:37.0000005,4.6674843
2014-07-19 21:05:37.0000001,11.402207
2014-07-19 21:05:37.0000004,13.621877
2014-07-19 21:05:37.0000003,8.28651
2015-02-19 11:39:21.0000005,7.9974484
2015-02-19 11:39:21.0000002,11.286158
2015-02-19 11:39:21.0000003,7.698426
2012-10-02 14:17:13.0000003,7.5622907
2012-10-02 14:17:13.0000002,10.977738
2012-04-17 09:47:57.0000001,6.3367167
2012-04-17 09:47:57.0000003,14.07879
2012-04-17 09:47:57.0000002,27.94044
2011-04-16 00:01:17.0000002,14.787349
2011-04-16 00:01:17.0000001,4.7605
2010-06-18 08:54:37.0000003,10.984789
2010-06-18 08:54:37.0000002,15.880888
2010-06-18 08:54:37.0000001,11.190411
2012-10-20 00:36:37.0000005,7.8561697
2012-10-20 00:36:37.0000003,36.22817
2012-10-20 00:36:37.0000004,5.363723
2014-06-19 22:37:09.0000001,7.5263247
2014-06-19 22:37:09.0000003,10.171598
2014-06-19 22:37:09.0000005,15.514562
2011-05-11 13:24:37.0000004,8.562884
2011-05-11 13:24:37.0000001,9.020397
2011-05-11 13:24:37.0000003,5.095857
2014-04-09 08:42:05.0000002,10.970774
2014-04-09 08:42:05.0000001,8.006539
2014-10-13 00:42:05.0000001,15.703724
2013-12-08 10:41:05.0000003,6.3315225
2013-12-08 10:41:05.0000008,15.051611
2013-12-08 10:41:05.0000006,11.295742
2013-12-08 10:41:05.0000004,7.1373596
2013-12-08 10:41:05.0000001,11.809164
2013-12-08 10:41:05.0000005,8.754332
2013-02-14 02:02:13.0000001,5.2237887
2009-07-04 13:00:57.0000001,9.540936
2009-07-04 13:00:57.0000003,8.236821
2013-03-20 03:01:29.0000001,4.2812696
2010-08-25 12:03:21.0000002,10.737152
2010-08-25 12:03:21.0000001,6.1835423
2013-09-08 03:47:57.0000001,19.731312
2013-09-08 03:47:57.0000003,9.09784
2012-12-19 16:29:33.0000002,10.454224
2012-12-19 16:29:33.0000001,5.973252
2009-05-15 21:19:13.0000001,11.529928
2009-05-15 21:19:13.0000002,6.294269
2012-06-06 17:33:05.0000001,9.902046
2012-06-06 17:33:05.0000002,6.0994687
2012-06-06 17:33:05.0000003,12.0735655
2012-06-06 17:33:05.0000004,8.538342
2011-09-20 00:07:17.0000001,8.873101
2010-01-29 08:32:53.0000007,5.034654
2010-01-29 08:32:53.0000004,10.039733
2010-01-29 08:32:53.0000001,2.8730195
2010-01-29 08:32:53.0000003,10.063605
2010-01-29 08:32:53.0000005,6.579545
2010-01-29 08:32:53.0000006,6.2130175
2015-05-15 01:51:49.0000002,9.377487
2015-05-15 01:51:49.0000001,11.939716
2015-05-15 01:51:49.0000005,8.725859
2015-05-15 01:51:49.0000004,4.4727273
2011-07-26 05:14:29.0000001,48.98501
2011-09-09 03:00:05.0000002,18.066532
2011-09-09 03:00:05.0000001,5.0647836
2012-11-12 10:06:17.0000004,7.022376
2012-11-12 10:06:17.0000005,10.417679
2012-11-12 10:06:17.0000002,7.474735
2012-11-12 10:06:17.0000001,11.694407
2012-01-05 22:37:13.0000001,10.55992
2012-01-05 22:37:13.0000002,17.536154
2012-12-07 02:02:01.0000002,20.672365
2012-12-07 02:02:01.0000001,13.2863655
2011-08-18 08:36:13.0000001,5.1139
2011-08-18 08:36:13.0000004,6.6669474
2011-08-18 08:36:13.0000003,11.047508
2011-08-18 08:36:13.0000006,7.560677
2011-08-18 08:36:13.0000002,15.910275
2014-05-16 15:30:05.0000002,7.7011213
2014-05-16 15:30:05.0000001,9.642473
2014-03-15 07:19:25.0000001,11.748473
2009-12-21 17:23:09.0000001,5.742082
2013-12-01 22:23:57.0000002,6.322343
2013-12-01 22:23:57.0000001,15.632983
2014-01-03 15:48:49.0000003,10.341049
2014-01-03 15:48:49.0000002,7.3485174
2013-01-19 20:19:45.0000003,17.096457
2013-01-19 20:19:45.0000001,8.810359
2013-01-19 20:19:45.0000004,6.2974277
2012-08-31 03:00:21.0000001,5.417674
2012-07-21 16:32:41.0000001,5.746892
2012-07-21 16:32:41.0000002,4.3181233
2012-12-20 23:43:09.0000002,19.574774
2012-12-20 23:43:09.0000006,7.1198196
2012-12-20 23:43:09.0000005,15.113182
2012-12-20 23:43:09.0000003,6.0509477
2009-06-13 18:40:13.0000002,12.335661
2009-06-13 18:40:13.0000003,12.025571
2014-11-16 09:12:45.0000001,15.7285185
2013-03-25 15:17:33.0000001,4.1239552
2009-09-28 05:36:49.0000001,7.2983313
2013-07-08 17:31:29.0000001,5.8065653
2013-07-08 17:31:29.0000002,19.411985
2010-11-27 12:54:09.0000005,5.104377
2010-11-27 12:54:09.0000004,6.3660607
2010-11-27 12:54:09.0000001,4.2982187
2010-11-27 12:54:09.0000003,3.6786227
2010-11-27 12:54:09.0000002,16.463444
2011-02-15 02:43:33.0000002,10.709131
2011-02-15 02:43:33.0000001,14.868502
2012-10-25 06:12:37.0000001,6.831885
2014-05-01 06:39:54.0000001,5.0297093
2015-03-17 21:44:26.0000001,13.184456
2015-03-17 21:44:26.0000006,9.211508
2015-03-17 21:44:26.0000005,17.323057
2015-03-17 21:44:26.0000003,12.164692
2015-03-17 21:44:26.0000004,12.99653
2011-05-02 13:26:54.0000003,5.6744556
2011-05-02 13:26:54.0000001,4.032624
2011-05-02 13:26:54.0000002,11.117276
2009-01-06 07:36:34.0000003,10.08561
2009-01-06 07:36:34.0000002,5.868334
2009-01-06 07:36:34.0000004,10.86781
2010-06-23 10:29:22.0000005,4.252483
2010-06-23 10:29:22.0000001,14.998849
2010-06-23 10:29:22.0000004,4.996354
2010-06-23 10:29:22.0000003,12.022642
2010-06-23 10:29:22.0000002,10.751889
2013-01-22 08:20:26.0000001,4.858492
2013-01-22 08:20:26.0000002,6.638894
2009-11-25 11:14:26.0000001,4.8946805
2009-11-25 11:14:26.0000002,9.226122
2012-12-04 06:52:02.0000001,12.243724
2012-12-04 06:52:02.0000002,12.452318
2012-12-04 06:52:02.0000003,9.610267
2014-05-27 10:31:46.0000001,8.975289
2014-05-27 10:31:46.0000003,21.539782
2014-05-27 10:31:46.0000002,19.670527
2009-09-20 22:15:46.0000001,8.658592
2011-06-30 08:40:22.0000001,5.029208
2011-06-30 08:40:22.0000002,8.816735
2010-05-10 09:14:30.0000003,8.311639
2010-05-10 09:14:30.0000001,5.099078
2010-05-10 09:14:30.0000002,5.9088182
2010-05-10 09:14:30.0000004,5.3088083
2010-11-25 16:10:30.0000001,16.37912
2014-11-18 16:06:14.0000001,8.534303
2013-01-20 20:41:26.0000003,14.109578
2013-01-20 20:41:26.0000001,16.611752
2015-06-07 00:38:14.0000003,8.149579
2009-01-03 00:51:02.0000004,9.743006
2009-01-03 00:51:02.0000003,9.653736
2010-09-28 11:54:02.0000004,6.5024214
2010-09-28 11:54:02.0000005,8.90269
2010-09-28 11:54:02.0000003,6.393845
2010-09-28 11:54:02.0000001,6.996775
2010-09-28 11:54:02.0000002,17.812935
2013-11-07 17:01:14.0000001,41.64481
2013-11-07 17:01:14.0000006,6.841555
2013-11-07 17:01:14.0000002,8.14415
2013-11-07 17:01:14.0000003,4.8962846
2013-11-07 17:01:14.0000005,6.1843066
2013-11-07 17:01:14.0000004,10.068294
2009-11-29 08:05:46.0000001,6.0478406
2012-10-21 17:43:26.0000003,7.248586
2012-10-21 17:43:26.0000002,9.785888
2012-10-21 17:43:26.0000006,5.5722165
2012-10-21 17:43:26.0000001,7.6951394
2012-10-21 17:43:26.0000004,11.712164
2012-10-21 17:43:26.0000005,8.789026
2013-07-31 06:52:46.0000001,5.3067365
2013-02-04 12:10:10.0000002,6.5095315
2013-02-04 12:10:10.0000001,6.8996243
2013-10-18 09:06:14.0000001,7.327465
2009-04-26 17:29:42.0000004,5.2631693
2009-04-26 17:29:42.0000002,6.640986
2009-04-26 17:29:42.0000005,9.711181
2009-04-26 17:29:42.0000003,7.240643
2009-04-26 17:29:42.0000006,6.917113
2015-04-12 21:56:22.0000004,21.529083
2015-04-12 21:56:22.0000002,9.256611
2015-04-12 21:56:22.0000001,56.19082
2015-02-25 22:00:38.0000003,27.144686
2015-02-25 22:00:38.0000006,11.956241
2015-02-25 22:00:38.0000001,17.215479
2015-02-25 22:00:38.0000004,12.201039
2015-02-25 22:00:38.0000005,23.157179
2013-12-30 00:48:42.0000003,5.106556
2013-12-30 00:48:42.0000002,17.491356
2013-12-30 00:48:42.0000001,8.899385
2012-11-20 21:15:22.0000004,10.092903
2012-11-20 21:15:22.0000001,6.041371
2012-11-20 21:15:22.0000003,19.909288
2012-11-20 21:15:22.0000006,9.213989
2012-11-20 21:15:22.0000005,14.093068
2012-11-20 21:15:22.0000002,23.994907
2012-11-20 21:15:22.0000007,10.22124
2010-03-21 16:52:58.0000002,30.615416
2010-03-21 16:52:58.0000001,10.26146
2010-03-21 16:52:58.0000004,13.396719
2010-10-06 23:31:54.0000002,5.8872514
2013-07-09 21:59:42.0000002,42.043762
2012-06-23 09:43:42.0000006,14.138916
2012-06-23 09:43:42.0000001,4.3716707
2012-06-23 09:43:42.0000003,8.65702
2012-06-23 09:43:42.0000005,5.184946
2009-01-21 20:04:30.0000004,8.991236
2009-01-21 20:04:30.0000008,6.944183
2009-01-21 20:04:30.0000009,6.2089076
2009-01-21 20:04:30.0000003,8.005611
2009-01-21 20:04:30.0000001,6.4081945
2009-01-21 20:04:30.0000005,6.709381
2009-01-21 20:04:30.0000002,6.5660663
2009-01-21 20:04:30.0000007,4.70126
2013-12-18 14:26:58.0000003,25.055857
2013-12-18 14:26:58.0000001,10.598708
2014-04-26 18:02:26.0000002,12.560693
2014-04-26 18:02:26.0000001,10.228655
2010-11-21 00:32:50.0000003,5.7004757
2010-11-21 00:32:50.0000002,12.748261
2010-11-21 00:32:50.0000001,5.0843205
2013-02-07 21:29:22.0000003,8.690559
2013-02-07 21:29:22.0000002,9.34653
2013-02-07 21:29:22.0000004,13.009221
2013-02-07 21:29:22.0000001,12.623337
2010-11-15 18:15:14.0000002,8.233609
2010-11-15 18:15:14.0000001,7.3441515
2010-11-15 18:15:14.0000003,6.1767592
2010-11-15 18:15:14.0000004,7.1135187
2013-10-26 10:46:46.0000005,8.857731
2013-10-26 10:46:46.0000002,10.893358
2013-10-26 10:46:46.0000004,10.709585
2013-10-26 10:46:46.0000001,5.609111
2013-07-18 10:24:58.0000001,6.4350348
2010-05-14 04:15:54.0000001,6.2727804
2013-09-14 18:51:46.0000002,13.27719
2009-05-27 23:09:54.0000001,9.785134
2013-05-23 23:54:42.0000002,9.867523
2013-05-23 23:54:42.0000006,6.327666
2013-05-23 23:54:42.0000001,13.336825
2013-05-23 23:54:42.0000005,15.79259
2013-05-23 23:54:42.0000003,12.363651
2015-05-23 01:00:22.0000001,5.143111
2009-11-23 19:06:14.0000004,4.2968063
2009-11-23 19:06:14.0000003,6.5005937
2009-11-23 19:06:14.0000002,4.361626
2009-11-23 19:06:14.0000006,53.421867
2011-06-22 00:06:34.0000001,6.4582024
2014-07-02 02:27:22.0000001,4.269429
2012-11-18 14:55:42.0000002,6.6318913
2012-11-18 14:55:42.0000003,7.9706225
2012-11-18 14:55:42.0000004,6.868448
2009-01-12 17:54:26.0000001,4.423827
2012-10-10 06:59:02.0000002,8.297284
2012-10-10 06:59:02.0000003,7.702981
2012-10-10 06:59:02.0000001,5.6460056
2010-01-24 14:09:58.0000001,5.9194283
2010-09-01 08:23:54.0000001,12.7248745
2011-12-10 23:39:06.0000002,21.1744
2011-05-22 03:09:50.0000002,20.639692
2011-05-22 03:09:50.0000005,4.982877
2011-05-22 03:09:50.0000001,5.8619695
2011-05-22 03:09:50.0000004,21.345692
2011-05-22 03:09:50.0000003,19.627848
2013-06-29 14:26:06.0000004,18.592861
2013-06-29 14:26:06.0000003,6.545354
2013-06-29 14:26:06.0000002,7.2198253
2013-06-29 14:26:06.0000001,14.906765
2011-01-25 10:31:26.0000001,12.727031
2011-01-25 10:31:26.0000002,7.7974243
2013-02-11 01:03:30.0000001,24.044588
2009-12-17 15:54:46.0000005,10.535682
2009-12-17 15:54:46.0000003,4.900451
2009-12-17 15:54:46.0000001,10.011763
2009-12-17 15:54:46.0000004,5.804812
2012-03-17 05:33:02.0000001,9.8982115
2009-10-24 19:48:30.0000001,4.9755497
2009-10-24 19:48:30.0000002,7.01688
2009-10-24 19:48:30.0000003,11.9530525
2013-03-23 00:10:26.0000004,35.506256
2013-03-23 00:10:26.0000002,5.4320664
2013-03-23 00:10:26.0000001,41.288925
2013-03-23 00:10:26.0000003,18.33345
2010-06-16 18:41:54.0000001,7.0857964
2010-06-16 18:41:54.0000002,7.989073
2011-01-15 04:13:38.0000002,3.9730942
2014-07-27 11:25:18.0000001,4.393123
2014-07-27 11:25:18.0000002,5.210561
2011-11-02 08:21:50.0000002,6.4148526
2015-05-16 04:37:50.0000001,10.406711
2015-05-16 04:37:50.0000002,11.21647
2009-03-15 03:31:14.0000002,9.235341
2009-03-15 03:31:14.0000001,6.586862
2014-09-08 19:07:46.0000002,14.375686
2009-08-28 11:58:58.0000001,4.288982
2010-04-24 23:31:50.0000001,5.5786924
2010-04-24 23:31:50.0000003,10.835242
2013-06-13 14:50:50.0000002,13.736814
2013-06-13 14:50:50.0000001,10.127594
2010-07-07 06:22:38.0000002,14.8221855
2010-07-07 06:22:38.0000001,7.9676313
2009-03-24 00:11:26.0000001,8.219358
2009-03-24 00:11:26.0000002,9.086983
2013-10-23 14:27:10.0000001,5.9034142
2011-03-03 21:31:42.0000007,13.171203
2011-03-03 21:31:42.0000001,5.886083
2011-03-03 21:31:42.0000008,8.945242
2011-03-03 21:31:42.0000006,6.0559363
2011-03-03 21:31:42.0000005,6.2849784
2011-09-05 10:47:26.0000002,16.02884
2011-09-05 10:47:26.0000003,15.658792
2011-09-05 10:47:26.0000004,9.935738
2012-08-04 23:34:58.0000001,10.226021
2012-08-04 23:34:58.0000004,5.0911775
2012-08-04 23:34:58.0000002,6.174041
2015-01-29 13:15:50.0000003,11.2810755
2015-01-29 13:15:50.0000004,7.1605406
2015-01-29 13:15:50.0000007,10.50558
2015-01-29 13:15:50.0000006,13.192673
2015-01-29 13:15:50.0000008,4.902598
2015-01-29 13:15:50.0000005,7.64163
2015-01-29 13:15:50.0000002,7.051016
2015-01-29 13:15:50.0000009,8.1642065
2012-09-16 12:48:06.0000004,7.3031597
2012-09-16 12:48:06.0000001,12.452222
2012-09-16 12:48:06.0000003,15.497337
2015-04-10 11:56:54.0000008,7.182889
2015-04-10 11:56:54.0000001,14.517209
2015-04-10 11:56:54.0000002,28.246681
2015-04-10 11:56:54.0000007,57.280807
2015-04-10 11:56:54.0000003,8.011982
2015-05-05 12:32:14.0000007,11.413224
2015-05-05 12:32:14.0000006,11.68481
2015-05-05 12:32:14.0000003,10.328045
2015-05-05 12:32:14.0000004,5.2393713
2015-05-05 12:32:14.0000002,10.189077
2015-05-05 12:32:14.0000005,12.338202
2015-05-05 12:32:14.0000001,17.557108
2013-10-15 23:31:26.0000001,6.9482093
2014-08-24 01:17:38.0000001,5.248199
2013-04-04 07:01:06.0000003,12.799332
2013-04-04 07:01:06.0000001,4.918369
2013-04-04 07:01:06.0000002,7.7627025
2013-06-21 18:06:14.0000001,8.951795
2013-06-21 18:06:14.0000005,12.142583
2013-06-21 18:06:14.0000004,6.3842993
2013-06-21 18:06:14.0000003,11.859125
2013-06-21 18:06:14.0000006,8.962605
2009-08-03 21:09:42.0000001,6.0759993
2009-08-03 21:09:42.0000003,5.870521
2009-08-03 21:09:42.0000002,7.9253373
2009-08-03 21:09:42.0000004,5.7663436
2013-10-13 19:52:54.0000003,5.5897145
2013-10-13 19:52:54.0000001,5.6775885
2014-11-14 11:09:46.0000001,7.328671
2014-11-14 11:09:46.0000002,31.588985
2015-06-25 01:01:46.0000003,5.0435333
2015-06-25 01:01:46.0000001,8.989617
2009-05-19 15:44:30.0000003,8.916811
2014-01-26 08:48:30.0000001,15.797986
2014-01-26 08:48:30.0000002,4.3665705
2012-01-19 02:06:02.0000001,4.139464
2014-12-25 21:32:58.0000001,10.407979
2012-08-09 07:49:02.0000001,11.346636
2012-08-09 07:49:02.0000003,15.619329
2012-08-09 07:49:02.0000002,7.130185
2014-08-10 05:03:50.0000001,29.502813
2010-01-11 15:18:14.0000002,5.6980944
2010-01-11 15:18:14.0000003,4.831816
2010-01-11 15:18:14.0000004,8.455603
2010-01-11 15:18:14.0000001,6.662563
2009-11-10 15:56:38.0000006,6.055162
2009-11-10 15:56:38.0000002,8.4073715
2009-11-10 15:56:38.0000004,9.525621
2009-11-10 15:56:38.0000003,49.002518
2009-11-10 15:56:38.0000005,4.340503
2009-11-10 15:56:38.0000001,9.8407135
2012-10-18 09:17:42.0000002,8.947828
2012-10-18 09:17:42.0000001,9.253432
2010-12-06 13:19:58.0000003,5.8699665
2010-12-06 13:19:58.0000002,8.434759
2010-12-06 13:19:58.0000001,7.1843505
2011-07-30 15:27:58.0000003,7.1951785
2011-07-30 15:27:58.0000002,6.3168697
2011-07-20 04:21:54.0000001,5.2878356
2011-07-20 04:21:54.0000002,7.3963027
2009-03-10 19:51:34.0000003,5.3705635
2009-03-10 19:51:34.0000004,11.434101
2009-03-10 19:51:34.0000005,5.202199
2009-03-10 19:51:34.0000002,11.985129
2009-03-10 19:51:34.0000001,6.011714
2011-11-15 22:33:42.0000001,8.541981
2011-11-15 22:33:42.0000002,13.099017
2010-09-24 22:40:06.0000005,7.664301
2010-09-24 22:40:06.0000003,23.923494
2010-09-24 22:40:06.0000006,6.6051908
2010-09-24 22:40:06.0000002,7.9505315
2010-09-24 22:40:06.0000001,7.3439283
2010-02-06 17:37:10.0000007,6.014802
2010-02-06 17:37:10.0000004,5.6354117
2010-02-06 17:37:10.0000006,6.5104194
2010-02-06 17:37:10.0000003,5.013286
2012-05-11 02:43:18.0000002,7.2256355
2012-05-11 02:43:18.0000001,4.25301
2011-09-25 21:18:06.0000001,8.677146
2011-09-25 21:18:06.0000002,11.797735
2013-12-18 03:16:02.0000001,13.696403
2012-01-26 01:32:42.0000001,7.8157015
2012-01-26 01:32:42.0000002,4.3360486
2011-10-02 03:06:34.0000001,7.061838
2012-03-31 12:52:46.0000002,6.9276066
2012-03-31 12:52:46.0000001,17.201128
2014-06-15 00:51:42.0000001,15.340263
2009-04-21 17:27:58.0000001,8.812066
2009-04-21 17:27:58.0000002,6.604591
2012-08-13 15:02:26.0000002,5.7104015
2012-08-13 15:02:26.0000003,6.869087
2014-10-27 11:56:50.0000001,7.201461
2014-10-27 11:56:50.0000002,18.80926
2014-10-27 11:56:50.0000003,11.258447
2009-09-29 18:03:18.0000001,11.596462
2011-10-30 16:52:26.0000001,5.090779
2011-10-30 16:52:26.0000002,5.7891307
2014-11-24 23:39:26.0000002,19.49424
2014-11-24 23:39:26.0000001,27.969286
2011-08-16 14:41:50.0000001,8.91238
2011-08-16 14:41:50.0000003,6.178304
2011-08-16 14:41:50.0000002,8.793732
2013-01-14 18:42:54.0000002,20.512348
2013-01-14 18:42:54.0000006,6.497296
2013-01-14 18:42:54.0000001,5.1892962
2013-01-14 18:42:54.0000007,4.467321
2013-01-14 18:42:54.0000008,10.179153
2009-04-18 23:09:34.0000002,11.438911
2009-11-11 21:20:18.0000001,5.0153513
2009-11-11 21:20:18.0000003,16.728271
2012-07-24 01:12:50.0000004,16.013311
2012-07-24 01:12:50.0000003,5.6126037
2012-07-24 01:12:50.0000001,12.880739
2012-07-24 01:12:50.0000002,6.779569
2012-07-24 01:12:50.0000005,10.325849
2009-04-18 02:44:34.0000003,7.70063
2009-04-18 02:44:34.0000002,11.329352
2014-07-18 06:32:22.0000001,6.7666574
2014-01-10 12:28:38.0000001,10.176997
2011-08-08 15:27:22.0000001,4.1746206
2014-07-30 14:42:34.0000001,7.5485873
2014-07-30 14:42:34.0000003,26.946613
2014-07-30 14:42:34.0000002,15.657572
2014-08-26 16:39:54.0000002,15.210816
2014-10-11 00:26:38.0000002,14.214646
2014-10-11 00:26:38.0000003,13.253905
2014-10-11 00:26:38.0000001,11.454668
2014-10-11 00:26:38.0000005,12.24403
2014-10-11 00:26:38.0000007,5.862375
2014-10-11 00:26:38.0000006,22.419939
2009-08-15 14:25:02.0000001,10.472405
2009-09-22 06:43:46.0000001,5.7690988
2014-05-14 00:00:34.0000001,8.368217
2014-05-14 00:00:34.0000002,11.021699
2014-10-14 01:57:26.0000001,4.6218867
2009-05-31 20:56:38.0000002,37.057545
2009-05-31 20:56:38.0000003,6.913983
2009-05-31 20:56:38.0000001,4.4800625
2009-07-11 12:59:58.0000001,8.650567
2010-06-02 15:33:06.0000001,5.1996913
2010-06-02 15:33:06.0000002,5.910469
2010-06-02 15:33:06.0000003,4.724909
2010-01-30 02:13:06.0000002,4.3851333
2010-01-30 02:13:06.0000001,4.579982
2010-01-30 02:13:06.0000003,10.327949
2014-01-05 17:47:02.0000003,7.713116
2014-01-05 17:47:02.0000002,10.539405
2009-03-21 09:59:50.0000003,46.93033
2009-03-21 09:59:50.0000002,9.963306
2009-03-21 09:59:50.0000001,5.0044727
2009-08-26 23:55:38.0000002,8.620294
2009-06-09 15:10:50.0000002,49.589703
2009-06-09 15:10:50.0000001,4.951896
2011-09-18 06:14:54.0000001,7.34273
2009-03-27 16:05:22.0000004,33.094402
2009-03-27 16:05:22.0000005,5.034476
2009-03-27 16:05:22.0000001,9.539461
2009-03-27 16:05:22.0000006,6.811857
2009-03-27 16:05:22.0000003,10.214999
2009-03-27 16:05:22.0000002,6.3452535
2015-05-29 10:02:42.0000005,9.238033
2015-05-29 10:02:42.0000003,8.135771
2015-05-29 10:02:42.0000004,9.139633
2012-09-07 23:20:34.0000004,19.26422
2012-09-07 23:20:34.0000003,13.068148
2012-09-07 23:20:34.0000001,6.278365
2014-03-07 10:36:50.0000002,8.761643
2014-03-07 10:36:50.0000001,9.355141
2013-03-17 23:47:50.0000002,17.453646
2013-03-17 23:47:50.0000001,7.206173
2015-06-30 20:03:50.0000005,9.776848
2015-06-30 20:03:50.0000001,102.281975
2015-06-30 20:03:50.0000003,10.505788
2015-06-30 20:03:50.0000004,6.3683395
2015-05-11 02:21:26.0000002,4.649985
2015-05-11 02:21:26.0000001,13.380801
2015-01-10 14:32:14.0000001,9.373607
2014-12-05 14:14:14.0000001,9.8459835
2014-12-05 14:14:14.0000002,12.718844
2012-04-23 12:23:18.0000001,7.3952823
2012-04-23 12:23:18.0000003,4.6429524
2012-04-23 12:23:18.0000002,33.561295
2012-09-01 13:33:14.0000003,6.524655
2012-09-01 13:33:14.0000002,10.760356
2012-09-01 13:33:14.0000001,12.860338
2011-04-17 14:55:58.0000001,3.8937218
2010-05-31 20:43:42.0000002,7.477282
2013-11-22 23:44:34.0000002,12.981024
2013-11-22 23:44:34.0000001,8.112322
2013-05-17 05:30:10.0000002,12.048324
2013-05-17 05:30:10.0000001,7.508121
2009-07-28 11:13:10.0000001,11.085111
2014-05-18 14:43:26.0000001,10.721483
2014-05-18 14:43:26.0000002,6.6718273
2014-05-18 14:43:26.0000003,7.2052584
2011-10-08 18:18:26.0000005,9.254454
2011-10-08 18:18:26.0000001,4.4670367
2011-10-08 18:18:26.0000004,13.416707
2013-09-27 04:39:14.0000001,20.622297
2011-02-08 01:44:18.0000001,12.173629
2015-01-12 06:21:38.0000001,7.2189946
2015-01-12 06:21:38.0000002,21.425495
2010-03-23 13:23:34.0000004,5.4909625
2010-03-23 13:23:34.0000002,14.570784
2010-03-23 13:23:34.0000001,5.0280323
2009-04-02 06:19:02.0000001,9.130538
2012-01-12 18:05:10.0000003,9.404449
2012-01-12 18:05:10.0000001,25.216757
2014-11-21 02:04:42.0000002,10.787305
2014-11-21 02:04:42.0000003,14.588583
2014-11-21 02:04:42.0000001,27.890947
2010-10-09 03:54:42.0000001,6.455261
2012-04-03 12:26:14.0000002,5.464874
2012-04-03 12:26:14.0000001,32.93263
2012-04-03 12:26:14.0000003,11.655797
2010-12-21 08:46:02.0000005,11.075535
2010-12-21 08:46:02.0000004,7.8994436
2010-12-21 08:46:02.0000003,10.174414
2010-06-19 22:52:30.0000002,6.1603103
2010-06-19 22:52:30.0000001,11.067735
2013-01-03 01:43:10.0000001,24.075573
2013-11-24 03:44:46.0000004,11.301592
2013-11-24 03:44:46.0000002,16.193913
2013-11-24 03:44:46.0000005,15.820346
2011-04-16 12:57:18.0000001,6.049938
2012-10-11 22:24:18.0000001,10.815961
2010-12-13 23:24:02.0000002,9.039039
2010-12-13 23:24:02.0000001,9.3394375
2011-09-14 23:42:46.0000001,10.914341
2011-05-17 23:42:46.0000001,4.736682
2011-05-17 23:42:46.0000004,45.34171
2011-05-17 23:42:46.0000002,10.638363
2011-05-17 23:42:46.0000005,4.407531
2011-05-17 23:42:46.0000007,8.446235
2013-06-30 03:37:26.0000002,5.7841344
2013-06-30 03:37:26.0000005,20.091446
2013-06-30 03:37:26.0000001,5.05226
2013-06-30 03:37:26.0000004,18.22916
2011-05-26 21:36:54.0000001,5.3698287
2009-11-09 06:00:22.0000001,4.2073455
2014-01-09 17:27:18.0000002,34.293438
2014-01-09 17:27:18.0000001,5.341232
2014-01-09 17:27:18.0000005,9.726185
2014-01-09 17:27:18.0000006,5.1752005
2014-01-09 17:27:18.0000007,7.995843
2012-07-01 00:24:58.0000003,7.2093954
2012-07-01 00:24:58.0000001,8.4414835
2012-07-01 00:24:58.0000002,12.608035
2010-06-02 14:55:22.0000003,6.958999
2010-06-02 14:55:22.0000002,4.9085426
2010-06-02 14:55:22.0000004,6.6180277
2010-06-02 14:55:22.0000006,7.1190143
2010-06-02 14:55:22.0000001,15.366531
2010-06-02 14:55:22.0000005,8.6046915
2013-03-07 08:50:34.0000001,21.65802
2013-03-07 08:50:34.0000005,7.1514726
2013-03-07 08:50:34.0000002,12.907616
2013-03-07 08:50:34.0000006,13.074239
2013-03-07 08:50:34.0000003,13.016526
2013-03-07 08:50:34.0000004,12.906169
2013-10-28 00:33:30.0000001,7.7393284
2013-11-23 16:33:30.0000003,13.4627285
2013-11-23 16:33:30.0000001,6.60065
2014-11-06 07:56:46.0000002,7.050738
2014-11-06 07:56:46.0000001,7.2361813
2013-04-05 12:38:22.0000001,18.137018
2014-11-06 02:02:10.0000001,5.8821683
2012-10-09 07:47:46.0000002,9.58632
2012-10-09 07:47:46.0000001,12.392149
2012-10-09 07:47:46.0000003,10.421027
2012-10-09 07:47:46.0000004,10.054355
2012-10-09 07:47:46.0000005,5.147571
2013-11-21 22:21:58.0000001,18.041443
2014-12-20 01:57:26.0000001,9.681906
2014-12-20 01:57:26.0000004,5.9674926
2014-12-20 01:57:26.0000003,11.037837
2014-12-20 01:57:26.0000002,5.805448
2010-01-09 13:24:22.0000003,5.990449
2011-11-02 02:18:18.0000001,18.86911
2009-03-11 21:46:54.0000003,8.845071
2009-03-11 21:46:54.0000005,15.7942505
2009-03-11 21:46:54.0000001,8.350169
2009-03-11 21:46:54.0000004,25.247252
2014-12-07 03:45:18.0000001,7.920118
2014-12-07 03:45:18.0000002,15.805758
2014-12-07 03:45:18.0000004,21.143967
2014-12-07 03:45:18.0000003,8.217198
2014-11-29 19:23:58.0000001,11.577167
2010-03-04 09:49:38.0000002,17.810833
2010-03-04 09:49:38.0000001,8.317319
2010-03-04 09:49:38.0000003,3.77902
2009-10-10 06:52:06.0000001,4.666102
2009-10-10 06:52:06.0000002,10.115311
2012-08-22 20:54:46.0000003,7.0157886
2012-08-22 20:54:46.0000001,8.774812
2012-08-22 20:54:46.0000002,5.9206166
2015-05-01 07:49:14.0000001,4.859719
2009-02-21 20:49:34.0000001,9.199894
2012-08-10 14:04:14.0000005,7.404387
2012-08-10 14:04:14.0000006,20.69888
2012-08-10 14:04:14.0000004,6.2940736
2012-08-10 14:04:14.0000003,5.2838416
2012-08-10 14:04:14.0000007,5.338539
2012-08-10 14:04:14.0000002,8.84591
2013-05-10 21:08:18.0000002,19.906952
2013-05-10 21:08:18.0000003,8.371978
2013-05-10 21:08:18.0000005,6.0937595
2013-05-10 21:08:18.0000004,12.192436
2013-05-10 21:08:18.0000001,5.294587
2009-09-25 12:59:18.0000001,8.394161
2014-08-02 21:05:42.0000002,14.287085
2014-08-02 21:05:42.0000001,6.1131144
2013-10-29 20:16:10.0000002,5.579441
2013-10-29 20:16:10.0000001,16.236216
2009-11-11 22:49:46.0000003,9.292976
2009-11-11 22:49:46.0000002,7.465076
2009-11-11 22:49:46.0000001,5.329814
2009-10-17 03:52:42.0000002,7.259991
2009-10-17 03:52:42.0000007,5.3612437
2009-10-17 03:52:42.0000006,6.3276653
2009-10-17 03:52:42.0000003,12.81776
2009-10-17 03:52:42.0000001,5.8095307
2009-10-17 03:52:42.0000004,5.3087187
2014-02-27 09:36:26.0000007,11.623814
2014-02-27 09:36:26.0000008,9.084459
2014-02-27 09:36:26.0000002,5.685519
2014-02-27 09:36:26.0000005,5.525764
2014-02-27 09:36:26.0000003,6.4558125
2014-02-27 09:36:26.0000006,11.513073
2014-02-27 09:36:26.0000004,14.724992
2014-02-27 09:36:26.0000009,4.730496
2012-12-26 17:12:30.0000003,9.804217
2012-12-26 17:12:30.0000005,21.526419
2012-12-26 17:12:30.0000001,8.123403
2012-12-26 17:12:30.0000004,9.288009
2014-03-11 20:24:02.0000003,7.665259
2014-03-11 20:24:02.0000002,6.9071684
2014-03-11 20:24:02.0000004,7.358389
2011-01-29 09:28:38.0000002,6.79764
2011-01-29 09:28:38.0000001,7.153916
2011-01-29 09:28:38.0000003,7.6308436
2011-01-29 09:28:38.0000005,5.513616
2011-01-29 09:28:38.0000004,7.215903
2015-05-07 15:33:26.0000003,7.3002687
2015-05-07 15:33:26.0000007,6.2957735
2015-05-07 15:33:26.0000001,10.551471
2015-05-07 15:33:26.0000002,13.683017
2015-05-07 15:33:26.0000006,6.7549872
2010-10-25 13:31:22.0000003,4.8509645
2010-10-25 13:31:22.0000002,16.35927
2010-10-25 13:31:22.0000001,4.7337995
2010-10-25 13:31:22.0000004,10.292532
2012-09-10 21:07:54.0000005,20.16022
2012-09-10 21:07:54.0000004,11.872159
2012-09-10 21:07:54.0000003,5.1740985
2012-09-10 21:07:54.0000007,10.726358
2012-09-10 21:07:54.0000002,10.777024
2012-09-10 21:07:54.0000006,9.396524
2012-09-10 21:07:54.0000001,7.7865725
2012-04-15 21:54:22.0000001,6.471361
2012-04-20 00:06:10.0000007,6.382907
2012-04-20 00:06:10.0000001,6.944019
2012-04-20 00:06:10.0000002,7.966677
2012-04-20 00:06:10.0000006,6.7404847
2012-04-20 00:06:10.0000005,4.6139956
2012-04-20 00:06:10.0000008,13.598133
2012-06-12 23:10:42.0000001,10.107598
2012-06-12 23:10:42.0000003,10.505442
2012-06-12 23:10:42.0000002,40.966846
2009-04-30 22:25:26.0000004,13.120618
2009-04-30 22:25:26.0000003,11.301375
2009-04-30 22:25:26.0000002,6.0482097
2009-04-30 22:25:26.0000001,5.8007674
2011-02-20 06:18:34.0000001,29.707115
2011-02-20 06:18:34.0000002,5.456858
2013-04-21 19:50:54.0000003,42.716606
2011-06-11 21:33:18.0000001,12.535863
2013-02-06 18:21:18.0000006,9.18832
2013-02-06 18:21:18.0000002,9.698928
2013-02-06 18:21:18.0000003,14.03318
2013-02-06 18:21:18.0000004,6.7967753
2014-05-01 21:05:34.0000002,5.4842415
2014-05-01 21:05:34.0000003,16.797697
2013-07-21 11:41:26.0000001,15.077071
2013-07-21 11:41:26.0000002,4.7381907
2011-04-22 19:23:54.0000001,10.963475
2011-04-22 19:23:54.0000003,6.30027
2011-04-22 19:23:54.0000002,47.857395
2012-09-04 05:46:50.0000001,5.623316
2012-09-04 05:46:50.0000002,27.321066
2009-03-24 11:57:34.0000005,13.500628
2009-03-24 11:57:34.0000004,5.768463
2009-03-24 11:57:34.0000003,4.4213634
2009-03-24 11:57:34.0000002,3.5159924
2009-03-24 11:57:34.0000001,5.1766043
2011-07-05 22:05:34.0000001,7.723482
2011-09-17 15:41:06.0000001,7.3580904
2011-09-17 15:41:06.0000003,5.2791543
2011-12-25 04:37:10.0000001,5.0118093
2015-03-05 13:21:58.0000002,11.990946
2015-03-05 13:21:58.0000003,7.759209
2014-09-01 09:16:10.0000001,8.169019
2015-06-21 17:16:10.0000007,7.310227
2015-06-21 17:16:10.0000002,13.501953
2015-06-21 17:16:10.0000006,13.64529
2015-06-21 17:16:10.0000003,12.3149185
2015-06-21 17:16:10.0000004,9.355265
2010-06-02 22:04:10.0000003,7.746704
2010-06-02 22:04:10.0000004,14.143855
2010-06-02 22:04:10.0000005,6.979228
2010-06-02 22:04:10.0000006,5.3169947
2014-03-01 09:37:02.0000001,5.7354107
2014-03-01 09:37:02.0000002,6.1697025
2014-03-01 09:37:02.0000003,57.50894
2011-07-18 12:12:18.0000001,6.074575
2011-07-18 12:12:18.0000003,5.426709
2011-07-18 12:12:18.0000002,6.9894814
2015-02-27 19:36:02.0000009,14.1403055
2015-02-27 19:36:02.00000010,4.8053236
2015-02-27 19:36:02.00000012,14.126187
2015-02-27 19:36:02.0000004,6.1600957
2015-02-27 19:36:02.00000011,8.552366
2015-02-27 19:36:02.0000003,9.821392
2015-02-27 19:36:02.0000001,31.07021
2015-02-27 19:36:02.0000002,6.9604573
2015-02-27 19:36:02.0000007,26.893139
2012-04-16 21:10:10.0000001,9.557711
2015-06-14 08:26:26.0000001,5.040968
2014-01-15 22:45:42.0000003,6.751922
2014-01-15 22:45:42.0000001,52.03424
2014-01-15 22:45:42.0000002,12.813194
2013-04-06 19:16:10.0000001,4.2465653
2013-04-06 19:16:10.0000003,9.000748
2013-04-06 19:16:10.0000004,8.504537
2013-04-06 19:16:10.0000005,12.024742
2014-03-08 16:08:26.0000002,13.524186
2014-03-08 16:08:26.0000004,4.9500837
2013-12-06 23:40:42.0000001,9.865053
2013-12-06 23:40:42.0000006,36.2163
2013-12-06 23:40:42.0000002,38.865837
2013-12-06 23:40:42.0000003,14.518167
2013-08-19 17:09:50.0000001,4.779056
2013-08-19 17:09:50.0000002,10.942992
2013-08-19 17:09:50.0000004,6.6189938
2013-08-19 17:09:50.0000003,11.688161
2009-11-02 21:38:38.0000001,10.716117
2009-06-03 09:11:30.0000004,9.106331
2009-06-03 09:11:30.0000003,14.206632
2009-06-03 09:11:30.0000002,7.6956635
2009-06-03 09:11:30.0000005,5.5408263
2015-03-12 13:01:54.0000002,10.05416
2015-03-12 13:01:54.0000005,14.335357
2015-03-12 13:01:54.0000004,9.79196
2015-03-12 13:01:54.0000001,6.173479
2013-02-05 06:13:58.0000003,13.002514
2013-02-05 06:13:58.0000002,53.992275
2013-02-05 06:13:58.0000001,21.10848
2014-05-19 06:39:34.0000001,5.807264
2014-10-04 21:48:22.0000003,7.0853834
2014-10-04 21:48:22.0000002,7.789036
2014-10-04 21:48:22.0000004,31.074894
2012-01-22 04:13:34.0000005,10.019702
2012-01-22 04:13:34.0000006,5.5288377
2012-01-22 04:13:34.0000004,8.227095
2012-01-22 04:13:34.0000002,11.348637
2010-07-27 06:13:02.0000001,19.018291
2013-06-21 11:19:18.0000002,5.6208534
2013-06-21 11:19:18.0000001,10.6009035
2010-12-23 05:52:26.0000001,29.265236
2010-12-23 05:52:26.0000002,45.120846
2010-12-17 10:33:34.0000004,7.64757
2010-12-17 10:33:34.0000002,4.4023914
2012-06-04 11:34:58.0000003,9.715816
2012-06-04 11:34:58.0000004,6.6220064
2012-06-04 11:34:58.0000001,15.898709
2009-07-05 16:31:30.0000001,4.130636
2009-07-05 16:31:30.0000002,6.2517066
2009-07-05 16:31:30.0000003,24.134893
2012-12-08 20:08:38.0000004,5.470031
2012-12-08 20:08:38.0000003,11.067845
2012-12-08 20:08:38.0000005,12.57768
2010-06-23 08:34:50.0000003,9.335813
2010-06-23 08:34:50.0000002,5.2657714
2010-06-23 08:34:50.0000001,6.7643294
2012-03-07 10:57:46.0000001,8.641459
2012-03-07 10:57:46.0000004,14.807144
2012-03-07 10:57:46.0000005,6.366939
2012-03-07 10:57:46.0000002,7.41854
2012-03-07 10:57:46.0000003,7.953218
2010-02-24 07:06:54.0000001,6.83638
2013-12-29 01:20:50.0000003,16.71345
2013-12-29 01:20:50.0000001,7.078407
2014-03-28 22:34:26.0000001,22.710709
2014-03-28 22:34:26.0000004,4.8917875
2014-03-28 22:34:26.0000003,10.3870735
2010-12-04 21:08:38.0000002,10.764851
2010-12-04 21:08:38.0000001,17.797237
2010-12-04 21:08:38.0000006,7.5182643
2010-12-04 21:08:38.0000003,6.4982905
2010-03-07 17:09:42.0000002,12.885719
2010-03-07 17:09:42.0000003,6.336847
2010-03-07 17:09:42.0000001,11.49992
2010-03-07 17:09:42.0000004,12.302259
2013-09-07 19:43:18.0000004,13.401326
2013-09-07 19:43:18.0000005,18.474886
2013-09-07 19:43:18.0000006,11.384411
2013-09-07 19:43:18.0000008,8.824133
2013-09-07 19:43:18.0000001,7.1133366
2013-12-20 15:31:06.0000001,8.693928
2013-12-20 15:31:06.0000002,10.191959
2010-09-06 04:31:54.0000001,17.714493
2013-11-01 05:26:54.0000001,54.3218
2010-03-07 00:47:26.0000004,16.37872
2012-03-20 01:55:42.0000001,18.149366
2011-10-02 05:06:46.0000001,13.270493
2010-10-31 18:45:58.0000003,4.7529163
2010-10-31 18:45:58.0000002,18.903124
2010-10-31 18:45:58.0000001,7.871513
2010-10-31 18:45:58.0000005,4.462718
2015-02-03 09:00:58.0000002,10.340567
2012-08-08 08:58:50.0000001,7.6307096
2012-08-08 08:58:50.0000004,5.4543386
2012-08-08 08:58:50.0000005,6.833561
2012-08-08 08:58:50.0000003,8.229227
2011-04-08 15:01:02.0000001,9.31737
2011-04-08 15:01:02.0000003,6.4905424
2009-01-14 03:42:38.0000001,10.205841
2015-01-10 09:38:54.0000007,12.444176
2015-01-10 09:38:54.0000003,7.3404174
2015-01-10 09:38:54.0000004,14.594925
2010-12-04 09:25:10.0000001,10.065038
2010-12-04 09:25:10.0000002,7.979485
2009-05-12 17:08:06.0000001,14.668437
2013-11-07 02:07:22.0000001,16.99835
2014-10-03 00:50:06.0000004,19.474512
2014-10-03 00:50:06.0000001,6.514849
2014-10-03 00:50:06.0000002,12.666338
2010-06-18 19:19:26.0000001,29.752342
2010-06-18 19:19:26.0000002,4.4853745
2010-06-18 19:19:26.0000003,5.858671
2010-05-10 03:55:14.0000001,8.777144
2013-06-21 00:00:34.0000001,21.298872
2013-06-21 00:00:34.0000002,22.136679
2013-06-21 00:00:34.0000003,13.065258
2009-03-11 16:02:14.0000006,6.753583
2009-03-11 16:02:14.0000004,6.6454144
2009-03-11 16:02:14.0000002,10.353532
2009-03-11 16:02:14.0000001,4.378706
2009-03-11 16:02:14.0000005,7.1208444
2009-03-11 16:02:14.0000003,6.1010814
2013-07-05 17:38:14.0000001,9.705344
2013-08-26 01:11:14.0000002,11.614876
2013-08-26 01:11:14.0000001,10.177636
2012-07-30 01:49:10.0000001,4.254407
2012-07-30 01:49:10.0000002,17.716461
2011-05-13 03:57:10.0000001,5.8305006
2012-02-29 12:03:34.0000004,13.394159
2012-02-29 12:03:34.0000002,4.7383876
2012-02-29 12:03:34.0000001,8.985576
2013-12-17 17:59:22.0000001,5.576859
2012-09-18 09:58:54.0000003,10.7529335
2012-09-18 09:58:54.0000002,38.39553
2012-09-18 09:58:54.0000001,11.963059
2013-07-23 18:56:30.0000002,7.2117023
2013-07-23 18:56:30.0000001,6.56525
2014-05-15 01:39:14.0000001,29.922825
2013-09-16 14:16:34.0000003,7.0965447
2013-09-16 14:16:34.0000001,39.26495
2014-01-04 17:27:38.0000001,26.036764
2014-01-04 17:27:38.0000002,9.505683
2014-01-04 17:27:38.0000003,9.660873
2011-03-10 18:16:14.0000003,7.647405
2011-03-10 18:16:14.0000004,5.6691003
2011-03-10 18:16:14.0000001,4.7260714
2013-04-05 06:42:26.0000002,7.6507144
2013-04-05 06:42:26.0000001,12.776587
2009-03-11 12:01:30.0000001,14.630848
2009-03-11 12:01:30.0000002,5.712385
2009-03-11 12:01:30.0000004,7.081166
2015-01-20 05:31:06.0000001,58.054825
2009-08-03 17:06:06.0000001,5.4989448
2014-01-05 08:51:10.0000001,6.0565114
2010-03-13 01:23:10.0000002,21.177406
2010-03-13 01:23:10.0000003,5.2772903
2012-05-30 02:28:50.0000001,10.063834
2012-07-26 12:40:38.0000002,6.8403006
2012-07-26 12:40:38.0000001,31.830048
2012-07-26 12:40:38.0000003,9.42206
2010-09-22 16:28:54.0000003,6.871952
2010-09-22 16:28:54.0000001,8.70276
2010-09-22 16:28:54.0000002,27.248146
2014-05-26 22:57:10.0000002,6.1026287
2014-05-26 22:57:10.0000003,14.692898
2014-05-26 22:57:10.0000005,6.8010025
2014-05-26 22:57:10.0000004,10.8324795
2012-02-11 07:03:34.0000001,4.1250615
2010-06-27 05:03:38.0000001,5.9817247
2014-09-29 11:51:06.0000001,20.500034
2014-09-29 11:51:06.0000002,6.0682373
2010-09-04 18:31:42.0000002,11.063651
2010-09-04 18:31:42.0000001,17.478912
2015-04-14 19:20:46.0000001,10.644675
2015-04-14 19:20:46.0000005,5.947581
2015-04-14 19:20:46.00000010,5.2366405
2015-04-14 19:20:46.0000007,4.210668
2015-04-14 19:20:46.0000004,6.274042
2015-04-14 19:20:46.0000003,11.652152
2015-04-14 19:20:46.0000006,7.6176167
2015-04-14 19:20:46.0000002,7.860292
2015-04-14 19:20:46.0000009,10.572233
2009-07-20 08:53:34.0000002,5.0527353
2009-07-20 08:53:34.0000001,7.1546702
2013-04-03 16:09:02.0000002,4.5058637
2013-04-03 16:09:02.0000001,74.021
2009-11-20 23:19:58.0000001,6.5561047
2009-11-20 23:19:58.0000002,9.579517
2012-08-04 09:01:54.0000002,9.735571
2012-08-04 09:01:54.0000001,4.1713996
2011-09-22 20:05:22.0000007,9.271417
2011-09-22 20:05:22.0000001,10.153517
2011-09-22 20:05:22.0000005,10.653519
2011-09-22 20:05:22.0000006,5.7542744
2014-08-09 01:27:30.0000002,6.985667
2011-02-15 05:44:42.0000002,11.701908
2011-02-15 05:44:42.0000001,49.025368
2014-10-31 12:04:26.0000002,34.66926
2014-10-31 12:04:26.0000001,7.3172965
2015-02-09 07:16:26.0000006,4.819358
2015-02-09 07:16:26.0000004,6.399662
2015-02-09 07:16:26.0000007,5.43954
2015-02-09 07:16:26.0000001,5.0185165
2015-02-09 07:16:26.0000002,10.352683
2015-02-09 07:16:26.0000008,5.9007363
2015-02-09 07:16:26.0000003,8.534157
2011-09-08 17:26:34.0000001,8.172614
2011-09-08 17:26:34.0000003,11.961417
2011-09-08 17:26:34.0000002,11.419388
2011-09-08 17:26:34.0000004,7.341177
2013-04-10 21:03:42.0000004,6.2768974
2013-04-10 21:03:42.0000005,9.686026
2013-04-10 21:03:42.0000003,6.047002
2013-04-10 21:03:42.0000002,11.950905
2013-04-10 21:03:42.0000001,5.8274713
2011-12-29 19:29:50.0000003,7.034695
2011-12-29 19:29:50.0000004,13.832421
2011-12-29 19:29:50.0000001,9.823807
2013-09-26 15:50:06.0000003,4.98269
2013-09-26 15:50:06.0000005,16.531803
2013-09-26 15:50:06.0000002,7.104121
2013-09-26 15:50:06.0000001,12.426519
2013-09-26 15:50:06.0000004,7.2870383
2012-10-01 07:18:06.0000001,5.476576
2012-10-01 07:18:06.0000002,7.533869
2013-03-14 21:43:46.0000001,15.348091
2012-10-05 23:47:02.0000001,10.068875
2009-02-08 00:04:06.0000004,12.976082
2009-02-08 00:04:06.0000002,31.061193
2012-02-04 22:47:18.0000001,4.9905477
2012-02-04 22:47:18.0000003,6.310823
2012-05-06 03:01:10.0000003,5.9748263
2012-05-06 03:01:10.0000002,11.304965
2014-07-08 08:56:58.0000001,7.889236
2010-01-09 08:29:14.0000003,3.9406507
2010-01-09 08:29:14.0000002,7.3302984
2010-01-09 08:29:14.0000001,13.681435
2010-01-09 08:29:14.0000004,5.083411
2010-12-06 03:36:58.0000001,4.221512
2011-10-19 05:25:18.0000002,27.982328
2011-10-19 05:25:18.0000001,7.404227
2014-06-14 08:13:22.0000002,17.826262
2014-06-14 08:13:22.0000003,17.441437
2014-06-14 08:13:22.0000001,12.811526
2011-02-19 10:14:58.0000002,5.967816
2014-12-25 03:10:26.0000001,11.077015
2009-06-16 14:32:38.0000003,5.7358155
2009-06-16 14:32:38.0000001,8.15726
2009-06-16 14:32:38.0000005,7.7581367
2009-06-16 14:32:38.0000006,7.5065207
2009-06-16 14:32:38.0000002,7.626076
2009-06-16 14:32:38.0000004,16.191963
2010-08-16 17:14:18.0000001,44.86277
2013-04-29 09:18:06.0000004,7.2791376
2013-04-29 09:18:06.0000002,49.378155
2013-04-29 09:18:06.0000005,10.032266
2013-04-29 09:18:06.0000001,22.719334
2013-04-29 09:18:06.0000003,11.590163
2013-06-23 14:52:34.0000002,29.227238
2013-06-23 14:52:34.0000001,5.4726644
2013-03-28 05:22:58.0000001,7.179665
2015-06-08 20:18:30.0000006,9.180172
2015-06-08 20:18:30.0000003,6.6887174
2015-06-08 20:18:30.0000002,16.16761
2015-06-08 20:18:30.0000001,9.575559
2015-06-08 20:18:30.0000004,10.573991
2015-06-08 20:18:30.0000005,12.108149
2011-09-08 13:39:06.0000001,7.665125
2012-03-03 02:30:54.0000001,7.197655
2012-03-03 02:30:54.0000002,8.317509
2012-03-03 02:30:54.0000004,9.297773
2010-03-27 20:11:10.0000003,5.475654
2010-03-27 20:11:10.0000001,7.943207
2010-03-27 20:11:10.0000002,12.021801
2009-08-11 22:40:02.0000002,8.16605
2009-08-11 22:40:02.0000003,30.513664
2009-08-11 22:40:02.0000004,4.0954947
2009-08-11 22:40:02.0000005,13.276611
2009-08-11 22:40:02.0000001,5.238831
2012-12-27 21:01:54.0000001,6.9294043
2012-12-27 21:01:54.0000003,6.14386
2012-12-27 21:01:54.0000006,9.079645
2012-12-27 21:01:54.0000007,18.741674
2012-12-27 21:01:54.0000008,10.771067
2015-04-16 18:45:22.0000003,7.508664
2015-04-16 18:45:22.0000002,6.1190653
2015-04-16 18:45:22.0000001,10.956778
2015-04-16 18:45:22.0000005,19.13658
2014-05-17 10:51:46.0000001,7.4924626
2014-05-17 10:51:46.0000004,6.930243
2014-05-17 10:51:46.0000002,29.423574
2009-05-04 11:23:18.0000001,7.4607587
2009-05-04 11:23:18.0000003,6.5813227
2009-05-04 11:23:18.0000002,8.137198
2013-07-22 14:30:06.0000002,5.8934584
2013-07-22 14:30:06.0000001,16.594564
2015-05-31 20:48:54.0000005,5.0751834
2015-05-31 20:48:54.0000004,9.7891865
2015-05-31 20:48:54.0000001,4.5879393
2010-07-16 06:44:06.0000001,5.8027964
2010-07-16 06:44:06.0000003,12.24353
2010-07-16 06:44:06.0000004,15.394586
2010-07-16 06:44:06.0000002,14.743462
2013-01-06 12:39:54.0000003,7.42932
2013-01-06 12:39:54.0000001,7.2630315
2013-01-06 12:39:54.0000004,8.189578
2013-01-06 12:39:54.0000002,7.189132
2013-01-06 12:39:54.0000005,4.0754347
2012-12-15 15:55:42.0000001,8.079382
2012-12-15 15:55:42.0000002,10.28192
2010-05-06 11:35:26.0000001,6.153939
2010-05-06 11:35:26.0000003,28.552422
2014-01-06 10:16:02.0000001,20.128395
2014-01-06 10:16:02.0000002,6.0474596
2012-07-24 04:44:26.0000001,8.793407
2010-08-06 15:37:14.0000007,6.8982263
2010-08-06 15:37:14.0000003,7.665477
2010-08-06 15:37:14.0000006,8.488246
2010-08-06 15:37:14.0000005,30.249548
2010-08-06 15:37:14.0000004,10.560781
2010-08-06 15:37:14.0000002,10.978053
2010-08-06 15:37:14.0000001,6.280047
2010-11-10 23:21:50.0000002,6.6914873
2010-11-10 23:21:50.0000003,6.7616982
2013-03-31 00:09:58.0000002,9.059737
2013-03-31 00:09:58.0000003,11.076623
2010-02-01 00:05:42.0000001,9.65814
2010-02-01 00:05:42.0000002,14.854487
2009-06-18 18:47:22.0000003,11.256228
2009-06-18 18:47:22.0000001,8.904501
2009-06-18 18:47:22.0000002,9.995975
2015-01-03 08:47:26.0000001,10.477434
2015-01-03 08:47:26.0000002,11.375307
2014-06-20 02:16:34.0000001,7.505472
2011-02-03 07:13:06.0000001,5.414453
2014-01-14 18:48:06.0000007,12.358143
2014-01-14 18:48:06.0000002,6.5467024
2014-01-14 18:48:06.0000003,5.4488378
2014-01-14 18:48:06.0000004,7.5497007
2014-01-14 18:48:06.0000001,8.982757
2014-01-14 18:48:06.0000005,7.4426723
2014-01-14 18:48:06.0000006,6.6638713
2013-10-18 05:08:54.0000001,34.518173
2011-07-20 08:05:02.0000003,7.770788
2011-07-20 08:05:02.0000002,5.1444526
2011-07-20 08:05:02.0000004,8.916596
2009-05-03 16:02:54.0000005,8.198464
2009-05-03 16:02:54.0000003,5.64105
2009-05-03 16:02:54.0000002,6.352856
2009-05-03 16:02:54.0000001,14.20425
2012-09-06 17:58:06.0000001,4.4548674
2012-09-06 17:58:06.0000003,10.748074
2014-04-06 16:47:14.0000003,6.5365276
2014-09-06 03:52:50.0000002,11.9254465
2013-07-27 09:59:18.0000001,6.9802547
2014-12-26 20:19:38.0000002,6.737832
2014-01-01 13:06:34.0000001,5.796155
2011-12-25 15:35:54.0000003,6.457822
2011-12-25 15:35:54.0000004,8.129595
2015-05-14 23:11:58.0000001,16.254768
2015-05-14 23:11:58.0000007,10.203297
2015-05-14 23:11:58.0000003,7.328663
2015-05-14 23:11:58.0000005,8.084552
2015-05-14 23:11:58.0000008,10.128383
2015-05-14 23:11:58.0000002,12.763708
2015-05-14 23:11:58.0000006,6.315948
2015-04-22 09:54:06.0000002,7.4424634
2015-04-22 09:54:06.0000003,6.4981813
2009-03-22 07:02:02.0000001,7.727693
2012-04-30 04:34:50.0000001,17.706583
2009-01-21 09:13:50.0000003,4.544775
2009-01-21 09:13:50.0000004,5.900567
2009-01-21 09:13:50.0000001,9.453745
2009-01-21 09:13:50.0000002,7.614314
2010-06-11 18:07:10.0000002,4.8879747
2010-06-11 18:07:10.0000001,4.2276945
2010-06-11 18:07:10.0000004,12.497831
2010-06-11 18:07:10.0000003,13.299328
2012-09-01 19:04:18.0000002,8.180326
2014-06-18 06:22:42.0000001,6.707466
2014-06-18 06:22:42.0000002,9.49184
2009-12-09 08:34:30.0000001,6.7644157
2009-12-09 08:34:30.0000002,5.9202394
2009-12-09 08:34:30.0000003,41.42319
2009-12-09 08:34:30.0000004,46.916645
2013-06-06 02:54:50.0000002,11.691193
2013-06-06 02:54:50.0000003,7.051286
2010-07-19 12:15:54.0000003,6.913879
2010-07-19 12:15:54.0000002,11.661723
2010-07-19 12:15:54.0000001,5.8890643
2010-07-19 12:15:54.0000004,5.3240447
2013-12-18 12:36:46.0000001,10.247332
2013-12-18 12:36:46.0000003,41.985146
2013-12-18 12:36:46.0000004,7.480573
2013-12-18 12:36:46.0000002,9.633464
2009-01-25 21:17:18.0000002,8.709398
2009-01-25 21:17:18.0000003,6.2668724
2012-10-03 09:18:22.0000002,7.8807206
2012-10-03 09:18:22.0000003,11.392872
2012-10-03 09:18:22.0000004,6.9797006
2012-10-03 09:18:22.0000001,13.894155
2012-10-03 09:18:22.0000005,11.90894
2012-06-13 19:49:50.0000003,10.233147
2012-06-13 19:49:50.0000002,12.899872
2012-06-13 19:49:50.0000001,4.6997123
2011-09-03 00:03:42.0000004,4.6310606
2011-09-03 00:03:42.0000009,13.342614
2011-09-03 00:03:42.0000001,6.4027486
2011-09-03 00:03:42.0000003,5.936377
2011-09-03 00:03:42.0000006,8.409063
2011-09-03 00:03:42.0000002,6.9538507
2011-09-03 00:03:42.0000005,8.206803
2009-01-27 13:27:30.0000002,9.885345
2009-01-27 13:27:30.0000001,7.361813
2009-07-03 00:41:38.0000001,9.577241
2009-07-03 00:41:38.0000002,4.6669436
2010-05-29 11:51:30.0000001,5.292235
2013-07-02 22:27:14.0000005,8.043258
2013-07-02 22:27:14.0000003,11.32712
2015-05-09 11:33:58.0000004,6.0253153
2015-05-09 11:33:58.0000001,7.6873503
2015-05-09 11:33:58.0000003,33.65546
2011-07-18 00:04:54.0000002,4.718711
2011-04-03 03:46:18.0000002,10.486634
2009-11-03 13:04:46.0000003,6.7217255
2009-11-03 13:04:46.0000002,17.725395
2009-11-03 13:04:46.0000001,8.899958
2010-06-25 14:00:14.0000002,7.1864433
2010-12-20 09:39:02.0000001,13.569843
2010-12-20 09:39:02.0000002,6.5723195
2014-05-20 14:43:10.0000001,9.6264715
2014-05-20 14:43:10.0000002,5.9943476
2010-09-16 05:07:10.0000001,7.1791973
2011-08-01 17:44:30.0000006,6.578197
2011-08-01 17:44:30.0000005,5.7662973
2011-08-01 17:44:30.0000001,8.641448
2011-08-01 17:44:30.0000002,8.267321
2011-08-01 17:44:30.0000004,5.058355
2011-03-01 07:23:14.0000003,5.715393
2011-03-01 07:23:14.0000001,5.3277574
2011-06-24 13:23:18.0000004,13.329411
2011-06-24 13:23:18.0000001,15.853897
2011-06-24 13:23:18.0000002,17.885633
2011-06-24 13:23:18.0000003,10.514814
2013-11-19 02:41:10.0000001,8.803573
2012-01-01 18:02:46.0000003,4.596102
2012-01-01 18:02:46.0000002,7.9375615
2015-03-28 19:31:26.0000002,6.4754214
2015-03-28 19:31:26.0000006,7.531736
2015-03-28 19:31:26.0000001,8.811098
2015-03-28 19:31:26.0000005,13.368762
2010-07-13 11:53:15.0000004,7.177182
2010-07-13 11:53:15.0000001,11.257561
2010-07-13 11:53:15.0000007,14.813259
2010-07-13 11:53:15.0000002,9.479695
2013-02-07 13:47:59.0000004,8.799541
2013-02-07 13:47:59.0000001,4.6832175
2013-02-07 13:47:59.0000003,8.7398405
2013-08-08 14:38:43.0000001,4.201151
2013-08-08 14:38:43.0000003,5.593663
2015-05-19 13:58:11.0000003,35.68854
2015-05-19 13:58:11.0000008,11.850817
2015-05-19 13:58:11.0000005,12.960983
2015-05-19 13:58:11.0000007,44.24889
2015-05-19 13:58:11.0000004,7.4240894
2015-05-19 13:58:11.0000002,14.280193
2012-07-31 22:21:11.0000001,6.6689734
2012-07-31 22:21:11.0000002,4.6150346
2013-01-03 08:50:31.0000001,10.721026
2013-01-03 08:50:31.0000002,6.925706
2013-01-03 08:50:31.0000007,7.60005
2013-01-03 08:50:31.0000004,8.878717
2013-01-03 08:50:31.0000006,29.756311
2013-01-03 08:50:31.0000005,20.855354
2009-04-14 17:43:23.0000003,5.438352
2009-04-14 17:43:23.0000007,12.836035
2009-04-14 17:43:23.0000006,9.355964
2009-04-14 17:43:23.0000008,6.165296
2009-04-14 17:43:23.0000004,10.228973
2009-04-14 17:43:23.0000005,6.647814
2009-11-19 22:48:27.0000003,8.44729
2009-11-19 22:48:27.0000002,18.780958
2009-11-19 22:48:27.0000004,6.778774
2013-02-15 00:37:15.0000003,14.522826
2013-02-15 00:37:15.0000002,12.798895
2013-02-15 00:37:15.0000001,9.894343
2012-03-25 04:50:39.0000002,11.503026
2012-03-24 23:33:59.0000001,6.2803574
2012-12-26 18:28:55.0000002,6.9925175
2012-12-26 18:28:55.0000005,16.62051
2012-12-26 18:28:55.0000001,10.697812
2012-12-26 18:28:55.0000003,5.0163784
2012-12-26 18:28:55.0000007,29.449469
2012-12-26 18:28:55.0000006,57.2012
2011-07-06 19:56:23.0000004,6.843098
2011-07-06 19:56:23.0000002,5.3695626
2011-07-06 19:56:23.0000006,14.207905
2011-07-06 19:56:23.0000007,10.599171
2011-07-06 19:56:23.0000003,8.418389
2014-12-15 10:41:15.0000001,5.100231
2014-12-15 10:41:15.0000002,24.05182
2014-12-15 10:41:15.0000003,13.329615
2011-08-14 21:39:31.0000001,8.382036
2011-08-14 21:39:31.0000002,7.395305
2010-06-06 21:04:55.0000001,6.150425
2013-09-27 19:02:51.0000001,12.895405
2013-09-27 19:02:51.0000003,35.937622
2013-09-27 19:02:51.0000004,8.624515
2013-09-27 19:02:51.0000002,9.569207
2013-05-28 18:24:27.0000003,12.928432
2013-05-28 18:24:27.0000001,6.25046
2013-05-28 18:24:27.0000004,8.607896
2013-05-28 18:24:27.0000002,5.8545985
2015-06-15 14:34:03.0000002,5.731202
2010-07-04 16:44:11.0000001,6.068204
2010-07-04 16:44:11.0000002,7.6614003
2014-11-26 06:46:23.0000001,14.55325
2010-07-27 11:37:43.0000001,14.484234
2010-07-27 11:37:43.0000003,9.738235
2010-07-27 11:37:43.0000005,14.903302
2010-07-27 11:37:43.0000006,10.329651
2010-07-27 11:37:43.0000004,8.01172
2010-07-27 11:37:43.0000002,27.768856
2010-12-19 16:25:15.0000004,10.642785
2010-12-19 16:25:15.0000003,6.463806
2010-12-19 16:25:15.0000001,7.660993
2012-08-19 12:06:39.0000001,4.9435153
2011-02-26 12:32:15.0000001,4.28423
2011-02-26 12:32:15.0000002,5.9053845
2015-06-18 20:56:55.0000003,10.08371
2015-06-18 20:56:55.0000005,29.989143
2015-06-18 20:56:55.0000007,39.57496
2015-06-18 20:56:55.0000006,4.9801364
2013-11-24 21:33:11.0000001,57.95583
2013-11-24 21:33:11.0000002,10.823776
2015-04-28 20:15:27.0000002,51.127293
2015-04-28 20:15:27.0000006,6.4222665
2015-04-28 20:15:27.0000001,8.513556
2015-04-28 20:15:27.0000005,7.727755
2015-04-28 20:15:27.0000008,15.900928
2013-01-23 13:49:19.0000002,9.866129
2013-01-23 13:49:19.0000003,38.386185
2014-03-12 19:19:31.0000003,24.614723
2014-03-12 19:19:31.0000001,26.583546
2014-03-12 19:19:31.0000002,7.796224
2010-07-26 09:54:11.0000001,5.3641315
2012-01-03 08:49:15.0000002,6.0723305
2012-01-03 08:49:15.0000001,46.96367
2012-01-03 08:49:15.0000004,4.285369
2012-01-03 08:49:15.0000003,4.1567254
2012-11-05 14:49:19.0000002,18.724632
2012-11-05 14:49:19.0000001,5.0407796
2012-06-09 19:03:11.0000004,7.394936
2012-06-09 19:03:11.0000006,11.126591
2012-06-09 19:03:11.0000002,4.3386993
2012-06-09 19:03:11.0000003,10.03916
2012-06-09 19:03:11.0000001,9.42081
2010-10-17 23:12:19.0000004,8.183076
2010-10-17 23:12:19.0000005,6.196188
2010-10-17 23:12:19.0000001,4.6252203
2010-10-17 23:12:19.0000002,10.256562
2010-10-17 23:12:19.0000003,4.212557
2014-06-07 12:21:11.0000001,36.425095
2014-06-07 12:21:11.0000004,7.7425346
2011-09-08 22:37:43.0000004,5.9288325
2011-09-08 22:37:43.0000003,9.818958
2011-09-08 22:37:43.0000005,19.644434
2011-09-08 22:37:43.0000002,10.561004
2014-10-30 19:25:15.0000003,54.282116
2014-10-30 19:25:15.0000005,5.4642515
2014-10-30 19:25:15.0000001,4.9924107
2014-10-30 19:25:15.0000002,41.89087
2014-10-30 19:25:15.0000004,9.724704
2010-06-18 22:52:11.0000002,4.7666063
2011-02-16 05:49:51.0000001,5.502114
2011-09-13 13:31:51.0000004,6.870215
2011-09-13 13:31:51.0000003,47.052162
2011-09-13 13:31:51.0000002,5.6951585
2009-09-28 04:31:39.0000001,10.175882
2009-01-11 03:31:55.0000001,16.913069
2009-01-11 03:31:55.0000003,12.008952
2009-01-11 03:31:55.0000004,11.4262705
2009-01-11 03:31:55.0000002,5.8367157
2014-01-24 03:38:19.0000001,17.754436
2014-08-06 18:03:31.0000002,10.641127
2014-08-06 18:03:31.0000001,9.454979
2009-08-26 00:46:43.0000001,6.0967064
2014-01-19 09:28:55.0000001,18.975803
2010-01-27 06:01:59.0000001,5.481047
2011-11-30 23:09:47.0000003,12.662519
2011-11-30 23:09:47.0000002,10.562623
2011-11-30 23:09:47.0000001,6.4184537
2014-08-03 23:37:31.0000003,11.576468
2014-08-03 23:37:31.0000002,11.331228
2014-08-03 23:37:31.0000001,6.9840846
2014-10-06 09:24:11.0000002,19.882223
2014-10-06 09:24:11.0000004,37.49467
2014-10-06 09:24:11.0000003,8.85815
2014-10-06 09:24:11.0000001,10.94383
2009-08-28 12:38:19.0000001,11.322324
2009-08-28 12:38:19.0000004,17.706017
2009-08-28 12:38:19.0000003,25.766216
2009-08-28 12:38:19.0000002,7.6523066
2012-03-15 18:23:55.0000001,5.770401
2012-03-15 18:23:55.0000004,10.746608
2012-03-15 18:23:55.0000005,7.9472795
2012-03-15 18:23:55.0000003,9.129536
2011-11-23 21:07:43.0000003,4.27785
2011-11-23 21:07:43.0000002,14.351206
2012-11-23 07:58:23.0000001,7.9955645
2010-11-17 19:10:23.0000007,22.503824
2010-11-17 19:10:23.0000006,7.15503
2010-11-17 19:10:23.0000001,5.036927
2010-11-17 19:10:23.0000002,27.35228
2010-11-17 19:10:23.0000008,11.143876
2010-11-17 19:10:23.0000004,4.9487596
2015-02-14 13:15:19.0000003,12.772708
2015-02-14 13:15:19.0000006,9.285666
2015-02-14 13:15:19.0000004,5.8347073
2015-02-14 13:15:19.0000008,7.521162
2015-02-14 13:15:19.0000001,18.382965
2013-01-12 22:40:39.0000003,4.5292306
2013-01-12 22:40:39.0000004,11.805949
2013-01-12 22:40:39.0000001,13.1078
2013-01-12 22:40:39.0000005,7.236542
2013-01-12 22:40:39.0000006,5.633509
2011-04-12 12:06:07.0000002,7.0750275
2011-04-12 12:06:07.0000001,32.314915
2010-11-04 20:14:39.0000005,4.764083
2010-11-04 20:14:39.0000002,5.282604
2010-11-04 20:14:39.0000004,8.178317
2010-11-04 20:14:39.0000003,7.0862217
2010-11-04 20:14:39.0000001,6.871169
2011-04-25 19:14:55.0000003,7.072148
2011-04-25 19:14:55.0000001,5.0443068
2011-04-25 19:14:55.0000004,7.162541
2011-04-25 19:14:55.0000002,6.1107597
2011-04-25 19:14:55.0000005,7.192324
2010-02-15 14:20:31.0000001,7.0976644
2013-03-23 15:41:07.0000001,9.154496
2013-03-23 15:41:07.0000004,9.062161
2013-03-23 15:41:07.0000005,5.8103266
2012-12-09 06:04:39.0000001,55.570316
2013-11-07 16:38:15.0000003,7.0746427
2013-11-07 16:38:15.0000002,8.36115
2013-11-07 16:38:15.0000001,7.901143
2011-08-08 11:18:15.0000004,9.46627
2011-08-08 11:18:15.0000003,8.460219
2011-08-08 11:18:15.0000002,6.443674
2009-05-08 22:14:51.0000004,4.519362
2009-05-08 22:14:51.0000001,12.311281
2009-05-08 22:14:51.0000003,10.220046
2012-11-15 18:22:19.0000002,14.07516
2012-11-15 18:22:19.0000007,6.7224956
2012-11-15 18:22:19.0000003,5.2528214
2012-11-15 18:22:19.0000005,9.632306
2012-11-15 18:22:19.0000001,23.02722
2012-11-15 18:22:19.0000004,9.243673
2012-11-15 18:22:19.0000006,12.471109
2010-01-31 00:33:03.0000002,6.8705263
2010-01-31 00:33:03.0000004,4.7306476
2010-01-31 00:33:03.0000001,20.470686
2010-01-31 00:33:03.0000007,5.8800716
2010-01-31 00:33:03.0000003,10.122792
2012-04-20 07:30:43.0000003,5.200176
2012-04-20 07:30:43.0000002,15.199199
2012-04-20 07:30:43.0000004,6.9764776
2012-04-20 07:30:43.0000001,9.234485
2009-09-29 09:38:15.0000002,6.1491084
2009-09-29 09:38:15.0000001,9.285487
2010-12-31 05:30:19.0000002,5.2627206
2010-12-31 05:30:19.0000001,11.072597
2009-01-18 18:22:07.0000001,20.370564
2009-01-28 11:27:19.0000002,4.561605
2013-05-04 05:00:43.0000001,9.325884
2014-02-23 13:22:03.0000002,7.707309
2014-02-23 13:22:03.0000001,5.268743
2010-10-28 12:38:55.0000003,9.498411
2010-10-28 12:38:55.0000002,6.1784587
2010-10-28 12:38:55.0000001,10.298276
2015-05-20 19:39:11.0000002,15.563187
2015-05-20 19:39:11.0000009,13.140619
2015-05-20 19:39:11.0000001,11.937482
2015-05-20 19:39:11.0000008,12.2991705
2015-05-20 19:39:11.0000007,30.057644
2015-05-20 19:39:11.0000005,7.484944
2015-05-20 19:39:11.0000006,8.60277
2015-03-20 16:33:07.0000002,9.948429
2015-03-20 16:33:07.0000001,8.148989
2013-04-26 17:05:07.0000001,9.629074
2014-01-11 17:47:47.0000005,24.000744
2014-01-11 17:47:47.0000006,5.468758
2014-01-11 17:47:47.0000002,16.349758
2014-01-11 17:47:47.0000003,6.3927703
2014-01-11 17:47:47.0000004,10.419241
2012-03-10 10:48:43.0000001,8.17523
2012-03-10 10:48:43.0000004,10.799197
2012-03-10 10:48:43.0000003,6.609626
2012-03-10 10:48:43.0000005,3.9920602
2012-03-10 10:48:43.0000002,8.727703
2012-07-12 02:46:07.0000002,20.60109
2009-01-06 14:48:51.0000003,5.293133
2009-01-06 14:48:51.0000002,5.931266
2009-01-06 14:48:51.0000001,5.1059413
2015-04-15 03:30:27.0000001,4.7441893
2015-04-26 21:44:23.0000001,35.681755
2015-04-26 21:44:23.0000003,12.746993
2014-11-24 05:03:51.0000001,15.662068
2014-03-05 23:16:07.0000002,61.035664
2015-01-04 00:28:11.0000005,8.357735
2015-01-04 00:28:11.0000001,10.104995
2015-01-04 00:28:11.0000002,5.2238173
2015-01-04 00:28:11.0000003,9.672618
2014-12-17 20:56:31.0000004,5.9076176
2014-12-17 20:56:31.0000002,17.21097
2014-12-17 20:56:31.0000001,9.096876
2010-10-04 16:17:03.0000002,4.1104693
2010-10-04 16:17:03.0000003,4.431188
2010-10-04 16:17:03.0000005,13.604928
2010-10-04 16:17:03.0000004,9.732339
2010-10-09 15:48:51.0000001,5.1284027
2010-10-09 15:48:51.0000005,10.829736
2010-10-09 15:48:51.0000002,6.5707536
2013-10-10 11:09:23.0000006,6.0225215
2013-10-10 11:09:23.0000004,9.099312
2013-10-10 11:09:23.0000002,6.7319093
2013-10-10 11:09:23.0000003,6.734114
2013-10-10 11:09:23.0000005,10.142659
2010-12-14 00:39:07.0000001,19.853308
2010-12-14 00:39:07.0000002,5.7809415
2010-12-14 00:39:07.0000003,9.055794
2013-01-08 07:03:07.0000004,7.6426783
2013-01-08 07:03:07.0000003,12.675684
2013-01-08 07:03:07.0000002,6.844438
2012-10-28 17:21:19.0000004,6.5042486
2012-10-28 17:21:19.0000002,5.3962474
2010-03-10 10:37:39.0000003,6.8551974
2010-03-10 10:37:39.0000004,5.713765
2010-03-10 10:37:39.0000001,6.4783278
2010-03-10 10:37:39.0000002,12.900685
2012-04-27 22:32:19.0000001,5.0820894
2012-04-27 22:32:19.0000003,5.5423474
2009-04-14 06:55:19.0000001,43.898502
2009-04-14 06:55:19.0000002,3.8271954
2013-07-22 14:22:51.0000001,23.456503
2012-02-11 21:23:07.0000002,5.086158
2012-02-11 21:23:07.0000001,6.8040667
2012-02-11 21:23:07.0000004,3.9627893
2012-02-11 21:23:07.0000003,5.766406
2015-05-10 12:37:51.0000001,19.030691
2015-05-10 12:37:51.0000004,5.3698874
2015-05-10 12:37:51.0000006,8.120765
2010-12-11 13:31:11.0000001,8.942812
2010-12-11 13:31:11.0000002,10.858457
2010-03-01 22:21:55.0000001,3.7445502
2010-03-01 22:21:55.0000004,9.210104
2014-11-03 22:00:07.0000001,7.642218
2009-08-26 16:50:19.0000001,3.8877516
2009-08-26 16:50:19.0000002,7.259178
2010-06-07 10:02:51.0000002,4.00802
2010-06-07 10:02:51.0000001,6.13556
2010-06-07 10:02:51.0000004,14.253706
2010-06-07 10:02:51.0000003,10.988572
2015-03-08 14:59:23.0000002,15.608011
2015-03-08 14:59:23.0000004,56.454906
2015-03-08 14:59:23.0000005,20.041388
2010-12-13 05:52:47.0000001,8.752594
2012-10-12 15:21:55.0000001,7.4406934
2011-05-17 07:53:55.0000002,5.093254
2011-05-17 07:53:55.0000004,7.8546386
2011-05-17 07:53:55.0000001,7.5337296
2012-12-26 20:55:27.0000002,12.9466305
2012-12-26 20:55:27.0000005,11.033544
2012-12-26 20:55:27.0000004,12.343055
2009-02-22 14:59:11.0000001,11.377871
2011-12-17 16:19:47.0000003,13.673507
2011-12-17 16:19:47.0000001,11.428187
2014-12-02 23:54:11.0000002,10.37049
2014-12-02 23:54:11.0000001,8.655006
2014-11-11 11:21:07.0000001,5.793715
2014-07-11 12:35:19.0000003,11.772909
2014-07-11 12:35:19.0000001,9.466372
2014-07-11 12:35:19.0000002,17.280087
2010-01-25 15:04:11.0000001,5.034092
2010-01-25 15:04:11.0000002,8.320117
2014-01-26 13:51:39.0000002,18.67312
2014-01-26 13:51:39.0000003,7.295201
2011-11-18 04:49:19.0000002,4.9395227
2011-11-18 04:49:19.0000003,48.387707
2011-11-18 04:49:19.0000001,4.030388
2014-11-30 15:46:23.0000001,8.213912
2014-11-30 15:46:23.0000004,7.8830185
2014-11-30 15:46:23.0000006,31.874388
2014-11-30 15:46:23.0000005,4.997793
2011-08-20 15:50:39.0000002,29.136024
2010-06-22 14:25:19.0000005,13.429057
2010-06-22 14:25:19.0000003,6.807174
2010-06-22 14:25:19.0000002,5.67841
2010-06-22 14:25:19.0000006,5.0182753
2010-06-22 14:25:19.0000004,9.512297
2010-12-06 18:51:31.0000001,9.346872
2010-12-06 18:51:31.0000002,14.56987
2014-05-25 19:46:59.0000004,19.219461
2014-05-25 19:46:59.0000002,12.507609
2014-05-25 19:46:59.0000001,7.2556205
2009-11-20 14:03:03.0000003,8.260918
2009-11-20 14:03:03.0000004,13.656972
2009-11-20 14:03:03.0000001,14.3340025
2009-11-20 14:03:03.0000005,8.549966
2009-11-20 14:03:03.0000002,8.082876
2010-09-17 18:21:11.0000001,12.031764
2011-02-23 21:35:19.0000001,4.635431
2011-02-23 21:35:19.0000002,11.226937
2013-01-03 11:41:47.0000001,4.394699
2014-04-04 05:47:11.0000001,14.389426
2014-08-18 19:09:19.0000001,9.665446
2014-08-18 19:09:19.0000002,15.230277
2010-04-12 08:22:27.0000001,5.235483
2010-04-12 08:22:27.0000002,10.348008
2010-06-05 08:18:11.0000002,14.7491255
2010-06-05 08:18:11.0000001,4.721488
2010-06-05 08:18:11.0000003,29.675154
2013-05-07 23:58:31.0000001,25.988628
2013-01-11 20:08:07.0000002,7.737276
2013-02-17 23:55:55.0000001,11.908882
2013-02-17 23:55:55.0000002,22.838242
2013-02-17 23:55:55.0000003,13.613611
2010-11-26 06:04:59.0000001,4.2761784
2013-10-09 17:27:39.0000002,9.805349
2013-02-27 13:28:43.0000003,8.618424
2013-02-27 13:28:43.0000001,4.3939495
2013-02-27 13:28:43.0000004,6.65289
2013-02-27 13:28:43.0000002,5.884898
2009-08-28 07:10:39.0000001,7.3376255
2009-08-28 07:10:39.0000002,8.590949
2009-08-28 07:10:39.0000004,4.917317
2009-08-28 07:10:39.0000003,4.979006
2015-01-12 17:05:51.0000006,7.7805867
2015-01-12 17:05:51.0000007,5.8908095
2015-01-12 17:05:51.0000002,5.3875723
2015-01-12 17:05:51.0000003,4.6973734
2014-05-01 07:16:07.0000001,5.248286
2009-01-12 07:47:39.0000004,5.316948
2009-01-12 07:47:39.0000002,7.3081875
2009-01-12 07:47:39.0000003,7.9020796
2014-02-09 21:05:31.0000001,20.30049
2014-02-09 21:05:31.0000002,11.695676
2012-05-14 03:52:59.0000001,6.989869
2011-04-28 19:39:43.0000005,7.0627637
2011-04-28 19:39:43.0000001,6.4707394
2011-04-28 19:39:43.0000002,3.629899
2011-04-28 19:39:43.0000004,3.834109
2010-02-15 10:14:23.0000002,10.342718
2010-02-15 10:14:23.0000003,20.291756
2010-02-15 10:14:23.0000004,10.251409
2010-08-18 05:24:15.0000002,8.860801
2010-08-18 05:24:15.0000001,8.850098
2010-05-31 06:46:59.0000001,37.207035
2014-11-17 00:03:47.0000002,14.933333
2012-11-16 00:09:43.0000001,8.283648
2012-03-09 06:03:23.0000001,9.988437
2013-10-18 13:05:19.0000002,8.544664
2013-10-18 13:05:19.0000001,22.463373
2013-10-18 13:05:19.0000003,6.7095714
2010-01-16 04:52:31.0000001,29.000898
2013-08-18 00:32:15.0000002,16.990536
2013-08-18 00:32:15.0000001,7.46661
2010-12-11 16:12:35.0000004,14.51881
2010-12-11 16:12:35.0000005,9.435101
2010-12-11 16:12:35.0000001,6.7364516
2010-12-11 16:12:35.0000002,8.931818
2013-05-23 12:09:23.0000001,13.770711
2013-05-23 12:09:23.0000003,6.404135
2013-05-23 12:09:23.0000002,7.226303
2014-12-11 08:20:39.0000003,7.5841007
2014-12-11 08:20:39.0000002,6.296823
2011-01-28 19:41:11.0000002,5.0078273
2011-01-28 19:41:11.0000001,11.471706
2011-03-24 04:46:51.0000001,26.295645
2013-04-07 00:24:27.0000001,6.0927377
2013-04-07 00:24:27.0000003,5.9193945
2013-04-07 00:24:27.0000004,6.8818226
2010-08-17 21:22:39.0000002,22.244162
2010-08-17 21:22:39.0000003,7.311293
2010-08-17 21:22:39.0000001,6.6594996
2013-12-10 14:00:35.0000004,8.994143
2013-12-10 14:00:35.0000001,8.254337
2013-12-10 14:00:35.0000003,8.762185
2011-09-18 05:32:51.0000002,47.884464
2011-09-18 05:32:51.0000001,9.204345
2011-09-18 05:32:51.0000003,12.708402
2011-09-10 20:44:59.0000002,7.48996
2011-09-10 20:44:59.0000001,7.329842
2011-04-28 09:50:03.0000002,32.441185
2011-04-28 09:50:03.0000003,7.724193
2011-04-28 09:50:03.0000004,8.736572
2010-02-26 18:34:51.0000002,6.5982914
2013-12-05 23:29:15.0000001,14.792545
2013-12-05 23:29:15.0000004,5.322622
2013-12-05 23:29:15.0000003,29.722881
2013-12-05 23:29:15.0000005,57.229637
2010-01-13 08:28:59.0000003,8.37684
2010-01-13 08:28:59.0000001,9.102829
2010-01-13 08:28:59.0000004,11.978189
2010-01-13 08:28:59.0000005,7.2594094
2010-07-16 07:07:27.0000001,7.381809
2012-06-16 14:33:19.0000002,9.696266
2013-05-08 17:02:39.0000001,14.726525
2013-05-08 17:02:39.0000003,11.8391
2013-05-08 17:02:39.0000005,8.568068
2013-05-08 17:02:39.0000004,5.890528
2013-05-08 17:02:39.0000002,10.2614155
2013-05-08 17:02:39.0000006,6.7715287
2013-05-08 17:02:39.0000007,10.4539995
2011-02-28 08:34:27.0000004,11.304965
2011-02-28 08:34:27.0000002,5.6535225
2011-02-28 08:34:27.0000006,12.504531
2011-02-28 08:34:27.0000007,5.227124
2011-02-28 08:34:27.0000005,15.013514
2011-02-28 08:34:27.0000003,9.444302
2011-02-28 08:34:27.0000001,8.00734
2012-12-13 19:05:27.0000001,5.9386573
2012-12-13 19:05:27.0000002,8.602392
2012-12-13 19:05:27.0000003,10.653923
2009-03-25 01:20:55.0000001,7.9137754
2011-01-18 12:43:35.0000001,10.658902
2010-07-13 07:38:03.0000007,10.161419
2010-07-13 07:38:03.0000004,9.180865
2010-07-13 07:38:03.0000002,8.986336
2010-07-13 07:38:03.0000006,11.687999
2010-07-13 07:38:03.0000005,7.2938066
2010-07-13 07:38:03.0000001,6.135063
2009-01-26 15:16:43.0000001,27.48032
2009-01-26 15:16:43.0000002,4.242244
2015-05-18 01:13:35.0000001,6.363668
2012-11-09 18:17:35.0000001,13.103351
2012-11-09 18:17:35.0000006,9.187804
2012-11-09 18:17:35.0000005,8.778613
2012-11-09 18:17:35.0000003,9.120952
2010-07-05 19:21:35.0000005,4.243404
2010-07-05 19:21:35.0000003,4.231422
2010-07-05 19:21:35.0000004,12.1557455
2010-07-05 19:21:35.0000002,8.647974
2014-09-11 00:28:47.0000001,9.107222
2014-09-11 00:28:47.0000002,5.6010804
2010-03-22 16:20:15.0000001,31.155504
2010-03-22 16:20:15.0000002,6.7710757
2009-06-21 00:54:23.0000003,11.735966
2009-06-21 00:54:23.0000001,13.314103
2013-05-02 14:48:31.0000001,12.499685
2011-09-12 09:15:15.0000003,6.7901063
2011-09-12 09:15:15.0000004,8.66964
2011-09-12 09:15:15.0000002,7.0386376
2011-09-12 09:15:15.0000001,6.4935255
2009-02-27 07:09:23.0000001,8.411953
2011-08-22 10:42:15.0000003,8.085187
2011-08-22 10:42:15.0000002,16.310577
2011-08-22 10:42:15.0000001,7.500247
2011-11-29 22:19:51.0000001,12.21743
2011-11-29 22:19:51.0000002,10.362858
2009-01-30 22:47:07.0000004,17.792166
2009-01-30 22:47:07.0000001,5.2342706
2009-01-30 22:47:07.0000003,3.8958988
2012-04-18 20:03:35.0000004,8.442746
2012-04-18 20:03:35.0000003,3.7798474
2012-04-18 20:03:35.0000001,9.99921
2012-04-18 20:03:35.0000002,6.0683994
2013-09-26 20:54:19.0000002,11.280922
2011-06-25 23:18:27.0000001,8.960401
2009-01-17 02:21:55.0000001,5.007669
2009-01-17 02:21:55.0000002,4.840622
2014-11-01 15:31:15.0000002,13.880827
2014-11-01 15:31:15.0000003,12.301992
2014-11-01 15:31:15.0000004,6.204373
2011-06-08 11:31:51.0000003,5.4020514
2011-06-08 11:31:51.0000002,7.7118473
2011-06-08 11:31:51.0000001,8.656503
2013-07-12 23:17:31.0000004,7.189446
2013-07-12 23:17:31.0000005,57.04064
2012-07-10 18:24:47.0000002,8.962134
2012-07-10 18:24:47.0000001,19.212582
2012-07-10 18:24:47.0000003,7.240627
2013-05-14 03:15:31.0000001,16.418293
2009-04-20 21:08:35.0000006,5.154369
2009-04-20 21:08:35.0000003,5.2443233
2009-04-20 21:08:35.0000002,16.580238
2009-04-20 21:08:35.0000001,10.770981
2011-01-19 08:30:47.0000003,8.312174
2011-01-19 08:30:47.0000002,8.681478
2011-01-19 08:30:47.0000001,5.2898455
2009-09-25 10:19:35.0000003,5.318355
2009-09-25 10:19:35.0000001,10.946342
2009-09-25 10:19:35.0000002,6.1420417
2012-02-17 15:11:23.0000001,5.448611
2009-12-23 20:14:19.0000003,9.262292
2009-12-23 20:14:19.0000001,5.169582
2009-12-23 20:14:19.0000002,11.629954
2012-09-14 05:42:59.0000001,9.539396
2012-09-14 05:42:59.0000002,7.0787144
2009-04-06 13:47:15.0000002,17.39822
2013-11-29 21:36:07.0000004,10.567153
2011-11-07 00:22:31.0000001,4.8107862
2011-11-07 00:22:31.0000002,7.4108367
2009-09-04 08:02:51.0000001,10.061104
2015-02-16 17:32:27.0000004,10.741451
2015-02-16 17:32:27.0000002,10.938419
2015-02-16 17:32:27.0000003,7.636507
2015-02-16 17:32:27.0000001,6.967259
2012-04-14 11:59:11.0000004,19.28996
2012-04-14 11:59:11.0000002,4.4025455
2012-04-14 11:59:11.0000001,6.7874656
2011-12-11 11:05:51.0000001,6.344145
2011-12-11 11:05:51.0000003,8.758632
2010-01-03 13:07:27.0000001,9.699306
2009-03-06 00:13:03.0000003,8.937882
2009-03-06 00:13:03.0000001,9.782012
2010-01-04 19:54:27.0000002,9.109916
2010-01-04 19:54:27.0000001,5.8088703
2010-01-04 19:54:27.0000003,4.157742
2014-08-01 16:50:03.0000004,21.2666
2014-08-01 16:50:03.0000001,5.434981
2014-08-01 16:50:03.0000003,14.269614
2014-08-01 16:50:03.0000002,14.093188
2010-11-25 16:22:19.0000001,5.00633
2010-09-04 10:06:23.0000001,13.037919
2009-04-28 13:35:27.0000002,11.055489
2009-04-28 13:35:27.0000001,4.8947034
2009-04-28 13:35:27.0000003,29.494322
2009-04-28 13:35:27.0000004,8.4775915
2012-07-26 00:23:59.0000006,8.363418
2012-07-26 00:23:59.0000007,4.4825225
2012-07-26 00:23:59.0000001,7.255182
2012-07-26 00:23:59.0000004,8.123397
2012-07-26 00:23:59.0000005,7.9432755
2012-07-26 00:23:59.0000002,11.623629
2012-07-26 00:23:59.0000003,5.5980945
2014-04-29 15:15:43.0000002,8.976722
2014-04-29 15:15:43.0000001,8.005546
2014-04-29 15:15:43.0000003,6.1310616
2010-04-23 00:00:03.0000002,14.492029
2010-04-23 00:00:03.0000003,5.2787414
2010-05-22 23:46:19.0000001,6.967577
2010-05-22 23:46:19.0000002,18.14628
2010-05-22 23:46:19.0000003,10.590865
2014-06-14 12:32:11.0000005,9.278447
2014-06-14 12:32:11.0000002,14.056978
2014-06-14 12:32:11.0000004,11.258157
2014-06-14 12:32:11.0000006,10.871867
2014-06-14 12:32:11.0000003,37.200905
2012-06-09 22:57:15.0000002,6.4610476
2012-06-09 22:57:15.0000005,7.829888
2014-04-22 01:28:15.0000001,24.492323
2013-01-31 01:19:15.0000001,19.272669
2013-01-31 01:19:15.0000002,10.615468
2014-12-19 21:54:27.0000003,7.7629857
2014-12-19 21:54:27.0000002,17.207869
2014-12-19 21:54:27.0000004,9.516626
2014-12-19 21:54:27.0000001,12.140462
2010-10-22 20:56:51.0000004,5.3440285
2010-10-22 20:56:51.0000001,14.638903
2011-10-04 11:48:35.0000004,6.349517
2011-10-04 11:48:35.0000003,12.26831
2011-10-04 11:48:35.0000002,6.739643
2010-12-31 13:32:39.0000001,8.147587
2010-04-10 11:05:27.0000002,6.7765703
2010-04-10 11:05:27.0000001,6.384279
2013-10-02 21:12:59.0000001,10.330782
2013-10-02 21:12:59.0000002,13.297281
2013-10-02 21:12:59.0000004,6.6543736
2013-10-02 21:12:59.0000005,14.681986
2013-10-02 21:12:59.0000006,11.351835
2013-10-02 21:12:59.0000007,21.452682
2013-10-02 21:12:59.0000008,17.126215
2013-10-02 21:12:59.0000003,27.153414
2009-03-14 05:27:55.0000001,6.9486585
2009-04-20 14:05:51.0000003,5.8911147
2009-04-20 14:05:51.0000002,15.332508
2009-04-20 14:05:51.0000001,25.28892
2009-04-20 14:05:51.0000004,8.275529
2011-02-21 23:46:07.0000001,3.8264601
2010-08-21 20:25:07.0000001,6.163869
2009-11-16 21:03:31.0000003,9.556806
2009-11-16 21:03:31.0000002,14.111471
2009-11-16 21:03:31.0000004,7.296167
2009-11-16 21:03:31.0000001,16.182106
2014-11-29 11:16:23.0000002,9.630414
2014-11-29 11:16:23.0000001,10.231796
2010-12-01 21:02:35.0000001,6.481664
2010-12-01 21:02:35.0000002,7.504784
2009-04-13 18:30:39.0000002,7.3117723
2009-04-13 18:30:39.0000001,7.548477
2010-06-02 19:45:19.0000002,11.050641
2010-06-02 19:45:19.0000001,9.094161
2010-06-02 19:45:19.0000004,9.312245
2012-04-16 14:29:35.0000001,4.46037
2014-08-06 18:15:43.0000001,6.6427245
2014-08-06 18:15:43.0000002,14.315728
2010-04-20 11:53:23.0000005,8.714999
2010-04-20 11:53:23.0000002,5.5200214
2010-04-20 11:53:23.0000006,5.1640143
2010-04-20 11:53:23.0000003,13.987615
2010-04-20 11:53:23.0000004,10.751751
2009-05-21 20:50:31.0000005,8.4318075
2009-05-21 20:50:31.0000006,11.774833
2009-05-21 20:50:31.0000002,16.012022
2009-05-21 20:50:31.0000001,14.18592
2014-08-16 21:59:59.0000002,10.428706
2014-08-16 21:59:59.0000001,16.259287
2010-09-13 07:05:39.0000001,6.8513646
2010-09-13 07:05:39.0000002,6.772449
2010-01-28 12:25:11.0000001,6.711485
2013-10-13 19:39:55.0000005,5.3890986
2013-10-13 19:39:55.0000004,6.0978193
2013-10-13 19:39:55.0000007,5.234068
2013-10-13 19:39:55.0000001,9.58578
2013-10-13 19:39:55.0000003,9.486892
2013-10-13 19:39:55.0000006,5.9064593
2013-10-13 19:39:55.0000002,9.217996
2013-09-20 13:38:55.0000003,7.002314
2013-09-20 13:38:55.0000002,14.685419
2013-09-20 13:38:55.0000006,9.011615
2013-09-20 13:38:55.0000001,11.510862
2014-11-11 12:10:59.0000003,7.6542206
2014-11-11 12:10:59.0000002,14.430111
2012-09-09 23:40:03.0000001,17.850494
2013-02-18 11:13:23.0000004,21.612146
2013-02-18 11:13:23.0000001,5.816663
2013-02-18 11:13:23.0000003,26.266317
2013-02-18 11:13:23.0000002,8.42858
2011-06-05 12:38:43.0000002,5.5415406
2011-06-05 12:38:43.0000003,6.56501
2011-06-05 12:38:43.0000001,46.13914
2014-11-27 07:37:55.0000001,9.4770355
2010-05-23 15:28:55.0000001,8.638219
2012-10-15 20:10:31.0000001,6.1297674
2012-10-15 20:10:31.0000004,13.753497
2012-10-15 20:10:31.0000002,17.304737
2012-10-15 20:10:31.0000003,6.221836
2012-06-27 06:52:39.0000001,6.670841
2013-06-07 13:52:55.0000001,6.564214
2013-06-07 13:52:55.0000002,9.964594
2013-06-07 13:52:55.0000006,30.662924
2013-06-07 13:52:55.0000003,11.8101225
2013-06-07 13:52:55.0000004,8.904733
2009-06-04 19:34:15.0000003,11.8447
2009-06-04 19:34:15.0000001,14.704926
2009-06-04 19:34:15.0000004,9.526495
2009-06-04 19:34:15.0000002,8.628915
2013-09-29 22:12:07.0000002,15.344012
2013-09-29 22:12:07.0000003,7.8135796
2013-12-04 08:37:11.0000003,8.421802
2013-12-04 08:37:11.0000002,13.689776
2013-12-04 08:37:11.0000001,13.344753
2010-05-02 12:39:55.0000002,7.8495746
2009-07-13 01:18:55.0000002,4.563122
2009-07-13 01:18:55.0000001,5.6201572
2015-05-20 00:59:15.0000004,4.8122206
2015-05-20 00:59:15.0000003,22.398455
2009-12-03 18:02:47.0000001,9.180102
2014-06-24 02:41:11.0000001,29.744812
2012-01-13 02:08:43.0000001,7.69682
2012-08-06 21:07:55.0000001,11.185736
2012-08-06 21:07:55.0000002,8.762159
2012-08-06 21:07:55.0000004,5.82059
2012-08-06 21:07:55.0000005,8.797108
2012-08-06 21:07:55.0000003,6.4242187
2009-07-13 07:32:31.0000001,6.21468
2009-07-13 07:32:31.0000003,6.184658
2009-07-13 07:32:31.0000002,8.61233
2014-09-10 17:52:51.0000001,7.163256
2014-09-10 17:52:51.0000003,10.097474
2014-09-10 17:52:51.0000002,17.927681
2014-09-10 17:52:51.0000005,10.649779
2014-09-10 17:52:51.0000004,11.209797
2009-09-28 19:21:59.0000004,3.8959458
2009-09-28 19:21:59.0000005,6.4772124
2009-09-28 19:21:59.0000002,6.250958
2009-09-28 19:21:59.0000008,7.4170384
2009-09-28 19:21:59.0000001,5.3053675
2015-05-23 12:59:39.0000004,12.286006
2015-05-23 12:59:39.0000002,13.006722
2015-05-23 12:59:39.0000001,7.6254554
2010-02-10 12:16:03.0000001,5.276975
2010-02-10 12:16:03.0000002,11.717672
2014-01-11 23:10:59.0000004,12.979332
2014-01-11 23:10:59.0000003,17.44076
2014-01-11 23:10:59.0000005,13.800231
2014-01-11 23:10:59.0000001,12.420308
2014-01-11 23:10:59.0000002,26.38658
2010-04-24 20:15:07.0000002,11.270488
2013-08-07 00:31:07.0000001,51.48611
2012-10-21 19:47:23.0000001,5.725863
2012-10-21 19:47:23.0000003,8.828581
2012-10-21 19:47:23.0000004,12.655393
2013-05-24 07:22:51.0000002,5.981674
2009-09-13 20:12:31.0000002,5.3127265
2009-09-13 20:12:31.0000001,5.7895503
2010-10-31 08:51:59.0000002,4.997726
2010-10-31 08:51:59.0000001,15.234514
2013-06-04 23:58:11.0000007,5.916855
2013-06-04 23:58:11.0000001,16.299072
2013-06-04 23:58:11.0000003,10.532132
2013-06-04 23:58:11.0000005,6.2316675
2013-06-04 23:58:11.0000002,26.178202
2013-06-04 23:58:11.0000004,9.596282
2013-06-04 23:58:11.0000008,32.48185
2010-03-22 22:11:31.0000001,12.30303
2010-03-22 22:11:31.0000002,6.1306
2011-01-15 12:49:59.0000002,11.082539
2011-01-15 12:49:59.0000001,11.34009
2009-06-13 18:36:47.0000001,15.170626
2009-06-13 18:36:47.0000002,9.561554
2009-06-13 18:36:47.0000003,10.239285
2009-05-06 16:41:35.0000001,10.170777
2014-08-08 17:32:47.0000004,5.3766956
2014-08-08 17:32:47.0000001,40.432663
2014-08-08 17:32:47.0000002,16.15819
2014-04-02 11:55:15.0000001,9.174476
2014-04-02 11:55:15.0000002,6.294008
2011-01-04 10:12:51.0000003,6.8450775
2011-01-04 10:12:51.0000004,5.3544626
2011-01-04 10:12:51.0000001,4.6716485
2011-01-04 10:12:51.0000005,4.7512064
2010-09-22 09:42:31.0000002,9.606707
2010-09-22 09:42:31.0000004,10.930047
2010-09-22 09:42:31.0000001,9.196076
2013-08-19 19:39:23.0000003,7.482741
2013-08-19 19:39:23.0000001,6.031565
2014-07-08 10:21:39.0000002,10.228041
2014-07-08 10:21:39.0000006,13.259071
2014-07-08 10:21:39.0000003,4.451786
2014-07-08 10:21:39.0000005,11.809598
2014-07-08 10:21:39.0000004,10.759027
2014-07-08 10:21:39.0000001,4.208396
2015-03-11 16:36:39.0000003,11.259125
2015-03-11 16:36:39.0000001,7.496132
2015-03-11 16:36:39.0000002,18.775211
2015-05-29 18:59:35.0000005,41.83867
2015-05-29 18:59:35.0000004,14.4485235
2015-05-29 18:59:35.0000002,8.942357
2015-05-29 18:59:35.0000001,8.191753
2011-10-26 17:48:43.0000001,4.872329
2011-10-26 17:48:43.0000008,6.6586704
2011-10-26 17:48:43.0000002,9.852899
2011-10-26 17:48:43.0000004,6.5602694
2011-10-26 17:48:43.0000003,5.1910505
2011-10-26 17:48:43.0000007,4.401523
2014-06-24 09:49:55.0000004,12.251409
2014-06-24 09:49:55.0000007,5.214264
2014-06-24 09:49:55.0000001,5.162531
2014-06-24 09:49:55.0000006,6.9015293
2014-06-24 09:49:55.0000002,11.193931
2014-06-24 09:49:55.0000003,8.432901
2014-06-24 09:49:55.0000005,4.6128097
2009-03-14 20:59:19.0000001,12.499006
2009-01-29 18:38:03.0000002,7.6700187
2009-01-29 18:38:03.0000001,28.858091
2010-07-23 00:03:59.0000001,12.565925
2013-01-11 12:28:03.0000004,8.892043
2013-01-11 12:28:03.0000003,6.894085
2013-01-11 12:28:03.0000002,5.964121
2013-01-11 12:28:03.0000005,10.376945
2013-01-11 12:28:03.0000001,8.432236
2013-02-20 02:00:23.0000001,13.85285
2013-02-20 02:00:23.0000002,5.1304955
2013-02-20 02:00:23.0000003,9.8286295
2009-11-03 19:53:27.0000004,12.720788
2009-11-03 19:53:27.0000003,6.588124
2009-12-19 21:56:15.0000002,6.666059
2009-12-19 21:56:15.0000001,7.816752
2014-03-22 12:24:03.0000001,36.655518
2014-03-22 12:24:03.0000002,7.1117086
2009-12-21 21:20:43.0000003,8.378366
2009-12-21 21:20:43.0000001,9.362862
2009-08-21 15:35:07.0000002,4.804857
2009-08-21 15:35:07.0000004,48.23484
2009-08-21 15:35:07.0000003,5.6337905
2010-04-25 13:28:47.0000002,5.469414
2010-04-25 13:28:47.0000003,22.84177
2010-11-02 18:49:59.0000001,11.497231
2010-11-02 18:49:59.0000003,5.314608
2010-11-02 18:49:59.0000002,6.799593
2011-04-02 00:27:03.0000006,8.954565
2011-04-02 00:27:03.0000002,6.3757005
2011-04-02 00:27:03.0000004,5.2005796
2011-04-02 00:27:03.0000003,7.24575
2011-04-02 00:27:03.0000005,8.236311
2011-04-02 00:27:03.0000001,6.1061506
2013-12-29 12:31:55.0000001,7.650987
2013-12-29 12:31:55.0000002,11.662679
2013-12-29 12:31:55.0000003,8.295749
2012-05-02 12:02:03.0000003,8.139814
2012-05-02 12:02:03.0000002,12.257972
2012-05-02 12:02:03.0000004,6.631469
2012-05-02 12:02:03.0000005,8.3650055
2012-05-02 12:02:03.0000001,5.092367
2009-07-21 10:36:43.0000001,4.2247696
2009-07-21 10:36:43.0000003,7.6157465
2009-07-21 10:36:43.0000002,7.5255184
2012-09-16 18:14:55.0000003,4.967961
2012-09-16 18:14:55.0000001,12.397164
2012-09-16 18:14:55.0000004,5.2212114
2010-04-21 06:28:47.0000002,6.183493
2009-03-02 09:30:07.0000001,7.08978
2009-03-02 09:30:07.0000002,4.173123
2010-12-18 15:32:19.0000001,6.7510796
2013-02-20 08:23:31.0000001,6.0142555
2015-02-11 20:51:51.0000006,34.192356
2015-02-11 20:51:51.0000002,9.274563
2015-02-11 20:51:51.0000003,4.668269
2015-02-11 20:51:51.0000005,5.303407
2015-02-11 20:51:51.0000007,10.291118
2015-02-11 20:51:51.0000004,7.28724
2013-12-07 01:41:59.0000001,11.219103
2013-12-07 01:41:59.0000003,13.340629
2014-03-04 12:06:35.0000002,8.120856
2014-03-04 12:06:35.0000004,8.536695
2014-03-04 12:06:35.0000003,13.080567
2014-03-04 12:06:35.0000001,7.229356
2013-05-21 06:52:59.0000001,13.944021
2013-05-21 06:52:59.0000004,5.8437724
2013-05-21 06:52:59.0000002,6.0352917
2009-09-09 08:09:19.0000002,7.4665003
2009-09-09 08:09:19.0000001,8.1511755
2012-06-22 20:50:55.0000001,17.39295
2010-04-06 09:14:59.0000001,16.079865
2010-04-06 09:14:59.0000003,4.6127253
2010-04-06 09:14:59.0000002,29.228123
2009-04-03 07:49:39.0000002,8.396578
2009-04-03 07:49:39.0000001,6.6975813
2011-08-28 16:06:43.0000001,10.303197
2010-12-19 15:52:31.0000001,12.669937
2010-12-19 15:52:31.0000002,4.5397234
2010-12-19 15:52:31.0000004,4.954266
2010-12-19 15:52:31.0000003,5.554147
2014-07-12 00:15:59.0000004,6.6327744
2014-07-12 00:15:59.0000003,6.1292033
2014-07-12 00:15:59.0000002,8.506684
2009-03-31 10:27:19.0000004,9.336128
2009-03-31 10:27:19.0000002,7.512443
2009-03-31 10:27:19.0000001,17.654911
2014-07-31 10:39:39.0000002,4.9340262
2012-06-02 07:16:31.0000001,5.119895
2012-06-02 07:16:31.0000003,48.25208
2012-06-02 07:16:31.0000002,13.057456
2012-09-27 15:03:15.0000001,37.49288
2012-07-05 02:23:47.0000001,4.520976
2013-09-14 18:28:03.0000002,21.554031
2013-09-14 18:28:03.0000003,18.1088
2009-04-22 04:26:35.0000001,15.026894
2015-02-14 09:08:11.0000003,8.870526
2012-01-19 20:26:35.0000004,4.434776
2012-01-19 20:26:35.0000005,12.095442
2012-01-19 20:26:35.0000001,6.3368263
2015-03-13 13:04:59.0000001,11.567129
2015-03-13 13:04:59.0000002,9.89432
2015-03-13 13:04:59.0000006,9.8225
2015-03-13 13:04:59.0000004,6.360384
2015-03-13 13:04:59.0000007,14.662512
2015-03-13 13:04:59.0000003,8.793434
2015-03-13 13:04:59.0000005,6.425658
2013-07-25 13:47:39.0000002,10.944878
2013-07-25 13:47:39.0000001,10.243147
2014-03-07 11:45:35.0000001,8.3483515
2014-03-07 11:45:35.0000002,25.13452
2013-10-31 06:09:15.0000001,19.701744
2014-09-11 06:41:15.0000001,5.302675
2014-09-11 06:41:15.0000002,4.3916354
2014-09-11 06:41:15.0000004,8.947737
2014-09-11 06:41:15.0000003,13.664483
2012-06-04 09:50:39.0000005,31.749817
2012-06-04 09:50:39.0000003,5.9208713
2012-06-04 09:50:39.0000001,11.80717
2012-06-04 09:50:39.0000004,9.370288
2012-06-04 09:50:39.0000002,7.9623537
2010-06-07 07:37:55.0000002,5.9935718
2010-06-07 07:37:55.0000003,4.541154
2010-06-07 07:37:55.0000001,7.387942
2010-06-07 07:37:55.0000004,4.3024898
2015-02-25 18:00:51.0000009,5.706428
2015-02-25 18:00:51.0000006,5.4997087
2015-02-25 18:00:51.0000002,25.189304
2015-02-25 18:00:51.0000003,6.817161
2015-02-25 18:00:51.00000010,8.781902
2015-02-25 18:00:51.0000004,8.654221
2015-02-25 18:00:51.0000005,6.4320765
2015-02-08 08:44:03.0000001,13.055787
2010-12-11 15:16:35.0000001,5.9368553
2010-12-11 15:16:35.0000002,4.656024
2014-05-19 18:38:19.0000002,5.3863354
2014-05-19 18:38:19.0000001,8.80084
2009-07-19 08:38:51.0000001,5.6707783
2013-08-20 12:05:47.0000001,9.957638
2013-08-20 12:05:47.0000003,9.195452
2013-08-20 12:05:47.0000004,8.642269
2013-08-20 12:05:47.0000002,11.051987
2014-03-11 19:48:15.0000007,10.312411
2014-03-11 19:48:15.0000001,10.097867
2014-03-11 19:48:15.0000005,6.882677
2014-03-11 19:48:15.0000006,11.032346
2014-03-11 19:48:15.0000004,10.7719145
2014-03-11 19:48:15.0000002,19.564869
2014-03-11 19:48:15.0000003,11.437763
2013-01-09 02:05:51.0000002,6.053696
2009-08-08 11:41:51.0000001,4.19515
2009-08-08 11:41:51.0000004,10.202153
2009-08-08 11:41:51.0000002,5.2974052
2014-06-18 16:08:03.0000001,8.534353
2014-06-18 16:08:03.0000002,18.089334
2013-06-02 16:26:47.0000003,8.301786
2013-06-02 16:26:47.0000002,5.8904138
2009-07-29 10:02:47.0000002,6.985963
2009-07-29 10:02:47.0000001,6.8428917
2013-02-16 14:26:51.0000002,7.2498894
2012-05-11 03:48:31.0000001,5.935555
2010-01-22 05:47:59.0000001,7.3673406
2012-11-12 11:57:03.0000002,54.491066
2012-01-04 00:06:39.0000001,6.5929966
2010-12-28 20:17:27.0000002,4.760983
2010-12-28 20:17:27.0000001,5.8735013
2010-12-28 20:17:27.0000004,5.2381916
2009-03-18 08:03:07.0000002,10.697393
2009-03-18 08:03:07.0000001,4.4811144
2011-10-07 12:38:19.0000004,14.492774
2011-10-07 12:38:19.0000003,4.3116293
2011-10-07 12:38:19.0000002,18.04411
2011-10-07 12:38:19.0000005,10.363809
2009-12-12 22:01:31.0000005,11.177478
2009-12-12 22:01:31.0000002,8.84055
2009-12-12 22:01:31.0000004,5.679347
2009-12-12 22:01:31.0000006,5.063806
2009-12-12 22:01:31.0000003,12.184465
2015-04-19 20:44:15.0000003,14.837769
2015-04-19 20:44:15.0000002,6.1408978
2015-04-19 20:44:15.0000004,9.340243
2012-03-23 01:36:31.0000002,6.112512
2012-03-23 01:36:31.0000001,3.825809
2014-10-08 21:24:47.0000001,11.593358
2014-10-08 21:24:47.0000002,14.109119
2011-02-03 01:27:31.0000001,13.756959
2011-05-20 23:42:59.0000002,6.487858
2014-01-04 10:54:59.0000001,15.056306
2014-01-04 10:54:59.0000003,9.574
2009-11-23 05:45:11.0000001,29.427273
2013-01-22 16:25:11.0000003,10.497079
2013-01-22 16:25:11.0000002,39.73473
2013-01-22 16:25:11.0000001,10.780951
2015-05-12 08:31:07.0000007,38.629463
2015-05-12 08:31:07.0000008,5.568881
2015-05-12 08:31:07.0000001,11.664862
2015-05-12 08:31:07.0000009,10.29152
2015-05-12 08:31:07.0000005,8.594986
2015-05-12 08:31:07.0000006,7.6325107
2015-05-12 08:31:07.0000002,37.494255
2015-05-12 08:31:07.0000004,6.1758966
2013-09-26 06:58:55.0000001,6.1739783
2013-09-26 06:58:55.0000002,10.916963
2014-09-14 23:26:11.0000003,11.646067
2014-09-14 23:26:11.0000002,12.330713
2009-08-26 08:06:15.0000002,12.513779
2009-08-26 08:06:15.0000003,37.328896
2009-08-26 08:06:15.0000001,7.0979733
2014-10-13 06:14:51.0000001,7.4894075
2013-02-02 16:07:55.0000002,11.257786
2013-02-02 16:07:55.0000001,6.613243
2013-02-02 16:07:55.0000003,7.2612906
2014-04-05 01:52:27.0000005,5.8489575
2014-04-05 01:52:27.0000001,23.382822
2010-02-23 20:29:51.0000002,6.6410623
2010-02-23 20:29:51.0000003,6.568433
2011-01-25 00:01:03.0000002,7.0093164
2011-01-25 00:01:03.0000001,9.518379
2013-11-01 13:07:47.0000002,9.308297
2013-11-01 13:07:47.0000001,8.056009
2013-11-01 13:07:47.0000005,9.649362
2013-11-01 13:07:47.0000004,10.750499
2015-03-07 15:25:59.0000004,5.7189837
2015-03-07 15:25:59.0000002,21.829687
2015-03-07 15:25:59.0000001,10.755293
2013-10-06 21:05:11.0000002,26.240843
2013-10-06 21:05:11.0000001,12.179808
2009-04-16 15:57:31.0000002,8.212748
2012-02-21 20:45:03.0000002,7.0806546
2012-02-21 20:45:03.0000001,8.384863
2010-01-10 12:55:43.0000002,8.276934
2015-01-31 01:05:19.0000004,18.624683
2015-01-31 01:05:19.0000007,25.301128
2015-01-31 01:05:19.0000006,8.272249
2015-01-31 01:05:19.0000001,9.896657
2015-01-31 01:05:19.0000003,5.604557
2015-01-31 01:05:19.0000002,16.130995
2011-10-23 17:43:43.0000001,6.0028596
2015-03-16 21:12:19.0000003,24.47412
2015-03-16 21:12:19.0000004,8.137685
2015-03-16 21:12:19.0000005,12.205239
2015-03-16 21:12:19.0000008,15.622892
2015-03-16 21:12:19.0000001,13.721085
2012-09-29 20:16:51.0000001,8.2197695
2012-09-29 20:16:51.0000002,33.841263
2012-09-29 20:16:51.0000003,6.983215
2012-09-29 20:16:51.0000005,12.261694
2009-08-03 16:28:07.0000001,4.331495
2009-08-03 16:28:07.0000003,5.6259365
2009-08-03 16:28:07.0000004,7.2687
2009-08-03 16:28:07.0000002,14.315175
2009-07-30 15:49:15.0000003,8.72988
2009-07-30 15:49:15.0000001,7.9805064
2009-07-30 15:49:15.0000005,7.221555
2015-01-18 14:06:23.0000005,17.212297
2015-01-18 14:06:23.0000002,20.8709
2015-03-02 14:08:03.0000002,4.884879
2015-03-02 14:08:03.0000001,9.771896
2009-09-07 19:35:39.0000003,7.4932833
2009-09-07 19:35:39.0000002,8.152741
2014-07-01 15:15:23.0000004,9.029521
2014-07-01 15:15:23.0000002,18.697699
2014-07-01 15:15:23.0000005,15.844259
2014-07-01 15:15:23.0000006,5.1937947
2014-07-01 15:15:23.0000001,31.412136
2013-04-18 02:55:07.0000001,19.389372
2010-02-10 16:57:19.0000001,8.751397
2013-02-15 18:45:39.0000001,11.701358
2011-06-22 01:50:11.0000001,16.577724
2014-05-06 23:54:59.0000002,15.668423
2014-05-06 23:54:59.0000004,4.558974
2014-05-06 23:54:59.0000003,4.3901896
2014-05-06 23:54:59.0000001,12.340237
2012-04-23 21:05:31.0000003,23.147821
2012-04-23 21:05:31.0000004,9.636262
2012-04-23 21:05:31.0000002,9.045851
2012-04-23 21:05:31.0000006,4.988484
2012-04-23 21:05:31.0000001,37.03254
2012-04-23 21:05:31.0000005,6.280191
2009-03-20 07:29:39.0000003,5.1583004
2009-03-20 07:29:39.0000001,13.283889
2009-03-20 07:29:39.0000002,6.674022
2014-06-25 15:08:19.0000001,7.553894
2014-06-25 15:08:19.0000002,5.222834
2011-06-09 14:51:15.0000003,8.331369
2011-06-09 14:51:15.0000004,6.925166
2011-06-09 14:51:15.0000001,8.196546
2011-06-09 14:51:15.0000002,10.181264
2015-01-27 13:08:24.0000001,6.13931
2011-07-24 14:52:56.0000001,9.388181
2011-10-08 11:53:44.0000001,14.2730255
2012-12-01 21:12:12.0000004,5.6624703
2013-11-22 15:43:12.0000001,4.234033
2012-07-15 16:45:04.0000005,5.6173606
2012-07-15 16:45:04.0000001,6.4832673
2014-06-14 13:39:00.00000014,12.266774
2014-06-14 13:39:00.000000113,9.751112
2014-06-14 13:39:00.0000006,7.9754686
2014-06-14 13:39:00.000000139,9.515517
2014-06-14 13:39:00.0000004,6.6773777
2014-06-14 13:39:00.000000171,9.970937
2014-06-14 13:39:00.00000011,14.806615
2014-06-14 13:39:00.00000064,5.4366674
2014-06-14 13:39:00.00000090,8.2400465
2014-06-14 13:39:00.00000041,6.400484
2014-06-14 13:39:00.00000081,4.5397267
2014-06-14 13:39:00.000000164,10.447609
2014-06-14 13:39:00.00000080,16.335506
2014-06-14 13:39:00.00000026,30.689531
2014-06-14 13:39:00.00000058,9.840233
2014-06-14 13:39:00.000000150,14.1119175
2014-06-14 13:39:00.00000030,6.5095477
2014-06-14 13:39:00.00000091,5.2223945
2014-06-14 13:39:00.000000175,7.4636726
2014-06-14 13:39:00.000000101,19.100348
2014-06-14 13:39:00.00000085,8.603346
2014-06-14 13:39:00.000000105,7.8545384
2014-06-14 13:39:00.00000069,6.8567033
2014-06-14 13:39:00.000000149,89.08233
2010-08-22 21:14:08.0000004,5.292569
2011-06-24 20:34:48.0000003,8.448387
2011-06-24 20:34:48.0000004,5.830905
2011-03-28 20:38:36.0000001,9.774893
2009-10-21 02:11:24.0000001,13.902687
2011-05-21 13:16:20.0000002,9.74455
2015-01-31 20:54:04.0000003,8.103177
2010-05-10 10:37:04.0000001,7.7123
2010-03-20 21:35:20.0000001,11.271067
2010-03-20 21:35:20.0000002,11.544396
2012-08-22 22:39:20.0000004,5.543921
2012-08-22 22:39:20.0000002,8.81375
2012-12-23 02:29:16.0000002,19.587317
2011-10-02 23:36:00.00000031,5.636754
2011-10-02 23:36:00.00000070,8.103907
2011-10-02 23:36:00.00000068,11.791288
2011-10-02 23:36:00.00000034,13.621213
2011-10-02 23:36:00.00000042,8.561414
2011-10-02 23:36:00.00000032,8.562072
2011-10-02 23:36:00.00000028,4.8225527
2011-10-02 23:36:00.00000078,4.6917715
2011-10-02 23:36:00.00000027,7.738124
2011-10-02 23:36:00.00000018,4.5617604
2011-10-02 23:36:00.00000061,9.900999
2011-10-02 23:36:00.00000045,4.472023
2011-10-02 23:36:00.00000016,4.4793615
2011-10-02 23:36:00.00000052,7.9433703
2011-10-02 23:36:00.00000098,7.1201234
2011-10-02 23:36:00.00000048,8.515869
2013-03-21 12:47:28.0000004,8.094592
2013-03-21 12:47:28.0000007,4.8537564
2010-09-05 22:31:32.0000001,8.824075
2013-07-12 23:33:24.0000003,16.518162
2015-06-08 20:02:56.0000002,14.964248
2011-10-11 22:13:48.0000001,10.324194
2011-10-11 22:13:48.0000004,4.6979475
2013-09-14 16:53:20.0000004,9.759944
2013-09-14 16:53:20.0000003,20.46185
2014-02-06 09:09:56.0000002,10.715775
2009-06-10 16:55:00.00000028,6.823009
2009-06-10 16:55:00.00000020,11.176273
2009-06-10 16:55:00.0000001,6.1206536
2009-06-10 16:55:00.000000133,7.8470154
2009-06-10 16:55:00.00000026,6.5400057
2009-06-10 16:55:00.000000142,18.013306
2009-06-10 16:55:00.00000038,7.5995617
2009-06-10 16:55:00.00000042,10.442815
2009-06-10 16:55:00.000000112,6.4630322
2009-06-10 16:55:00.00000096,6.233849
2009-06-10 16:55:00.00000050,8.23857
2009-06-10 16:55:00.00000092,10.668996
2009-06-10 16:55:00.000000167,6.627653
2009-06-10 16:55:00.000000110,5.267461
2009-06-10 16:55:00.00000015,13.527071
2009-06-10 16:55:00.000000104,26.414925
2009-06-10 16:55:00.00000019,46.870934
2009-06-10 16:55:00.000000168,4.8903685
2009-06-10 16:55:00.00000059,8.339757
2009-06-10 16:55:00.000000136,8.839116
2009-06-10 16:55:00.00000087,32.400967
2009-06-10 16:55:00.000000134,5.383643
2009-06-10 16:55:00.00000032,6.9000688
2013-06-26 11:19:36.0000001,7.56359
2009-05-02 20:11:32.0000002,4.465866
2009-05-02 20:11:32.0000003,11.227823
2011-06-24 12:03:00.00000031,8.534907
2011-06-24 12:03:00.00000064,6.2325187
2011-06-24 12:03:00.000000153,14.742279
2011-06-24 12:03:00.00000014,7.0918794
2011-06-24 12:03:00.000000192,28.3598
2011-06-24 12:03:00.000000121,6.870436
2011-06-24 12:03:00.000000140,5.4554415
2011-06-24 12:03:00.000000155,4.7740197
2011-06-24 12:03:00.00000016,5.1340604
2011-06-24 12:03:00.00000084,5.5948234
2011-06-24 12:03:00.00000080,3.9916437
2011-06-24 12:03:00.000000123,5.063158
2011-06-24 12:03:00.000000125,6.689929
2011-06-24 12:03:00.00000032,9.970596
2011-06-24 12:03:00.000000178,14.509628
2011-06-24 12:03:00.00000090,11.549195
2011-06-24 12:03:00.000000166,39.384243
2011-06-24 12:03:00.000000108,6.035324
2011-06-24 12:03:00.00000098,9.254243
2011-06-24 12:03:00.000000104,28.845764
2011-06-24 12:03:00.00000027,12.386706
2011-06-24 12:03:00.000000151,13.711365
2011-06-24 12:03:00.00000099,14.11247
2011-06-24 12:03:00.00000077,22.08985
2011-06-24 12:03:00.00000019,8.9419985
2011-06-24 12:03:00.00000091,7.1925235
2011-06-24 12:03:00.000000132,11.604693
2011-06-24 12:03:00.000000161,7.5636063
2011-06-24 12:03:00.00000024,5.842835
2011-06-24 12:03:00.00000034,6.4795938
2011-06-24 12:03:00.00000050,17.242798
2011-06-24 12:03:00.00000023,44.935097
2011-06-24 12:03:00.00000049,8.548387
2011-06-24 12:03:00.000000115,12.64172
2011-06-24 12:03:00.0000008,5.985899
2014-06-15 07:06:00.00000021,20.564663
2014-06-15 07:06:00.00000032,7.5265675
2014-06-15 07:06:00.00000029,5.038878
2014-06-15 07:06:00.00000043,35.161026
2014-06-15 07:06:00.0000007,5.4557743
2014-06-15 07:06:00.00000038,13.664805
2014-06-15 07:06:00.00000020,6.4320407
2014-06-15 07:06:00.00000027,56.78172
2012-08-09 01:30:36.0000001,11.790648
2015-05-30 21:29:04.0000002,10.82069
2015-05-30 21:29:04.0000005,10.419881
2009-10-26 12:01:36.0000004,30.10457
2013-02-02 15:45:08.0000004,7.809301
2010-12-14 23:27:36.0000003,4.206008
2010-12-14 23:27:36.0000004,5.0759096
2010-12-14 23:27:36.0000002,8.559694
2014-04-14 13:48:32.0000001,35.8092
2014-04-14 13:48:32.0000002,9.563924
2014-08-07 16:57:56.0000001,9.196627
2009-09-14 02:19:00.00000022,8.700818
2009-09-14 02:19:00.00000010,10.255085
2009-09-14 02:19:00.0000004,7.589416
2009-09-14 02:19:00.00000011,4.3215065
2009-09-14 02:19:00.00000023,6.4146085
2009-09-14 02:19:00.00000041,4.8397117
2009-09-14 02:19:00.00000013,10.459367
2014-03-17 16:07:56.0000001,8.896289
2011-06-12 11:31:48.0000003,5.586084
2011-06-12 11:31:48.0000001,7.93511
2011-06-12 11:31:48.0000002,13.422455
2015-06-24 14:19:52.0000003,12.367824
2010-08-21 22:21:32.0000003,7.2176743
2012-01-26 11:17:36.0000001,5.5393715
2015-02-27 14:15:52.0000001,12.637108
2015-02-27 14:15:52.0000002,12.005618
2014-09-14 17:22:12.0000004,10.779207
2009-01-02 17:45:40.0000004,30.178978
2009-01-02 17:45:40.0000001,6.3590913
2009-01-02 17:45:40.0000002,7.449852
2009-01-02 17:45:40.0000003,5.672078
2009-01-01 11:04:24.0000003,11.275271
2009-01-01 11:04:24.0000001,6.7316957
2014-04-28 19:46:36.0000001,5.8312573
2011-06-01 07:37:00.000000192,18.972914
2011-06-01 07:37:00.000000115,12.230088
2011-06-01 07:37:00.00000089,7.315507
2011-06-01 07:37:00.00000087,6.9155483
2011-06-01 07:37:00.000000173,5.0040083
2011-06-01 07:37:00.000000166,8.337624
2011-06-01 07:37:00.00000081,5.753459
2011-06-01 07:37:00.00000041,5.156512
2011-06-01 07:37:00.000000102,4.6747103
2011-06-01 07:37:00.000000215,14.071208
2011-06-01 07:37:00.0000006,26.33292
2011-06-01 07:37:00.000000161,5.7299695
2011-06-01 07:37:00.000000123,4.8834405
2011-06-01 07:37:00.000000117,8.682974
2011-06-01 07:37:00.0000004,18.058104
2011-06-01 07:37:00.000000133,8.18603
2011-06-01 07:37:00.000000160,6.6918254
2011-06-01 07:37:00.000000136,15.595297
2011-06-01 07:37:00.000000214,9.437375
2011-06-01 07:37:00.00000047,9.452118
2011-06-01 07:37:00.0000001,5.9560413
2011-06-01 07:37:00.00000096,5.1862383
2011-06-01 07:37:00.000000150,19.355497
2011-06-01 07:37:00.00000072,14.675314
2011-06-01 07:37:00.00000064,6.43931
2010-08-27 18:45:00.00000048,16.01583
2010-08-27 18:45:00.000000210,14.136345
2010-08-27 18:45:00.000000159,4.803183
2010-08-27 18:45:00.00000083,10.128819
2010-08-27 18:45:00.000000145,5.538744
2010-08-27 18:45:00.00000096,10.690822
2010-08-27 18:45:00.00000036,5.2670746
2010-08-27 18:45:00.00000088,8.373918
2010-08-27 18:45:00.000000116,10.929308
2010-08-27 18:45:00.000000193,7.381804
2010-08-27 18:45:00.000000121,5.1504154
2010-08-27 18:45:00.00000074,15.320991
2010-08-27 18:45:00.00000075,8.571282
2010-08-27 18:45:00.000000130,14.092496
2010-08-27 18:45:00.000000224,6.6457205
2010-08-27 18:45:00.00000072,5.5550256
2010-08-27 18:45:00.000000128,9.790297
2010-08-27 18:45:00.000000163,10.394474
2010-08-27 18:45:00.000000171,8.121122
2010-08-27 18:45:00.000000157,10.739366
2010-08-27 18:45:00.000000147,6.872529
2010-08-27 18:45:00.000000119,4.593169
2010-08-27 18:45:00.000000111,6.795061
2010-08-27 18:45:00.00000015,18.231277
2010-08-27 18:45:00.00000062,6.4000044
2010-08-27 18:45:00.000000127,6.3251476
2010-08-27 18:45:00.000000223,3.9857428
2010-08-27 18:45:00.000000112,7.9818807
2010-08-27 18:45:00.000000201,16.734434
2010-08-27 18:45:00.000000135,12.47786
2010-08-27 18:45:00.00000092,7.515527
2010-08-27 18:45:00.00000056,4.881947
2010-08-27 18:45:00.000000105,10.153698
2010-08-27 18:45:00.000000222,5.4080234
2010-08-27 18:45:00.00000023,7.9450507
2011-02-12 00:43:24.0000002,6.544452
2014-05-07 06:50:20.0000004,8.159408
2010-08-14 02:13:00.000000131,10.935959
2010-08-14 02:13:00.00000097,7.8223715
2010-08-14 02:13:00.00000086,5.0869446
2010-08-14 02:13:00.00000051,7.264039
2010-08-14 02:13:00.000000128,6.15122
2010-08-14 02:13:00.00000074,7.6147738
2010-08-14 02:13:00.000000169,5.2858067
2010-08-14 02:13:00.000000127,8.836931
2010-08-14 02:13:00.00000036,6.571509
2010-08-14 02:13:00.00000068,26.491287
2010-08-14 02:13:00.00000042,20.754793
2010-08-14 02:13:00.000000115,18.993664
2010-08-14 02:13:00.00000029,6.0712423
2010-08-14 02:13:00.0000003,42.772755
2010-08-14 02:13:00.00000037,16.54933
2010-08-14 02:13:00.000000121,4.3866625
2010-08-14 02:13:00.00000031,5.1917987
2010-08-14 02:13:00.00000094,13.015928
2010-08-14 02:13:00.000000136,14.917076
2010-08-14 02:13:00.00000018,8.271741
2010-08-14 02:13:00.000000125,8.202523
2010-08-14 02:13:00.00000041,17.709827
2010-08-14 02:13:00.000000163,16.698235
2010-08-14 02:13:00.000000126,8.196319
2010-08-14 02:13:00.0000008,10.465281
2010-08-14 02:13:00.00000057,6.1221676
2010-08-14 02:13:00.00000050,15.285173
2010-08-14 02:13:00.000000152,7.468574
2014-03-25 23:47:00.00000083,5.9836464
2014-03-25 23:47:00.000000139,5.122494
2014-03-25 23:47:00.000000122,19.784264
2014-03-25 23:47:00.00000093,6.746379
2014-03-25 23:47:00.00000039,9.716715
2014-03-25 23:47:00.000000119,7.6208405
2014-03-25 23:47:00.00000067,14.208917
2014-03-25 23:47:00.00000034,9.970588
2014-03-25 23:47:00.00000040,13.315026
2014-03-25 23:47:00.000000137,11.6108885
2014-03-25 23:47:00.00000076,22.047115
2014-03-25 23:47:00.00000057,8.968786
2014-03-25 23:47:00.000000104,8.969941
2014-03-25 23:47:00.00000069,5.4682217
2015-06-05 08:38:56.0000008,22.372282
2010-08-06 20:27:12.0000003,7.4935703
2012-08-03 12:33:08.0000001,5.662326
2010-09-29 16:43:00.00000088,10.059923
2010-09-29 16:43:00.00000034,11.81669
2010-09-29 16:43:00.00000069,12.503852
2010-09-29 16:43:00.000000172,8.608196
2010-09-29 16:43:00.000000152,7.1403623
2010-09-29 16:43:00.00000084,7.641106
2010-09-29 16:43:00.000000136,7.248116
2010-09-29 16:43:00.000000126,11.0044365
2010-09-29 16:43:00.000000171,6.1310062
2010-09-29 16:43:00.000000139,7.345612
2010-09-29 16:43:00.0000002,6.305875
2010-09-29 16:43:00.00000070,9.018709
2010-09-29 16:43:00.00000045,5.5913596
2010-09-29 16:43:00.0000009,9.633211
2010-09-29 16:43:00.00000057,12.693507
2010-09-29 16:43:00.000000118,7.5438213
2010-09-29 16:43:00.00000042,12.14126
2010-09-29 16:43:00.000000130,8.259816
2010-09-29 16:43:00.00000039,7.801411
2010-09-29 16:43:00.00000032,8.500843
2014-10-27 14:58:00.000000101,10.5576725
2014-10-27 14:58:00.00000023,11.400071
2014-10-27 14:58:00.0000006,11.35905
2014-10-27 14:58:00.000000113,6.639886
2014-10-27 14:58:00.000000143,4.898019
2014-10-27 14:58:00.00000090,6.0658507
2014-10-27 14:58:00.000000104,20.748272
2014-10-27 14:58:00.000000148,41.701435
2014-10-27 14:58:00.00000060,7.130128
2014-10-27 14:58:00.000000129,25.2995
2014-10-27 14:58:00.00000012,18.790855
2014-10-27 14:58:00.00000035,17.844366
2014-10-27 14:58:00.00000036,9.796736
2014-10-27 14:58:00.000000150,9.15599
2014-10-27 14:58:00.00000050,6.232011
2014-10-27 14:58:00.000000103,8.511134
2014-10-27 14:58:00.00000067,6.5336423
2014-10-27 14:58:00.00000066,5.8232455
2009-10-08 23:44:56.0000003,7.996256
2012-11-03 17:11:00.00000064,14.906096
2012-11-03 17:11:00.00000074,6.4617634
2012-11-03 17:11:00.000000132,54.417007
2012-11-03 17:11:00.00000031,8.025984
2012-11-03 17:11:00.00000028,9.207655
2012-11-03 17:11:00.000000102,8.559285
2012-11-03 17:11:00.00000067,9.0896635
2012-11-03 17:11:00.000000162,7.999937
2012-11-03 17:11:00.00000054,13.484278
2012-11-03 17:11:00.00000046,6.130002
2012-11-03 17:11:00.000000113,29.809484
2012-11-03 17:11:00.00000093,7.047284
2012-11-03 17:11:00.00000032,7.4138956
2012-11-03 17:11:00.00000052,19.911587
2012-11-03 17:11:00.000000147,8.814445
2012-11-03 17:11:00.000000125,9.789317
2012-11-03 17:11:00.00000086,6.594576
2012-11-03 17:11:00.0000009,7.945807
2012-11-03 17:11:00.000000136,7.9100304
2012-11-03 17:11:00.00000077,8.706586
2012-11-03 17:11:00.00000099,18.278498
2012-11-03 17:11:00.00000096,9.4377985
2012-11-03 17:11:00.000000161,7.880404
2012-11-03 17:11:00.000000124,10.733399
2012-11-03 17:11:00.00000016,19.972055
2012-11-03 17:11:00.00000058,4.566759
2012-11-03 17:11:00.00000083,10.295621
2012-11-03 17:11:00.00000082,8.513621
2012-11-03 17:11:00.00000075,32.785202
2012-11-03 17:11:00.00000061,13.09704
2012-11-03 17:11:00.00000012,8.346057
2012-11-03 17:11:00.00000057,4.153422
2012-11-03 17:11:00.00000037,5.97932
2012-11-03 17:11:00.000000106,7.691227
2009-05-07 13:58:32.0000002,29.057224
2011-05-28 17:29:44.0000001,56.833073
2011-05-28 17:29:44.0000004,32.99586
2011-12-25 21:26:32.0000002,5.822126
2009-05-06 01:49:12.0000002,14.526142
2009-05-06 01:49:12.0000004,5.187116
2011-03-11 01:44:00.00000030,8.326274
2011-03-11 01:44:00.00000027,40.443676
2011-03-11 01:44:00.0000009,7.286646
2011-03-11 01:44:00.00000047,30.055208
2011-03-11 01:44:00.00000092,4.551431
2011-03-11 01:44:00.0000006,11.868656
2011-03-11 01:44:00.00000056,17.964756
2011-03-11 01:44:00.00000081,9.797821
2011-03-11 01:44:00.00000039,6.9855046
2011-03-11 01:44:00.00000077,21.47282
2011-03-11 01:44:00.00000059,13.600908
2011-03-11 01:44:00.00000028,6.553992
2011-03-11 01:44:00.00000036,12.448017
2011-03-11 01:44:00.00000038,22.958849
2011-03-11 01:44:00.00000065,16.734013
2011-03-11 01:44:00.0000003,5.8223753
2013-01-27 00:09:12.0000003,7.8468843
2012-01-07 11:21:56.0000003,3.861241
2012-01-07 11:21:56.0000001,6.8337226
2012-10-31 12:17:24.0000002,13.098629
2012-10-20 02:05:08.0000003,7.0624404
2014-10-11 15:11:24.0000003,4.6417246
2009-08-17 12:27:08.0000002,10.428762
2014-04-09 09:23:12.0000004,13.086092
2009-11-25 19:32:52.0000004,5.220952
2014-05-30 00:09:16.0000007,5.9302216
2014-05-30 00:09:16.0000006,18.497417
2013-01-07 17:08:32.0000002,10.244015
2013-02-18 17:37:28.0000001,6.011986
2011-10-04 09:37:00.00000038,13.421008
2011-10-04 09:37:00.00000095,10.415396
2011-10-04 09:37:00.00000015,8.969248
2011-10-04 09:37:00.00000022,29.958563
2011-10-04 09:37:00.00000052,11.17038
2011-10-04 09:37:00.000000141,11.057259
2011-10-04 09:37:00.000000179,13.588025
2011-10-04 09:37:00.000000148,6.9038353
2011-10-04 09:37:00.00000014,7.05756
2011-10-04 09:37:00.00000085,6.199167
2011-10-04 09:37:00.000000162,12.8827715
2011-10-04 09:37:00.00000034,30.990248
2011-10-04 09:37:00.00000037,14.990392
2011-10-04 09:37:00.000000111,13.225578
2011-10-04 09:37:00.00000061,4.146589
2011-10-04 09:37:00.000000199,8.00509
2011-10-04 09:37:00.000000158,19.689064
2011-10-04 09:37:00.000000149,7.637001
2011-10-04 09:37:00.00000069,19.0846
2011-10-04 09:37:00.00000077,10.471826
2011-10-04 09:37:00.000000165,16.746899
2011-10-04 09:37:00.00000044,11.9558325
2011-10-04 09:37:00.000000191,12.473548
2011-10-04 09:37:00.000000164,5.46197
2011-10-04 09:37:00.000000135,4.8740935
2011-10-04 09:37:00.000000190,14.001003
2011-10-04 09:37:00.000000163,15.447522
2011-10-04 09:37:00.00000054,26.897943
2011-10-04 09:37:00.000000177,9.931645
2011-10-04 09:37:00.00000064,5.999338
2011-10-04 09:37:00.0000003,11.547481
2011-10-04 09:37:00.000000196,27.517862
2011-10-04 09:37:00.000000155,6.448769
2012-10-23 14:15:04.0000002,11.257367
2012-10-18 21:06:20.0000009,8.9838085
2012-10-18 21:06:20.0000007,11.380833
2014-12-24 03:00:00.00000016,14.937607
2014-12-24 03:00:00.00000025,8.732066
2014-12-24 03:00:00.00000029,7.687738
2014-12-24 03:00:00.00000040,11.358687
2014-12-24 03:00:00.0000007,4.8677235
2014-12-24 03:00:00.00000019,6.454523
2014-12-24 03:00:00.00000039,5.0573645
2010-10-07 10:54:20.0000003,46.74248
2011-02-21 20:11:08.0000006,9.852063
2009-10-04 22:54:56.0000002,11.276167
2015-04-11 20:31:32.00000011,6.7545724
2015-04-11 20:31:32.0000005,13.647814
2011-02-20 12:31:04.0000002,6.6881948
2013-01-01 22:04:56.0000002,9.410484
2013-01-01 22:04:56.0000003,8.354556
2013-04-23 17:52:44.0000003,56.71997
2010-01-01 13:19:40.0000004,11.439939
2010-03-06 23:51:08.0000003,12.352645
2014-04-27 02:57:00.000000155,11.333755
2014-04-27 02:57:00.00000072,10.874954
2014-04-27 02:57:00.00000043,7.89319
2014-04-27 02:57:00.00000073,15.441932
2014-04-27 02:57:00.00000013,15.958601
2014-04-27 02:57:00.000000191,6.645278
2014-04-27 02:57:00.000000171,18.410097
2014-04-27 02:57:00.000000162,19.731092
2014-04-27 02:57:00.00000082,13.557243
2014-04-27 02:57:00.00000023,7.1063995
2014-04-27 02:57:00.000000137,7.22972
2014-04-27 02:57:00.00000057,16.41681
2014-04-27 02:57:00.000000174,5.841908
2014-04-27 02:57:00.00000012,5.0314794
2014-04-27 02:57:00.000000158,5.105447
2014-04-27 02:57:00.000000138,33.39857
2014-04-27 02:57:00.000000172,11.071936
2014-04-27 02:57:00.000000195,11.193165
2014-04-27 02:57:00.000000131,6.456423
2014-04-27 02:57:00.000000140,13.864617
2014-04-27 02:57:00.000000154,5.18646
2014-04-27 02:57:00.00000036,6.6662455
2014-04-27 02:57:00.000000153,10.45774
2014-04-27 02:57:00.000000164,6.954693
2014-04-27 02:57:00.00000031,7.6798286
2014-04-27 02:57:00.000000116,27.249798
2014-04-27 02:57:00.000000187,9.7157755
2011-01-18 10:26:40.0000001,13.246789
2011-12-13 22:00:00.000000185,11.688744
2011-12-13 22:00:00.000000117,29.45898
2011-12-13 22:00:00.00000037,13.18475
2011-12-13 22:00:00.000000171,6.973081
2011-12-13 22:00:00.000000194,13.525168
2011-12-13 22:00:00.000000237,5.6647816
2011-12-13 22:00:00.000000160,7.338022
2011-12-13 22:00:00.000000145,4.578024
2011-12-13 22:00:00.00000035,9.522629
2011-12-13 22:00:00.00000081,5.351746
2011-12-13 22:00:00.00000015,7.2515407
2011-12-13 22:00:00.000000118,9.190014
2011-12-13 22:00:00.000000140,9.214249
2011-12-13 22:00:00.00000092,21.213438
2011-12-13 22:00:00.00000047,6.226213
2011-12-13 22:00:00.000000119,7.20818
2011-12-13 22:00:00.00000077,4.962056
2011-12-13 22:00:00.00000096,8.145644
2011-12-13 22:00:00.000000152,17.654478
2011-12-13 22:00:00.000000198,9.309081
2011-12-13 22:00:00.00000043,6.405927
2011-12-13 22:00:00.000000115,5.120242
2011-12-13 22:00:00.000000236,7.1476207
2011-12-13 22:00:00.000000200,6.022331
2011-12-13 22:00:00.0000001,20.286827
2011-12-13 22:00:00.000000251,6.727656
2011-12-13 22:00:00.00000049,6.1113095
2011-12-13 22:00:00.00000034,8.829049
2011-12-13 22:00:00.000000262,5.3791356
2011-12-13 22:00:00.00000018,22.55586
2011-12-13 22:00:00.000000108,5.1557813
2011-12-13 22:00:00.00000084,6.1301394
2014-05-13 07:33:52.0000005,6.2679114
2011-06-30 09:37:08.0000001,8.846049
2009-01-28 16:36:28.0000004,11.543341
2010-07-21 22:06:12.0000004,13.310266
2013-05-24 13:37:32.0000003,13.564487
2013-05-24 13:37:32.0000002,6.157599
2014-03-05 21:07:12.0000002,5.091705
2014-03-05 21:07:12.0000005,5.4315577
2009-11-28 15:07:24.0000002,7.4391894
2010-07-31 15:47:28.0000002,12.129589
2013-11-22 15:36:36.0000001,12.519334
2011-06-26 18:48:08.0000003,8.629214
2011-10-17 18:49:20.0000001,12.710342
2011-10-17 18:49:20.0000004,6.7976055
2014-07-21 18:19:00.00000053,7.949987
2014-07-21 18:19:00.00000085,8.876111
2014-07-21 18:19:00.000000175,7.038664
2014-07-21 18:19:00.00000076,11.094596
2014-07-21 18:19:00.000000147,12.5478735
2014-07-21 18:19:00.0000001,18.444248
2014-07-21 18:19:00.0000007,7.3542314
2014-07-21 18:19:00.000000234,10.214625
2014-07-21 18:19:00.000000188,8.067248
2014-07-21 18:19:00.00000024,9.501659
2014-07-21 18:19:00.000000158,4.8199053
2014-07-21 18:19:00.00000093,12.694692
2014-07-21 18:19:00.00000081,7.465755
2014-07-21 18:19:00.000000206,7.0053363
2014-07-21 18:19:00.00000095,27.906248
2014-07-21 18:19:00.000000164,4.148212
2014-07-21 18:19:00.00000062,6.6008863
2014-07-21 18:19:00.000000140,12.279999
2014-07-21 18:19:00.000000155,13.782498
2014-07-21 18:19:00.000000170,10.055243
2014-07-21 18:19:00.000000238,22.377676
2014-07-21 18:19:00.000000207,10.152248
2014-07-21 18:19:00.00000016,15.2040825
2014-07-21 18:19:00.000000237,14.556984
2014-07-21 18:19:00.00000045,5.863919
2014-07-21 18:19:00.000000110,5.3290577
2014-07-21 18:19:00.000000157,6.8505588
2014-07-21 18:19:00.000000236,11.647723
2014-07-21 18:19:00.000000151,7.6976075
2014-07-21 18:19:00.000000192,5.2218904
2014-07-21 18:19:00.00000086,6.335599
2014-07-21 18:19:00.00000040,7.1156893
2014-07-21 18:19:00.000000209,5.0142064
2014-07-21 18:19:00.000000138,12.850873
2014-07-21 18:19:00.000000131,11.352463
2014-07-21 18:19:00.000000243,8.997646
2014-07-21 18:19:00.000000199,13.483136
2014-07-21 18:19:00.00000041,12.598138
2014-07-21 18:19:00.000000180,13.453506
2014-07-21 18:19:00.00000052,8.215595
2014-07-21 18:19:00.00000084,7.3088403
2011-06-13 09:55:04.0000006,9.392495
2011-06-13 09:55:04.0000002,27.197004
2014-12-27 22:31:56.0000001,11.1678505
2014-12-27 22:31:56.0000003,27.767574
2010-09-20 16:48:00.00000050,9.835838
2010-09-20 16:48:00.00000055,8.52535
2010-09-20 16:48:00.000000154,9.51057
2010-09-20 16:48:00.000000106,14.518772
2010-09-20 16:48:00.000000163,17.022823
2010-09-20 16:48:00.000000121,42.32291
2010-09-20 16:48:00.000000111,44.13333
2010-09-20 16:48:00.000000124,10.267148
2010-09-20 16:48:00.000000143,6.9053864
2010-09-20 16:48:00.000000131,9.120319
2010-09-20 16:48:00.000000137,30.702335
2010-09-20 16:48:00.000000142,6.229008
2010-09-20 16:48:00.00000036,8.1458435
2010-09-20 16:48:00.0000007,14.779199
2010-09-20 16:48:00.000000112,10.790199
2010-09-20 16:48:00.000000104,9.360149
2010-09-20 16:48:00.00000056,16.477587
2010-09-20 16:48:00.000000114,9.592854
2010-09-20 16:48:00.000000152,9.165512
2010-09-20 16:48:00.00000072,24.627108
2010-09-20 16:48:00.0000004,10.366411
2010-09-20 16:48:00.00000058,17.669765
2010-09-20 16:48:00.00000081,9.394463
2010-09-20 16:48:00.000000116,7.347826
2010-09-20 16:48:00.00000040,12.581658
2010-09-20 16:48:00.00000019,12.57106
2010-09-20 16:48:00.000000134,10.638192
2010-09-20 16:48:00.00000084,43.48903
2010-09-20 16:48:00.00000016,10.2234125
2010-09-20 16:48:00.000000103,8.155574
2012-08-20 14:47:36.0000001,7.3262405
2011-12-01 01:36:08.0000001,4.0636826
2014-03-29 14:59:28.0000001,10.24179
2014-08-18 01:19:48.0000001,9.954676
2012-04-30 20:04:20.0000001,4.2898836
2013-07-13 18:28:20.0000003,56.675037
2014-10-07 19:04:08.0000003,5.8905625
2014-10-07 19:04:08.0000001,7.5687914
2013-08-21 09:32:24.0000001,4.700689
2015-01-26 07:13:44.0000001,35.394978
2011-03-06 21:01:00.0000003,11.05285
2011-03-06 21:01:00.000000155,4.2329283
2011-03-06 21:01:00.000000164,5.711833
2011-03-06 21:01:00.000000131,8.412618
2011-03-06 21:01:00.00000091,8.422415
2011-03-06 21:01:00.000000144,14.984997
2011-03-06 21:01:00.000000132,5.2954626
2011-03-06 21:01:00.000000134,5.1551476
2011-03-06 21:01:00.000000110,3.945567
2011-03-06 21:01:00.00000058,4.706524
2011-03-06 21:01:00.00000081,26.481466
2011-03-06 21:01:00.00000048,16.466717
2011-03-06 21:01:00.00000079,7.4184527
2011-03-06 21:01:00.000000142,12.627664
2011-03-06 21:01:00.00000090,9.439748
2011-03-06 21:01:00.000000125,6.582026
2011-03-06 21:01:00.000000119,3.7591176
2011-03-06 21:01:00.000000117,14.252924
2011-03-06 21:01:00.00000065,8.018341
2011-03-06 21:01:00.000000163,4.7518578
2011-03-06 21:01:00.000000159,7.3860474
2011-03-06 21:01:00.000000112,4.61621
2011-03-06 21:01:00.00000013,29.16275
2011-03-06 21:01:00.000000121,7.307482
2011-03-06 21:01:00.000000152,4.8026786
2011-03-06 21:01:00.00000059,10.944563
2011-03-06 21:01:00.00000041,7.17713
2011-03-06 21:01:00.000000174,7.97737
2011-03-06 21:01:00.000000171,5.856066
2011-03-06 21:01:00.00000069,14.237256
2011-03-06 21:01:00.00000050,3.9354453
2011-03-06 21:01:00.00000039,7.8423247
2011-03-06 21:01:00.00000082,7.3212066
2011-03-06 21:01:00.000000165,6.3846083
2011-03-06 21:01:00.000000103,4.4268775
2011-03-06 21:01:00.00000063,4.850714
2011-03-06 21:01:00.000000100,16.171215
2011-03-06 21:01:00.000000124,9.830447
2011-03-06 21:01:00.000000126,5.809273
2011-03-06 21:01:00.00000068,7.279948
2011-03-06 21:01:00.00000030,5.9400797
2009-11-24 08:58:48.0000008,5.6002893
2009-11-24 08:58:48.0000004,9.08248
2011-05-30 09:32:56.0000002,5.59349
2010-01-02 12:20:32.0000001,6.8821583
2010-10-05 02:09:00.00000026,6.5658817
2010-10-05 02:09:00.00000016,4.5854464
2010-10-05 02:09:00.00000019,18.078253
2010-10-05 02:09:00.00000014,5.803542
2010-10-05 02:09:00.0000004,7.4321737
2010-10-05 02:09:00.00000025,16.551111
2010-10-05 02:09:00.0000009,9.330883
2012-01-25 22:43:44.0000005,5.320619
2010-12-01 22:04:52.0000002,7.3473835
2013-06-23 02:54:32.0000001,17.66288
2013-11-18 15:07:28.0000003,9.546798
2013-08-06 23:56:32.0000002,7.066206
2013-08-06 23:56:32.0000001,26.726
2012-03-10 02:36:04.0000004,7.565263
2014-04-13 17:35:52.0000001,11.198101
2013-09-14 16:03:12.0000001,13.11232
2013-09-14 16:03:12.0000002,8.073232
2013-09-14 16:03:12.0000003,7.407623
2014-04-05 18:27:08.0000001,8.822381
2014-04-05 18:27:08.0000002,6.492943
2009-12-02 15:59:56.0000003,5.3393497
2010-01-03 02:03:40.0000001,4.2648373
2011-01-30 14:38:24.0000001,9.671623
2011-04-16 21:23:16.0000005,7.599234
2009-05-31 21:24:56.0000002,8.473425
2009-07-14 17:59:12.0000002,12.461953
2009-12-18 12:37:04.0000003,7.0124407
2012-11-21 15:12:48.0000002,6.118858
2011-10-07 22:08:20.0000002,7.6940827
2011-10-07 22:08:20.0000001,10.386211
2011-10-07 22:08:20.0000004,11.023782
2013-09-24 21:16:40.0000008,4.9872985
2013-09-24 21:16:40.0000005,5.250094
2014-01-25 12:36:52.0000003,9.514051
2012-01-26 07:33:00.000000101,5.4318833
2012-01-26 07:33:00.00000057,13.52552
2012-01-26 07:33:00.000000175,5.6856503
2012-01-26 07:33:00.00000024,7.396144
2012-01-26 07:33:00.00000097,7.2512293
2012-01-26 07:33:00.000000115,16.149137
2012-01-26 07:33:00.00000039,4.796099
2012-01-26 07:33:00.000000161,7.6991863
2012-01-26 07:33:00.000000173,9.338211
2012-01-26 07:33:00.000000183,9.793683
2012-01-26 07:33:00.00000020,11.606496
2012-01-26 07:33:00.00000022,9.254032
2012-01-26 07:33:00.000000136,6.6840463
2012-01-26 07:33:00.0000008,14.795598
2012-01-26 07:33:00.000000100,9.530642
2012-01-26 07:33:00.00000023,11.623955
2012-01-26 07:33:00.00000056,7.1830225
2012-01-26 07:33:00.00000018,8.208881
2012-01-26 07:33:00.00000076,20.903772
2012-01-26 07:33:00.00000080,7.1409264
2012-01-26 07:33:00.000000104,7.8245287
2012-01-26 07:33:00.00000082,4.838923
2012-01-26 07:33:00.00000025,4.995426
2012-01-26 07:33:00.000000181,35.07318
2012-01-26 07:33:00.000000105,5.671485
2015-03-20 23:34:40.0000001,9.407129
2015-03-20 23:34:40.0000008,8.482828
2015-03-20 23:34:40.0000003,19.310087
2013-12-14 03:20:48.0000003,11.176755
2010-12-09 07:29:00.000000164,11.549165
2010-12-09 07:29:00.000000141,12.1902685
2010-12-09 07:29:00.00000073,10.191826
2010-12-09 07:29:00.00000062,5.6463695
2010-12-09 07:29:00.000000139,6.9218655
2010-12-09 07:29:00.00000079,5.644116
2010-12-09 07:29:00.000000145,7.6505647
2010-12-09 07:29:00.0000006,5.4123764
2010-12-09 07:29:00.00000066,4.6471953
2010-12-09 07:29:00.000000171,8.493962
2010-12-09 07:29:00.000000136,7.181138
2010-12-09 07:29:00.00000026,20.564915
2010-12-09 07:29:00.00000044,4.9584417
2010-12-09 07:29:00.00000083,13.365317
2010-12-09 07:29:00.00000028,6.7896056
2010-12-09 07:29:00.000000168,10.07923
2010-12-09 07:29:00.000000180,5.57207
2010-12-09 07:29:00.00000094,5.8557277
2010-12-09 07:29:00.00000080,48.879646
2010-12-09 07:29:00.000000181,12.253629
2010-12-09 07:29:00.00000086,8.968307
2011-09-25 13:01:20.0000002,5.4241657
2014-02-20 18:49:04.0000001,11.641799
2010-08-21 23:02:28.0000004,5.1989326
2010-08-21 23:02:28.0000001,13.43295
2010-08-21 23:02:28.0000002,6.0145364
2012-05-08 03:50:00.00000017,20.562346
2012-05-08 03:50:00.00000010,6.7127676
2012-05-08 03:50:00.0000005,6.86652
2009-07-31 07:30:56.0000003,15.9376745
2012-03-06 07:33:04.0000001,11.463911
2015-03-12 19:43:24.0000006,37.946
2014-01-18 17:43:28.0000001,10.415626
2011-09-04 01:36:36.0000001,6.9374914
2010-08-09 08:53:56.0000001,6.42694
2015-02-01 00:48:44.0000002,5.5268493
2014-01-26 15:28:52.0000001,10.276891
2014-01-26 15:28:52.0000002,13.598413
2011-12-06 11:07:40.0000004,11.520094
2011-07-12 19:41:48.0000001,7.4190087
2010-09-16 14:27:16.0000002,9.240094
2015-02-14 20:20:56.0000003,5.351407
2009-01-22 12:27:20.0000002,15.582093
2011-04-23 21:22:20.0000003,9.68484
2011-04-23 21:22:20.0000004,13.616176
2015-02-21 18:39:16.0000003,5.478191
2015-02-21 18:39:16.0000004,8.173083
2009-04-23 00:05:40.0000002,8.064856
2013-03-09 21:40:52.0000001,10.288834
2010-07-22 09:37:12.0000002,33.871822
2012-07-31 02:46:40.0000001,9.106857
2015-02-21 17:23:28.0000004,13.53206
2012-11-19 22:15:32.0000001,8.237919
2009-01-26 18:26:48.0000005,6.9071903
2009-09-22 11:47:24.0000001,9.450793
2012-07-05 18:30:36.0000004,5.0013833
2012-11-20 21:54:00.000000225,6.1146564
2012-11-20 21:54:00.00000025,14.074051
2012-11-20 21:54:00.00000036,23.400711
2012-11-20 21:54:00.000000102,15.690565
2012-11-20 21:54:00.000000105,27.502256
2012-11-20 21:54:00.000000167,18.496971
2012-11-20 21:54:00.000000186,7.8874593
2012-11-20 21:54:00.000000172,6.176644
2012-11-20 21:54:00.000000202,15.684593
2012-11-20 21:54:00.000000179,36.74627
2012-11-20 21:54:00.000000110,8.488786
2012-11-20 21:54:00.00000076,7.987775
2012-11-20 21:54:00.000000195,21.543386
2012-11-20 21:54:00.000000131,32.589645
2012-11-20 21:54:00.0000002,14.58358
2012-11-20 21:54:00.00000068,28.074238
2012-11-20 21:54:00.000000138,10.006959
2012-11-20 21:54:00.00000090,8.702567
2012-11-20 21:54:00.000000169,8.438897
2012-11-20 21:54:00.00000065,8.839189
2012-11-20 21:54:00.000000121,25.598825
2012-11-20 21:54:00.00000024,5.5157804
2012-11-20 21:54:00.000000123,11.856875
2012-11-20 21:54:00.000000100,10.245308
2012-11-20 21:54:00.0000004,7.3248386
2012-11-20 21:54:00.00000098,5.9768014
2012-11-20 21:54:00.000000205,5.543531
2012-11-20 21:54:00.000000103,31.019337
2012-11-20 21:54:00.00000092,16.125433
2012-11-20 21:54:00.00000040,7.0702624
2012-11-20 21:54:00.00000069,26.608639
2012-11-20 21:54:00.000000148,17.341948
2012-11-20 21:54:00.000000233,5.4881525
2014-06-23 00:16:00.00000054,13.178403
2014-06-23 00:16:00.00000059,35.57676
2014-06-23 00:16:00.00000051,8.049088
2014-06-23 00:16:00.00000012,10.790145
2014-06-23 00:16:00.00000046,48.50627
2014-06-23 00:16:00.00000032,7.6776853
2014-06-23 00:16:00.00000017,15.054101
2014-06-23 00:16:00.0000006,5.2020226
2014-06-23 00:16:00.00000084,8.826644
2014-06-23 00:16:00.00000021,46.98065
2014-06-23 00:16:00.0000007,11.075047
2014-06-23 00:16:00.00000045,7.4986434
2014-06-23 00:16:00.00000083,25.827322
2014-06-23 00:16:00.00000048,34.77539
2014-06-23 00:16:00.00000058,7.774763
2014-06-23 00:16:00.00000075,7.856195
2014-06-23 00:16:00.00000027,9.460961
2014-06-23 00:16:00.00000031,10.308221
2009-04-25 10:52:56.0000001,5.322988
2009-04-25 10:52:56.0000003,5.359328
2009-04-20 11:11:40.0000002,9.345457
2009-10-22 21:57:36.0000001,16.805689
2013-11-28 11:00:04.0000001,10.259253
2014-05-25 15:07:04.0000001,6.057968
2011-08-18 13:00:16.0000001,5.745714
2013-09-25 22:00:00.000000167,9.354166
2013-09-25 22:00:00.00000033,6.2268267
2013-09-25 22:00:00.000000122,13.285398
2013-09-25 22:00:00.000000236,10.244054
2013-09-25 22:00:00.000000193,14.356374
2013-09-25 22:00:00.000000239,6.3626094
2013-09-25 22:00:00.00000086,14.150811
2013-09-25 22:00:00.000000201,12.026425
2013-09-25 22:00:00.000000170,16.298588
2013-09-25 22:00:00.00000080,5.517546
2013-09-25 22:00:00.00000021,5.785753
2013-09-25 22:00:00.000000240,7.8172064
2013-09-25 22:00:00.00000046,15.638848
2013-09-25 22:00:00.000000231,31.886887
2013-09-25 22:00:00.00000027,7.9167514
2013-09-25 22:00:00.00000045,5.6772537
2013-09-25 22:00:00.000000108,7.6851344
2013-09-25 22:00:00.000000125,11.333231
2013-09-25 22:00:00.000000232,7.0201025
2013-09-25 22:00:00.000000184,13.252774
2013-09-25 22:00:00.00000096,10.887431
2013-09-25 22:00:00.000000158,10.936509
2013-09-25 22:00:00.000000131,16.4649
2013-09-25 22:00:00.000000207,6.5469747
2013-09-25 22:00:00.00000068,8.614811
2013-09-25 22:00:00.000000194,13.009332
2013-09-25 22:00:00.00000011,56.83809
2013-09-25 22:00:00.000000243,20.216978
2013-09-25 22:00:00.000000138,12.870302
2013-09-25 22:00:00.00000069,8.217749
2013-09-25 22:00:00.00000067,6.8242326
2013-09-25 22:00:00.000000152,12.326049
2013-07-20 12:06:44.0000002,11.281242
2013-07-20 12:06:44.0000001,10.570597
2014-07-11 12:36:08.0000003,56.368015
2014-01-31 11:11:05.0000002,13.773024
2014-08-31 04:03:29.0000002,9.113582
2014-08-31 04:03:29.0000003,28.094334
2014-08-01 18:38:09.0000004,20.597525
2014-08-01 18:38:09.0000003,24.834322
2009-05-16 14:53:41.0000005,13.941853
2009-05-16 14:53:41.0000001,24.619326
2009-05-16 14:53:41.0000004,26.79965
2013-08-26 11:47:37.0000001,8.855129
2010-10-30 13:31:13.0000001,5.0426836
2014-05-09 00:30:41.0000004,10.288382
2012-03-05 13:24:37.0000002,6.240871
2010-07-01 22:11:33.0000005,7.1718316
2010-07-01 22:11:33.0000006,22.323214
2012-01-07 21:39:05.0000001,48.019417
2012-05-26 00:31:25.0000001,5.2558875
2014-10-07 11:52:13.0000006,10.404837
2015-06-13 19:17:09.0000005,6.49766
2009-11-28 13:50:17.0000004,5.8055077
2009-11-28 13:50:17.0000002,5.8307533
2015-01-13 12:07:53.0000005,7.779251
2015-01-13 12:07:53.0000003,8.414882
2012-01-31 09:15:49.0000001,7.84691
2011-03-22 12:59:49.0000002,27.336004
2011-03-22 12:59:49.0000006,7.302342
2013-07-05 00:58:17.0000001,4.6930895
2010-01-30 00:57:21.0000002,18.503613
2009-10-16 16:14:41.0000002,6.6551385
2011-03-13 05:34:57.0000002,11.2593975
2015-02-26 23:20:13.00000010,9.537157
2013-10-09 15:11:41.0000004,23.574362
2011-09-01 09:53:49.0000004,5.4837685
2010-09-28 00:16:53.0000003,6.95946
2010-07-25 04:03:17.0000003,17.676102
2010-07-25 04:03:17.0000002,4.6303244
2013-09-19 21:24:21.0000001,10.842963
2011-02-04 09:12:53.0000004,3.9379213
2012-03-08 12:33:25.0000003,13.873156
2009-07-31 18:15:57.0000001,8.486959
2009-07-10 20:17:05.0000003,4.1706753
2010-08-21 21:56:25.0000002,11.42712
2010-10-09 17:11:17.0000001,7.356634
2009-09-25 15:13:57.0000001,8.2425995
2009-09-25 15:13:57.0000003,6.114808
2009-09-25 15:13:57.0000002,11.586894
2010-05-03 08:36:41.0000004,7.5337286
2011-01-24 20:18:49.0000003,5.4314504
2010-01-23 14:32:17.0000003,5.314591
2012-06-02 01:16:05.0000004,16.978622
2011-10-20 13:46:33.0000003,9.802442
2014-10-28 12:23:09.0000001,17.756062
2011-07-11 20:43:33.0000004,11.585721
2011-07-11 20:43:33.0000005,24.22863
2011-07-11 20:43:33.0000001,5.910445
2013-02-23 14:25:29.0000002,15.005689
2010-01-30 18:58:33.0000008,9.672316
2010-01-30 18:58:33.0000006,9.42736
2010-01-30 18:58:33.0000001,6.9508533
2014-06-22 14:49:13.0000001,16.084024
2014-06-22 14:49:13.0000005,14.918748
2015-03-14 02:23:17.0000006,17.98538
2015-03-14 02:23:17.0000002,6.4817657
2015-03-14 02:23:17.0000004,15.138116
2012-03-12 01:08:09.0000001,7.7679167
2014-09-25 20:52:09.0000002,6.8501096
2014-09-25 20:52:09.0000005,22.453634
2012-12-15 06:35:45.0000001,12.149923
2012-01-05 05:51:01.0000001,7.8096056
2013-10-15 08:16:21.0000002,24.812952
2014-08-26 23:35:49.0000002,5.1384873
2009-08-28 23:01:41.0000001,8.341651
2009-08-28 23:01:41.0000006,4.3913455
2014-12-16 13:40:25.0000003,12.561886
2012-12-09 22:30:13.0000006,6.954812
2012-12-09 22:30:13.0000002,9.0358305
2012-12-09 22:30:13.0000004,16.196325
2011-05-11 19:56:09.0000001,4.7906604
2014-08-08 00:02:41.0000004,11.84132
2014-08-08 00:02:41.0000002,40.81486
2013-09-12 12:50:13.0000007,12.598697
2013-09-12 12:50:13.0000003,10.508583
2013-09-12 12:50:13.0000001,18.242882
2011-06-26 03:33:25.0000002,16.710865
2011-09-18 18:33:13.0000003,6.4235964
2014-03-04 16:24:45.0000001,85.340614
2014-11-10 10:52:41.0000001,37.422966
2009-12-22 15:59:53.0000003,12.34154
2014-05-08 21:23:41.0000001,10.52151
2012-07-15 03:53:37.0000001,14.453845
2012-07-15 03:53:37.0000002,11.067119
2012-07-15 03:53:37.0000003,8.662593
2013-06-10 11:29:13.0000001,12.321701
2015-04-25 01:06:17.0000007,14.181432
2015-04-25 01:06:17.0000003,13.533726
2012-10-28 13:55:57.0000001,8.59949
2011-06-12 01:07:57.0000003,7.4798565
2014-12-11 15:20:49.0000001,6.5208287
2011-06-19 04:08:49.0000002,14.553893
2012-04-14 22:29:37.0000001,5.5933104
2015-06-02 09:11:17.0000007,10.998324
2011-10-08 12:54:49.0000002,6.180924
2009-06-02 08:34:33.0000001,16.25848
2011-10-01 15:04:57.0000001,29.804186
2013-06-22 01:59:25.0000002,12.349048
2010-12-15 08:39:33.0000005,4.7368207
2012-05-26 11:54:53.0000001,6.9216843
2012-05-26 11:54:53.0000002,8.398491
2014-01-11 19:20:17.0000001,5.7913136
2015-01-05 21:43:13.0000001,24.26768
2011-07-19 22:20:41.0000002,13.345164
2011-07-19 22:20:41.0000004,7.9960976
2011-07-19 22:20:41.0000001,15.162936
2012-03-18 02:27:41.0000001,5.749286
2009-01-19 19:48:17.0000001,4.2292595
2009-01-19 19:48:17.0000002,5.2561483
2013-01-13 00:20:53.0000001,9.36732
2013-11-28 13:17:13.0000002,22.720192
2012-06-10 00:46:17.0000006,4.1976633
2012-06-10 00:46:17.0000003,13.790286
2012-06-10 00:46:17.0000005,9.052713
2010-02-20 04:04:13.0000004,21.48556
2014-01-01 16:33:01.0000005,14.337154
2010-10-01 13:11:05.0000001,5.8299623
2012-04-14 14:20:33.0000001,10.563421
2015-05-17 04:17:33.0000005,4.544316
2014-07-26 23:31:41.0000003,15.754441
2014-07-26 23:31:41.0000002,9.781792
2009-11-07 16:37:49.0000004,8.273921
2011-01-07 09:25:57.0000003,7.6143794
2012-07-18 16:28:21.0000001,7.7379317
2013-03-08 19:03:09.0000003,10.241523
2009-12-10 22:45:01.0000004,12.440981
2012-07-13 11:00:05.0000004,8.53423
2013-04-28 10:36:37.0000001,7.437647
2009-04-23 02:42:05.0000003,9.0663185
2013-06-08 16:55:13.0000003,9.143137
2012-10-25 16:20:37.0000004,7.5259023
2012-10-25 16:20:37.0000003,33.511524
2012-07-31 20:04:53.0000006,7.0541124
2012-07-31 20:04:53.0000002,5.571534
2009-07-14 22:41:09.0000003,6.6148524
2011-09-03 19:22:17.0000001,7.875844
2011-09-03 19:22:17.0000003,9.077872
2011-09-03 19:22:17.0000002,19.694782
2013-11-21 14:19:21.0000001,41.66585
2015-01-02 11:55:57.0000003,18.615
2013-11-23 22:19:37.0000004,5.6802444
2013-11-23 22:19:37.0000003,8.93965
2013-11-23 22:19:37.0000005,11.096299
2011-04-04 19:54:33.0000001,5.347581
2014-07-14 16:18:37.0000002,7.2440996
2014-03-18 19:55:17.0000001,7.0437827
2010-06-05 23:05:25.0000006,6.771977
2014-09-09 22:48:37.0000001,8.801463
2014-09-09 22:48:37.0000002,5.5040917
2014-03-28 21:55:17.0000003,4.893105
2014-03-28 21:55:17.0000001,7.239618
2009-09-24 22:41:17.0000001,8.553931
2012-04-27 18:37:09.0000002,8.89746
2014-04-05 18:11:33.0000002,15.421256
2013-11-07 22:25:25.0000003,7.471122
2013-11-07 22:25:25.0000001,4.5930634
2012-06-30 03:53:29.0000002,5.0538545
2011-05-19 16:01:41.0000001,7.0270457
2010-01-11 12:38:33.0000002,4.0173163
2010-10-16 09:26:33.0000001,8.447762
2010-10-16 09:26:33.0000003,6.216589
2014-07-25 18:06:37.0000007,6.995843
2014-05-13 21:07:29.0000004,9.624171
2014-05-13 21:07:29.0000001,29.630983
2013-11-16 18:33:25.0000005,11.945644
2009-08-02 14:01:33.0000004,7.8508587
2015-01-12 15:36:37.0000008,11.1883
2013-05-26 15:18:37.0000005,24.390394
2013-05-26 15:18:37.0000001,56.620266
2013-05-26 15:18:37.0000003,14.575889
2009-09-20 23:07:01.0000001,8.976033
2009-09-25 21:43:49.0000004,8.964877
2009-09-25 21:43:49.00000010,9.528421
2009-03-22 20:58:33.0000003,13.511936
2011-12-09 21:19:25.0000001,6.662487
2013-07-05 20:44:49.0000001,10.816076
2013-12-20 15:58:29.0000006,13.847907
2013-12-20 15:58:29.0000001,8.399194
2014-10-06 14:37:25.0000005,55.28164
2015-01-18 23:09:25.0000001,4.6257005
2014-02-06 13:26:49.0000002,4.84855
2013-02-27 19:25:13.0000001,16.421051
2009-09-15 08:28:53.0000003,11.129836
2012-07-18 22:34:53.0000003,6.948733
2011-05-17 22:09:17.0000002,4.2693987
2010-09-19 17:13:29.0000008,25.902449
2010-09-19 17:13:29.0000006,14.039924
2013-03-19 18:08:29.0000002,11.568837
2013-03-19 18:08:29.0000001,13.285484
2011-04-23 11:01:49.0000001,10.119861
2013-07-04 05:39:13.0000001,13.688933
2010-11-08 10:01:37.0000003,5.1573434
2009-04-01 19:28:09.0000001,6.060558
2011-11-26 02:04:29.0000004,4.7718306
2011-11-26 02:04:29.0000003,3.930949
2009-01-11 07:56:01.0000001,4.933515
2012-05-30 09:19:13.0000002,6.414385
2014-10-28 22:42:33.0000003,12.110182
2014-07-19 21:05:37.0000002,12.549239
2012-10-02 14:17:13.0000001,5.214344
2012-10-20 00:36:37.0000002,7.066362
2014-06-19 22:37:09.0000006,7.522011
2014-06-19 22:37:09.0000004,8.335027
2011-05-11 13:24:37.0000002,9.238857
2014-10-13 00:42:05.0000002,10.304537
2013-12-08 10:41:05.0000007,9.371529
2009-07-04 13:00:57.0000002,9.936519
2015-06-30 04:09:45.0000001,33.15245
2013-09-08 03:47:57.0000002,9.177233
2009-05-15 21:19:13.0000004,27.698557
2010-01-29 08:32:53.0000002,9.401312
2015-05-15 01:51:49.0000003,5.9768443
2012-11-12 10:06:17.0000003,7.5269985
2013-12-01 22:23:57.0000003,45.614098
2014-01-03 15:48:49.0000001,9.453593
2013-01-19 20:19:45.0000002,8.847417
2015-03-17 21:44:26.0000002,5.15301
2009-01-06 07:36:34.0000005,6.544398
2013-01-20 20:41:26.0000002,15.360815
2015-06-07 00:38:14.0000001,9.7176
2009-01-03 00:51:02.0000002,13.0937605
2009-01-03 00:51:02.0000001,10.479999
2009-08-02 05:08:42.0000001,22.660042
2013-10-18 09:06:14.0000002,6.827222
2009-04-26 17:29:42.0000001,6.9716988
2015-02-25 22:00:38.0000002,14.316415
2010-10-06 23:31:54.0000001,13.485192
2009-01-21 20:04:30.0000006,9.409026
2013-12-18 14:26:58.0000002,48.802547
2014-04-26 18:02:26.0000003,5.9941044
2014-10-05 13:58:18.0000002,7.765201
2014-10-05 13:58:18.0000001,7.7762613
2013-05-23 23:54:42.0000004,7.743401
2009-11-23 19:06:14.0000005,11.976648
2010-09-01 08:23:54.0000002,6.8391
2011-12-10 23:39:06.0000001,12.966945
2009-12-17 15:54:46.0000002,10.611158
2010-06-16 18:41:54.0000003,8.675472
2011-11-02 08:21:50.0000003,7.2195826
2011-11-02 08:21:50.0000001,9.356428
2009-03-15 03:31:14.0000003,6.190137
2014-09-08 19:07:46.0000001,7.8593254
2010-04-24 23:31:50.0000004,6.9800606
2010-04-24 23:31:50.0000002,12.650785
2011-03-03 21:31:42.0000004,5.41763
2011-03-03 21:31:42.0000002,13.471612
2011-09-05 10:47:26.0000001,6.9695616
2012-09-16 12:48:06.0000002,8.055882
2015-04-10 11:56:54.0000005,11.850347
2013-10-15 23:31:26.0000002,18.434921
2013-06-21 18:06:14.0000002,8.533773
2009-05-19 15:44:30.0000001,8.654683
2014-01-26 08:48:30.0000003,9.385152
2014-12-25 21:32:58.0000002,7.643927
2011-07-30 15:27:58.0000001,8.046517
2010-09-24 22:40:06.0000007,6.4389853
2010-02-06 17:37:10.0000005,48.365818
2010-02-06 17:37:10.0000001,12.271649
2012-08-13 15:02:26.0000001,8.188774
2013-01-14 18:42:54.0000004,7.2508774
2013-01-14 18:42:54.0000005,8.930177
2009-11-11 21:20:18.0000002,6.282518
2009-04-18 02:44:34.0000004,31.86086
2009-04-18 02:44:34.0000001,7.026564
2014-01-10 12:28:38.0000002,5.903894
2014-10-11 00:26:38.0000004,21.692331
2010-01-30 02:13:06.0000004,4.6158347
2009-08-26 23:55:38.0000001,7.8852105
2012-09-07 23:20:34.0000002,9.73738
2012-09-07 23:20:34.0000005,8.99816
2015-01-10 14:32:14.0000002,14.395189
2010-05-31 20:43:42.0000001,5.50455
2010-05-31 20:43:42.0000003,5.7225685
2014-05-18 14:43:26.0000004,8.165288
2011-10-08 18:18:26.0000002,5.7169986
2011-10-08 18:18:26.0000003,14.897763
2010-03-23 13:23:34.0000003,11.998886
2010-12-21 08:46:02.0000001,11.549252
2010-12-21 08:46:02.0000002,4.6112275
2010-06-19 22:52:30.0000003,7.949617
2013-01-03 01:43:10.0000002,9.830565
2013-11-24 03:44:46.0000001,14.994137
2011-04-16 12:57:18.0000002,4.7557874
2012-10-11 22:24:18.0000002,11.971246
2011-05-17 23:42:46.0000006,6.9009852
2011-05-17 23:42:46.0000003,3.8721824
2014-01-09 17:27:18.0000003,5.4796515
2014-01-09 17:27:18.0000004,9.234634
2010-01-09 13:24:22.0000002,45.49236
2010-01-09 13:24:22.0000001,7.44882
2009-03-11 21:46:54.0000006,6.5943866
2012-08-22 20:54:46.0000004,9.883096
2012-08-22 20:54:46.0000005,26.96885
2009-02-21 20:49:34.0000002,10.830508
2012-08-10 14:04:14.0000001,8.558968
2009-10-17 03:52:42.0000005,9.249494
2014-02-27 09:36:26.0000001,12.556275
2014-03-11 20:24:02.0000005,11.843114
2014-03-11 20:24:02.0000001,6.8005333
2015-05-07 15:33:26.0000004,5.154304
2012-09-10 21:07:54.0000008,7.3218284
2012-04-20 00:06:10.0000003,4.81383
2012-04-20 00:06:10.0000004,14.635358
2012-06-12 23:10:42.0000004,10.341167
2013-04-21 19:50:54.0000002,6.754978
2013-02-06 18:21:18.0000005,17.468723
2014-05-01 21:05:34.0000001,27.749887
2011-04-22 19:23:54.0000004,5.4318247
2011-09-17 15:41:06.0000002,8.122019
2015-03-05 13:21:58.0000001,56.20879
2015-06-21 17:16:10.0000001,7.557748
2010-06-02 22:04:10.0000002,28.467493
2010-06-02 22:04:10.0000001,8.368246
2015-02-27 19:36:02.0000008,13.273517
2015-02-27 19:36:02.0000005,8.833047
2013-04-06 19:16:10.0000002,7.645558
2014-03-08 16:08:26.0000006,18.14061
2014-03-08 16:08:26.0000005,4.970552
2013-12-06 23:40:42.0000004,6.803424
2013-12-06 23:40:42.0000005,14.646072
2014-09-13 19:05:02.0000001,7.0115566
2015-03-12 13:01:54.0000003,4.8752856
2015-03-12 13:01:54.0000006,5.7725425
2014-10-04 21:48:22.0000001,11.547983
2012-01-22 04:13:34.0000001,23.32139
2012-01-22 04:13:34.0000003,9.289114
2010-12-17 10:33:34.0000003,15.335859
2010-12-17 10:33:34.0000001,28.115438
2012-06-04 11:34:58.0000002,8.513201
2012-12-08 20:08:38.0000001,16.408209
2012-12-08 20:08:38.0000002,9.6287985
2013-12-29 01:20:50.0000002,19.447691
2014-03-28 22:34:26.0000002,9.507151
2013-09-07 19:43:18.0000002,15.832907
2013-09-07 19:43:18.0000007,6.754851
2010-03-07 00:47:26.0000002,12.859602
2010-03-07 00:47:26.0000003,6.8586507
2010-10-31 18:45:58.0000004,6.0665264
2015-02-03 09:00:58.0000003,37.094013
2012-08-08 08:58:50.0000002,6.093505
2011-04-08 15:01:02.0000002,5.590473
2015-01-10 09:38:54.0000006,6.4843526
2015-01-10 09:38:54.0000002,14.390016
2015-01-10 09:38:54.0000005,11.810258
2015-01-10 09:38:54.0000001,9.733293
2014-10-03 00:50:06.0000003,7.521437
2010-06-18 19:19:26.0000004,13.665612
2013-06-21 00:00:34.0000004,8.945555
2012-02-29 12:03:34.0000003,6.7572856
2013-09-16 14:16:34.0000002,29.467554
2011-03-10 18:16:14.0000002,6.726595
2011-05-19 02:06:46.0000001,7.114831
2014-08-08 15:26:18.0000001,8.8486185
2009-03-11 12:01:30.0000003,5.6189895
2012-07-26 12:40:38.0000004,9.626324
2014-05-26 22:57:10.0000001,10.45513
2010-09-04 18:31:42.0000004,12.542259
2011-09-22 20:05:22.0000002,6.3901234
2011-09-22 20:05:22.0000004,6.972067
2014-08-09 01:27:30.0000001,15.523372
2014-10-31 12:04:26.0000003,8.700548
2013-04-10 21:03:42.0000006,13.0148115
2011-12-29 19:29:50.0000002,8.41952
2013-03-14 21:43:46.0000002,4.3957205
2009-02-08 00:04:06.0000003,5.216892
2012-02-04 22:47:18.0000002,4.9650993
2012-05-06 03:01:10.0000001,20.319202
2014-07-08 08:56:58.0000002,5.045092
2014-07-08 08:56:58.0000005,5.2065773
2014-07-08 08:56:58.0000004,14.952928
2014-07-08 08:56:58.0000003,9.602055
2011-02-19 10:14:58.0000001,6.5110726
2010-08-16 17:14:18.0000002,6.779058
2012-12-27 21:01:54.0000002,15.041342
2015-05-31 20:48:54.0000002,14.360648
2013-01-06 12:39:54.0000006,4.9629316
2010-12-24 04:23:06.0000001,27.77123
2010-11-10 23:21:50.0000001,9.053803
2011-10-01 00:42:26.0000002,21.777693
2013-03-31 00:09:58.0000001,25.543186
2011-07-20 08:05:02.0000001,21.474062
2009-05-03 16:02:54.0000004,4.0819983
2012-09-06 17:58:06.0000002,9.60504
2014-04-06 16:47:14.0000001,14.516312
2014-04-06 16:47:14.0000002,29.047714
2014-09-06 03:52:50.0000001,11.657189
2014-01-01 13:06:34.0000002,12.262489
2011-12-25 15:35:54.0000002,6.06574
2011-12-25 15:35:54.0000005,4.5100164
2011-12-25 15:35:54.0000001,5.4986234
2015-05-14 23:11:58.0000004,13.637092
2015-04-22 09:54:06.0000001,7.0304713
2012-09-01 19:04:18.0000001,10.61201
2013-06-06 02:54:50.0000001,36.461662
2011-09-03 00:03:42.0000007,50.754356
2013-07-02 22:27:14.0000002,4.8716445
2011-07-18 00:04:54.0000001,12.777678
2011-04-03 03:46:18.0000001,5.6620383
2010-06-25 14:00:14.0000001,8.607295
2014-09-10 16:40:02.0000001,7.9568734
2011-03-01 07:23:14.0000002,5.325136
2011-06-24 13:23:18.0000005,11.847367
2012-01-01 18:02:46.0000001,18.4324
2015-03-28 19:31:26.0000004,9.605958
2010-07-13 11:53:15.0000006,10.648873
2010-07-13 11:53:15.0000005,6.965248
2010-07-13 11:53:15.0000003,5.6918645
2013-02-07 13:47:59.0000002,14.095184
2015-05-19 13:58:11.0000006,36.674435
2015-05-19 13:58:11.0000009,16.123259
2012-07-31 22:21:11.0000003,5.904015
2013-01-03 08:50:31.0000003,9.080518
2010-03-18 00:05:43.0000001,19.611433
2009-04-14 17:43:23.0000001,48.8103
2009-04-14 17:43:23.0000002,7.84326
2015-06-15 14:34:03.0000001,11.958303
2014-11-26 06:46:23.0000002,30.277506
2010-12-19 16:25:15.0000002,7.751895
2015-06-18 20:56:55.0000004,5.0605884
2015-06-18 20:56:55.0000008,17.167702
2015-04-28 20:15:27.0000003,6.997434
2013-01-23 13:49:19.0000001,8.083266
2012-01-03 08:49:15.0000005,10.883235
2012-06-09 19:03:11.0000005,7.8516436
2012-06-09 19:03:11.0000007,10.695921
2009-05-27 02:00:51.0000001,16.790737
2014-06-07 12:21:11.0000003,12.518067
2011-09-08 22:37:43.0000001,7.0977507
2010-06-18 22:52:11.0000001,22.613237
2011-09-13 13:31:51.0000001,12.013103
2011-09-13 13:31:51.0000005,7.1491604
2014-10-06 09:24:11.0000005,26.589771
2012-03-15 18:23:55.0000002,6.988886
2013-12-22 21:24:47.0000002,5.9889708
2011-11-23 21:07:43.0000001,6.429758
2010-11-17 19:10:23.0000003,6.0116286
2010-11-17 19:10:23.0000005,11.150033
2015-02-14 13:15:19.0000007,7.5879455
2013-01-12 22:40:39.0000008,8.111178
2013-01-12 22:40:39.0000009,19.658203
2013-01-12 22:40:39.0000007,7.05041
2010-02-15 14:20:31.0000002,24.863129
2010-02-15 14:20:31.0000003,5.0623245
2013-03-23 15:41:07.0000003,9.790561
2009-05-08 22:14:51.0000002,5.3428392
2010-01-31 00:33:03.0000005,7.4396133
2009-01-18 18:22:07.0000002,8.994208
2009-01-28 11:27:19.0000001,6.7683897
2015-05-20 19:39:11.0000003,15.303645
2014-01-11 17:47:47.0000001,8.166202
2012-07-12 02:46:07.0000001,8.268582
2014-03-05 23:16:07.0000001,13.439729
2014-12-17 20:56:31.0000003,10.528761
2010-10-09 15:48:51.0000003,29.795158
2013-10-10 11:09:23.0000001,16.1195
2014-10-12 09:23:55.0000001,11.80184
2013-01-08 07:03:07.0000001,7.08904
2012-10-28 17:21:19.0000001,8.147656
2012-10-28 17:21:19.0000003,11.350749
2014-12-26 20:46:23.0000001,11.119359
2015-05-10 12:37:51.0000003,12.609239
2010-12-11 13:31:11.0000003,6.411447
2010-03-01 22:21:55.0000003,6.661307
2010-03-01 22:21:55.0000002,15.385102
2015-03-08 14:59:23.0000001,32.89144
2015-03-08 14:59:23.0000003,35.54235
2009-06-08 11:06:23.0000001,65.29629
2014-01-26 13:51:39.0000001,8.673996
2014-11-30 15:46:23.0000003,4.961401
2011-08-20 15:50:39.0000001,10.2649
2010-06-22 14:25:19.0000008,49.261204
2010-06-22 14:25:19.0000001,5.874814
2014-05-25 19:46:59.0000003,24.25225
2014-04-04 05:47:11.0000002,13.374247
2013-01-11 20:08:07.0000003,9.4808235
2013-01-11 20:08:07.0000001,4.8586006
2013-10-09 17:27:39.0000001,55.492046
2015-01-12 17:05:51.0000004,7.9966497
2009-01-12 07:47:39.0000001,31.371914
2011-04-28 19:39:43.0000003,13.719703
2014-11-17 00:03:47.0000003,7.6985955
2014-11-17 00:03:47.0000001,10.256355
2013-08-18 00:32:15.0000003,7.226734
2013-05-23 12:09:23.0000005,6.8021336
2013-05-23 12:09:23.0000004,14.627725
2014-12-11 08:20:39.0000001,24.577223
2014-12-11 08:20:39.0000004,12.197462
2013-12-10 14:00:35.0000002,5.654417
2011-09-10 20:44:59.0000003,7.658068
2011-04-28 09:50:03.0000001,6.436639
2010-02-26 18:34:51.0000001,9.847485
2013-12-05 23:29:15.0000002,5.6470575
2012-12-13 19:05:27.0000004,6.0947227
2012-11-09 18:17:35.0000002,13.23989
2010-07-05 19:21:35.0000001,9.577087
2011-11-29 22:19:51.0000003,7.0452023
2009-01-30 22:47:07.0000002,14.612261
2009-01-30 22:47:07.0000005,5.7852197
2013-09-26 20:54:19.0000001,12.583113
2014-09-16 18:22:23.0000001,9.118051
2011-06-25 23:18:27.0000003,6.977241
2011-06-25 23:18:27.0000002,11.673306
2009-01-17 02:21:55.0000003,5.3538194
2014-11-01 15:31:15.0000001,5.8892117
2013-07-12 23:17:31.0000003,7.240341
2013-07-12 23:17:31.0000002,11.362808
2013-07-12 23:17:31.0000001,9.939433
2009-09-24 04:23:47.0000001,5.3222227
2009-04-20 21:08:35.0000005,7.5563
2009-04-20 21:08:35.0000004,9.493821
2009-04-06 13:47:15.0000001,4.315798
2013-11-29 21:36:07.0000002,18.725182
2013-11-29 21:36:07.0000001,8.776629
2012-04-14 11:59:11.0000003,10.313568
2009-03-06 00:13:03.0000002,11.939109
2010-04-23 00:00:03.0000001,24.14494
2010-05-22 23:46:19.0000004,8.610253
2012-06-09 22:57:15.0000004,7.2929134
2010-10-27 02:29:39.0000001,6.224618
2010-10-22 20:56:51.0000003,11.624589
2013-10-07 08:53:39.0000001,5.47153
2011-10-04 11:48:35.0000001,9.661077
2010-12-31 13:32:39.0000002,6.845062
2010-08-21 20:25:07.0000002,7.761312
2009-11-16 21:03:31.0000005,9.617268
2009-11-16 21:03:31.0000006,7.0047398
2010-12-01 21:02:35.0000003,12.952594
2010-04-20 11:53:23.0000001,6.549495
2013-09-20 13:38:55.0000005,6.7308207
2013-09-20 13:38:55.0000004,57.124676
2012-09-09 23:40:03.0000002,6.8066626
2012-09-09 23:40:03.0000004,11.138875
2010-05-23 15:28:55.0000002,10.019447
2012-10-15 20:10:31.0000005,16.488127
2013-06-07 13:52:55.0000005,9.368398
2009-06-04 19:34:15.0000005,9.2596655
2013-09-29 22:12:07.0000001,25.317526
2010-05-02 12:39:55.0000003,6.2690063
2010-05-02 12:39:55.0000001,15.476783
2015-05-20 00:59:15.0000001,8.127919
2009-12-03 18:02:47.0000003,8.718847
2009-12-03 18:02:47.0000002,50.273033
2009-09-28 19:21:59.0000007,5.3263445
2009-09-28 19:21:59.0000006,8.771787
2015-05-23 12:59:39.0000003,17.331917
2014-01-11 23:10:59.0000006,8.751519
2010-04-24 20:15:07.0000001,5.5346875
2013-05-24 07:22:51.0000001,8.841275
2009-08-06 02:50:03.0000001,15.378517
2014-08-08 17:32:47.0000003,8.4959
2010-09-22 09:42:31.0000003,10.222857
2013-08-19 19:39:23.0000002,15.205572
2015-03-11 16:36:39.0000004,30.233023
2015-05-29 18:59:35.0000006,16.147646
2011-10-26 17:48:43.0000005,9.802588
2009-11-03 19:53:27.0000002,5.8616037
2009-11-03 19:53:27.0000001,6.341906
2009-12-19 21:56:15.0000004,5.157244
2009-12-21 21:20:43.0000002,5.7341037
2009-08-21 15:35:07.0000001,13.344526
2010-04-25 13:28:47.0000001,8.21378
2010-11-02 18:49:59.0000004,8.377948
2010-04-21 06:28:47.0000001,49.56374
2015-02-11 20:51:51.0000001,4.549448
2013-12-07 01:41:59.0000002,7.124353
2013-05-21 06:52:59.0000003,33.377487
2014-07-12 00:15:59.0000001,11.0516205
2010-06-13 19:39:51.0000002,9.429442
2009-03-31 10:27:19.0000003,10.548097
2013-09-14 18:28:03.0000001,6.427956
2015-02-14 09:08:11.0000002,9.208698
2012-01-19 20:26:35.0000002,5.95456
2012-01-19 20:26:35.0000003,5.3773184
2012-01-19 20:26:35.0000006,16.357344
2015-02-25 18:00:51.0000001,6.57945
2015-02-25 18:00:51.0000007,5.713396
2009-08-08 11:41:51.0000003,6.3392596
2013-06-02 16:26:47.0000001,7.823121
2011-09-14 00:50:15.0000001,10.776199
2013-02-16 14:26:51.0000003,5.5393844
2012-11-12 11:57:03.0000001,7.1480184
2012-01-04 00:06:39.0000002,5.6833863
2013-06-21 02:39:47.0000001,13.916517
2010-12-28 20:17:27.0000005,9.344437
2010-12-28 20:17:27.0000003,10.248182
2009-12-12 22:01:31.0000001,4.887038
2011-05-20 23:42:59.0000001,7.2018347
2014-01-04 10:54:59.0000005,8.167075
2014-01-04 10:54:59.0000002,10.371932
2012-02-11 04:52:35.0000001,4.297345
2014-09-14 23:26:11.0000001,7.45971
2014-04-05 01:52:27.0000002,25.790426
2010-02-23 20:29:51.0000004,8.215083
2013-11-01 13:07:47.0000003,17.762709
2015-03-07 15:25:59.0000003,5.0864506
2009-04-16 15:57:31.0000001,9.169682
2010-01-10 12:55:43.0000003,9.128713
2010-01-10 12:55:43.0000004,21.151024
2010-01-10 12:55:43.0000001,5.0298233
2015-03-16 21:12:19.0000002,6.704161
2015-03-16 21:12:19.0000006,17.827295
2012-09-29 20:16:51.0000004,6.109823
2009-07-30 15:49:15.0000002,14.032925
2009-07-30 15:49:15.0000004,8.736004
2013-11-18 16:18:39.0000001,56.25753
2015-01-18 14:06:23.0000001,10.196454
2015-01-18 14:06:23.0000004,5.9952817
2015-01-18 14:06:23.0000003,7.10919
2009-09-07 19:35:39.0000001,7.2947884
2014-06-14 13:39:00.000000155,5.2583537
2014-06-14 13:39:00.000000174,9.713868
2014-06-14 13:39:00.000000104,9.546353
2014-06-14 13:39:00.00000083,54.83262
2014-06-14 13:39:00.00000056,6.575142
2014-06-14 13:39:00.000000102,13.517334
2014-06-14 13:39:00.00000065,23.210161
2014-06-14 13:39:00.000000137,12.278936
2014-06-14 13:39:00.0000002,55.886803
2014-06-14 13:39:00.00000028,6.0955896
2014-06-14 13:39:00.000000194,6.173477
2013-06-27 00:20:40.0000002,5.014909
2014-12-30 20:29:24.0000001,5.548058
2011-03-24 15:57:04.0000002,4.510333
2012-06-09 16:53:44.0000001,8.470548
2011-10-02 23:36:00.0000001,18.10365
2011-10-02 23:36:00.00000050,24.6434
2011-10-02 23:36:00.00000069,7.933741
2011-10-02 23:36:00.00000093,9.167889
2011-10-02 23:36:00.00000010,10.368583
2011-10-02 23:36:00.00000017,10.640485
2011-10-02 23:36:00.00000072,10.885675
2011-10-02 23:36:00.00000025,9.80772
2011-10-02 23:36:00.00000019,5.2691145
2013-03-21 12:47:28.0000001,11.011484
2013-06-07 03:02:56.0000003,12.054043
2009-06-10 16:55:00.000000123,4.9254737
2009-06-10 16:55:00.000000150,11.888371
2009-06-10 16:55:00.00000064,7.619492
2009-06-10 16:55:00.00000062,12.035631
2009-06-10 16:55:00.0000005,4.896366
2009-06-10 16:55:00.0000006,19.674791
2009-06-10 16:55:00.000000130,9.1005535
2009-06-10 16:55:00.000000175,6.0786657
2009-06-10 16:55:00.00000041,48.403805
2009-06-10 16:55:00.000000152,4.999933
2009-06-10 16:55:00.000000155,9.578434
2009-06-10 16:55:00.00000061,5.7158566
2011-06-24 12:03:00.000000131,5.4917107
2011-06-24 12:03:00.000000184,10.125183
2011-06-24 12:03:00.00000081,9.236578
2011-06-24 12:03:00.0000007,7.4997616
2011-06-24 12:03:00.00000028,6.0881357
2011-06-24 12:03:00.000000198,7.3321776
2014-06-15 07:06:00.0000004,13.477032
2014-06-15 07:06:00.00000011,11.0971
2014-06-06 16:22:20.0000001,8.740089
2009-09-14 02:19:00.00000043,5.586092
2009-09-14 02:19:00.00000027,7.8448763
2009-09-14 02:19:00.00000042,7.7413106
2009-09-14 02:19:00.00000034,15.777036
2009-09-14 02:19:00.00000033,8.148621
2010-08-21 22:21:32.0000001,10.044461
2010-08-21 22:21:32.0000002,7.6738696
2012-05-06 23:37:24.0000003,10.582113
2013-12-21 17:20:32.0000002,55.539337
2014-04-28 19:46:36.0000002,8.112131
2011-06-01 07:37:00.00000080,41.698036
2011-06-01 07:37:00.000000164,9.966329
2011-06-01 07:37:00.00000074,23.657764
2011-06-01 07:37:00.00000085,16.160013
2011-06-01 07:37:00.0000003,7.5337887
2011-06-01 07:37:00.000000159,22.408997
2011-06-01 07:37:00.00000052,23.5087
2011-06-01 07:37:00.000000218,17.283165
2011-06-01 07:37:00.00000062,6.315707
2011-06-01 07:37:00.00000031,6.675402
2010-08-27 18:45:00.000000170,11.030722
2010-08-27 18:45:00.00000044,17.791216
2010-08-27 18:45:00.000000146,6.8325343
2010-08-27 18:45:00.00000035,7.058415
2010-08-27 18:45:00.000000139,7.3485823
2010-08-27 18:45:00.00000051,6.040732
2010-08-27 18:45:00.000000186,5.324415
2010-08-27 18:45:00.000000102,7.701389
2010-08-27 18:45:00.000000164,11.86548
2010-08-27 18:45:00.000000199,13.113035
2010-08-27 18:45:00.000000174,7.345559
2010-08-27 18:45:00.000000187,5.7808857
2010-08-27 18:45:00.000000172,14.664774
2010-08-14 02:13:00.000000105,9.852913
2010-08-14 02:13:00.000000159,4.7668643
2010-08-14 02:13:00.00000040,6.6686864
2010-08-14 02:13:00.000000147,9.706379
2010-08-14 02:13:00.000000145,6.727494
2010-08-14 02:13:00.00000061,7.7362547
2010-08-14 02:13:00.000000150,17.312971
2010-08-14 02:13:00.00000024,7.022059
2010-08-14 02:13:00.000000167,8.554026
2010-08-14 02:13:00.00000099,8.346324
2010-08-14 02:13:00.000000120,10.072458
2010-08-14 02:13:00.00000027,6.1186476
2010-08-14 02:13:00.00000063,11.51444
2010-08-14 02:13:00.000000164,5.723835
2010-08-14 02:13:00.000000143,16.54346
2010-08-14 02:13:00.000000156,21.66003
2010-08-14 02:13:00.000000123,15.175956
2014-03-25 23:47:00.00000013,5.38711
2014-03-25 23:47:00.000000116,10.260658
2014-03-25 23:47:00.000000141,5.806703
2014-03-25 23:47:00.000000107,7.985628
2014-03-25 23:47:00.00000068,6.1814594
2014-03-25 23:47:00.00000098,18.614773
2014-03-25 23:47:00.000000138,13.244287
2014-03-25 23:47:00.000000120,10.673611
2015-06-05 08:38:56.0000003,10.735373
2010-09-29 16:43:00.000000154,32.902542
2010-09-29 16:43:00.000000157,6.140334
2010-09-29 16:43:00.00000099,9.232651
2010-09-29 16:43:00.00000023,7.146311
2010-09-29 16:43:00.000000148,14.74155
2014-10-27 14:58:00.00000028,8.4105
2014-10-27 14:58:00.00000069,10.110224
2014-10-27 14:58:00.000000106,7.935055
2014-10-27 14:58:00.00000070,5.6655602
2014-10-27 14:58:00.000000121,12.914663
2014-10-27 14:58:00.00000022,13.685436
2014-10-27 14:58:00.00000057,21.466015
2009-10-08 23:44:56.0000002,5.8902864
2012-11-03 17:11:00.00000080,11.455613
2012-11-03 17:11:00.00000030,6.3698425
2012-11-03 17:11:00.000000149,4.8824105
2012-11-03 17:11:00.00000078,10.232011
2012-11-03 17:11:00.00000063,10.43188
2012-11-03 17:11:00.000000142,6.309448
2012-11-03 17:11:00.000000101,8.379669
2011-05-28 17:29:44.0000003,7.406477
2011-03-11 01:44:00.00000023,21.083754
2011-03-11 01:44:00.00000014,5.1721272
2011-03-11 01:44:00.00000067,7.2543125
2011-03-11 01:44:00.00000019,7.230805
2011-03-11 01:44:00.00000082,26.126308
2011-03-11 01:44:00.00000084,4.4795985
2011-03-11 01:44:00.00000033,9.64167
2011-03-11 01:44:00.00000051,12.67865
2011-03-11 01:44:00.00000011,20.016674
2013-12-16 19:06:44.0000001,7.392351
2009-05-08 18:00:36.0000001,4.2911634
2013-01-27 00:09:12.0000008,12.2340555
2013-09-15 02:37:52.0000002,11.314552
2009-04-05 09:48:20.0000001,4.45977
2009-11-25 19:32:52.0000001,11.126615
2011-10-04 09:37:00.00000099,6.5461974
2011-10-04 09:37:00.00000019,9.330164
2011-10-04 09:37:00.000000132,17.226925
2011-10-04 09:37:00.00000043,38.298634
2011-10-04 09:37:00.000000122,31.317694
2011-10-04 09:37:00.0000002,10.736211
2011-10-04 09:37:00.000000109,5.977976
2014-04-29 08:15:56.0000003,7.20529
2014-12-24 03:00:00.00000035,4.3859973
2009-10-04 22:54:56.0000001,21.69819
2015-04-11 20:31:32.0000008,9.928531
2015-04-11 20:31:32.00000013,13.273495
2011-02-06 17:08:24.0000003,6.6220846
2014-04-27 02:57:00.00000010,14.731045
2014-04-27 02:57:00.00000053,8.310741
2014-04-27 02:57:00.000000128,5.859705
2014-04-27 02:57:00.0000008,9.28215
2014-04-27 02:57:00.00000067,10.738887
2014-04-27 02:57:00.0000009,4.3126597
2014-04-27 02:57:00.000000159,14.171009
2014-04-27 02:57:00.000000127,10.274229
2014-04-27 02:57:00.000000112,10.143153
2011-12-13 22:00:00.000000147,14.749601
2011-12-13 22:00:00.000000164,5.2525163
2011-12-13 22:00:00.00000078,5.6460786
2011-12-13 22:00:00.000000103,9.097109
2011-12-13 22:00:00.000000226,5.8104653
2011-12-13 22:00:00.000000215,9.314137
2011-12-13 22:00:00.00000013,9.343065
2011-12-13 22:00:00.000000258,6.4042263
2011-12-13 22:00:00.00000087,43.728172
2011-12-13 22:00:00.000000270,5.1909695
2011-12-13 22:00:00.00000073,9.246943
2011-12-13 22:00:00.000000203,4.802572
2011-12-13 22:00:00.000000184,4.0303855
2011-12-13 22:00:00.00000019,5.6725626
2011-12-13 22:00:00.000000101,24.30271
2011-12-13 22:00:00.000000122,19.032583
2011-12-13 22:00:00.000000190,7.9130316
2011-12-13 22:00:00.00000021,4.9345617
2011-12-13 22:00:00.00000051,8.5577965
2011-12-13 22:00:00.00000036,7.972229
2011-12-13 22:00:00.00000022,6.7107143
2009-04-12 16:00:56.0000002,10.896514
2014-03-05 21:07:12.0000001,5.3719883
2015-04-11 14:16:12.0000009,6.1729946
2014-07-21 18:19:00.000000203,8.21461
2014-07-21 18:19:00.000000229,12.140303
2014-07-21 18:19:00.000000146,5.4472017
2014-07-21 18:19:00.000000108,9.435466
2014-07-21 18:19:00.000000171,6.2356057
2014-07-21 18:19:00.00000090,14.742111
2014-07-21 18:19:00.00000020,7.0572944
2014-07-21 18:19:00.00000059,24.74356
2014-07-21 18:19:00.000000185,7.881909
2014-07-21 18:19:00.000000186,11.998352
2014-07-21 18:19:00.000000201,11.241299
2014-07-21 18:19:00.000000217,3.9923105
2014-07-21 18:19:00.00000017,7.6162896
2014-07-21 18:19:00.00000079,10.362711
2014-07-21 18:19:00.00000087,8.207555
2011-06-13 09:55:04.0000003,13.073261
2010-09-20 16:48:00.00000025,11.677357
2010-09-20 16:48:00.00000085,44.53112
2010-09-20 16:48:00.00000069,29.214022
2010-09-20 16:48:00.00000086,8.074413
2010-09-20 16:48:00.00000021,11.21907
2010-09-20 16:48:00.00000024,8.2049
2010-09-20 16:48:00.000000100,9.660499
2010-09-20 16:48:00.0000008,17.23563
2010-09-20 16:48:00.00000074,13.272164
2012-08-20 14:47:36.0000002,9.088342
2014-12-01 00:12:44.0000002,28.964605
2009-03-16 09:55:24.0000001,6.2525725
2011-03-06 21:01:00.00000017,6.635483
2011-03-06 21:01:00.000000161,6.4869576
2011-03-06 21:01:00.000000170,7.0762234
2011-03-06 21:01:00.00000078,9.018202
2011-03-06 21:01:00.000000160,8.085437
2013-02-26 01:38:20.0000001,6.9135337
2014-09-22 07:14:16.0000001,6.110431
2010-10-05 02:09:00.00000017,6.5004363
2010-10-05 02:09:00.00000024,15.728804
2010-10-05 02:09:00.00000020,4.945756
2011-04-16 21:23:16.0000001,6.4649787
2013-10-05 19:51:04.0000001,8.091124
2011-10-07 22:08:20.0000005,8.897654
2012-03-14 19:10:48.0000003,4.399759
2009-06-21 04:28:48.0000001,14.945569
2011-06-25 11:42:36.0000001,9.3717375
2012-01-26 07:33:00.000000145,7.336073
2012-01-26 07:33:00.00000030,4.2962527
2012-01-26 07:33:00.000000121,4.947249
2012-01-26 07:33:00.000000151,9.74911
2012-01-26 07:33:00.00000044,7.2961545
2015-03-20 23:34:40.0000009,17.953764
2015-03-20 23:34:40.0000005,6.802103
2015-05-21 07:08:08.0000001,10.055726
2010-12-09 07:29:00.000000156,5.1061344
2010-12-09 07:29:00.0000002,7.200069
2010-12-09 07:29:00.00000081,13.870529
2010-08-21 23:02:28.0000003,12.47566
2009-10-29 10:48:40.0000003,7.837509
2015-02-01 00:48:44.0000003,7.9860725
2015-02-01 00:48:44.0000005,5.26424
2011-12-06 11:07:40.0000002,7.1843557
2011-12-06 11:07:40.0000003,15.2008705
2013-05-18 15:28:40.0000001,9.311813
2013-09-01 17:57:04.0000001,7.8330536
2015-02-21 18:39:16.0000001,9.966922
2013-07-22 15:05:16.0000005,10.8940115
2010-12-25 13:54:12.0000002,7.2414355
2013-11-29 20:09:12.0000001,17.655857
2011-10-25 20:34:20.0000002,9.8389015
2012-11-20 21:54:00.000000152,5.4314103
2012-11-20 21:54:00.00000071,27.795183
2012-11-20 21:54:00.00000078,10.846278
2012-11-20 21:54:00.00000073,9.095455
2012-11-20 21:54:00.00000066,11.138553
2012-11-20 21:54:00.000000189,7.3192935
2012-11-20 21:54:00.00000016,12.849742
2012-11-20 21:54:00.0000007,10.267172
2012-11-20 21:54:00.000000161,15.407373
2012-11-20 21:54:00.000000174,9.04025
2012-11-20 21:54:00.00000084,9.651487
2012-11-20 21:54:00.000000173,7.530957
2014-06-23 00:16:00.00000086,9.038991
2014-06-23 00:16:00.00000042,49.51944
2014-06-23 00:16:00.00000010,6.4887285
2011-09-30 03:23:32.0000001,13.827034
2011-01-03 21:51:28.0000003,7.4084425
2013-09-25 22:00:00.00000018,8.021359
2013-09-25 22:00:00.00000071,10.484518
2013-09-25 22:00:00.000000114,10.744002
2013-09-25 22:00:00.000000191,8.421524
2013-09-25 22:00:00.0000006,8.485117
2013-09-25 22:00:00.000000113,4.871625
2013-09-25 22:00:00.000000212,4.9386744
2013-09-25 22:00:00.00000066,5.9479203
2011-07-06 18:07:44.0000004,5.26124
2014-07-11 12:36:08.0000001,15.35378
2015-02-20 11:08:29.0000007,11.227406
2009-05-16 14:53:41.0000003,5.9304695
2010-07-01 22:11:33.0000003,4.9328165
2014-10-07 11:52:13.0000008,7.008763
2015-02-26 23:20:13.0000008,15.853914
2011-11-28 14:13:37.0000002,7.6884546
2013-08-30 11:20:21.0000003,34.812046
2014-10-25 23:23:05.0000001,10.566304
2014-10-25 23:23:05.0000002,13.373061
2011-07-02 00:38:01.0000001,8.356645
2014-02-08 17:24:57.0000002,8.610605
2013-02-16 16:03:17.0000001,14.731046
2011-01-24 20:18:49.0000005,8.694339
2012-04-07 12:14:05.0000001,14.514021
2011-10-20 13:46:33.0000002,10.210859
2013-11-29 15:09:45.0000003,7.9629083
2014-06-22 14:49:13.0000002,36.87377
2009-08-28 23:01:41.0000002,7.7538686
2010-06-11 13:37:21.0000003,9.565676
2013-06-17 06:37:49.0000002,4.2540126
2015-06-02 09:11:17.0000002,46.598225
2014-12-07 19:56:45.0000001,15.090215
2013-04-23 13:19:17.0000001,8.6742935
2013-11-28 13:17:13.0000003,6.7903767
2012-06-10 00:46:17.0000001,9.597783
2010-02-27 22:55:09.0000001,5.751561
2012-04-14 14:20:33.0000002,8.007748
2013-03-08 19:03:09.0000002,6.1248937
2012-07-13 11:00:05.0000005,4.2792416
2014-07-01 11:05:21.0000003,8.531373
2012-10-25 16:20:37.0000005,11.061041
2011-03-24 17:44:01.0000002,10.456651
2014-07-25 18:06:37.0000006,14.54525
2009-08-02 14:01:33.0000005,9.289553
2009-09-25 21:43:49.0000009,11.486173
2011-12-09 21:19:25.0000003,6.3333273
2011-12-09 21:19:25.0000004,10.488962
2012-02-08 11:14:49.0000003,18.117355
2012-07-18 22:34:53.0000002,4.9890304
2012-07-18 22:34:53.0000004,6.775904
2009-09-04 18:43:33.0000002,4.9551315
2011-04-23 11:01:49.0000002,29.461073
2014-10-28 22:42:33.0000004,4.319371
2010-06-20 12:42:37.0000002,5.7063866
2015-02-19 11:39:21.0000004,42.533722
2013-12-08 10:41:05.0000002,5.962996
2009-05-15 21:19:13.0000003,5.379003
2011-08-18 08:36:13.0000005,5.609714
2012-12-20 23:43:09.0000004,19.02245
2009-06-13 18:40:13.0000001,14.263078
2009-01-06 07:36:34.0000001,8.357819
2015-04-12 21:56:22.0000003,8.665259
2010-03-21 16:52:58.0000003,8.512766
2013-07-09 21:59:42.0000001,23.610859
2012-06-23 09:43:42.0000002,4.63862
2012-06-23 09:43:42.0000004,5.0531855
2013-10-26 10:46:46.0000003,37.70628
2013-09-14 18:51:46.0000001,6.6661186
2009-11-23 19:06:14.0000001,7.485396
2010-01-24 14:09:58.0000002,5.8997226
2011-12-10 23:39:06.0000003,5.7358837
2011-01-15 04:13:38.0000001,5.882226
2011-03-03 21:31:42.0000003,5.645045
2012-08-04 23:34:58.0000003,12.471552
2015-04-10 11:56:54.0000006,7.5320725
2015-05-05 12:32:14.0000008,17.913866
2013-10-13 19:52:54.0000002,43.24101
2015-06-25 01:01:46.0000004,12.558555
2009-05-19 15:44:30.0000002,29.764248
2010-02-06 17:37:10.0000002,6.0420246
2013-01-14 18:42:54.0000003,7.5298057
2014-01-05 17:47:02.0000001,12.627452
2009-07-28 11:13:10.0000002,7.43803
2012-01-12 18:05:10.0000002,25.153326
2010-12-21 08:46:02.0000006,5.7549005
2013-11-24 03:44:46.0000003,21.622002
2013-06-30 03:37:26.0000003,14.465461
2011-05-26 21:36:54.0000004,6.5125785
2009-03-11 21:46:54.0000002,10.303355
2012-12-26 17:12:30.0000002,11.723598
2013-04-21 19:50:54.0000001,11.364018
2013-02-06 18:21:18.0000001,10.585154
2013-07-21 11:41:26.0000003,11.384785
2011-09-17 15:41:06.0000004,13.325884
2015-06-21 17:16:10.0000005,12.143026
2015-02-27 19:36:02.00000013,8.082974
2015-06-15 01:00:06.0000001,4.264277
2014-03-08 16:08:26.0000001,4.143152
2014-03-08 16:08:26.0000003,8.565567
2014-09-13 19:05:02.0000002,7.5922675
2010-12-04 21:08:38.0000004,22.834402
2010-03-07 00:47:26.0000001,4.78364
2009-12-30 16:54:50.0000001,22.172169
2009-03-11 16:02:14.0000007,12.358205
2010-03-13 01:23:10.0000001,5.639734
2012-05-30 02:28:50.0000002,7.560296
2010-09-04 18:31:42.0000003,6.690533
2009-11-20 23:19:58.0000003,8.790748
2011-09-22 20:05:22.0000003,10.607098
2009-02-08 00:04:06.0000001,23.782764
2014-05-17 10:51:46.0000003,12.6736765
2010-05-06 11:35:26.0000002,10.904803
2011-10-01 00:42:26.0000001,7.057774
2014-12-26 20:19:38.0000001,6.45253
2015-04-22 09:54:06.0000004,11.771977
2009-01-25 21:17:18.0000001,10.743565
2011-08-01 17:44:30.0000003,21.99741
2012-03-25 04:50:39.0000001,28.961384
2012-12-26 18:28:55.0000004,9.479937
2011-07-06 19:56:23.0000005,13.6363535
2012-08-19 12:06:39.0000002,12.333879
2015-04-28 20:15:27.0000004,6.8694277
2015-04-28 20:15:27.0000007,7.695129
2014-06-07 12:21:11.0000002,37.062237
2013-12-22 21:24:47.0000001,9.613312
2011-11-23 21:07:43.0000004,7.761486
2011-08-08 11:18:15.0000001,7.190766
2015-05-20 19:39:11.0000004,8.6721735
2015-03-20 16:33:07.0000003,44.233253
2015-04-26 21:44:23.0000002,4.9486513
2010-10-09 15:48:51.0000004,5.647531
2012-04-27 22:32:19.0000002,7.333813
2012-10-12 15:21:55.0000002,12.353921
2009-12-26 09:23:19.0000001,6.490531
2014-11-30 15:46:23.0000002,4.6853433
2010-06-22 14:25:19.0000007,9.548236
2013-01-03 11:41:47.0000002,27.114056
2015-01-12 17:05:51.0000005,35.230534
2013-04-07 00:24:27.0000002,6.521603
2010-01-13 08:28:59.0000002,4.9496446
2012-06-16 14:33:19.0000001,7.3309245
2009-03-25 01:20:55.0000002,10.027761
2010-07-13 07:38:03.0000003,15.626636
2012-11-09 18:17:35.0000004,6.0706797
2009-06-21 00:54:23.0000002,7.652704
2009-12-23 20:14:19.0000004,7.806072
2013-11-29 21:36:07.0000003,5.9771
2012-06-09 22:57:15.0000003,6.3032513
2010-10-22 20:56:51.0000002,7.2101502
2011-02-21 23:46:07.0000002,16.494001
2012-07-30 18:18:19.0000001,29.00307
2010-06-02 19:45:19.0000003,7.3768992
2009-05-21 20:50:31.0000003,5.9983478
2014-11-11 12:10:59.0000001,14.703672
2012-09-09 23:40:03.0000003,10.499457
2011-04-28 01:29:51.0000001,5.954467
2009-09-28 19:21:59.0000003,16.796534
2012-10-21 19:47:23.0000002,17.187597
2013-06-04 23:58:11.0000006,9.673731
2014-08-08 17:32:47.0000005,58.057205
2011-01-04 10:12:51.0000002,9.595227
2011-10-26 17:48:43.0000006,13.35686
2009-12-19 21:56:15.0000003,5.003148
2010-06-13 19:39:51.0000001,5.727464
2015-02-14 09:08:11.0000001,56.95069
2015-02-14 09:08:11.0000004,10.198566
2013-01-09 02:05:51.0000001,13.157165
2013-06-21 02:39:47.0000002,5.592441
2011-10-07 12:38:19.0000001,7.388473
2013-02-02 16:07:55.0000004,14.249207
2014-04-05 01:52:27.0000004,10.282391
2014-04-05 01:52:27.0000003,15.485991
2010-02-23 20:29:51.0000001,5.454424
2014-07-01 15:15:23.0000003,6.4283795
2012-12-01 21:12:12.0000001,33.876217
2014-06-14 13:39:00.00000071,7.224013
2013-11-09 18:52:40.0000001,11.100768
2013-11-09 18:52:40.0000003,11.989649
2014-12-30 20:29:24.0000002,8.605371
2010-05-10 10:37:04.0000004,12.3053665
2013-07-12 23:33:24.0000002,19.066086
2009-06-10 16:55:00.000000132,7.324133
2009-06-10 16:55:00.000000163,11.061676
2009-06-10 16:55:00.00000084,15.608327
2009-03-22 04:31:40.0000001,15.660033
2011-06-24 12:03:00.0000009,9.958448
2011-06-24 12:03:00.000000174,33.84581
2011-06-24 12:03:00.000000158,10.819285
2014-06-15 07:06:00.00000044,53.809948
2015-05-30 21:29:04.0000006,9.302722
2009-09-14 02:19:00.00000037,14.5010605
2011-10-02 22:31:44.0000001,20.166992
2011-07-20 16:34:48.0000002,9.750974
2011-06-01 07:37:00.00000012,14.324399
2011-06-01 07:37:00.000000111,10.650883
2011-06-01 07:37:00.00000014,8.99969
2010-08-27 18:45:00.0000002,14.58731
2010-08-27 18:45:00.000000118,7.115192
2010-08-27 18:45:00.000000143,6.8554235
2010-08-27 18:45:00.000000233,20.16288
2010-08-27 18:45:00.000000156,8.508767
2010-08-27 18:45:00.000000167,6.36859
2010-08-27 18:45:00.000000168,6.9840875
2010-08-27 18:45:00.000000149,7.336728
2010-08-27 18:45:00.00000091,6.695054
2010-08-27 18:45:00.000000126,7.2149253
2010-08-27 18:45:00.00000020,9.546472
2010-08-14 02:13:00.000000154,6.5527463
2010-08-14 02:13:00.00000098,6.5173507
2015-04-16 22:32:48.0000003,20.673063
2014-03-25 23:47:00.00000021,32.351795
2014-03-25 23:47:00.00000084,13.579369
2010-09-29 16:43:00.000000161,10.030303
2010-09-29 16:43:00.00000093,29.9629
2014-10-27 14:58:00.00000088,10.333829
2014-10-27 14:58:00.00000092,57.07109
2014-10-27 14:58:00.00000094,7.567485
2012-11-03 17:11:00.00000013,7.929326
2012-11-03 17:11:00.0000001,5.410531
2012-11-03 17:11:00.000000150,8.980185
2011-05-28 17:29:44.0000002,6.029366
2013-09-28 00:06:20.0000005,8.085812
2013-09-28 00:06:20.0000003,20.028893
2011-03-11 01:44:00.00000095,4.5010495
2011-03-11 01:44:00.00000029,6.5711513
2011-10-04 09:37:00.00000080,32.514652
2011-10-04 09:37:00.000000113,14.268359
2011-10-04 09:37:00.000000160,8.434855
2011-10-04 09:37:00.0000006,7.175949
2014-12-24 03:00:00.00000020,84.580284
2009-05-16 23:36:24.0000003,4.0605345
2014-04-27 02:57:00.00000064,28.401865
2014-04-27 02:57:00.00000083,14.840157
2014-04-27 02:57:00.00000069,18.322315
2014-04-27 02:57:00.0000007,9.780984
2011-12-13 22:00:00.000000102,15.033236
2011-12-13 22:00:00.000000214,35.41182
2011-12-13 22:00:00.000000128,9.2866745
2011-12-13 22:00:00.000000249,8.637387
2011-12-13 22:00:00.00000052,14.913539
2011-12-13 22:00:00.000000168,5.3850913
2011-12-13 22:00:00.00000079,8.497027
2011-12-13 22:00:00.00000050,6.8886857
2015-04-11 14:16:12.0000005,6.178211
2014-07-21 18:19:00.000000205,8.283479
2014-07-21 18:19:00.00000023,22.02838
2014-07-21 18:19:00.00000046,13.947607
2014-07-21 18:19:00.00000096,16.845697
2014-07-21 18:19:00.000000156,35.61699
2010-09-20 16:48:00.0000002,9.797584
2010-09-20 16:48:00.000000156,7.6486807
2010-09-20 16:48:00.00000041,10.2130375
2010-09-20 16:48:00.00000083,7.3108554
2010-09-20 16:48:00.000000122,13.560068
2011-03-06 21:01:00.00000036,7.3869543
2011-03-06 21:01:00.00000019,5.5667787
2011-03-06 21:01:00.000000123,10.545368
2011-03-06 21:01:00.000000166,7.8990464
2011-03-06 21:01:00.000000140,14.298307
2011-03-06 21:01:00.00000060,7.014279
2012-05-23 16:25:16.0000001,50.42137
2011-04-16 21:23:16.0000003,3.9023566
2013-10-05 19:51:04.0000004,7.478393
2012-03-14 19:10:48.0000007,7.175042
2012-01-26 07:33:00.00000064,15.4439
2012-01-26 07:33:00.000000131,5.2657633
2012-01-26 07:33:00.00000071,5.6537557
2012-01-26 07:33:00.00000028,14.390507
2012-01-26 07:33:00.00000072,7.268039
2010-12-09 07:29:00.00000093,10.886673
2010-12-09 07:29:00.000000123,8.241705
2010-12-09 07:29:00.00000056,7.5402913
2014-05-17 02:47:12.0000001,7.1531677
2009-01-22 12:27:20.0000001,13.951784
2011-04-23 21:22:20.0000002,5.1119213
2012-11-20 21:54:00.00000062,7.5621767
2012-11-20 21:54:00.000000207,10.34015
2012-11-20 21:54:00.00000014,5.7328105
2012-11-20 21:54:00.000000246,19.91563
2012-11-20 21:54:00.000000164,55.132942
2014-06-23 00:16:00.00000011,22.78463
2014-06-23 00:16:00.00000091,9.363344
2013-09-25 22:00:00.000000144,11.157197
2013-09-25 22:00:00.000000100,56.197464
2013-09-25 22:00:00.000000166,11.720352
2013-09-25 22:00:00.000000105,16.238628
2013-09-25 22:00:00.00000015,10.310208
2011-07-06 18:07:44.0000002,48.012066
2009-05-16 14:53:41.0000002,10.77122
2013-10-17 22:21:57.0000003,11.86846
2015-03-04 21:42:57.00000011,8.672022
2011-03-22 12:59:49.0000001,11.91002
2013-07-05 00:58:17.0000004,16.390547
2010-01-30 00:57:21.0000001,5.238057
2012-04-02 08:39:21.0000002,13.536117
2010-07-25 04:03:17.0000001,41.54537
2012-07-01 22:30:29.0000002,19.153961
2014-02-08 17:24:57.0000003,20.119398
2012-06-02 01:16:05.0000003,4.5597095
2012-06-02 01:16:05.0000001,6.053733
2014-01-11 06:18:37.0000001,5.65627
2012-12-09 22:30:13.0000005,6.936337
2011-10-01 15:04:57.0000002,6.9487376
2012-01-01 00:37:29.0000004,8.909642
2012-04-14 14:20:33.0000003,11.115442
2010-02-01 20:28:45.0000004,8.510727
2013-08-19 16:21:05.0000001,17.52005
2014-06-05 22:56:05.0000004,8.200766
2013-11-07 22:25:25.0000004,21.221296
2010-06-19 03:06:33.0000001,16.402683
2012-07-18 09:44:53.0000003,6.8566504
2009-09-25 21:43:49.0000002,6.9470706
2009-09-04 18:43:33.0000001,7.791583
2012-10-20 00:36:37.0000001,9.230473
2014-06-19 22:37:09.0000002,29.501333
2012-12-20 23:43:09.0000001,20.996704
2015-05-23 01:00:22.0000002,9.657374
2012-11-18 14:55:42.0000001,8.211138
2010-01-24 14:09:58.0000003,5.372761
2014-07-27 11:25:18.0000003,19.799849
2009-03-15 03:31:14.0000004,4.5919514
2010-09-24 22:40:06.0000004,6.3173184
2009-04-18 23:09:34.0000001,31.632158
2014-08-26 16:39:54.0000001,17.180208
2009-05-31 20:56:38.0000004,5.61535
2015-05-29 10:02:42.0000002,7.6999865
2011-04-17 14:55:58.0000002,6.3747377
2011-05-26 21:36:54.0000003,7.313709
2011-05-26 21:36:54.0000002,9.64218
2013-11-23 16:33:30.0000002,10.445973
2009-06-03 09:11:30.0000001,8.965795
2010-12-04 21:08:38.0000005,7.612237
2013-09-07 19:43:18.0000003,10.650864
2011-03-10 18:16:14.0000005,5.6267986
2011-05-19 02:06:46.0000002,5.987744
2009-08-03 17:06:06.0000002,15.85799
2015-04-14 19:20:46.0000008,7.8660464
2011-09-08 13:39:06.0000002,8.7647085
2012-03-03 02:30:54.0000003,14.161538
2012-12-27 21:01:54.0000004,7.5512595
2012-12-27 21:01:54.0000005,10.936198
2014-06-20 02:16:34.0000002,6.598252
2014-01-14 18:48:06.0000008,9.857103
2011-09-03 00:03:42.0000008,7.6024365
2013-07-02 22:27:14.0000004,17.867008
2013-07-02 22:27:14.0000001,10.290389
2015-05-09 11:33:58.0000002,9.718703
2015-03-28 19:31:26.0000003,15.209627
2013-08-08 14:38:43.0000002,9.71843
2009-11-19 22:48:27.0000001,38.825493
2011-07-06 19:56:23.0000001,14.51334
2015-06-18 20:56:55.0000002,5.6244044
2015-02-14 13:15:19.0000002,8.584491
2013-01-12 22:40:39.0000002,8.671118
2013-03-23 15:41:07.0000002,38.248013
2010-01-31 00:33:03.0000006,7.227459
2014-06-09 14:51:39.0000001,9.924468
2015-03-20 16:33:07.0000004,16.14374
2015-01-04 00:28:11.0000004,6.29764
2010-10-04 16:17:03.0000001,10.146202
2011-05-17 07:53:55.0000003,5.7420235
2012-12-26 20:55:27.0000001,5.57256
2012-12-26 20:55:27.0000003,4.628056
2011-12-17 16:19:47.0000002,11.296416
2010-02-15 10:14:23.0000001,30.123747
2010-12-11 16:12:35.0000003,6.737901
2011-12-11 11:05:51.0000002,10.4347515
2014-06-14 12:32:11.0000001,10.050296
2012-06-09 22:57:15.0000001,7.6495576
2009-05-21 20:50:31.0000004,5.0998883
2010-09-22 09:42:31.0000005,9.501345
2014-07-08 10:21:39.0000007,21.851835
2012-09-16 18:14:55.0000002,16.89449
2013-10-05 13:45:39.0000001,7.654596
2014-07-31 10:39:39.0000001,13.842077
2013-02-16 14:26:51.0000001,12.447484
2014-01-04 10:54:59.0000004,50.56845
2015-03-07 15:25:59.0000005,8.767901
2009-04-16 15:57:31.0000003,6.476323
2011-10-23 17:43:43.0000002,7.7740498
2014-06-14 13:39:00.000000189,10.76976
2014-06-14 13:39:00.000000153,9.61941
2014-06-14 13:39:00.00000088,4.650846
2014-06-14 13:39:00.000000157,14.50539
2014-06-14 13:39:00.00000046,7.298082
2014-06-14 13:39:00.000000110,6.8068056
2014-06-14 13:39:00.000000106,33.21144
2014-06-14 13:39:00.00000019,14.318496
2014-06-14 13:39:00.000000186,6.848571
2014-06-14 13:39:00.00000037,8.40319
2014-06-14 13:39:00.00000057,12.048628
2014-06-14 13:39:00.000000127,12.46171
2014-06-14 13:39:00.0000009,41.867054
2014-06-14 13:39:00.000000173,8.790403
2014-06-14 13:39:00.00000027,5.625232
2014-06-14 13:39:00.000000100,8.209238
2011-10-02 23:36:00.00000060,26.033726
2011-10-02 23:36:00.00000057,16.32361
2011-10-02 23:36:00.00000044,5.1605897
2011-10-02 23:36:00.00000087,24.62704
2011-10-02 23:36:00.00000084,9.251022
2011-10-02 23:36:00.00000046,10.888916
2011-10-02 23:36:00.0000006,5.6826367
2011-10-02 23:36:00.00000033,32.205746
2011-10-02 23:36:00.00000064,17.313602
2011-10-02 23:36:00.00000094,19.683043
2011-10-02 23:36:00.00000049,4.863121
2011-10-02 23:36:00.00000066,8.0879545
2011-10-02 23:36:00.00000080,9.1124935
2011-10-02 23:36:00.00000029,25.310183
2011-10-02 23:36:00.00000055,3.6201432
2011-10-02 23:36:00.00000079,14.156851
2011-10-02 23:36:00.00000053,9.550511
2009-06-10 16:55:00.00000014,7.032039
2009-06-10 16:55:00.00000052,8.209087
2009-06-10 16:55:00.00000065,8.220528
2009-06-10 16:55:00.000000169,12.989445
2009-06-10 16:55:00.000000172,7.343013
2009-06-10 16:55:00.000000105,5.776904
2009-06-10 16:55:00.00000073,3.9872117
2009-06-10 16:55:00.000000157,10.0646
2009-06-10 16:55:00.000000156,5.1388407
2009-06-10 16:55:00.000000116,7.2537127
2009-06-10 16:55:00.00000022,5.3935966
2009-06-10 16:55:00.00000013,7.17755
2009-06-10 16:55:00.000000126,4.9939814
2009-06-10 16:55:00.00000023,7.178203
2009-06-10 16:55:00.00000086,6.001291
2009-06-10 16:55:00.00000040,12.393329
2009-06-10 16:55:00.00000058,8.024422
2009-06-10 16:55:00.000000170,5.0133314
2009-06-10 16:55:00.00000027,10.468366
2009-06-10 16:55:00.00000011,11.728028
2009-06-10 16:55:00.000000129,6.506089
2009-06-10 16:55:00.000000121,5.091731
2009-06-10 16:55:00.00000080,7.9026365
2009-06-10 16:55:00.00000089,7.2050614
2009-06-10 16:55:00.000000103,7.5489187
2009-06-10 16:55:00.00000051,8.354538
2009-06-10 16:55:00.00000063,29.439837
2009-06-10 16:55:00.000000106,5.0967903
2009-06-10 16:55:00.00000091,6.8279243
2009-06-10 16:55:00.00000095,14.336569
2009-06-10 16:55:00.000000137,5.8400474
2009-06-10 16:55:00.000000113,4.406367
2009-06-10 16:55:00.000000173,6.5651746
2009-06-10 16:55:00.00000077,5.073132
2009-06-10 16:55:00.00000036,6.5808244
2011-06-24 12:03:00.000000148,5.0282187
2011-06-24 12:03:00.00000070,5.5142856
2011-06-24 12:03:00.000000129,9.881991
2011-06-24 12:03:00.000000130,4.760569
2011-06-24 12:03:00.000000160,9.355467
2011-06-24 12:03:00.000000167,29.464455
2011-06-24 12:03:00.00000059,8.127004
2011-06-24 12:03:00.000000128,8.425592
2011-06-24 12:03:00.000000112,4.6663995
2011-06-24 12:03:00.000000134,7.15762
2011-06-24 12:03:00.00000021,13.679334
2011-06-24 12:03:00.00000039,11.668509
2011-06-24 12:03:00.00000083,15.251063
2011-06-24 12:03:00.00000029,6.0133414
2011-06-24 12:03:00.00000037,8.287084
2011-06-24 12:03:00.0000004,12.584198
2011-06-24 12:03:00.000000117,32.79218
2011-06-24 12:03:00.000000147,4.405834
2011-06-24 12:03:00.00000043,6.867427
2011-06-24 12:03:00.000000172,10.634647
2011-06-24 12:03:00.00000011,7.7997417
2011-06-24 12:03:00.00000036,4.3019567
2011-06-24 12:03:00.00000015,5.072831
2011-06-24 12:03:00.00000065,7.839717
2011-06-24 12:03:00.000000169,33.848442
2011-06-24 12:03:00.000000164,13.129792
2011-06-24 12:03:00.000000163,5.674488
2011-06-24 12:03:00.00000096,8.244882
2011-06-24 12:03:00.00000030,13.281137
2014-06-15 07:06:00.00000018,8.69711
2014-06-15 07:06:00.00000034,20.5449
2014-06-15 07:06:00.00000022,56.86148
2014-06-15 07:06:00.00000012,5.4235263
2014-06-15 07:06:00.0000005,9.503785
2014-06-15 07:06:00.00000023,4.8718214
2014-06-15 07:06:00.0000001,10.373543
2009-09-14 02:19:00.0000005,4.784389
2009-09-14 02:19:00.00000032,4.637531
2009-09-14 02:19:00.00000015,4.823877
2009-09-14 02:19:00.00000029,6.783316
2009-09-14 02:19:00.00000012,5.982473
2009-09-14 02:19:00.00000019,12.214632
2011-06-01 07:37:00.000000193,4.5396843
2011-06-01 07:37:00.000000135,4.5114293
2011-06-01 07:37:00.000000124,8.288795
2011-06-01 07:37:00.00000071,6.8566947
2011-06-01 07:37:00.000000191,16.377901
2011-06-01 07:37:00.00000073,5.371924
2011-06-01 07:37:00.000000134,11.146795
2011-06-01 07:37:00.000000195,10.573276
2011-06-01 07:37:00.000000130,9.037617
2011-06-01 07:37:00.00000039,7.8944707
2011-06-01 07:37:00.000000188,14.147515
2011-06-01 07:37:00.00000030,8.594498
2011-06-01 07:37:00.00000040,11.996643
2011-06-01 07:37:00.00000011,9.429057
2011-06-01 07:37:00.00000093,6.440986
2011-06-01 07:37:00.000000121,48.194138
2011-06-01 07:37:00.000000224,6.011041
2011-06-01 07:37:00.000000153,8.632752
2011-06-01 07:37:00.00000033,4.9533415
2011-06-01 07:37:00.000000213,8.030625
2011-06-01 07:37:00.00000076,5.220002
2011-06-01 07:37:00.00000018,6.1789737
2011-06-01 07:37:00.00000021,9.877134
2011-06-01 07:37:00.000000126,11.384223
2011-06-01 07:37:00.000000202,6.2759185
2011-06-01 07:37:00.00000035,7.6209893
2011-06-01 07:37:00.000000216,10.141672
2011-06-01 07:37:00.00000067,7.532058
2011-06-01 07:37:00.00000013,8.285439
2011-06-01 07:37:00.00000024,8.375214
2011-06-01 07:37:00.000000148,4.3948455
2011-06-01 07:37:00.000000200,4.79456
2011-06-01 07:37:00.00000042,9.194197
2011-06-01 07:37:00.00000066,12.516253
2011-06-01 07:37:00.00000056,10.730645
2011-06-01 07:37:00.00000063,14.515182
2011-06-01 07:37:00.0000009,9.383874
2011-06-01 07:37:00.000000187,6.6660137
2011-06-01 07:37:00.000000225,5.740454
2010-08-27 18:45:00.0000009,38.099957
2010-08-27 18:45:00.000000120,6.3813286
2010-08-27 18:45:00.00000019,8.414277
2010-08-27 18:45:00.0000001,8.173549
2010-08-27 18:45:00.00000080,4.825944
2010-08-27 18:45:00.00000082,5.710112
2010-08-27 18:45:00.000000180,9.457993
2010-08-27 18:45:00.00000058,15.533005
2010-08-27 18:45:00.000000178,26.81302
2010-08-27 18:45:00.000000117,7.500506
2010-08-27 18:45:00.00000079,11.723038
2010-08-27 18:45:00.000000200,5.6774607
2010-08-27 18:45:00.000000108,5.740221
2010-08-27 18:45:00.00000098,7.173372
2010-08-27 18:45:00.00000059,48.42348
2010-08-27 18:45:00.000000138,16.919188
2010-08-27 18:45:00.000000232,7.981532
2010-08-27 18:45:00.00000032,24.668993
2010-08-27 18:45:00.00000047,6.993536
2010-08-27 18:45:00.000000100,9.515175
2010-08-27 18:45:00.000000154,7.1326795
2010-08-27 18:45:00.000000211,7.49729
2010-08-27 18:45:00.000000114,6.799812
2010-08-27 18:45:00.00000042,5.5036936
2010-08-27 18:45:00.000000104,19.208527
2010-08-27 18:45:00.000000162,9.045215
2010-08-27 18:45:00.00000095,5.3392644
2010-08-27 18:45:00.000000150,8.541463
2010-08-27 18:45:00.00000052,15.840421
2010-08-27 18:45:00.000000225,5.844479
2010-08-27 18:45:00.00000064,7.731706
2010-08-27 18:45:00.000000215,9.382401
2010-08-27 18:45:00.000000206,5.4952726
2010-08-27 18:45:00.000000122,6.807202
2010-08-27 18:45:00.000000221,9.447397
2010-08-27 18:45:00.00000027,6.3590627
2010-08-27 18:45:00.000000115,5.860344
2010-08-27 18:45:00.000000218,8.258415
2010-08-27 18:45:00.000000212,12.102516
2010-08-27 18:45:00.000000229,7.4132285
2010-08-27 18:45:00.000000213,11.057566
2010-08-27 18:45:00.00000099,38.341137
2010-08-27 18:45:00.000000176,14.282396
2010-08-27 18:45:00.000000132,18.578348
2010-08-27 18:45:00.0000007,8.019973
2010-08-27 18:45:00.000000151,32.49149
2010-08-27 18:45:00.000000137,13.411354
2010-08-27 18:45:00.00000021,36.28254
2010-08-27 18:45:00.000000185,5.480075
2010-08-27 18:45:00.00000041,8.02047
2010-08-14 02:13:00.000000129,8.659917
2010-08-14 02:13:00.0000006,11.78887
2010-08-14 02:13:00.00000045,8.941962
2010-08-14 02:13:00.000000117,13.466526
2010-08-14 02:13:00.00000079,14.802717
2010-08-14 02:13:00.000000112,6.3356586
2010-08-14 02:13:00.00000088,19.786163
2010-08-14 02:13:00.0000005,7.5936203
2010-08-14 02:13:00.00000016,10.385495
2010-08-14 02:13:00.0000002,7.084502
2010-08-14 02:13:00.00000071,23.36579
2010-08-14 02:13:00.00000019,7.565178
2010-08-14 02:13:00.000000113,5.3897214
2010-08-14 02:13:00.000000151,6.5033126
2010-08-14 02:13:00.000000104,12.090752
2010-08-14 02:13:00.00000095,18.18714
2010-08-14 02:13:00.00000053,6.720289
2010-08-14 02:13:00.00000046,7.9133415
2010-08-14 02:13:00.00000011,15.8584795
2010-08-14 02:13:00.000000124,17.856009
2010-08-14 02:13:00.000000153,19.745806
2010-08-14 02:13:00.00000081,37.417637
2010-08-14 02:13:00.00000062,10.700737
2010-08-14 02:13:00.000000103,13.735691
2010-08-14 02:13:00.000000144,6.754404
2010-08-14 02:13:00.00000082,4.976369
2010-08-14 02:13:00.00000093,6.172875
2010-08-14 02:13:00.00000058,7.1254263
2010-08-14 02:13:00.000000107,6.2180223
2010-08-14 02:13:00.000000157,7.320736
2010-08-14 02:13:00.00000013,5.5762243
2010-08-14 02:13:00.000000138,4.766461
2010-08-14 02:13:00.000000119,13.280968
2010-08-14 02:13:00.00000065,4.7565093
2010-08-14 02:13:00.00000039,5.487243
2010-08-14 02:13:00.000000118,6.54504
2010-08-14 02:13:00.00000048,12.845606
2010-08-14 02:13:00.00000067,14.449835
2010-08-14 02:13:00.00000096,20.208006
2010-08-14 02:13:00.00000091,13.64733
2010-08-14 02:13:00.000000114,6.371821
2010-08-14 02:13:00.00000023,37.58967
2010-08-14 02:13:00.000000106,6.264261
2014-03-25 23:47:00.000000102,6.527433
2014-03-25 23:47:00.00000026,21.135962
2014-03-25 23:47:00.00000042,14.459942
2014-03-25 23:47:00.00000051,4.8857374
2014-03-25 23:47:00.00000052,6.2443895
2014-03-25 23:47:00.00000031,12.109547
2014-03-25 23:47:00.00000096,10.18391
2014-03-25 23:47:00.000000134,5.000313
2014-03-25 23:47:00.00000019,19.44771
2014-03-25 23:47:00.00000020,8.499374
2014-03-25 23:47:00.000000115,25.382957
2014-03-25 23:47:00.00000035,4.088135
2014-03-25 23:47:00.000000132,20.215284
2014-03-25 23:47:00.00000085,34.447514
2014-03-25 23:47:00.00000064,52.901554
2014-03-25 23:47:00.00000011,6.517085
2014-03-25 23:47:00.000000124,9.112712
2014-03-25 23:47:00.000000112,7.439371
2014-03-25 23:47:00.000000127,20.096167
2014-03-25 23:47:00.00000028,15.10058
2014-03-25 23:47:00.00000055,7.2199826
2014-03-25 23:47:00.00000036,6.826405
2014-03-25 23:47:00.000000135,32.15849
2014-03-25 23:47:00.000000108,9.674117
2014-03-25 23:47:00.00000012,20.44114
2010-09-29 16:43:00.000000162,8.758787
2010-09-29 16:43:00.00000078,10.87098
2010-09-29 16:43:00.00000015,8.834337
2010-09-29 16:43:00.0000001,15.198811
2010-09-29 16:43:00.000000119,9.165948
2010-09-29 16:43:00.000000140,9.90829
2010-09-29 16:43:00.00000041,8.2902355
2010-09-29 16:43:00.000000135,12.376364
2010-09-29 16:43:00.000000117,7.464219
2010-09-29 16:43:00.00000059,13.301656
2010-09-29 16:43:00.00000014,6.8388553
2010-09-29 16:43:00.00000012,11.992549
2010-09-29 16:43:00.000000170,6.5260863
2010-09-29 16:43:00.00000013,10.954049
2010-09-29 16:43:00.000000145,8.852839
2010-09-29 16:43:00.000000174,13.822998
2010-09-29 16:43:00.000000164,7.8140383
2010-09-29 16:43:00.00000037,14.310217
2010-09-29 16:43:00.000000159,5.7104225
2010-09-29 16:43:00.000000113,12.070474
2010-09-29 16:43:00.00000094,5.180463
2010-09-29 16:43:00.00000011,6.4421887
2010-09-29 16:43:00.000000168,6.0260334
2010-09-29 16:43:00.000000114,47.238487
2010-09-29 16:43:00.00000019,6.768236
2010-09-29 16:43:00.00000022,8.64746
2010-09-29 16:43:00.00000040,6.6909275
2010-09-29 16:43:00.00000016,8.048109
2010-09-29 16:43:00.000000144,7.6181307
2010-09-29 16:43:00.00000044,8.603168
2010-09-29 16:43:00.00000062,10.231881
2010-09-29 16:43:00.00000074,30.100782
2010-09-29 16:43:00.00000064,14.683405
2010-09-29 16:43:00.000000110,12.525368
2010-09-29 16:43:00.000000122,7.276598
2010-09-29 16:43:00.000000142,6.097976
2010-09-29 16:43:00.00000080,5.8555555
2014-10-27 14:58:00.000000149,57.731342
2014-10-27 14:58:00.000000125,12.228117
2014-10-27 14:58:00.000000130,9.189157
2014-10-27 14:58:00.000000146,7.0168576
2014-10-27 14:58:00.00000040,7.632363
2014-10-27 14:58:00.000000136,6.5187163
2014-10-27 14:58:00.000000123,11.807647
2014-10-27 14:58:00.000000115,8.008323
2014-10-27 14:58:00.00000046,5.7369924
2014-10-27 14:58:00.0000009,56.242477
2014-10-27 14:58:00.00000059,55.693275
2014-10-27 14:58:00.000000111,7.3468347
2014-10-27 14:58:00.00000054,56.792625
2014-10-27 14:58:00.00000024,8.4942665
2014-10-27 14:58:00.00000065,12.592006
2014-10-27 14:58:00.00000087,13.064044
2014-10-27 14:58:00.00000099,7.206137
2014-10-27 14:58:00.000000144,5.2767262
2014-10-27 14:58:00.00000081,4.118471
2014-10-27 14:58:00.00000056,10.114939
2012-11-03 17:11:00.000000115,7.393072
2012-11-03 17:11:00.00000079,10.941046
2012-11-03 17:11:00.00000081,7.149026
2012-11-03 17:11:00.00000085,15.673539
2012-11-03 17:11:00.000000128,4.49518
2012-11-03 17:11:00.000000160,8.356463
2012-11-03 17:11:00.000000118,6.5573826
2012-11-03 17:11:00.00000076,9.860209
2012-11-03 17:11:00.000000114,7.9250135
2012-11-03 17:11:00.00000091,6.7777944
2012-11-03 17:11:00.00000060,10.263385
2012-11-03 17:11:00.000000155,9.945338
2012-11-03 17:11:00.000000117,11.665374
2012-11-03 17:11:00.000000105,4.7641697
2012-11-03 17:11:00.0000007,23.701992
2012-11-03 17:11:00.00000055,6.9859724
2012-11-03 17:11:00.000000103,6.4339795
2012-11-03 17:11:00.00000053,8.720936
2011-03-11 01:44:00.00000064,12.208369
2011-03-11 01:44:00.00000016,4.827156
2011-03-11 01:44:00.00000072,12.073635
2011-03-11 01:44:00.00000057,5.217915
2011-03-11 01:44:00.00000040,6.5302596
2011-03-11 01:44:00.00000021,18.71281
2011-03-11 01:44:00.00000046,9.549152
2011-03-11 01:44:00.00000034,7.0900717
2011-03-11 01:44:00.00000083,52.183506
2011-03-11 01:44:00.00000032,8.1364975
2011-03-11 01:44:00.00000075,7.7656274
2011-03-11 01:44:00.00000085,7.367037
2011-03-11 01:44:00.00000044,6.249292
2011-03-11 01:44:00.0000005,8.824684
2011-03-11 01:44:00.00000074,13.532312
2011-03-11 01:44:00.00000041,9.454865
2011-03-11 01:44:00.00000042,8.712579
2011-03-11 01:44:00.00000035,11.138055
2011-03-11 01:44:00.00000052,4.300406
2011-10-04 09:37:00.000000194,6.469957
2011-10-04 09:37:00.000000183,7.4858723
2011-10-04 09:37:00.000000157,33.15693
2011-10-04 09:37:00.000000176,6.6020927
2011-10-04 09:37:00.000000170,9.770076
2011-10-04 09:37:00.00000036,8.272013
2011-10-04 09:37:00.00000017,4.379629
2011-10-04 09:37:00.000000114,15.016671
2011-10-04 09:37:00.000000184,12.779119
2011-10-04 09:37:00.00000047,6.5864577
2011-10-04 09:37:00.00000055,7.544557
2011-10-04 09:37:00.00000031,7.453068
2011-10-04 09:37:00.00000049,48.645885
2011-10-04 09:37:00.0000005,4.6764464
2011-10-04 09:37:00.00000067,4.6517973
2011-10-04 09:37:00.000000134,11.9954405
2011-10-04 09:37:00.00000025,5.777577
2011-10-04 09:37:00.000000185,7.2052894
2011-10-04 09:37:00.000000180,7.517257
2011-10-04 09:37:00.00000088,8.608857
2011-10-04 09:37:00.000000108,9.836322
2011-10-04 09:37:00.000000107,11.242109
2011-10-04 09:37:00.00000062,22.363983
2011-10-04 09:37:00.00000045,4.853008
2011-10-04 09:37:00.00000028,11.182202
2011-10-04 09:37:00.00000057,6.017222
2011-10-04 09:37:00.00000013,8.770099
2011-10-04 09:37:00.00000056,12.233234
2011-10-04 09:37:00.000000106,6.7491713
2011-10-04 09:37:00.000000136,7.509305
2014-12-24 03:00:00.0000005,21.231407
2014-12-24 03:00:00.00000017,20.09697
2014-12-24 03:00:00.00000036,16.581629
2014-12-24 03:00:00.00000033,4.2759476
2014-12-24 03:00:00.00000026,17.367441
2014-12-24 03:00:00.00000031,19.74894
2014-12-24 03:00:00.00000015,10.446591
2015-02-12 05:37:56.0000001,4.471966
2014-04-27 02:57:00.000000124,15.810556
2014-04-27 02:57:00.00000017,17.567228
2014-04-27 02:57:00.000000151,5.833546
2014-04-27 02:57:00.000000168,4.1247034
2014-04-27 02:57:00.00000039,5.2853484
2014-04-27 02:57:00.00000097,14.861355
2014-04-27 02:57:00.00000033,5.310804
2014-04-27 02:57:00.000000129,9.398694
2014-04-27 02:57:00.000000141,7.927829
2014-04-27 02:57:00.00000074,12.682486
2014-04-27 02:57:00.00000047,18.870613
2014-04-27 02:57:00.00000076,10.597339
2014-04-27 02:57:00.000000142,7.1293993
2014-04-27 02:57:00.000000143,16.619411
2014-04-27 02:57:00.00000090,22.07992
2014-04-27 02:57:00.000000106,18.989794
2014-04-27 02:57:00.000000167,14.9865885
2014-04-27 02:57:00.000000145,12.798116
2011-12-13 22:00:00.00000085,11.236892
2011-12-13 22:00:00.000000264,7.0435
2011-12-13 22:00:00.000000138,10.609685
2011-12-13 22:00:00.000000135,6.186724
2011-12-13 22:00:00.000000197,4.8705034
2011-12-13 22:00:00.000000143,11.330224
2011-12-13 22:00:00.000000134,4.7001653
2011-12-13 22:00:00.00000033,11.477903
2011-12-13 22:00:00.00000058,6.9057846
2011-12-13 22:00:00.000000205,8.528621
2011-12-13 22:00:00.000000173,8.8166895
2011-12-13 22:00:00.000000248,5.8125286
2011-12-13 22:00:00.00000074,6.336503
2011-12-13 22:00:00.00000098,3.9324021
2011-12-13 22:00:00.00000095,11.243517
2011-12-13 22:00:00.000000229,17.531214
2011-12-13 22:00:00.000000186,10.614739
2011-12-13 22:00:00.0000005,26.383192
2011-12-13 22:00:00.000000246,16.53825
2011-12-13 22:00:00.000000180,7.428061
2011-12-13 22:00:00.00000044,10.202136
2011-12-13 22:00:00.000000110,7.3696494
2011-12-13 22:00:00.000000231,6.2498317
2011-12-13 22:00:00.000000144,9.878971
2011-12-13 22:00:00.00000070,27.056366
2011-12-13 22:00:00.000000116,7.183813
2011-12-13 22:00:00.000000156,5.7933097
2011-12-13 22:00:00.000000148,7.6258817
2011-12-13 22:00:00.00000072,8.830159
2011-12-13 22:00:00.00000028,10.608578
2011-12-13 22:00:00.00000066,10.260864
2011-12-13 22:00:00.000000121,11.75025
2011-12-13 22:00:00.00000094,41.436554
2011-12-13 22:00:00.000000266,8.587726
2015-04-11 14:16:12.0000004,12.031492
2015-05-10 19:54:00.0000002,12.80832
2014-07-21 18:19:00.00000054,10.208029
2014-07-21 18:19:00.000000230,7.634347
2014-07-21 18:19:00.000000187,16.688381
2014-07-21 18:19:00.000000100,11.159044
2014-07-21 18:19:00.00000071,11.993056
2014-07-21 18:19:00.000000172,9.923162
2014-07-21 18:19:00.00000025,27.05506
2014-07-21 18:19:00.000000191,12.452351
2014-07-21 18:19:00.00000034,10.403758
2014-07-21 18:19:00.000000176,5.190308
2014-07-21 18:19:00.00000037,7.0667706
2014-07-21 18:19:00.000000160,6.0054555
2014-07-21 18:19:00.00000077,8.587921
2014-07-21 18:19:00.00000013,11.622429
2014-07-21 18:19:00.000000184,7.2280016
2014-07-21 18:19:00.000000232,7.497548
2014-07-21 18:19:00.000000116,7.3525715
2014-07-21 18:19:00.00000048,8.323841
2014-07-21 18:19:00.00000067,10.254531
2014-07-21 18:19:00.00000099,5.2261677
2014-07-21 18:19:00.000000223,7.5151114
2014-07-21 18:19:00.000000162,15.669311
2014-07-21 18:19:00.00000068,11.146932
2014-07-21 18:19:00.000000144,9.507452
2014-07-21 18:19:00.00000035,26.498287
2014-07-21 18:19:00.00000029,7.3464766
2014-07-21 18:19:00.00000032,5.356023
2014-07-21 18:19:00.00000082,6.400589
2014-07-21 18:19:00.000000132,5.356252
2014-07-21 18:19:00.000000152,6.775489
2014-07-21 18:19:00.00000039,5.4883976
2014-07-21 18:19:00.000000241,4.5689173
2014-07-21 18:19:00.00000088,7.283836
2010-09-20 16:48:00.000000159,28.828444
2010-09-20 16:48:00.0000006,10.022098
2010-09-20 16:48:00.000000166,8.600796
2010-09-20 16:48:00.000000110,8.25854
2010-09-20 16:48:00.000000139,25.325562
2010-09-20 16:48:00.00000015,12.524108
2010-09-20 16:48:00.00000068,12.771395
2010-09-20 16:48:00.000000158,47.514572
2010-09-20 16:48:00.00000035,17.503874
2010-09-20 16:48:00.000000148,7.833338
2010-09-20 16:48:00.00000023,15.358618
2010-09-20 16:48:00.00000027,9.274326
2010-09-20 16:48:00.00000092,21.830917
2010-09-20 16:48:00.000000151,26.402348
2010-09-20 16:48:00.00000071,10.400826
2010-09-20 16:48:00.000000132,8.246827
2010-09-20 16:48:00.00000099,16.856127
2010-09-20 16:48:00.0000001,6.345908
2010-09-20 16:48:00.0000005,18.022715
2011-03-06 21:01:00.00000037,4.234183
2011-03-06 21:01:00.00000028,14.670186
2011-03-06 21:01:00.00000025,7.372938
2011-03-06 21:01:00.000000139,5.0394397
2011-03-06 21:01:00.00000083,7.832933
2011-03-06 21:01:00.000000173,18.910246
2011-03-06 21:01:00.00000051,18.89351
2011-03-06 21:01:00.000000116,12.653204
2011-03-06 21:01:00.00000057,5.574107
2011-03-06 21:01:00.000000168,7.9138417
2011-03-06 21:01:00.000000138,14.103778
2011-03-06 21:01:00.00000043,8.48883
2011-03-06 21:01:00.000000127,3.9727817
2011-03-06 21:01:00.00000096,12.669617
2011-03-06 21:01:00.00000074,4.00354
2011-03-06 21:01:00.000000113,6.939791
2011-03-06 21:01:00.000000120,20.636278
2011-03-06 21:01:00.00000018,4.6191654
2011-03-06 21:01:00.00000071,6.8047595
2011-03-06 21:01:00.000000137,4.3510523
2011-03-06 21:01:00.00000011,15.739385
2011-03-06 21:01:00.000000146,5.8238845
2011-03-06 21:01:00.000000149,4.0744495
2011-03-06 21:01:00.00000056,4.1830406
2011-03-06 21:01:00.00000052,11.7771225
2011-03-06 21:01:00.000000109,4.3620434
2012-01-26 07:33:00.000000167,7.2320867
2012-01-26 07:33:00.000000114,14.406505
2012-01-26 07:33:00.00000031,8.4342
2012-01-26 07:33:00.000000133,22.083866
2012-01-26 07:33:00.000000180,5.461504
2012-01-26 07:33:00.000000120,9.523061
2012-01-26 07:33:00.000000168,8.014258
2012-01-26 07:33:00.000000122,5.9078526
2012-01-26 07:33:00.000000166,12.166222
2012-01-26 07:33:00.000000186,6.377053
2012-01-26 07:33:00.00000068,8.042401
2012-01-26 07:33:00.00000085,21.746998
2012-01-26 07:33:00.000000103,4.370057
2012-01-26 07:33:00.00000081,23.175377
2012-01-26 07:33:00.00000099,10.636479
2012-01-26 07:33:00.00000051,8.903054
2012-01-26 07:33:00.000000160,4.953883
2012-01-26 07:33:00.00000091,5.7308846
2012-01-26 07:33:00.00000089,9.049267
2012-01-26 07:33:00.000000189,7.0367928
2010-12-09 07:29:00.0000003,8.464184
2010-12-09 07:29:00.00000078,9.150893
2010-12-09 07:29:00.000000127,6.3958125
2010-12-09 07:29:00.00000050,6.815314
2010-12-09 07:29:00.000000135,4.958684
2010-12-09 07:29:00.000000196,11.354247
2010-12-09 07:29:00.000000183,7.619866
2010-12-09 07:29:00.000000152,8.930722
2010-12-09 07:29:00.00000098,32.922493
2010-12-09 07:29:00.00000090,8.66876
2010-12-09 07:29:00.00000025,11.512709
2010-12-09 07:29:00.000000150,7.7566295
2010-12-09 07:29:00.00000041,5.916113
2010-12-09 07:29:00.000000143,7.4558
2010-12-09 07:29:00.000000148,5.377504
2010-12-09 07:29:00.000000151,6.4331193
2010-12-09 07:29:00.0000007,5.174839
2010-12-09 07:29:00.00000069,10.42944
2010-12-09 07:29:00.00000036,5.4811068
2010-12-09 07:29:00.00000046,15.484368
2010-12-09 07:29:00.000000195,6.031695
2010-12-09 07:29:00.000000115,15.929538
2010-12-09 07:29:00.000000134,5.860145
2010-12-09 07:29:00.00000067,8.900867
2010-12-09 07:29:00.000000112,6.5963945
2010-12-09 07:29:00.00000015,7.6106434
2010-12-09 07:29:00.00000031,8.923137
2010-12-09 07:29:00.000000193,7.6747613
2010-12-09 07:29:00.00000012,9.065487
2010-12-09 07:29:00.0000005,49.685394
2010-12-09 07:29:00.00000038,8.95671
2010-12-09 07:29:00.00000097,4.929734
2010-12-09 07:29:00.000000102,4.2677283
2010-12-09 07:29:00.00000089,7.743172
2010-12-09 07:29:00.00000068,7.5911493
2010-12-09 07:29:00.00000071,9.68752
2010-12-09 07:29:00.000000186,7.3229437
2012-05-08 03:50:00.0000009,19.520718
2012-05-08 03:50:00.0000001,5.585999
2012-05-08 03:50:00.00000012,14.3329935
2012-05-08 03:50:00.0000006,17.640411
2015-03-12 19:43:24.0000005,5.5638113
2015-02-01 00:48:44.0000001,31.438541
2015-02-21 18:39:16.0000005,6.913406
2011-01-24 20:47:04.0000001,9.740555
2010-12-25 13:54:12.0000001,13.536556
2015-04-07 14:31:12.0000001,8.032891
2012-11-20 21:54:00.00000086,15.865184
2012-11-20 21:54:00.000000150,7.4875197
2012-11-20 21:54:00.000000184,6.4039
2012-11-20 21:54:00.00000080,30.814028
2012-11-20 21:54:00.00000021,6.101741
2012-11-20 21:54:00.00000019,8.244901
2012-11-20 21:54:00.00000087,4.800192
2012-11-20 21:54:00.00000077,12.6962185
2012-11-20 21:54:00.000000216,8.986082
2012-11-20 21:54:00.00000010,6.0862937
2012-11-20 21:54:00.000000104,7.847646
2012-11-20 21:54:00.00000048,6.3766856
2012-11-20 21:54:00.000000221,18.101242
2012-11-20 21:54:00.00000030,10.51314
2012-11-20 21:54:00.00000085,5.484265
2012-11-20 21:54:00.000000133,6.0648303
2012-11-20 21:54:00.000000144,9.119267
2012-11-20 21:54:00.00000047,5.9003854
2012-11-20 21:54:00.000000229,5.967824
2012-11-20 21:54:00.00000015,6.7735567
2012-11-20 21:54:00.000000101,7.677996
2012-11-20 21:54:00.000000238,7.167625
2012-11-20 21:54:00.00000097,20.112804
2012-11-20 21:54:00.00000049,5.775053
2012-11-20 21:54:00.000000209,16.500551
2012-11-20 21:54:00.00000012,8.886333
2012-11-20 21:54:00.000000132,10.095614
2012-11-20 21:54:00.000000197,5.7944713
2012-11-20 21:54:00.000000211,12.275223
2012-11-20 21:54:00.00000083,7.6746554
2012-11-20 21:54:00.000000127,8.296839
2012-11-20 21:54:00.000000223,35.231182
2012-11-20 21:54:00.000000130,13.574243
2012-11-20 21:54:00.000000149,10.97662
2012-11-20 21:54:00.000000196,11.108807
2012-11-20 21:54:00.00000056,5.9253216
2012-11-20 21:54:00.00000026,12.976786
2012-11-20 21:54:00.00000055,8.840109
2012-11-20 21:54:00.000000135,28.741846
2014-06-23 00:16:00.00000023,12.051451
2014-06-23 00:16:00.00000014,8.201273
2014-06-23 00:16:00.00000080,7.4255066
2014-06-23 00:16:00.0000003,11.743491
2014-06-23 00:16:00.00000029,14.087765
2014-06-23 00:16:00.00000055,28.912977
2014-06-23 00:16:00.00000050,12.273685
2014-06-23 00:16:00.0000002,15.111603
2014-06-23 00:16:00.00000072,6.650203
2014-06-23 00:16:00.00000020,10.74725
2013-09-25 22:00:00.00000052,9.629461
2013-09-25 22:00:00.000000129,6.860226
2013-09-25 22:00:00.000000226,54.198532
2013-09-25 22:00:00.00000029,13.595196
2013-09-25 22:00:00.000000141,7.4016786
2013-09-25 22:00:00.000000206,13.495896
2013-09-25 22:00:00.00000051,7.693683
2013-09-25 22:00:00.000000238,9.768541
2013-09-25 22:00:00.000000251,12.1016035
2013-09-25 22:00:00.00000031,6.4234242
2013-09-25 22:00:00.000000124,9.265153
2013-09-25 22:00:00.000000102,7.427935
2013-09-25 22:00:00.000000198,23.402704
2013-09-25 22:00:00.000000208,4.9991665
2013-09-25 22:00:00.00000087,13.029654
2013-09-25 22:00:00.000000116,5.4542656
2013-09-25 22:00:00.00000034,13.860004
2013-09-25 22:00:00.000000104,11.625254
2013-09-25 22:00:00.00000088,7.8203616
2013-09-25 22:00:00.000000218,32.282463
2013-09-25 22:00:00.00000065,15.43473
2013-09-25 22:00:00.000000115,11.797465
2013-09-25 22:00:00.00000042,10.4838705
2013-09-25 22:00:00.000000234,7.0661535
2013-09-25 22:00:00.000000247,4.8869357
2013-09-25 22:00:00.000000147,12.404031
2013-09-25 22:00:00.000000248,7.847304
2013-09-25 22:00:00.000000162,14.0923195
2013-09-25 22:00:00.000000130,11.875732
2013-09-25 22:00:00.000000174,5.209619
2015-03-04 21:42:57.0000006,5.6385627
2015-04-25 01:06:17.0000005,14.351439
2015-02-19 11:39:21.0000001,23.085264
2015-01-29 13:15:50.0000001,5.4064584
2015-05-07 15:33:26.0000005,5.658562
2015-02-09 07:16:26.0000005,18.211124
2015-04-16 18:45:22.0000004,16.851435
2015-05-31 20:48:54.0000006,40.495544
2015-05-31 20:48:54.0000003,5.334481
2015-06-18 20:56:55.0000001,21.949953
2015-02-14 13:15:19.0000005,5.5766315
2015-05-10 12:37:51.0000007,7.4348054
2015-05-10 12:37:51.0000005,12.318015
2015-05-20 00:59:15.0000002,13.012903
2015-05-29 18:59:35.0000003,11.296844
2015-02-25 18:00:51.0000008,8.829911
2015-02-08 08:44:03.0000002,6.3953834
2015-05-12 08:31:07.0000003,9.243875
2015-03-16 21:12:19.0000007,9.05573
2014-06-14 13:39:00.000000117,5.9921637
2014-06-14 13:39:00.000000187,7.8631544
2014-06-14 13:39:00.00000099,7.54819
2014-06-14 13:39:00.000000112,24.184235
2014-06-14 13:39:00.00000039,12.408918
2014-06-14 13:39:00.00000078,55.972523
2014-06-14 13:39:00.00000084,7.6523023
2014-06-14 13:39:00.000000166,8.112608
2014-06-14 13:39:00.00000089,5.216702
2014-06-14 13:39:00.00000047,9.316393
2014-06-14 13:39:00.0000001,20.065987
2015-01-31 20:54:04.0000002,10.457385
2011-10-02 23:36:00.0000002,6.173184
2011-10-02 23:36:00.00000051,10.42677
2011-06-24 12:03:00.000000182,7.0438447
2011-06-24 12:03:00.000000103,8.952637
2011-06-24 12:03:00.0000003,6.1918845
2011-06-01 07:37:00.00000050,6.41328
2010-08-27 18:45:00.000000216,5.3111424
2010-08-14 02:13:00.000000135,8.7130375
2014-03-25 23:47:00.00000022,5.716077
2014-03-25 23:47:00.000000128,16.430958
2014-03-25 23:47:00.000000105,7.7243586
2014-03-25 23:47:00.00000091,4.83321
2014-03-25 23:47:00.00000054,8.190069
2014-03-25 23:47:00.000000129,6.862778
2014-03-25 23:47:00.00000063,33.382645
2014-03-25 23:47:00.00000060,5.600707
2014-03-25 23:47:00.00000075,18.330912
2010-09-29 16:43:00.00000083,6.440299
2014-10-27 14:58:00.000000145,42.259094
2014-10-27 14:58:00.0000007,13.066607
2014-10-27 14:58:00.00000031,12.1672125
2014-10-27 14:58:00.000000128,24.203863
2014-10-27 14:58:00.00000097,4.3155365
2014-10-27 14:58:00.00000078,35.561306
2014-10-27 14:58:00.000000135,8.589396
2012-11-03 17:11:00.00000044,6.1670794
2012-11-03 17:11:00.00000050,12.619109
2012-11-03 17:11:00.00000024,8.196277
2012-11-03 17:11:00.00000072,11.695908
2012-11-03 17:11:00.000000159,9.661994
2012-11-03 17:11:00.000000126,5.2674026
2012-11-03 17:11:00.00000090,9.174613
2011-03-11 01:44:00.00000062,31.158054
2015-02-22 09:48:32.0000004,19.88633
2011-10-04 09:37:00.000000102,8.644904
2011-10-04 09:37:00.00000023,8.709748
2014-12-24 03:00:00.0000003,5.045373
2014-12-24 03:00:00.00000014,5.0828466
2014-12-24 03:00:00.0000002,11.900446
2014-12-24 03:00:00.00000027,15.950688
2015-04-11 20:31:32.0000004,7.949774
2014-04-27 02:57:00.000000123,7.107312
2014-04-27 02:57:00.00000078,4.1327834
2014-04-27 02:57:00.00000075,11.276865
2014-04-27 02:57:00.000000178,5.784258
2014-04-27 02:57:00.0000004,9.782609
2014-04-27 02:57:00.000000166,11.77524
2014-04-27 02:57:00.00000091,12.587558
2014-04-27 02:57:00.000000173,8.2944355
2014-04-27 02:57:00.00000066,22.771051
2014-04-27 02:57:00.000000183,5.865937
2014-04-27 02:57:00.000000179,14.311154
2014-04-27 02:57:00.000000144,7.54872
2014-04-27 02:57:00.00000025,20.091984
2014-04-27 02:57:00.00000052,7.466647
2014-04-27 02:57:00.00000094,5.829676
2014-04-27 02:57:00.000000189,20.243582
2011-12-13 22:00:00.00000040,11.593557
2011-12-13 22:00:00.000000228,5.978446
2011-12-13 22:00:00.000000130,27.86124
2011-12-13 22:00:00.000000141,6.0496416
2011-12-13 22:00:00.000000149,6.348383
2011-12-13 22:00:00.000000224,5.562809
2011-12-13 22:00:00.000000154,5.6452646
2011-12-13 22:00:00.000000131,8.291053
2011-12-13 22:00:00.0000002,6.617049
2011-12-13 22:00:00.000000221,8.288651
2011-12-13 22:00:00.00000056,5.6641436
2011-12-13 22:00:00.000000195,6.984288
2011-12-13 22:00:00.000000191,5.9617133
2011-12-13 22:00:00.00000059,5.7230325
2015-02-26 15:55:48.0000001,23.55279
2014-07-21 18:19:00.000000197,6.131665
2014-07-21 18:19:00.000000153,5.173339
2014-07-21 18:19:00.000000159,6.8827972
2014-07-21 18:19:00.000000212,35.586765
2014-07-21 18:19:00.00000091,5.917135
2014-07-21 18:19:00.0000002,5.920077
2014-07-21 18:19:00.000000142,3.6755977
2014-07-21 18:19:00.000000141,13.610778
2014-07-21 18:19:00.000000149,8.339823
2014-07-21 18:19:00.00000065,6.9515944
2014-07-21 18:19:00.00000033,6.336984
2010-09-20 16:48:00.000000146,9.280328
2010-09-20 16:48:00.00000047,13.777586
2010-09-20 16:48:00.000000129,10.877526
2015-01-26 07:13:44.0000005,55.448044
2011-03-06 21:01:00.00000033,6.0311856
2012-01-26 07:33:00.00000090,5.233103
2012-01-26 07:33:00.00000087,9.023159
2012-01-26 07:33:00.00000012,11.810912
2012-01-26 07:33:00.000000171,6.659502
2012-01-26 07:33:00.00000065,30.667782
2012-01-26 07:33:00.00000088,7.6851935
2012-01-26 07:33:00.000000119,21.018206
2015-03-20 23:34:40.0000004,31.224823
2010-12-09 07:29:00.0000001,8.851285
2012-05-08 03:50:00.00000013,5.759926
2015-03-12 19:43:24.0000003,18.964426
2012-11-20 21:54:00.00000034,10.30828
2012-11-20 21:54:00.000000170,8.555085
2012-11-20 21:54:00.000000108,13.132484
2012-11-20 21:54:00.00000031,10.618108
2012-11-20 21:54:00.000000171,12.633509
2012-11-20 21:54:00.00000023,8.408018
2012-11-20 21:54:00.00000074,5.9021435
2012-11-20 21:54:00.000000122,10.951648
2012-11-20 21:54:00.0000006,7.0174465
2012-11-20 21:54:00.000000160,10.010153
2012-11-20 21:54:00.00000042,27.263248
2012-11-20 21:54:00.00000039,11.150807
2012-11-20 21:54:00.00000043,10.470167
2012-11-20 21:54:00.000000219,4.8827114
2012-11-20 21:54:00.00000020,6.3079805
2012-11-20 21:54:00.000000222,6.6441903
2012-11-20 21:54:00.0000005,7.262227
2012-11-20 21:54:00.000000154,10.01561
2014-06-23 00:16:00.00000060,17.083664
2014-06-23 00:16:00.0000008,8.519694
2014-06-23 00:16:00.00000035,23.586714
2014-06-23 00:16:00.00000052,11.033305
2014-06-23 00:16:00.00000053,6.6437645
2013-09-25 22:00:00.00000056,23.22621
2013-09-25 22:00:00.00000083,6.0533257
2013-09-25 22:00:00.000000128,5.9954047
2013-09-25 22:00:00.00000037,15.957126
2013-09-25 22:00:00.00000013,5.6727366
2013-09-25 22:00:00.000000168,7.0842214
2013-09-25 22:00:00.000000181,6.39788
2013-09-25 22:00:00.00000016,13.552872
2013-09-25 22:00:00.00000063,16.650581
2013-09-25 22:00:00.00000047,7.3795547
2013-09-25 22:00:00.000000220,16.521982
2013-09-25 22:00:00.000000163,10.104006
2013-09-25 22:00:00.00000077,12.72958
2013-09-25 22:00:00.00000060,43.655346
2013-09-25 22:00:00.000000213,15.641644
2013-09-25 22:00:00.000000150,17.730335
2013-09-25 22:00:00.00000010,7.053741
2013-09-25 22:00:00.000000146,7.7662954
2013-09-25 22:00:00.00000041,10.186502
2013-09-25 22:00:00.000000109,9.795537
2013-09-25 22:00:00.000000210,15.801012
2013-09-25 22:00:00.000000151,8.767953
2013-09-25 22:00:00.000000190,14.302757
2013-09-25 22:00:00.000000153,10.734289
2013-09-25 22:00:00.000000241,26.291811
2013-09-25 22:00:00.000000127,10.22744
2015-02-20 11:08:29.0000001,17.655891
2015-01-12 15:36:37.0000002,4.4403605
2015-06-07 00:38:14.0000002,17.971214
2015-04-12 21:56:22.0000005,7.4635944
2015-04-10 11:56:54.0000004,8.172076
2015-06-25 01:01:46.0000002,12.009625
2015-05-29 10:02:42.0000001,12.893968
2015-06-30 20:03:50.0000002,39.56127
2015-02-27 19:36:02.0000006,24.05067
2015-06-15 01:00:06.0000002,5.149699
2015-02-03 09:00:58.0000001,40.045383
2015-05-19 13:58:11.0000001,8.424771
2015-05-10 12:37:51.0000002,8.928305
2015-01-12 17:05:51.0000001,11.845859
2015-04-19 20:44:15.0000001,54.836
2015-01-31 01:05:19.0000005,19.192999
2015-01-18 14:06:23.0000006,6.6211042
